Sexo,Idade,Escolaridade,Bairro de Origem,Distrito,Referência,Local de Atendimento,Programa Vinculado,Tipo de Atendimento
Feminino,37,Fundamental Incompleto,Vieira ,3º,CRAS Bonsucesso,CRAS Bonsucesso,Público Geral,Assistente Social
Feminino,54,Fundamental Incompleto,Vargem Grande,3º,CRAS Bonsucesso,CRAS Bonsucesso,PAIF,Coordenação
Feminino,45,Fundamental Incompleto,Bonsucesso,3º,CRAS Bonsucesso,CRAS Bonsucesso,Público Geral,Cadastro Único
Masculino,75,Fundamental Incompleto,Imbiu,3º,CRAS Bonsucesso,CRAS Bonsucesso,Público Geral,Cadastro Único
Feminino,27,Médio Completo,Vargem Grande,3º,CRAS Bonsucesso,CRAS Bonsucesso,Público Geral,Assistente Social
Feminino,32,Médio Completo,Vargem Grande,3º,CRAS Bonsucesso,CRAS Bonsucesso,Público Geral,Assistente Social
Masculino,48,Fundamental Incompleto,Vargem Grande,3º,CRAS Bonsucesso,CRAS Bonsucesso,Público Geral,Cadastro Único
Feminino,35,Médio Incompleto,Vale Alpino,3º,CRAS Bonsucesso,CRAS Bonsucesso,Público Geral,Cadastro Único
Feminino,56,Médio Completo,Vargem Grande,3º,CRAS Bonsucesso,CRAS Bonsucesso,Público Geral,Cadastro Único
Feminino,39,Fundamental Incompleto,Campanha,3º,CRAS Bonsucesso,CRAS Bonsucesso,Público Geral,Cadastro Único
Masculino,26,Fundamental Incompleto,Vieira ,3º,CRAS Bonsucesso,CRAS Bonsucesso,Público Geral,Cadastro Único
Feminino,47,Médio Completo,Campanha,3º,CRAS Bonsucesso,CRAS Bonsucesso,Público Geral,Assistente Social
Masculino,28,Fundamental Completo,Vargem Grande,3º,CRAS Bonsucesso,CRAS Bonsucesso,Público Geral,Cadastro Único
Feminino,44,Fundamental Incompleto,Vargem Grande,3º,CRAS Bonsucesso,CRAS Bonsucesso,Público Geral,Psicóloga
Feminino,43,Médio Completo,Imbiu,3º,CRAS Bonsucesso,CRAS Bonsucesso,Público Geral,Cadastro Único
Masculino,36,Médio Completo,Vargem Grande,3º,CRAS Bonsucesso,CRAS Bonsucesso,Público Geral,Assistente Social
Feminino,33,Fundamental Incompleto,Vale Alpino,3º,CRAS Bonsucesso,CRAS Bonsucesso,Público Geral,Assistente Social
Feminino,39,Fundamental Completo,Vieira ,3º,CRAS Bonsucesso,CRAS Bonsucesso,Público Geral,Cadastro Único
Masculino,74,Fundamental Incompleto,Imbiu,3º,CRAS Bonsucesso,CRAS Bonsucesso,Público Geral,Cadastro Único
Feminino,42,Fundamental Incompleto,Mottas,3º,CRAS Bonsucesso,CRAS Bonsucesso,PAIF,Assistente Social
Masculino,28,Fundamental Completo,Vieira ,3º,CRAS Bonsucesso,CRAS Bonsucesso,Público Geral,Cadastro Único
Feminino,40,Superior Incompleto,Bonsucesso,3º,CRAS Bonsucesso,CRAS Bonsucesso,Público Geral,Assistente Social
Masculino,30,Fundamental Completo,Vargem Grande,3º,CRAS Bonsucesso,CRAS Bonsucesso,PAIF,Assistente Social
Feminino,50,Médio Incompleto,Bonsucesso,3º,CRAS Bonsucesso,CRAS Bonsucesso,PAIF,Assistente Social
Feminino,27,Médio Incompleto,Vale Alpino,3º,CRAS Bonsucesso,CRAS Bonsucesso,Público Geral,Cadastro Único
Feminino,45,Fundamental Incompleto,Bonsucesso,3º,CRAS Bonsucesso,CRAS Bonsucesso,PAIF,Cadastro Único
Feminino,26,Médio Completo,Vargem Grande,3º,CRAS Bonsucesso,CRAS Bonsucesso,Público Geral,Cadastro Único
Feminino,55,Fundamental Incompleto,Bonsucesso,3º,CRAS Bonsucesso,CRAS Bonsucesso,Público Geral,Cadastro Único
Feminino,29,Fundamental Incompleto,Sebastiana,3º,CRAS Bonsucesso,CRAS Bonsucesso,Público Geral,Cadastro Único
Feminino,33,Fundamental Incompleto,Sebastiana,3º,CRAS Bonsucesso,CRAS Bonsucesso,PAIF,Assistente Social
Feminino,17,Fundamental Incompleto,Sebastiana,3º,CRAS Bonsucesso,CRAS Bonsucesso,Público Geral,Cadastro Único
Feminino,31,Fundamental Incompleto,Vieira,3º,CRAS Bonsucesso,CRAS Bonsucesso,Público Geral,Cadastro Único
Feminino,34,Fundamental Incompleto,Vieira,3º,CRAS Bonsucesso,CRAS Bonsucesso,PAIF,Assistente Social
Feminino,45,Fundamental Incompleto,Santa Rosa,3º,CRAS Bonsucesso,CRAS Bonsucesso,Público Geral,Cadastro Único
Masculino,48,Não Escolarizado,Santa Rosa,3º,CRAS Bonsucesso,CRAS Bonsucesso,Público Geral,Cadastro Único
Masculino,57,Médio Incompleto,Vargem Grande ,3º,CRAS Bonsucesso,CRAS Bonsucesso,Público Geral,Cadastro Único
Feminino,33,Médio Incompleto,Imbiu,3º,CRAS Bonsucesso,CRAS Bonsucesso,Público Geral,Coordenação
Feminino,47,Fundamental Incompleto,Imbiu,3º,CRAS Bonsucesso,CRAS Bonsucesso,Público Geral,Cadastro Único
Feminino,31,Médio Incompleto,Vargem Grande ,3º,CRAS Bonsucesso,CRAS Bonsucesso,Público Geral,Cadastro Único
Feminino,44,Fundamental Incompleto,Vargem Grande ,3º,CRAS Bonsucesso,CRAS Bonsucesso,Público Geral,Cadastro Único
Feminino,46,Fundamental Incompleto,Vargem Grande ,3º,CRAS Bonsucesso,CRAS Bonsucesso,Público Geral,Cadastro Único
Feminino,29,Médio Incompleto,Bonsucesso,3º,CRAS Bonsucesso,CRAS Bonsucesso,Público Geral,Coordenação
Feminino,36,Médio Completo,Vieira,3º,CRAS Bonsucesso,CRAS Bonsucesso,Público Geral,Coordenação
Feminino,44,Médio Completo,Vieira,3º,CRAS Bonsucesso,CRAS Bonsucesso,Público Geral,Coordenação
Feminino,40,Fundamental Incompleto,Santa Rosa,3º,CRAS Bonsucesso,CRAS Bonsucesso,Público Geral,Cadastro Único
Feminino,32,Fundamental Incompleto,Santa Rosa,3º,CRAS Bonsucesso,CRAS Bonsucesso,Público Geral,Cadastro Único
Feminino,32,Fundamental Incompleto,Santa Rosa,3º,CRAS Bonsucesso,CRAS Bonsucesso,Público Geral,Cadastro Único
Feminino,30,Médio Completo,Bonsucesso,3º,CRAS Bonsucesso,CRAS Bonsucesso,Público Geral,Cadastro Único
Masculino,57,Fundamental Incompleto,Venda Nova,3º,CRAS Bonsucesso,CRAS Bonsucesso,Público Geral,Cadastro Único
Feminino,50,Fundamental Incompleto,Frades,3º,CRAS Bonsucesso,CRAS Bonsucesso,Público Geral,Cadastro Único
Feminino,32,Fundamental Completo,Vargem Grande,3º,CRAS Bonsucesso,CRAS Bonsucesso,Público Geral,Cadastro Único
Feminino,49,Fundamental Incompleto,Bonsucesso,3º,CRAS Bonsucesso,CRAS Bonsucesso,PAIF,Cadastro Único
Feminino,26,Médio Incompleto,Vargem Grande,3º,CRAS Bonsucesso,CRAS Bonsucesso,PAIF,Cadastro Único
Feminino,26,Médio Incompleto,Vargem Grande,3º,CRAS Bonsucesso,CRAS Bonsucesso,PAIF,Cadastro Único
Masculino,51,Fundamental Incompleto,Vargem Grande,3º,CRAS Bonsucesso,CRAS Bonsucesso,PAIF,Cadastro Único
Feminino,67,Fundamental Incompleto,Vieira,3º,CRAS Bonsucesso,CRAS Bonsucesso,PAIF,Cadastro Único
Feminino,26,Fundamental Incompleto,Mottas,3º,CRAS Bonsucesso,CRAS Bonsucesso,PAIF,Assistente Social
Feminino,26,Fundamental Incompleto,Mottas,3º,CRAS Bonsucesso,CRAS Bonsucesso,PAIF,Assistente Social
Feminino,53,Fundamental Incompleto,Imbiu,3º,CRAS Bonsucesso,CRAS Bonsucesso,PAIF,Cadastro Único
Feminino,25,Médio Completo,Vieira,3º,CRAS Bonsucesso,CRAS Bonsucesso,Público Geral,Assistente Social
Feminino,25,Médio Completo,Vieira,3º,CRAS Bonsucesso,CRAS Bonsucesso,Público Geral,Cadastro Único
Feminino,18,Médio Completo,Sebastiana,3º,CRAS Bonsucesso,CRAS Bonsucesso,PAIF,Cadastro Único
Masculino,30,Fundamental Completo,Vargem Grande,3º,CRAS Bonsucesso,CRAS Bonsucesso,PAIF,Cadastro Único
Feminino,43,Fundamental Incompleto,Vale Alpino,3º,CRAS Bonsucesso,CRAS Bonsucesso,PAIF,Assistente Social
Feminino,29,Médio Completo,Venda Nova,3º,CRAS Bonsucesso,CRAS Bonsucesso,PAIF,Cadastro Único
Feminino,29,Médio Completo,Venda Nova,3º,CRAS Bonsucesso,CRAS Bonsucesso,PAIF,Cadastro Único
Feminino,63,Fundamental Incompleto,Bonsucesso,3º,CRAS Bonsucesso,CRAS Bonsucesso,PAIF,Cadastro Único
Feminino,30,Superior Completo,Vieira,3º,CRAS Bonsucesso,CRAS Bonsucesso,Público Geral,Cadastro Único
Feminino,30,Superior Completo,Vieira,3º,CRAS Bonsucesso,CRAS Bonsucesso,Público Geral,Assistente Social
Feminino,41,Fundamental Incompleto,Vargem Grande,3º,CRAS Bonsucesso,CRAS Bonsucesso,PAIF,Cadastro Único
Feminino,33,Fundamental Completo,Vargem Grande,3º,CRAS Bonsucesso,CRAS Bonsucesso,Público Geral,Cadastro Único
Feminino,47,Fundamental Incompleto,Imbiu,3º,CRAS Bonsucesso,CRAS Bonsucesso,PAIF,Assistente Social
Feminino,65,Fundamental Incompleto,Vieira,3º,CRAS Bonsucesso,CRAS Bonsucesso,PAIF,Cadastro Único
Masculino,48,Fundamental Incompleto,Mottas,3º,CRAS Bonsucesso,CRAS Bonsucesso,PAIF,Cadastro Único
Masculino,48,Fundamental Incompleto,Mottas,3º,CRAS Bonsucesso,CRAS Bonsucesso,PAIF,Assistente Social
Feminino,37,Médio Completo,Sebastiana,3º,CRAS Bonsucesso,CRAS Bonsucesso,Público Geral,Assistente Social
Feminino,37,Médio Completo,Sebastiana,3º,CRAS Bonsucesso,CRAS Bonsucesso,Público Geral,Cadastro Único
Masculino,54,Fundamental Incompleto,Vargem Grande,3º,CRAS Bonsucesso,CRAS Bonsucesso,PAIF,Cadastro Único
Feminino,39,Superior Incompleto,Vieira,3º,CRAS Bonsucesso,CRAS Bonsucesso,Público Geral,Cadastro Único
Masculino,26,Fundamental Incompleto,Bonsucesso,3º,CRAS Bonsucesso,CRAS Bonsucesso,PAIF,Cadastro Único
Masculino,55,Fundamental Incompleto,Mottas,3º,CRAS Bonsucesso,CRAS Bonsucesso,PAIF,Cadastro Único
Feminino,29,Fundamental Completo,Mottas,3º,CRAS Bonsucesso,CRAS Bonsucesso,Público Geral,Assistente Social
Feminino,44,Fundamental Incompleto,Vieira ,3º,CRAS Bonsucesso,CRAS Bonsucesso,PAIF,Cadastro Único
Feminino,42,Fundamental Incompleto,Vieira,3º,CRAS Bonsucesso,CRAS Bonsucesso,Público Geral,Cadastro Único
Feminino,31,Fundamental Incompleto,Bonsucesso,3º,CRAS Bonsucesso,CRAS Bonsucesso,Público Geral,Assistente Social
Feminino,38,Médio Incompleto,Sebastiana,3º,CRAS Bonsucesso,CRAS Bonsucesso,Público Geral,Cadastro Único
Feminino,33,Fundamental Completo,Vieira,3º,CRAS Bonsucesso,CRAS Bonsucesso,PAIF,Cadastro Único
Feminino,26,Fundamental Completo,Imbiu,3º,CRAS Bonsucesso,CRAS Bonsucesso,Público Geral,Assistente Social
Feminino,51,Fundamental Incompleto,Imbiu,3º,CRAS Bonsucesso,CRAS Bonsucesso,PAIF,Assistente Social
Feminino,18,Médio Completo,Vieira,3º,CRAS Bonsucesso,CRAS Bonsucesso,Público Geral,Assistente Social
Feminino,18,Médio Completo,Vieira,3º,CRAS Bonsucesso,CRAS Bonsucesso,Público Geral,Cadastro Único
Feminino,18,Médio Completo,Santa Rosa ,3º,CRAS Bonsucesso,CRAS Bonsucesso,Público Geral,Cadastro Único
Feminino,18,Médio Completo,Santa Rosa ,3º,CRAS Bonsucesso,CRAS Bonsucesso,Público Geral,Assistente Social
Feminino,21,Médio Completo,Bonsucesso,3º,CRAS Bonsucesso,CRAS Bonsucesso,Público Geral,Assistente Social
Feminino,21,Médio Completo,Bonsucesso,3º,CRAS Bonsucesso,CRAS Bonsucesso,Público Geral,Cadastro Único
Masculino,54,Fundamental Incompleto,Vieira,3º,CRAS Bonsucesso,CRAS Bonsucesso,PAIF,Cadastro Único
Feminino,47,Fundamental Incompleto,Vieira,3º,CRAS Bonsucesso,CRAS Bonsucesso,PAIF,Cadastro Único
Feminino,44,Médio Completo,Bonsucesso,3º,CRAS Bonsucesso,CRAS Bonsucesso,Público Geral,Cadastro Único
Feminino,44,Médio Completo,Bonsucesso,3º,CRAS Bonsucesso,CRAS Bonsucesso,Público Geral,Assistente Social
Feminino,48,Fundamental Incompleto,Bonsucesso,3º,CRAS Bonsucesso,CRAS Bonsucesso,PAIF,Assistente Social
Feminino,30,Fundamental Completo,Vista Alegre,3º,CRAS Bonsucesso,CRAS Bonsucesso,PAIF,Cadastro Único
Feminino,40,Fundamental Incompleto,Vargem Grande,3º,CRAS Bonsucesso,CRAS Bonsucesso,PAIF,Assistente Social
Feminino,39,Fundamental Incompleto,Imbiu,3º,CRAS Bonsucesso,CRAS Bonsucesso,PAIF,Assistente Social
Feminino,54,Fundamental Incompleto,Bonsucesso,3º,CRAS Bonsucesso,CRAS Bonsucesso,Público Geral,Cadastro Único
Feminino,18,Médio Completo,Bonsucesso,3º,CRAS Bonsucesso,CRAS Bonsucesso,Público Geral,Cadastro Único
Feminino,18,Médio Completo,Bonsucesso,3º,CRAS Bonsucesso,CRAS Bonsucesso,Público Geral,Assistente Social
Feminino,64,Fundamental Incompleto,Bonsucesso,3º,CRAS Bonsucesso,CRAS Bonsucesso,Público Geral,Assistente Social
Feminino,59,Fundamental Incompleto,Vieira,3º,CRAS Bonsucesso,CRAS Bonsucesso,Público Geral,Assistente Social
Feminino,28,Fundamental Completo,Vieira,3º,CRAS Bonsucesso,CRAS Bonsucesso,Público Geral,Cadastro Único
Masculino,51,Não Escolarizado,Vale Alpino,3º,CRAS Bonsucesso,CRAS Bonsucesso,PAIF,Cadastro Único
Feminino,49,Fundamental Completo,Bonsucesso,3º,CRAS Bonsucesso,CRAS Bonsucesso,PAIF,Cadastro Único
Feminino,49,Fundamental Completo,Bonsucesso,3º,CRAS Bonsucesso,CRAS Bonsucesso,PAIF,Assistente Social
Feminino,64,Fundamental Incompleto,Bonsucesso,3º,CRAS Bonsucesso,CRAS Bonsucesso,Público Geral,Cadastro Único
Feminino,39,Médio Completo,Bonsucesso,3º,CRAS Bonsucesso,CRAS Bonsucesso,Público Geral,Cadastro Único
Feminino,37,Médio Completo,Imbiu,3º,CRAS Bonsucesso,CRAS Bonsucesso,Público Geral,Assistente Social
Feminino,23,Médio Incompleto,Bonsucesso,3º,CRAS Bonsucesso,CRAS Bonsucesso,Público Geral,Assistente Social
Feminino,33,Fundamental Incompleto,Imbiu,3º,CRAS Bonsucesso,CRAS Bonsucesso,Público Geral,Cadastro Único
Feminino,19,Médio Completo,Vieira,3º,CRAS Bonsucesso,CRAS Bonsucesso,Público Geral,Assistente Social
Feminino,34,Fundamental Incompleto,Bonsucesso,3º,CRAS Bonsucesso,CRAS Bonsucesso,PAIF,Cadastro Único
Feminino,49,Fundamental Incompleto,Bonsucesso,3º,CRAS Bonsucesso,CRAS Bonsucesso,PAIF,Cadastro Único
Feminino,32,Médio Completo,Bonsucesso,3º,CRAS Bonsucesso,CRAS Bonsucesso,Público Geral,Cadastro Único
Feminino,51,Não Escolarizado,Vista Alegre,3º,CRAS Bonsucesso,CRAS Bonsucesso,PAIF,Assistente Social
Feminino,47,Fundamental Incompleto,Vargem Grande,3º,CRAS Bonsucesso,CRAS Bonsucesso,PAIF,Cadastro Único
Feminino,25,Médio Completo,Vargem Grande,3º,CRAS Bonsucesso,CRAS Bonsucesso,Público Geral,Cadastro Único
Feminino,29,Fundamental Completo,Vale Alpino,3º,CRAS Bonsucesso,CRAS Bonsucesso,Público Geral,Cadastro Único
Feminino,39,Superior Completo,Campanha ,3º,CRAS Bonsucesso,CRAS Bonsucesso,Público Geral,Assistente Social
Feminino,36,Médio Completo,Bonsucesso,3º,CRAS Bonsucesso,CRAS Bonsucesso,Público Geral,Cadastro Único
Feminino,44,Médio Incompleto,Imbiu,3º,CRAS Bonsucesso,CRAS Bonsucesso,PAIF,Cadastro Único
Feminino,41,Fundamental Incompleto,Sebastiana,3º,CRAS Bonsucesso,CRAS Bonsucesso,Público Geral,Coordenadora
Feminino,68,Não Escolarizado,Campanha ,3º,CRAS Bonsucesso,CRAS Bonsucesso,PAIF,Assistente Social
Feminino,39,Médio Completo,Vieira,3º,CRAS Bonsucesso,CRAS Bonsucesso,Público Geral,Cadastro Único
Feminino,60,Fundamental Incompleto,Mottas,3º,CRAS Bonsucesso,CRAS Bonsucesso,PAIF,Assistente Social
Feminino,38,Fundamental Incompleto,Mottas,3º,CRAS Bonsucesso,CRAS Bonsucesso,Público Geral,Cadastro Único
Feminino,34,Médio Completo,Mottas,3º,CRAS Bonsucesso,CRAS Bonsucesso,Público Geral,Cadastro Único
Feminino,52,Fundamental Incompleto,Mottas,3º,CRAS Bonsucesso,CRAS Bonsucesso,PAIF,Cadastro Único
Feminino,19,Médio Completo,Vale Alpino,3º,CRAS Bonsucesso,CRAS Bonsucesso,Público Geral,Assistente Social
Masculino,74,Fundamental Incompleto,Imbiu,3º,CRAS Bonsucesso,CRAS Bonsucesso,PAIF,Assistente Social
Feminino,60,Fundamental Incompleto,Imbiu,3º,CRAS Bonsucesso,CRAS Bonsucesso,PAIF,Assistente Social
Feminino,30,Médio Completo,Bonsucesso,3º,CRAS Bonsucesso,CRAS Bonsucesso,Público Geral,Cadastro Único
Masculino,34,Fundamental Incompleto,Vargem Grande,3º,CRAS Bonsucesso,CRAS Bonsucesso,Público Geral,Assistente Social
Feminino,78,Não Escolarizado,Sebastiana,3º,CRAS Bonsucesso,CRAS Bonsucesso,Público Geral,Assistente Social
Feminino,41,Fundamental Incompleto,Sebastiana,3º,CRAS Bonsucesso,CRAS Bonsucesso,Público Geral,Cadastro Único
Feminino,50,Médio Incompleto,Bonsucesso,3º,CRAS Bonsucesso,CRAS Bonsucesso,PAIF,Cadastro Único
Masculino,72,Não Escolarizado,Frades,3º,CRAS Bonsucesso,CRAS Bonsucesso,PAIF,Assistente Social
Feminino,26,Médio Incompleto,Santa Rosa ,3º,CRAS Bonsucesso,CRAS Bonsucesso,Público Geral,Cadastro Único
Feminino,45,Fundamental Incompleto,Bonsucesso,3º,CRAS Bonsucesso,CRAS Bonsucesso,PAIF,Assistente Social
Feminino,39,Médio Completo,Campanha ,3º,CRAS Bonsucesso,CRAS Bonsucesso,Público Geral,Cadastro Único
Feminino,61,Fundamental Incompleto,Venda Nova,3º,CRAS Bonsucesso,CRAS Bonsucesso,PAIF,Cadastro Único
Feminino,53,Fundamental Incompleto,Venda Nova,3º,CRAS Bonsucesso,CRAS Bonsucesso,PAIF,Cadastro Único
Feminino,67,Fundamental Incompleto,Vargem Grande,3º,CRAS Bonsucesso,CRAS Bonsucesso,Público Geral,Cadastro Único
Feminino,56,Fundamental Incompleto,Vargem Grande,3º,CRAS Bonsucesso,CRAS Bonsucesso,Público Geral,Coordenadora
Feminino,56,Fundamental Incompleto,Vargem Grande,3º,CRAS Bonsucesso,CRAS Bonsucesso,Público Geral,Assistente Social
Masculino,66,Fundamental Incompleto,Vargem Grande,3º,CRAS Bonsucesso,CRAS Bonsucesso,PAIF,Cadastro Único
Feminino,61,Médio Completo,Bonsucesso,3º,CRAS Bonsucesso,CRAS Bonsucesso,Público Geral,Assistente Social
Feminino,27,Fundamental Completo,Imbiu,3º,CRAS Bonsucesso,CRAS Bonsucesso,Público Geral,Cadastro Único
Feminino,27,Fundamental Incompleto,Sebastiana,3º,CRAS Bonsucesso,CRAS Bonsucesso,Público Geral,Cadastro Único
Feminino,27,Fundamental Incompleto,Sebastiana,3º,CRAS Bonsucesso,CRAS Bonsucesso,Público Geral,Assistente Social
Masculino,48,Fundamental Completo,Sebastiana,3º,CRAS Bonsucesso,CRAS Bonsucesso,PAIF,Coordenadora
Masculino,44,Fundamental Incompleto,Sebastiana,3º,CRAS Bonsucesso,CRAS Bonsucesso,Público Geral,Cadastro Único
Feminino,60,Fundamental Incompleto,Vieira,3º,CRAS Bonsucesso,CRAS Bonsucesso,Público Geral,Cadastro Único
Feminino,47,Fundamental Incompleto,Frades,3º,CRAS Bonsucesso,CRAS Bonsucesso,PAIF,Coordenadora
Feminino,30,Fundamental Incompleto,Santa Rosa ,3º,CRAS Bonsucesso,CRAS Bonsucesso,Público Geral,Cadastro Único
Feminino,55,Médio Completo,Campanha ,3º,CRAS Bonsucesso,CRAS Bonsucesso,Público Geral,Assistente Social
Feminino,58,Fundamental Incompleto,Bonsucesso,3º,CRAS Bonsucesso,CRAS Bonsucesso,PAIF,Cadastro Único
Feminino,51,Fundamental Incompleto,Vargem Grande,3º,CRAS Bonsucesso,CRAS Bonsucesso,Público Geral,Assistente Social
Feminino,37,Fundamental Incompleto,Santa Rosa ,3º,CRAS Bonsucesso,CRAS Bonsucesso,Público Geral,Cadastro Único
Feminino,31,Médio Incompleto,Vieira,3º,CRAS Bonsucesso,CRAS Bonsucesso,Público Geral,Cadastro Único
Masculino,54,Fundamental Incompleto,Vieira,3º,CRAS Bonsucesso,CRAS Bonsucesso,PAIF,Cadastro Único
Feminino,25,Fundamental Incompleto,Vargem Grande,3º,CRAS Bonsucesso,CRAS Bonsucesso,Público Geral,Cadastro Único
Masculino,51,Não Escolarizado,Santa Rosa ,3º,CRAS Bonsucesso,CRAS Bonsucesso,PAIF,Cadastro Único
Feminino,19,Médio Incompleto,Venda Nova,3º,CRAS Bonsucesso,CRAS Bonsucesso,Público Geral,Cadastro Único
Masculino,81,Fundamental Incompleto,Imbiu,3º,CRAS Bonsucesso,CRAS Bonsucesso,Público Geral,Cadastro Único
Feminino,35,Fundamental Incompleto,Vargem Grande,3º,CRAS Bonsucesso,CRAS Bonsucesso,Público Geral,Cadastro Único
Feminino,64,Fundamental Incompleto,Vargem Grande,3º,CRAS Bonsucesso,CRAS Bonsucesso,PAIF,Cadastro Único
Feminino,18,Médio Completo,Santa Rosa ,3º,CRAS Bonsucesso,CRAS Bonsucesso,Público Geral,Cadastro Único
Feminino,66,Não Escolarizado,Imbiu,3º,CRAS Bonsucesso,CRAS Bonsucesso,Público Geral,Cadastro Único
Feminino,63,Não Escolarizado,Vargem Grande,3º,CRAS Bonsucesso,CRAS Bonsucesso,PAIF,Assistente Social
Feminino,63,Não Escolarizado,Vargem Grande,3º,CRAS Bonsucesso,CRAS Bonsucesso,PAIF,Cadastro Único
Feminino,28,Fundamental Incompleto,Mottas,3º,CRAS Bonsucesso,CRAS Bonsucesso,Público Geral,Cadastro Único
Masculino,65,Fundamental Incompleto,Vargem Grande,3º,CRAS Bonsucesso,CRAS Bonsucesso,Público Geral,Cadastro Único
Feminino,42,Fundamental Incompleto,Bonsucesso,3º,CRAS Bonsucesso,CRAS Bonsucesso,Público Geral,Cadastro Único
Feminino,52,Fundamental Incompleto,Vieira,3º,CRAS Bonsucesso,CRAS Bonsucesso,PAIF,Cadastro Único
Feminino,66,Fundamental Incompleto,Santa Rosa ,3º,CRAS Bonsucesso,CRAS Bonsucesso,Público Geral,Cadastro Único
Feminino,37,Fundamental Incompleto,Vieira ,3º,CRAS Bonsucesso,CRAS Bonsucesso,Público Geral,Cadastro Único
Feminino,43,Médio Completo,Bonsucesso,3º,CRAS Bonsucesso,CRAS Bonsucesso,Público Geral,Assistente Social
Feminino,30,Médio Completo,Vieira,3º,CRAS Bonsucesso,CRAS Bonsucesso,Público Geral,Cadastro Único
Masculino,59,Fundamental Incompleto,Mottas,3º,CRAS Bonsucesso,CRAS Bonsucesso,PAIF,Assistente Social
Feminino,34,Médio Completo,Vargem Grande,3º,CRAS Bonsucesso,CRAS Bonsucesso,Público Geral,Cadastro Único
Feminino,33,Médio Incompleto,Vargem Grande,3º,CRAS Bonsucesso,CRAS Bonsucesso,Público Geral,Cadastro Único
Masculino,59,Não Escolarizado,Venda Nova,3º,CRAS Bonsucesso,CRAS Bonsucesso,PAIF,Cadastro Único
Masculino,64,Fundamental Incompleto,Bonsucesso,3º,CRAS Bonsucesso,CRAS Bonsucesso,Público Geral,Cadastro Único
Masculino,72,Não Escolarizado,Campanha ,3º,CRAS Bonsucesso,CRAS Bonsucesso,Público Geral,Cadastro Único
Feminino,32,Médio Completo,Vargem Grande,3º,CRAS Bonsucesso,CRAS Bonsucesso,Público Geral,Cadastro Único
Feminino,27,Médio Completo,Mottas,3º,CRAS Bonsucesso,CRAS Bonsucesso,Público Geral,Cadastro Único
Feminino,38,Fundamental Incompleto,Vargem Grande,3º,CRAS Bonsucesso,CRAS Bonsucesso,Público Geral,Cadastro Único
Feminino,24,Médio Incompleto,Vargem Grande,3º,CRAS Bonsucesso,CRAS Bonsucesso,Público Geral,Cadastro Único
Feminino,39,Médio Completo,Bonsucesso,3º,CRAS Bonsucesso,CRAS Bonsucesso,Público Geral,Cadastro Único
Feminino,45,Fundamental Completo,Vale Alpino,3º,CRAS Bonsucesso,CRAS Bonsucesso,Público Geral,Cadastro Único
Feminino,34,Médio Completo,Bonsucesso,3º,CRAS Bonsucesso,CRAS Bonsucesso,Público Geral,Cadastro Único
Feminino,30,Médio Completo,Vargem Grande,3º,CRAS Bonsucesso,CRAS Bonsucesso,PAIF,Assistente Social
Feminino,30,Médio Completo,Vargem Grande,3º,CRAS Bonsucesso,CRAS Bonsucesso,PAIF,Cadastro Único
Feminino,18,Médio Completo,Venda Nova,3º,CRAS Bonsucesso,CRAS Bonsucesso,Público Geral,Assistente Social
Feminino,45,Fundamental Incompleto,Santa Rosa ,3º,CRAS Bonsucesso,CRAS Bonsucesso,Público Geral,Cadastro Único
Feminino,42,Fundamental Incompleto,Santa Rosa ,3º,CRAS Bonsucesso,CRAS Bonsucesso,PAIF,Cadastro Único
Feminino,51,Fundamental Incompleto,Vargem Grande,3º,CRAS Bonsucesso,CRAS Bonsucesso,Público Geral,Assistente Social
Feminino,48,Fundamental Incompleto,Bonsucesso,3º,CRAS Bonsucesso,CRAS Bonsucesso,Público Geral,Cadastro Único
Feminino,18,Médio Incompleto,Santa Rosa ,3º,CRAS Bonsucesso,CRAS Bonsucesso,Público Geral,Assistente Social
Feminino,48,Superior Completo,Vieira,3º,CRAS Bonsucesso,CRAS Bonsucesso,Público Geral,Assistente Social
Feminino,77,Fundamental Incompleto,Bonsucesso,3º,CRAS Bonsucesso,CRAS Bonsucesso,Público Geral,Cadastro Único
Feminino,43,Médio Completo,Bonsucesso,3º,CRAS Bonsucesso,CRAS Bonsucesso,Público Geral,Cadastro Único
Feminino,38,Fundamental Incompleto,Santa Rosa ,3º,CRAS Bonsucesso,CRAS Bonsucesso,Público Geral,Cadastro Único
Feminino,25,Fundamental Incompleto,Vieira,3º,CRAS Bonsucesso,CRAS Bonsucesso,Público Geral,Cadastro Único
Feminino,20,Fundamental Completo,Bonsucesso,3º,CRAS Bonsucesso,CRAS Bonsucesso,Público Geral,Cadastro Único
Feminino,46,Médio Completo,Bonsucesso,3º,CRAS Bonsucesso,CRAS Bonsucesso,Fortalecimento de Vínculos,Atendimento Geral
Feminino,54,Fundamental Incompleto,Vargem Grande,3º,CRAS Bonsucesso,CRAS Bonsucesso,Público Geral,Cadastro Único
Feminino,30,Fundamental Incompleto,Mottas,3º,CRAS Bonsucesso,CRAS Bonsucesso,PAIF,Assistente Social
Feminino,27,Fundamental Completo,Sebastiana,3º,CRAS Bonsucesso,CRAS Bonsucesso,Público Geral,Cadastro Único
Feminino,44,Fundamental Incompleto,Imbiu,3º,CRAS Bonsucesso,CRAS Bonsucesso,Público Geral,Cadastro Único
Feminino,18,Médio Completo,Bonsucesso,3º,CRAS Bonsucesso,CRAS Bonsucesso,Público Geral,Assistente Social
Feminino,25,Superior Completo,Vargem Grande,3º,CRAS Bonsucesso,CRAS Bonsucesso,Público Geral,Cadastro Único
Feminino,19,Médio Incompleto,Bonsucesso,3º,CRAS Bonsucesso,CRAS Bonsucesso,Público Geral,Cadastro Único
Feminino,50,Fundamental Incompleto,Bonsucesso,3º,CRAS Bonsucesso,CRAS Bonsucesso,Público Geral,Cadastro Único
Feminino,27,Fundamental Completo,Sebastiana,3º,CRAS Bonsucesso,CRAS Bonsucesso,Público Geral,Cadastro Único
Feminino,49,Fundamental Incompleto,Bonsucesso,3º,CRAS Bonsucesso,CRAS Bonsucesso,PAIF,Assistente Social
Feminino,24,Fundamental Incompleto,Vargem Grande,3º,CRAS Bonsucesso,CRAS Bonsucesso,Público Geral,Cadastro Único
Feminino,33,Médio Incompleto,Vieira,3º,CRAS Bonsucesso,CRAS Bonsucesso,Público Geral,Assistente Social
Feminino,33,Médio Incompleto,Vieira,3º,CRAS Bonsucesso,CRAS Bonsucesso,Público Geral,Cadastro Único
Feminino,24,Fundamental Incompleto,Bonsucesso,3º,CRAS Bonsucesso,CRAS Bonsucesso,PAIF,Cadastro Único
Masculino,58,Fundamental Incompleto,Bonsucesso,3º,CRAS Bonsucesso,CRAS Bonsucesso,Público Geral,Cadastro Único
Feminino,51,Fundamental Incompleto,Bonsucesso,3º,CRAS Bonsucesso,CRAS Bonsucesso,Público Geral,Cadastro Único
Feminino,28,Médio Incompleto,Vieira ,3º,CRAS Bonsucesso,CRAS Bonsucesso,Público Geral,Cadastro Único
Feminino,28,Médio Incompleto,Vieira,3º,CRAS Bonsucesso,CRAS Bonsucesso,Público Geral,Assistente Social
Feminino,38,Médio Completo,Bonsucesso,3º,CRAS Bonsucesso,CRAS Bonsucesso,Público Geral,Cadastro Único
Masculino,46,Fundamental Incompleto,Bonsucesso,3º,CRAS Bonsucesso,CRAS Bonsucesso,PAIF,Assistente Social
Masculino,46,Fundamental Incompleto,Bonsucesso,3º,CRAS Bonsucesso,CRAS Bonsucesso,PAIF,Cadastro Único
Feminino,39,Superior Completo,Venda Nova,3º,CRAS Bonsucesso,CRAS Bonsucesso,Público Geral,Cadastro Único
Feminino,18,Médio Completo,Bonsucesso,3º,CRAS Bonsucesso,CRAS Bonsucesso,Público Geral,Cadastro Único
Feminino,39,Fundamental Completo,Bonsucesso,3º,CRAS Bonsucesso,CRAS Bonsucesso,Público Geral,Cadastro Único
Feminino,25,Médio Completo,Sebastiana,3º,CRAS Bonsucesso,CRAS Bonsucesso,Público Geral,Cadastro Único
Feminino,36,Fundamental Completo,Imbiu,3º,CRAS Bonsucesso,CRAS Bonsucesso,Público Geral,Cadastro Único
Masculino,32,Fundamental Incompleto,Imbiu,3º,CRAS Bonsucesso,CRAS Bonsucesso,Público Geral,Cadastro Único
Feminino,59,Fundamental Incompleto,Vieira,3º,CRAS Bonsucesso,CRAS Bonsucesso,Público Geral,Cadastro Único
Feminino,32,Médio Incompleto,Santa Rosa ,3º,CRAS Bonsucesso,CRAS Bonsucesso,Público Geral,Cadastro Único
Feminino,40,Médio Completo,Bonsucesso,3º,CRAS Bonsucesso,CRAS Bonsucesso,Público Geral,Cadastro Único
Feminino,66,Fundamental Incompleto,Vieira ,3º,CRAS Bonsucesso,CRAS Bonsucesso,Público Geral,Cadastro Único
Feminino,35,Fundamental Incompleto,Venda Nova,3º,CRAS Bonsucesso,CRAS Bonsucesso,Público Geral,Cadastro Único
Masculino,42,Fundamental Incompleto,Venda Nova,3º,CRAS Bonsucesso,CRAS Bonsucesso,Público Geral,Cadastro Único
Feminino,59,Fundamental Incompleto,Bonsucesso,3º,CRAS Bonsucesso,CRAS Bonsucesso,Público Geral,Assistente Social
Feminino,59,Fundamental Incompleto,Bonsucesso,3º,CRAS Bonsucesso,CRAS Bonsucesso,Público Geral,Cadastro Único
Feminino,24,Fundamental Completo,Bonsucesso,3º,CRAS Bonsucesso,CRAS Bonsucesso,Público Geral,Coordenadora
Feminino,27,Médio Completo,Sebastiana,3º,CRAS Bonsucesso,CRAS Bonsucesso,Público Geral,Cadastro Único
Feminino,32,Fundamental Incompleto,Vargem Grande,3º,CRAS Bonsucesso,CRAS Bonsucesso,Público Geral,Cadastro Único
Feminino,42,Fundamental Incompleto,Vargem Grande,3º,CRAS Bonsucesso,CRAS Bonsucesso,Público Geral,Cadastro Único
Feminino,40,Fundamental Completo,Vargem Grande,3º,CRAS Bonsucesso,CRAS Bonsucesso,PAIF,Cadastro Único
Feminino,33,Fundamental Completo,Vieira,3º,CRAS Bonsucesso,CRAS Bonsucesso,Público Geral,Assistente Social
Feminino,33,Fundamental Completo,Vieira,3º,CRAS Bonsucesso,CRAS Bonsucesso,Público Geral,Cadastro Único
Masculino,28,Superior Completo,Vargem Grande,3º,CRAS Bonsucesso,CRAS Bonsucesso,Público Geral,Cadastro Único
Masculino,28,Superior Completo,Vargem Grande,3º,CRAS Bonsucesso,CRAS Bonsucesso,Público Geral,Assistente Social
Feminino,66,Fundamental Incompleto,Vieira,3º,CRAS Bonsucesso,CRAS Bonsucesso,Público Geral,Cadastro Único
Feminino,52,Fundamental Incompleto,Vargem Grande,3º,CRAS Bonsucesso,CRAS Bonsucesso,Público Geral,Cadastro Único
Feminino,31,Fundamental Completo,Imbiu,3º,CRAS Bonsucesso,CRAS Bonsucesso,PAIF,Cadastro Único
Masculino,48,Médio Incompleto,Bonsucesso,3º,CRAS Bonsucesso,CRAS Bonsucesso,Público Geral,Cadastro Único
Feminino,42,Fundamental Incompleto,Vale Alpino,3º,CRAS Bonsucesso,CRAS Bonsucesso,PAIF,Cadastro Único
Feminino,26,Médio Completo,Vargem Grande,3º,CRAS Bonsucesso,CRAS Bonsucesso,Público Geral,Assistente Social
Feminino,26,Médio Completo,Vargem Grande,3º,CRAS Bonsucesso,CRAS Bonsucesso,Público Geral,Cadastro Único
Feminino,39,Fundamental Incompleto,Vale Alpino,3º,CRAS Bonsucesso,CRAS Bonsucesso,Público Geral,Cadastro Único
Masculino,60,Fundamental Incompleto,Vargem Grande,3º,CRAS Bonsucesso,CRAS Bonsucesso,Público Geral,Cadastro Único
Feminino,25,Fundamental Incompleto,Vieira ,3º,CRAS Bonsucesso,CRAS Bonsucesso,Público Geral,Cadastro Único
Feminino,20,Fundamental Completo,Campanha ,3º,CRAS Bonsucesso,CRAS Bonsucesso,Público Geral,Cadastro Único
Feminino,39,Fundamental Incompleto,Vargem Grande,3º,CRAS Bonsucesso,CRAS Bonsucesso,Público Geral,Cadastro Único
Feminino,65,Fundamental Incompleto,Vieira,3º,CRAS Bonsucesso,CRAS Bonsucesso,Público Geral,Cadastro Único
Feminino,27,Médio Incompleto,Bonsucesso,3º,CRAS Bonsucesso,CRAS Bonsucesso,Público Geral,Cadastro Único
Feminino,60,Fundamental Incompleto,Vargem Grande,3º,CRAS Bonsucesso,CRAS Bonsucesso,Público Geral,Cadastro Único
Feminino,85,Fundamental Incompleto,Venda Nova,3º,CRAS Bonsucesso,CRAS Bonsucesso,Público Geral,Cadastro Único
Feminino,24,Médio Incompleto,Vieira,3º,CRAS Bonsucesso,CRAS Bonsucesso,Público Geral,Assistente Social
Feminino,43,Fundamental Incompleto,Vale Alpino,3º,CRAS Bonsucesso,CRAS Bonsucesso,PAIF,Assistente Social
Feminino,23,Médio Completo,Vargem Grande,3º,CRAS Bonsucesso,CRAS Bonsucesso,Público Geral,Coordenadora
Feminino,23,Médio Completo,Vargem Grande,3º,CRAS Bonsucesso,CRAS Bonsucesso,Público Geral,Cadastro Único
Masculino,61,Não Escolarizado,Vieira,3º,CRAS Bonsucesso,CRAS Bonsucesso,PAIF,Cadastro Único
Feminino,18,Médio Completo,Vieira,3º,CRAS Bonsucesso,CRAS Bonsucesso,Público Geral,Coordenadora
Feminino,18,Médio Completo,Vieira,3º,CRAS Bonsucesso,CRAS Bonsucesso,Público Geral,Cadastro Único
Feminino,24,Fundamental Completo,Vieira,3º,CRAS Bonsucesso,CRAS Bonsucesso,Público Geral,Cadastro Único
Feminino,42,Fundamental Incompleto,Vieira,3º,CRAS Bonsucesso,CRAS Bonsucesso,Público Geral,Cadastro Único
Masculino,45,Fundamental Incompleto,Santa Rosa ,3º,CRAS Bonsucesso,CRAS Bonsucesso,Público Geral,Assistente Social
Masculino,65,Fundamental Incompleto,Vargem Grande,3º,CRAS Bonsucesso,CRAS Bonsucesso,Público Geral,Cadastro Único
Feminino,34,Médio Incompleto,Vieira,3º,CRAS Bonsucesso,CRAS Bonsucesso,Público Geral,Coordenadora
Feminino,59,Fundamental Incompleto,Bonsucesso,3º,CRAS Bonsucesso,CRAS Bonsucesso,Público Geral,Coordenadora
Feminino,49,Fundamental Incompleto,Bonsucesso,3º,CRAS Bonsucesso,CRAS Bonsucesso,Público Geral,Cadastro Único
Feminino,34,Fundamental Incompleto,Bonsucesso,3º,CRAS Bonsucesso,CRAS Bonsucesso,Público Geral,Coordenadora
Feminino,34,Fundamental Incompleto,Bonsucesso,3º,CRAS Bonsucesso,CRAS Bonsucesso,Público Geral,Cadastro Único
Feminino,28,Médio Completo,Mottas,3º,CRAS Bonsucesso,CRAS Bonsucesso,Público Geral,Cadastro Único
Feminino,35,Médio Incompleto,Sebastiana,3º,CRAS Bonsucesso,CRAS Bonsucesso,Público Geral,Cadastro Único
Feminino,81,Fundamental Incompleto,Vieira,3º,CRAS Bonsucesso,CRAS Bonsucesso,Público Geral,Cadastro Único
Feminino,35,Fundamental Incompleto,Vieira,3º,CRAS Bonsucesso,CRAS Bonsucesso,Público Geral,Cadastro Único
Feminino,66,Fundamental Incompleto,Bonsucesso,3º,CRAS Bonsucesso,CRAS Bonsucesso,Público Geral,Cadastro Único
Feminino,67,Fundamental Incompleto,Vieira,3º,CRAS Bonsucesso,CRAS Bonsucesso,Público Geral,Coordenadora
Feminino,29,Fundamental Completo,Mottas,3º,CRAS Bonsucesso,CRAS Bonsucesso,Público Geral,Assistente Social
Masculino,63,Fundamental Incompleto,Campanha,3º,CRAS Bonsucesso,CRAS Bonsucesso,PAIF,Cadastro Único
Feminino,45,Fundamental Incompleto,Bonsucesso,3º,CRAS Bonsucesso,CRAS Bonsucesso,Público Geral,Cadastro Único
Feminino,45,Fundamental Incompleto,Bonsucesso,3º,CRAS Bonsucesso,CRAS Bonsucesso,Público Geral,Assistente Social
Feminino,28,Médio Completo,Bonsucesso,3º,CRAS Bonsucesso,CRAS Bonsucesso,Público Geral,Assistente Social
Feminino,28,Médio Completo,Bonsucesso,3º,CRAS Bonsucesso,CRAS Bonsucesso,Público Geral,Cadastro Único
Feminino,56,Fundamental Incompleto,Santa Rosa,3º,CRAS Bonsucesso,CRAS Bonsucesso,Público Geral,Cadastro Único
Feminino,27,Médio Incompleto,Imbiu,3º,CRAS Bonsucesso,CRAS Bonsucesso,Público Geral,Assistente Social
Feminino,70,Não Escolarizado,Vargem Grande ,3º,CRAS Bonsucesso,CRAS Bonsucesso,PAIF,Assistente Social
Feminino,30,Médio Completo,Bonsucesso,3º,CRAS Bonsucesso,CRAS Bonsucesso,Público Geral,Cadastro Único
Masculino,49,Fundamental Incompleto,Bonsucesso,3º,CRAS Bonsucesso,CRAS Bonsucesso,Público Geral,Cadastro Único
Feminino,31,Médio Completo,Bonsucesso,3º,CRAS Bonsucesso,CRAS Bonsucesso,Público Geral,Assistente Social
Feminino,54,Fundamental Incompleto,Vargem Grande ,3º,CRAS Bonsucesso,CRAS Bonsucesso,PAIF,Assistente Social
Feminino,54,Fundamental Incompleto,Vargem Grande ,3º,CRAS Bonsucesso,CRAS Bonsucesso,PAIF,Cadastro Único
Feminino,27,Médio Incompleto,Vale Alpino,3º,CRAS Bonsucesso,CRAS Bonsucesso,Público Geral,Cadastro Único
Feminino,32,Médio Incompleto,Vieira,3º,CRAS Bonsucesso,CRAS Bonsucesso,Público Geral,Cadastro Único
Feminino,54,Médio Completo,Vargem Grande ,3º,CRAS Bonsucesso,CRAS Bonsucesso,Público Geral,Coordenação
Feminino,54,Médio Completo,Vargem Grande ,3º,CRAS Bonsucesso,CRAS Bonsucesso,Público Geral,Cadastro Único
Feminino,42,Fundamental Incompleto,Vieira,3º,CRAS Bonsucesso,CRAS Bonsucesso,Público Geral,Cadastro Único
Feminino,63,Fundamental Incompleto,Bonsucesso,3º,CRAS Bonsucesso,CRAS Bonsucesso,Público Geral,Cadastro Único
Feminino,34,Médio Incompleto,Vieira,3º,CRAS Bonsucesso,CRAS Bonsucesso,Público Geral,Assistente Social
Feminino,44,Fundamental Incompleto,Vargem Grande ,3º,CRAS Bonsucesso,CRAS Bonsucesso,Público Geral,Assistente Social
Feminino,44,Fundamental Incompleto,Vargem Grande ,3º,CRAS Bonsucesso,CRAS Bonsucesso,Público Geral,Psicóloga
Feminino,33,Fundamental Incompleto,Vieira,3º,CRAS Bonsucesso,CRAS Bonsucesso,PAIF,Cadastro Único
Feminino,50,Fundamental Incompleto,Vargem Grande ,3º,CRAS Bonsucesso,CRAS Bonsucesso,Público Geral,Assistente Social
Feminino,66,Fundamental Incompleto,Vargem Grande ,3º,CRAS Bonsucesso,CRAS Bonsucesso,PAIF,Assistente Social
Feminino,57,Fundamental Incompleto,Vargem Grande ,3º,CRAS Bonsucesso,CRAS Bonsucesso,Público Geral,Cadastro Único
Masculino,74,Fundamental Incompleto,Bonsucesso,3º,CRAS Bonsucesso,CRAS Bonsucesso,Público Geral,Cadastro Único
Feminino,48,Fundamental Incompleto,Vale Alpino,3º,CRAS Bonsucesso,CRAS Bonsucesso,PAIF,Cadastro Único
Feminino,35,Médio Completo,Vargem Grande ,3º,CRAS Bonsucesso,CRAS Bonsucesso,Público Geral,Cadastro Único
Feminino,58,Fundamental Incompleto,Vargem Grande ,3º,CRAS Bonsucesso,CRAS Bonsucesso,Público Geral,Cadastro Único
Feminino,59,Não Escolarizado,Vieira,3º,CRAS Bonsucesso,CRAS Bonsucesso,PAIF,Assistente Social
Feminino,26,Médio Completo,Vargem Grande ,3º,CRAS Bonsucesso,CRAS Bonsucesso,Público Geral,Cadastro Único
Feminino,25,Fundamental Incompleto,Vargem Grande ,3º,CRAS Bonsucesso,CRAS Bonsucesso,PAIF,Assistente Social
Feminino,25,Fundamental Incompleto,Vargem Grande ,3º,CRAS Bonsucesso,CRAS Bonsucesso,PAIF,Cadastro Único
Feminino,31,Fundamental Incompleto,Vieira,3º,CRAS Bonsucesso,CRAS Bonsucesso,Público Geral,Cadastro Único
Feminino,31,Fundamental Incompleto,Vieira,3º,CRAS Bonsucesso,CRAS Bonsucesso,Público Geral,Assistente Social
Feminino,25,Fundamental Incompleto,Vieira,3º,CRAS Bonsucesso,CRAS Bonsucesso,Público Geral,Cadastro Único
Feminino,23,Fundamental Incompleto,Vieira,3º,CRAS Bonsucesso,CRAS Bonsucesso,Público Geral,Cadastro Único
Feminino,18,Médio Incompleto,Santa Rosa,3º,CRAS Bonsucesso,CRAS Bonsucesso,Público Geral,Cadastro Único
Feminino,18,Médio Incompleto,Santa Rosa,3º,CRAS Bonsucesso,CRAS Bonsucesso,Público Geral,Assistente Social
Masculino,66,Não Escolarizado,Vieira,3º,CRAS Bonsucesso,CRAS Bonsucesso,Público Geral,Cadastro Único
Feminino,26,Fundamental Incompleto,Bonsucesso,3º,CRAS Bonsucesso,CRAS Bonsucesso,PAIF,Assistente Social
Feminino,33,Fundamental Incompleto,Santa Rosa,3º,CRAS Bonsucesso,CRAS Bonsucesso,Público Geral,Assistente Social
Feminino,44,Fundamental Incompleto,Santa Rosa,3º,CRAS Bonsucesso,CRAS Bonsucesso,Público Geral,Cadastro Único
Masculino,56,Não Escolarizado,Santa Rosa,3º,CRAS Bonsucesso,CRAS Bonsucesso,PAIF,Cadastro Único
Feminino,33,Médio Incompleto,Bonsucesso,3º,CRAS Bonsucesso,CRAS Bonsucesso,Público Geral,Cadastro Único
Feminino,33,Médio Incompleto,Bonsucesso,3º,CRAS Bonsucesso,CRAS Bonsucesso,Público Geral,Assistente Social
Feminino,25,Fundamental Incompleto,Bonsucesso,3º,CRAS Bonsucesso,CRAS Bonsucesso,PAIF,Assistente Social
Feminino,39,Superior Incompleto,Bonsucesso,3º,CRAS Bonsucesso,CRAS Bonsucesso,Público Geral,Cadastro Único
Masculino,73,Fundamental Incompleto,Mottas,3º,CRAS Bonsucesso,CRAS Bonsucesso,Público Geral,Cadastro Único
Feminino,55,Fundamental Incompleto,Santa Rosa,3º,CRAS Bonsucesso,CRAS Bonsucesso,PAIF,Cadastro Único
Masculino,58,Fundamental Incompleto,Bonsucesso,3º,CRAS Bonsucesso,CRAS Bonsucesso,Público Geral,Cadastro Único
Feminino,24,Médio Completo,Vieira,3º,CRAS Bonsucesso,CRAS Bonsucesso,Público Geral,Cadastro Único
Feminino,31,Médio Completo,Imbiu,3º,CRAS Bonsucesso,CRAS Bonsucesso,Público Geral,Assistente Social
Masculino,35,Não Escolarizado,Venda Nova,3º,CRAS Bonsucesso,CRAS Bonsucesso,Público Geral,Cadastro Único
Feminino,44,Médio Completo,Vargem Grande ,3º,CRAS Bonsucesso,CRAS Bonsucesso,Público Geral,Cadastro Único
Feminino,31,Fundamental Incompleto,Vargem Grande ,3º,CRAS Bonsucesso,CRAS Bonsucesso,PAIF,Cadastro Único
Feminino,37,Médio Completo,Imbiu,3º,CRAS Bonsucesso,CRAS Bonsucesso,Público Geral,Coordenação
Feminino,37,Médio Completo,Imbiu,3º,CRAS Bonsucesso,CRAS Bonsucesso,Público Geral,Cadastro Único
Feminino,17,Fundamental Completo,Santa Rosa,3º,CRAS Bonsucesso,CRAS Bonsucesso,Público Geral,Cadastro Único
Feminino,42,Médio Completo,Bonsucesso,3º,CRAS Bonsucesso,CRAS Bonsucesso,Público Geral,Cadastro Único
Feminino,44,Fundamental Incompleto,Bonsucesso,3º,CRAS Bonsucesso,CRAS Bonsucesso,PAIF,Cadastro Único
Feminino,39,Fundamental Incompleto,Sebastiana,3º,CRAS Bonsucesso,CRAS Bonsucesso,Público Geral,Cadastro Único
Feminino,29,Superior Completo,Bonsucesso,3º,CRAS Bonsucesso,CRAS Bonsucesso,Público Geral,Cadastro Único
Feminino,31,Fundamental Incompleto,Vieira,3º,CRAS Bonsucesso,CRAS Bonsucesso,Público Geral,Cadastro Único
Feminino,29,Fundamental Incompleto,Bonsucesso,3º,CRAS Bonsucesso,CRAS Bonsucesso,Público Geral,Cadastro Único
Masculino,73,Fundamental Incompleto,Vargem Grande ,3º,CRAS Bonsucesso,CRAS Bonsucesso,Público Geral,Cadastro Único
Feminino,46,Fundamental Incompleto,Vargem Grande ,3º,CRAS Bonsucesso,CRAS Bonsucesso,Público Geral,Cadastro Único
Feminino,25,Fundamental Incompleto,Vieira,3º,CRAS Bonsucesso,CRAS Bonsucesso,PAIF,Cadastro Único
Feminino,48,Fundamental Incompleto,Vieira,3º,CRAS Bonsucesso,CRAS Bonsucesso,PAIF,Cadastro Único
Feminino,63,Fundamental Incompleto,Bonsucesso,3º,CRAS Bonsucesso,CRAS Bonsucesso,Fortalecimento de Vínculos,Atendimento Geral
Feminino,67,Fundamental Incompleto,Vargem Grande ,3º,CRAS Bonsucesso,CRAS Bonsucesso,Fortalecimento de Vínculos,Atendimento Geral
Feminino,46,Médio Completo,Bonsucesso,3º,CRAS Bonsucesso,CRAS Bonsucesso,Fortalecimento de Vínculos,Atendimento Geral
Masculino,57,Fundamental Incompleto,Vargem Grande ,3º,CRAS Bonsucesso,CRAS Bonsucesso,Público Geral,Cadastro Único
Feminino,44,Fundamental Incompleto,Sebastiana,3º,CRAS Bonsucesso,CRAS Bonsucesso,Público Geral,Cadastro Único
Feminino,32,Fundamental Incompleto,Bonsucesso,3º,CRAS Bonsucesso,CRAS Bonsucesso,Público Geral,Cadastro Único
Feminino,66,Fundamental Incompleto,Vargem Grande ,3º,CRAS Bonsucesso,CRAS Bonsucesso,Público Geral,Cadastro Único
Masculino,70,Fundamental Incompleto,Vargem Grande ,3º,CRAS Bonsucesso,CRAS Bonsucesso,Público Geral,Cadastro Único
Feminino,26,Fundamental Incompleto,Bonsucesso,3º,CRAS Bonsucesso,CRAS Bonsucesso,Público Geral,Cadastro Único
Feminino,24,Fundamental Incompleto,Mottas,3º,CRAS Bonsucesso,CRAS Bonsucesso,Público Geral,Assistente Social
Feminino,56,Médio Completo,Mottas,3º,CRAS Bonsucesso,CRAS Bonsucesso,Público Geral,Cadastro Único
Feminino,27,Fundamental Completo,Bonsucesso,3º,CRAS Bonsucesso,CRAS Bonsucesso,Público Geral,Cadastro Único
Feminino,25,Médio Completo,Imbiu,3º,CRAS Bonsucesso,CRAS Bonsucesso,Público Geral,Cadastro Único
Feminino,45,Não Escolarizado,Imbiu,3º,CRAS Bonsucesso,CRAS Bonsucesso,Público Geral,Cadastro Único
Feminino,45,Não Escolarizado,Imbiu,3º,CRAS Bonsucesso,CRAS Bonsucesso,Público Geral,Assistente Social
Feminino,41,Médio Completo,Vargem Grande ,3º,CRAS Bonsucesso,CRAS Bonsucesso,Público Geral,Cadastro Único
Feminino,35,Médio Completo,Bonsucesso,3º,CRAS Bonsucesso,CRAS Bonsucesso,Público Geral,Cadastro Único
Feminino,40,Fundamental Incompleto,Santa Rosa,3º,CRAS Bonsucesso,CRAS Bonsucesso,PAIF,Cadastro Único
Feminino,24,Médio Completo,Vargem Grande ,3º,CRAS Bonsucesso,CRAS Bonsucesso,PAIF,Assistente Social
Feminino,21,Médio Completo,Sebastiana,3º,CRAS Bonsucesso,CRAS Bonsucesso,Público Geral,Cadastro Único
Masculino,68,Não Escolarizado,Sebastiana,3º,CRAS Bonsucesso,CRAS Bonsucesso,PAIF,Cadastro Único
Feminino,66,Fundamental Incompleto,Vieira,3º,CRAS Bonsucesso,CRAS Bonsucesso,Público Geral,Cadastro Único
Masculino,66,Fundamental Incompleto,Vargem Grande ,3º,CRAS Bonsucesso,CRAS Bonsucesso,Público Geral,Assistente Social
Masculino,45,Fundamental Incompleto,Bonsucesso,3º,CRAS Bonsucesso,CRAS Bonsucesso,PAIF,Coordenação
Feminino,29,Fundamental Incompleto,Sebastiana,3º,CRAS Bonsucesso,CRAS Bonsucesso,Público Geral,Cadastro Único
Feminino,33,Fundamental Incompleto,Sebastiana,3º,CRAS Bonsucesso,CRAS Bonsucesso,PAIF,Cadastro Único
Feminino,17,Fundamental Incompleto,Sebastiana,3º,CRAS Bonsucesso,CRAS Bonsucesso,Público Geral,Cadastro Único
Feminino,31,Fundamental Incompleto,Vieira,3º,CRAS Bonsucesso,CRAS Bonsucesso,Público Geral,Cadastro Único
Feminino,34,Fundamental Incompleto,Vieira,3º,CRAS Bonsucesso,CRAS Bonsucesso,PAIF,Cadastro Único
Feminino,45,Fundamental Incompleto,Santa Rosa,3º,CRAS Bonsucesso,CRAS Bonsucesso,Público Geral,Cadastro Único
Masculino,48,Não Escolarizado,Santa Rosa,3º,CRAS Bonsucesso,CRAS Bonsucesso,Público Geral,Cadastro Único
Feminino,57,Médio Incompleto,Vargem Grande ,3º,CRAS Bonsucesso,CRAS Bonsucesso,Público Geral,Cadastro Único
Feminino,33,Médio Incompleto,Imbiu,3º,CRAS Bonsucesso,CRAS Bonsucesso,Público Geral,Cadastro Único
Feminino,47,Não Escolarizado,Venda Nova,3º,CRAS Bonsucesso,CRAS Bonsucesso,Público Geral,Assistente Social
Masculino,65,Fundamental Incompleto,vargem Grande ,3º,CRAS Bonsucesso,CRAS Bonsucesso,PAIF,Coordenação
Masculino,56,Não Escolarizado,Santa Rosa,3º,CRAS Bonsucesso,CRAS Bonsucesso,PAIF,Cadastro Único
Masculino,61,Não Escolarizado,Vieira,3º,CRAS Bonsucesso,CRAS Bonsucesso,PAIF,Cadastro Único
Feminino,39,Fundamental Completo,Santa Rosa,3º,CRAS Bonsucesso,CRAS Bonsucesso,PAIF,Cadastro Único
Masculino,51,Fundamental Incompleto,Santa Rosa,3º,CRAS Bonsucesso,CRAS Bonsucesso,PAIF,Cadastro Único
Masculino,76,Fundamental Incompleto,Bonsucesso,3º,CRAS Bonsucesso,CRAS Bonsucesso,PAIF,Cadastro Único
Feminino,63,Fundamental Incompleto,Bonsucesso,3º,CRAS Bonsucesso,CRAS Bonsucesso,PAIF,Cadastro Único
Feminino,34,Fundamental Completo,Vieira,3º,CRAS Bonsucesso,CRAS Bonsucesso,Público Geral,Assistente Social
Feminino,38,Fundamental Completo,Bonsucesso,3º,CRAS Bonsucesso,CRAS Bonsucesso,Público Geral,Assistente Social
Masculino,59,Fundamental Incompleto,Venda Nova,3º,CRAS Bonsucesso,CRAS Bonsucesso,Público Geral,Cadastro Único
Feminino,37,Fundamental Completo,Vieira,3º,CRAS Bonsucesso,CRAS Bonsucesso,Público Geral,Assistente Social
Feminino,36,Fundamental Completo,Santa Rosa,3º,CRAS Bonsucesso,CRAS Bonsucesso,Público Geral,Cadastro Único
Feminino,48,Fundamental Incompleto,Vargem Grande ,3º,CRAS Bonsucesso,CRAS Bonsucesso,Público Geral,Cadastro Único
Masculino,60,Fundamental Incompleto,Santa Rosa,3º,CRAS Bonsucesso,CRAS Bonsucesso,Público Geral,Assistente Social
Masculino,41,Médio Completo,Mottas,3º,CRAS Bonsucesso,CRAS Bonsucesso,Público Geral,Cadastro Único
Feminino,32,Médio Completo,Santa Rosa,3º,CRAS Bonsucesso,CRAS Bonsucesso,Público Geral,Cadastro Único
Feminino,21,Médio Completo,Vale Alpino,3º,CRAS Bonsucesso,CRAS Bonsucesso,Público Geral,Cadastro Único
Feminino,21,Médio Completo,Vale Alpino,3º,CRAS Bonsucesso,CRAS Bonsucesso,Público Geral,Assistente Social
Feminino,41,Fundamental Incompleto,Bonsucesso,3º,CRAS Bonsucesso,CRAS Bonsucesso,Público Geral,Cadastro Único
Feminino,33,Fundamental Incompleto,Santa Rosa,3º,CRAS Bonsucesso,CRAS Bonsucesso,Público Geral,Psicóloga
Feminino,40,Fundamental Incompleto,Vargem Grande ,3º,CRAS Bonsucesso,CRAS Bonsucesso,Público Geral,Cadastro Único
Feminino,36,Fundamental Incompleto,Vargem Grande ,3º,CRAS Bonsucesso,CRAS Bonsucesso,PAIF,Cadastro Único
Feminino,21,Não Escolarizado,Vargem Grande ,3º,CRAS Bonsucesso,CRAS Bonsucesso,PAIF,Cadastro Único
Feminino,21,Médio Incompleto,Vargem Grande ,3º,CRAS Bonsucesso,CRAS Bonsucesso,Público Geral,Cadastro Único
Masculino,67,Não Escolarizado,Bonsucesso,3º,CRAS Bonsucesso,CRAS Bonsucesso,Público Geral,Cadastro Único
Feminino,48,Fundamental Incompleto,Vieira,3º,CRAS Bonsucesso,CRAS Bonsucesso,PAIF,Cadastro Único
Masculino,46,Fundamental Incompleto,Santa Rosa,3º,CRAS Bonsucesso,CRAS Bonsucesso,Público Geral,Cadastro Único
Masculino,54,Fundamental Incompleto,Bonsucesso,3º,CRAS Bonsucesso,CRAS Bonsucesso,Público Geral,Cadastro Único
Feminino,43,Fundamental Incompleto,Bonsucesso,3º,CRAS Bonsucesso,CRAS Bonsucesso,Público Geral,Cadastro Único
Feminino,53,Fundamental Incompleto,Venda Nova,3º,CRAS Bonsucesso,CRAS Bonsucesso,Público Geral,Cadastro Único
Masculino,66,Médio Completo,Bonsucesso,3º,CRAS Bonsucesso,CRAS Bonsucesso,Público Geral,Cadastro Único
Feminino,67,Fundamental Incompleto,Vargem Grande ,3º,CRAS Bonsucesso,CRAS Bonsucesso,Fortalecimento de Vínculos,Atendimento Geral
Feminino,31,Fundamental Incompleto,Bonsucesso,3º,CRAS Bonsucesso,CRAS Bonsucesso,Fortalecimento de Vínculos,Atendimento Geral
Masculino,4,Estudante,Bonsucesso,3º,CRAS Bonsucesso,CRAS Bonsucesso,Fortalecimento de Vínculos,Atendimento Geral
Masculino,9,Estudante,Bonsucesso,3º,CRAS Bonsucesso,CRAS Bonsucesso,Fortalecimento de Vínculos,Atendimento Geral
Feminino,34,Médio Incompleto,Santa Rosa,3º,CRAS Bonsucesso,CRAS Bonsucesso,Público Geral,Coordenação
Feminino,46,Fundamental Incompleto,Vieira,3º,CRAS Bonsucesso,CRAS Bonsucesso,Público Geral,Cadastro Único
Masculino,43,Fundamental Incompleto,Bonsucesso,3º,CRAS Bonsucesso,CRAS Bonsucesso,Público Geral,Cadastro Único
Feminino,37,Fundamental Incompleto,Bonsucesso,3º,CRAS Bonsucesso,CRAS Bonsucesso,Público Geral,Assistente Social
Feminino,41,Superior Completo,Venda Nova,3º,CRAS Bonsucesso,CRAS Bonsucesso,Público Geral,Assistente Social
Feminino,53,Fundamental Incompleto,Venda Nova,3º,CRAS Bonsucesso,CRAS Bonsucesso,Público Geral,Assistente Social
Feminino,45,Fundamental Incompleto,Vale Alpino,3º,CRAS Bonsucesso,CRAS Bonsucesso,PAIF,Assistente Social
Feminino,28,Médio Incompleto,Vargem Grande ,3º,CRAS Bonsucesso,CRAS Bonsucesso,Público Geral,Assistente Social
Feminino,51,Fundamental Incompleto,Vargem Grande ,3º,CRAS Bonsucesso,CRAS Bonsucesso,Público Geral,Cadastro Único
Feminino,68,Fundamental Incompleto,Venda Nova,3º,CRAS Bonsucesso,CRAS Bonsucesso,Público Geral,Cadastro Único
Feminino,44,Fundamental Completo,Bonsucesso,3º,CRAS Bonsucesso,CRAS Bonsucesso,PAIF,Coordenação
Feminino,30,Médio Completo,Vargem Grande ,3º,CRAS Bonsucesso,CRAS Bonsucesso,Público Geral,Cadastro Único
Masculino,81,Fundamental Incompleto,Imbiu,3º,CRAS Bonsucesso,CRAS Bonsucesso,Público Geral,Coordenação
Feminino,27,Fundamental Incompleto,Mottas,3º,CRAS Bonsucesso,CRAS Bonsucesso,Público Geral,Cadastro Único
Feminino,33,Médio Incompleto,Vargem Grande ,3º,CRAS Bonsucesso,CRAS Bonsucesso,Público Geral,Assistente Social
Feminino,33,Médio Incompleto,Vargem Grande ,3º,CRAS Bonsucesso,CRAS Bonsucesso,Público Geral,Cadastro Único
Feminino,20,Médio Completo,Mottas,3º,CRAS Bonsucesso,CRAS Bonsucesso,Público Geral,Cadastro Único
Feminino,20,Médio Completo,Mottas,3º,CRAS Bonsucesso,CRAS Bonsucesso,Público Geral,Assistente Social
Masculino,23,Fundamental Incompleto,Bonsucesso,3º,CRAS Bonsucesso,CRAS Bonsucesso,Público Geral,Cadastro Único
Masculino,25,Fundamental Incompleto,Vieira,3º,CRAS Bonsucesso,CRAS Bonsucesso,Público Geral,Cadastro Único
Feminino,52,Superior Completo,Imbiu,3º,CRAS Bonsucesso,CRAS Bonsucesso,Público Geral,Cadastro Único
Feminino,22,Fundamental Completo,Bonsucesso,3º,CRAS Bonsucesso,CRAS Bonsucesso,Público Geral,Cadastro Único
Feminino,28,Fundamental Incompleto,Venda Nova,3º,CRAS Bonsucesso,CRAS Bonsucesso,Público Geral,Cadastro Único
Feminino,30,Fundamental Completo,Vargem Grande ,3º,CRAS Bonsucesso,CRAS Bonsucesso,Público Geral,Assistente Social
Feminino,57,Não Escolarizado,Bonsucesso,3º,CRAS Bonsucesso,CRAS Bonsucesso,PAIF,Assistente Social
Feminino,56,Fundamental Incompleto,Vargem Grande ,3º,CRAS Bonsucesso,CRAS Bonsucesso,PAIF,Coordenação
Feminino,31,Fundamental Incompleto,Frades,3º,CRAS Bonsucesso,CRAS Bonsucesso,Público Geral,Cadastro Único
Feminino,55,Fundamental Incompleto,Vieira,3º,CRAS Bonsucesso,CRAS Bonsucesso,Público Geral,Cadastro Único
Feminino,48,Fundamental Incompleto,Mottas,3º,CRAS Bonsucesso,CRAS Bonsucesso,PAIF,Coordenação
Feminino,67,Fundamental Incompleto,Vargem Grande ,3º,CRAS Bonsucesso,CRAS Bonsucesso,Público Geral,Coordenação
Feminino,24,Médio Incompleto,Vargem Grande ,3º,CRAS Bonsucesso,CRAS Bonsucesso,Público Geral,Cadastro Único
Feminino,23,Médio Incompleto,Vargem Grande ,3º,CRAS Bonsucesso,CRAS Bonsucesso,Público Geral,Cadastro Único
Masculino,78,Fundamental Completo,Vieira,3º,CRAS Bonsucesso,CRAS Bonsucesso,Público Geral,Cadastro Único
Feminino,46,Fundamental Completo,Santa Rosa,3º,CRAS Bonsucesso,CRAS Bonsucesso,Público Geral,Cadastro Único
Feminino,19,Médio Completo,Venda Nova,3º,CRAS Bonsucesso,CRAS Bonsucesso,Público Geral,Cadastro Único
Feminino,19,Médio Completo,Venda Nova,3º,CRAS Bonsucesso,CRAS Bonsucesso,Público Geral,Assistente Social
Feminino,72,Fundamental Incompleto,Bonsucesso,3º,CRAS Bonsucesso,CRAS Bonsucesso,Público Geral,Cadastro Único
Feminino,28,Fundamental Completo,Vieira,3º,CRAS Bonsucesso,CRAS Bonsucesso,Público Geral,Cadastro Único
Feminino,47,Fundamental Incompleto,Bonsucesso,3º,CRAS Bonsucesso,CRAS Bonsucesso,Público Geral,Psicóloga
Feminino,43,Superior Completo,Bonsucesso,3º,CRAS Bonsucesso,CRAS Bonsucesso,Público Geral,Psicóloga
Feminino,36,Médio Completo,Bonsucesso,3º,CRAS Bonsucesso,CRAS Bonsucesso,Público Geral,Cadastro Único
Masculino,54,Fundamental Incompleto,Vieira,3º,CRAS Bonsucesso,CRAS Bonsucesso,Público Geral,Cadastro Único
Feminino,29,Fundamental Incompleto,Imbiu,3º,CRAS Bonsucesso,CRAS Bonsucesso,Público Geral,Cadastro Único
Feminino,21,Fundamental Completo,Vieira,3º,CRAS Bonsucesso,CRAS Bonsucesso,Público Geral,Cadastro Único
Feminino,35,Fundamental Incompleto,Vieira,3º,CRAS Bonsucesso,CRAS Bonsucesso,Público Geral,Cadastro Único
Feminino,20,Médio Completo,Venda Nova,3º,CRAS Bonsucesso,CRAS Bonsucesso,Público Geral,Cadastro Único
Feminino,47,Médio Completo,Campanha,3º,CRAS Bonsucesso,CRAS Bonsucesso,Público Geral,Cadastro Único
Feminino,35,Fundamental Completo,Imbiu,3º,CRAS Bonsucesso,CRAS Bonsucesso,Público Geral,Cadastro Único
Feminino,37,Médio Completo,Bonsucesso,3º,CRAS Bonsucesso,CRAS Bonsucesso,Público Geral,Cadastro Único
Feminino,47,Fundamental Incompleto,Santa Rosa,3º,CRAS Bonsucesso,CRAS Bonsucesso,PAIF,Assistente Social
Masculino,62,Não Escolarizado,Imbiu,3º,CRAS Bonsucesso,CRAS Bonsucesso,Público Geral,Cadastro Único
Feminino,41,Médio Completo,Vieira,3º,CRAS Bonsucesso,CRAS Bonsucesso,Público Geral,Cadastro Único
Masculino,61,Fundamental Incompleto,Bonsucesso,3º,CRAS Bonsucesso,CRAS Bonsucesso,Público Geral,Cadastro Único
Feminino,23,Fundamental Incompleto,Vieira,3º,CRAS Bonsucesso,CRAS Bonsucesso,Público Geral,Cadastro Único
Feminino,60,Fundamental Incompleto,Vieira,3º,CRAS Bonsucesso,CRAS Bonsucesso,Público Geral,Assistente Social
Feminino,31,Fundamental Incompleto,Vieira,3º,CRAS Bonsucesso,CRAS Bonsucesso,Público Geral,Cadastro Único
Feminino,40,Fundamental Completo,Vargem Grande ,3º,CRAS Bonsucesso,CRAS Bonsucesso,Público Geral,Cadastro Único
Feminino,38,Médio Incompleto,Vargem Grande ,3º,CRAS Bonsucesso,CRAS Bonsucesso,Público Geral,Coordenação
Feminino,53,Fundamental Completo,Vargem Grande ,3º,CRAS Bonsucesso,CRAS Bonsucesso,Público Geral,Coordenação
Feminino,53,Fundamental Completo,Vargem Grande ,3º,CRAS Bonsucesso,CRAS Bonsucesso,Público Geral,Cadastro Único
Feminino,31,Fundamental Incompleto,Bonsucesso,3º,CRAS Bonsucesso,CRAS Bonsucesso,Público Geral,Coordenação
Feminino,39,Médio Incompleto,Vargem Grande ,3º,CRAS Bonsucesso,CRAS Bonsucesso,Público Geral,Coordenação
Feminino,53,Fundamental Incompleto,Vargem Grande ,3º,CRAS Bonsucesso,CRAS Bonsucesso,Público Geral,Coordenação
Feminino,31,Médio Completo,Vieira,3º,CRAS Bonsucesso,CRAS Bonsucesso,Público Geral,Coordenação
Feminino,55,Superior Completo,Bonsucesso,3º,CRAS Bonsucesso,CRAS Bonsucesso,PAIF,Coordenação
Feminino,24,Médio Completo,Mottas,3º,CRAS Bonsucesso,CRAS Bonsucesso,Público Geral,Cadastro Único
Feminino,32,Médio Completo,Vargem Grande ,3º,CRAS Bonsucesso,CRAS Bonsucesso,Público Geral,Coordenação
Feminino,34,Médio Incompleto,Vargem Grande ,3º,CRAS Bonsucesso,CRAS Bonsucesso,Público Geral,Cadastro Único
Feminino,26,Médio Completo, Bonsucesso,3º,CRAS Bonsucesso,CRAS Bonsucesso,Público Geral,Cadastro Único
Feminino,42,Fundamental Incompleto,Vieira,3º,CRAS Bonsucesso,CRAS Bonsucesso,Público Geral,Cadastro Único
Feminino,64,Fundamental Incompleto,Vale Alpino,3º,CRAS Bonsucesso,CRAS Bonsucesso,Público Geral,Cadastro Único
Masculino,49,Fundamental Incompleto,Imbiu,3º,CRAS Bonsucesso,CRAS Bonsucesso,Público Geral,Cadastro Único
Feminino,32,Fundamental Incompleto,Vieira,3º,CRAS Bonsucesso,CRAS Bonsucesso,Público Geral,Assistente Social
Feminino,49,Fundamental Incompleto,Sebastiana,3º,CRAS Bonsucesso,CRAS Bonsucesso,Público Geral,Assistente Social
Feminino,42,Médio Completo,Bonsucesso,3º,CRAS Bonsucesso,CRAS Bonsucesso,Público Geral,Coordenação
Feminino,33,Superior Incompleto,Bonsucesso,3º,CRAS Bonsucesso,CRAS Bonsucesso,Público Geral,Coordenação
Feminino,41,Médio Incompleto,Bonsucesso,3º,CRAS Bonsucesso,CRAS Bonsucesso,Público Geral,Coordenação
Feminino,47,Fundamental Completo,Mottas,3º,CRAS Bonsucesso,CRAS Bonsucesso,Público Geral,Cadastro Único
Feminino,33,Superior Completo,Vargem Grande ,3º,CRAS Bonsucesso,CRAS Bonsucesso,Público Geral,Assistente Social
Feminino,39,Médio Completo,vargem Grande ,3º,CRAS Bonsucesso,CRAS Bonsucesso,Público Geral,Cadastro Único
Feminino,38,Fundamental Incompleto,Venda Nova,3º,CRAS Bonsucesso,CRAS Bonsucesso,Público Geral,Cadastro Único
Feminino,71,Fundamental Incompleto,Bonsucesso,3º,CRAS Bonsucesso,CRAS Bonsucesso,Público Geral,Assistente Social
Feminino,51,Médio Completo,Imbiu,3º,CRAS Bonsucesso,CRAS Bonsucesso,Público Geral,Cadastro Único
Feminino,48,Não Escolarizado,Bonsucesso,3º,CRAS Bonsucesso,CRAS Bonsucesso,Público Geral,Cadastro Único
Feminino,40,Fundamental Completo,Bonsucesso,3º,CRAS Bonsucesso,CRAS Bonsucesso,Público Geral,Cadastro Único
Feminino,58,Fundamental Completo,Bonsucesso,3º,CRAS Bonsucesso,CRAS Bonsucesso,Público Geral,Cadastro Único
Feminino,20,Médio Completo,Bonsucesso,3º,CRAS Bonsucesso,CRAS Bonsucesso,Público Geral,Coordenação
Feminino,20,Médio Completo,Bonsucesso,3º,CRAS Bonsucesso,CRAS Bonsucesso,Público Geral,Cadastro Único
Feminino,35,Médio Completo,Mottas,3º,CRAS Bonsucesso,CRAS Bonsucesso,Público Geral,Cadastro Único
Feminino,47,Médio Completo,Mottas,3º,CRAS Bonsucesso,CRAS Bonsucesso,Público Geral,Cadastro Único
Feminino,53,Fundamental Incompleto,Mottas,3º,CRAS Bonsucesso,CRAS Bonsucesso,Público Geral,Assistente Social
Feminino,47,Fundamental Incompleto,Bonsucesso,3º,CRAS Bonsucesso,CRAS Bonsucesso,Público Geral,Cadastro Único
Feminino,42,Fundamental Incompleto,Bonsucesso,3º,CRAS Bonsucesso,CRAS Bonsucesso,Público Geral,Assistente Social
Feminino,,Fundamental Incompleto,Vieira,3º,CRAS Bonsucesso,CRAS Bonsucesso,Público Geral,Cadastro Único
Feminino,35,Médio Incompleto,Sebastiana,3º,CRAS Bonsucesso,CRAS Bonsucesso,Público Geral,Cadastro Único
Masculino,49,Fundamental Incompleto,Campanha,3º,CRAS Bonsucesso,CRAS Bonsucesso,Público Geral,Cadastro Único
Masculino,46,Fundamental Incompleto,São Bento ,3º,CRAS Bonsucesso,CRAS Bonsucesso,PAIF,Assistente Social
Feminino,44,Fundamental Incompleto,Rancho Velho,3º,CRAS Bonsucesso,CRAS Bonsucesso,PAIF,Assistente Social
Feminino,72,Fundamental Incompleto,Bonsucesso,3º,CRAS Bonsucesso,CRAS Bonsucesso,PAIF,Assistente Social
Masculino,60,Fundamental Incompleto,Santa Rosa,3º,CRAS Bonsucesso,CRAS Bonsucesso,PAIF,Assistente Social
Feminino,57,Médio Completo,vargem Grande ,3º,CRAS Bonsucesso,CRAS Bonsucesso,PAIF,Assistente Social
Feminino,56,Médio Completo,vargem Grande ,3º,CRAS Bonsucesso,CRAS Bonsucesso,PAIF,Assistente Social
Feminino,31,Fundamental Incompleto,Bonsucesso,3º,CRAS Bonsucesso,CRAS Bonsucesso,PAIF,Assistente Social
Feminino,20,Fundamental Incompleto,Vieira,3º,CRAS Bonsucesso,CRAS Bonsucesso,PAIF,Assistente Social
Feminino,32,Fundamental Incompleto,Bonsucesso,3º,CRAS Bonsucesso,CRAS Bonsucesso,PAIF,Assistente Social
Feminino,36,Fundamental Incompleto,Bonsucesso,3º,CRAS Bonsucesso,CRAS Bonsucesso,PAIF,Assistente Social
Masculino,65,Fundamental Incompleto,vargem Grande ,3º,CRAS Bonsucesso,CRAS Bonsucesso,PAIF,Assistente Social
Feminino,38,Não Escolarizado,Vieira,3º,CRAS Bonsucesso,CRAS Bonsucesso,PAIF,Assistente Social
Feminino,50,Fundamental Incompleto,Vista Alegre,3º,CRAS Bonsucesso,CRAS Bonsucesso,PAIF,Assistente Social
Feminino,54,Fundamental Incompleto,Bonsucesso,3º,CRAS Bonsucesso,CRAS Bonsucesso,Público Geral,Cadastro Único
Masculino,59,Fundamental Incompleto,Vargem Grande ,3º,CRAS Bonsucesso,CRAS Bonsucesso,Público Geral,Cadastro Único
Feminino,65,Não Escolarizado,Vieira,3º,CRAS Bonsucesso,CRAS Bonsucesso,Público Geral,Cadastro Único
Masculino,59,Fundamental Incompleto,Bonsucesso,3º,CRAS Bonsucesso,CRAS Bonsucesso,Público Geral,Cadastro Único
Feminino,44,Fundamental Incompleto,Vieira,3º,CRAS Bonsucesso,CRAS Bonsucesso,Público Geral,Cadastro Único
Feminino,58,Fundamental Incompleto,Vargem Grande ,3º,CRAS Bonsucesso,CRAS Bonsucesso,Público Geral,Cadastro Único
Feminino,26,Fundamental Completo,Mottas,3º,CRAS Bonsucesso,CRAS Bonsucesso,Público Geral,Assistente Social
Feminino,50,Fundamental Incompleto,Vargem Grande ,3º,CRAS Bonsucesso,CRAS Bonsucesso,Público Geral,Cadastro Único
Feminino,41,Médio Completo,Vale Alpino,3º,CRAS Bonsucesso,CRAS Bonsucesso,Público Geral,Cadastro Único
Feminino,19,Médio Completo,Vieira,3º,CRAS Bonsucesso,CRAS Bonsucesso,Público Geral,Cadastro Único
Feminino,19,Médio Completo,Vieira,3º,CRAS Bonsucesso,CRAS Bonsucesso,Público Geral,Assistente Social
Masculino,28,Médio Incompleto,Bonsucesso,3º,CRAS Bonsucesso,CRAS Bonsucesso,Público Geral,Cadastro Único
Masculino,66,Fundamental Incompleto,Vargem Grande ,3º,CRAS Bonsucesso,CRAS Bonsucesso,PAIF,Assistente Social
Feminino,40,Médio Completo,Imbiu,3º,CRAS Bonsucesso,CRAS Bonsucesso,Público Geral,Cadastro Único
Feminino,43,Fundamental Incompleto,Bonsucesso,3º,CRAS Bonsucesso,CRAS Bonsucesso,Público Geral,Cadastro Único
Feminino,26,Fundamental Incompleto,Mottas,3º,CRAS Bonsucesso,CRAS Bonsucesso,Público Geral,Cadastro Único
Feminino,56,Fundamental Incompleto,Vargem Grande ,3º,CRAS Bonsucesso,CRAS Bonsucesso,Público Geral,Cadastro Único
Feminino,31,Fundamental Incompleto,Vargem Grande ,3º,CRAS Bonsucesso,CRAS Bonsucesso,Público Geral,Assistente Social
Feminino,26,Fundamental Incompleto,Vieira,3º,CRAS Bonsucesso,CRAS Bonsucesso,Público Geral,Cadastro Único
Feminino,40,Médio Completo,Vargem Grande ,3º,CRAS Bonsucesso,CRAS Bonsucesso,Público Geral,Cadastro Único
Feminino,41,Médio Completo,Bonsucesso,3º,CRAS Bonsucesso,CRAS Bonsucesso,Público Geral,Cadastro Único
Feminino,24,Fundamental Incompleto,Venda Nova,3º,CRAS Bonsucesso,CRAS Bonsucesso,Público Geral,Cadastro Único
Feminino,19,Médio Completo,Bonsucesso,3º,CRAS Bonsucesso,CRAS Bonsucesso,Público Geral,Cadastro Único
Masculino,46,Fundamental Incompleto,Vargem Grande ,3º,CRAS Bonsucesso,CRAS Bonsucesso,Público Geral,Assistente Social
Feminino,47,Médio Completo,Campanha,3º,CRAS Bonsucesso,CRAS Bonsucesso,Público Geral,Assistente Social
Feminino,63,Fundamental Incompleto,Vargem Grande ,3º,CRAS Bonsucesso,CRAS Bonsucesso,Público Geral,Cadastro Único
Feminino,49,Fundamental Incompleto,Bonsucesso,3º,CRAS Bonsucesso,CRAS Bonsucesso,PAIF,Assistente Social
Feminino,64,Não Escolarizado,Mottas,3º,CRAS Bonsucesso,CRAS Bonsucesso,PAIF,Assistente Social
Feminino,31,Fundamental Incompleto,Mottas,3º,CRAS Bonsucesso,CRAS Bonsucesso,PAIF,Assistente Social
Feminino,26,Fundamental Incompleto,Bonsucesso,3º,CRAS Bonsucesso,CRAS Bonsucesso,PAIF,Assistente Social
Feminino,51,Fundamental Incompleto,Bonsucesso,3º,CRAS Bonsucesso,CRAS Bonsucesso,PAIF,Assistente Social
Feminino,33,Médio Completo,Bonsucesso,3º,CRAS Bonsucesso,CRAS Bonsucesso,PAIF,Assistente Social
Masculino,29,Médio Completo,Bonsucesso,3º,CRAS Bonsucesso,CRAS Bonsucesso,PAIF,Assistente Social
Feminino,26,Fundamental Completo,Bonsucesso,3º,CRAS Bonsucesso,CRAS Bonsucesso,PAIF,Assistente Social
Feminino,25,Fundamental Completo,Bonsucesso,3º,CRAS Bonsucesso,CRAS Bonsucesso,PAIF,Assistente Social
Feminino,35,Fundamental Incompleto,Mottas,3º,CRAS Bonsucesso,CRAS Bonsucesso,PAIF,Assistente Social
Masculino,34,Fundamental Incompleto,Vargem Grande ,3º,CRAS Bonsucesso,CRAS Bonsucesso,PAIF,Assistente Social
Feminino,25,Fundamental Incompleto,Bonsucesso,3º,CRAS Bonsucesso,CRAS Bonsucesso,PAIF,Assistente Social
Feminino,45,Fundamental Incompleto,Vargem Grande ,3º,CRAS Bonsucesso,CRAS Bonsucesso,PAIF,Assistente Social
Feminino,37,Fundamental Incompleto,Sebastiana,3º,CRAS Bonsucesso,CRAS Bonsucesso,PAIF,Assistente Social
Feminino,65,Não Escolarizado,Venda Nova,3º,CRAS Bonsucesso,CRAS Bonsucesso,PAIF,Assistente Social
Feminino,32,Fundamental Incompleto,Campanha,3º,CRAS Bonsucesso,CRAS Bonsucesso,PAIF,Assistente Social
Masculino,57,Fundamental Incompleto,Frades,3º,CRAS Bonsucesso,CRAS Bonsucesso,PAIF,Assistente Social
Masculino,62,Não Escolarizado,Vieira,3º,CRAS Bonsucesso,CRAS Bonsucesso,PAIF,Assistente Social
Feminino,37,Fundamental Incompleto,Sebastiana,3º,CRAS Bonsucesso,CRAS Bonsucesso,PAIF,Assistente Social
Feminino,56,Fundamental Incompleto,Imbiu,3º,CRAS Bonsucesso,CRAS Bonsucesso,PAIF,Assistente Social
Masculino,,Fundamental Incompleto,Bonsucesso,3º,CRAS Bonsucesso,CRAS Bonsucesso,PAIF,Assistente Social
Feminino,53,Fundamental Incompleto,Venda Nova,3º,CRAS Bonsucesso,CRAS Bonsucesso,Público Geral,Psicóloga
Feminino,56,Médio Completo,Campanha,3º,CRAS Bonsucesso,CRAS Bonsucesso,Público Geral,Cadastro Único
Masculino,17,Médio Completo,Vieira,3º,CRAS Bonsucesso,CRAS Bonsucesso,Público Geral,Psicóloga
Feminino,36,Médio Completo,Imbiu,3º,CRAS Bonsucesso,CRAS Bonsucesso,Público Geral,Cadastro Único
Feminino,36,Médio Completo,Imbiu,3º,CRAS Bonsucesso,CRAS Bonsucesso,Público Geral,Assistente Social
Feminino,32,Fundamental Incompleto,Vale Alpino,3º,CRAS Bonsucesso,CRAS Bonsucesso,Público Geral,Cadastro Único
Feminino,37,Fundamental Completo,Santa Rosa,3º,CRAS Bonsucesso,CRAS Bonsucesso,Público Geral,Cadastro Único
Feminino,25,Fundamental Incompleto,Bonsucesso,3º,CRAS Bonsucesso,CRAS Bonsucesso,PAIF,Coordenação
Masculino,57,Fundamental Incompleto,Frades,3º,CRAS Bonsucesso,CRAS Bonsucesso,PAIF,Coordenação
Feminino,40,Fundamental Incompleto,Vale Alpino,3º,CRAS Bonsucesso,CRAS Bonsucesso,Público Geral,Cadastro Único
Feminino,40,Fundamental Incompleto,Vale Alpino,3º,CRAS Bonsucesso,CRAS Bonsucesso,Público Geral,Cadastro Único
Feminino,57,Fundamental Incompleto,Vale Alpino,3º,CRAS Bonsucesso,CRAS Bonsucesso,Público Geral,Cadastro Único
Feminino,37,Fundamental Incompleto,Sebastiana,3º,CRAS Bonsucesso,CRAS Bonsucesso,PAIF,Coordenação
Feminino,37,Fundamental Incompleto,Sebastiana,3º,CRAS Bonsucesso,CRAS Bonsucesso,PAIF,Coordenação
Feminino,53,Fundamental Completo,Bonsucesso,3º,CRAS Bonsucesso,CRAS Bonsucesso,PAIF,Coordenação
Feminino,40,Fundamental Completo,Vargem Grande ,3º,CRAS Bonsucesso,CRAS Bonsucesso,Público Geral,Cadastro Único
Feminino,40,Fundamental Incompleto,Vale Alpino,3º,CRAS Bonsucesso,CRAS Bonsucesso,Público Geral,Cadastro Único
Feminino,40,Fundamental Incompleto,Vale Alpino,3º,CRAS Bonsucesso,CRAS Bonsucesso,Público Geral,Assistente Social
Feminino,29,Médio Completo,Santa Rosa,3º,CRAS Bonsucesso,CRAS Bonsucesso,Público Geral,Assistente Social
Feminino,29,Médio Completo,Santa Rosa,3º,CRAS Bonsucesso,CRAS Bonsucesso,Público Geral,Cadastro Único
Feminino,35,Médio Incompleto,Santa Rosa,3º,CRAS Bonsucesso,CRAS Bonsucesso,Público Geral,Cadastro Único
Feminino,32,Médio Completo,Bonsucesso,3º,CRAS Bonsucesso,CRAS Bonsucesso,Público Geral,Cadastro Único
Feminino,47,Fundamental Incompleto,Vieira,3º,CRAS Bonsucesso,CRAS Bonsucesso,Público Geral,Cadastro Único
Feminino,30,Fundamental Incompleto,Vieira,3º,CRAS Bonsucesso,CRAS Bonsucesso,Público Geral,Cadastro Único
Feminino,46,Médio Completo,Imbiu,3º,CRAS Bonsucesso,CRAS Bonsucesso,Público Geral,Assistente Social
Feminino,61,Fundamental Incompleto,Bonsucesso,3º,CRAS Bonsucesso,CRAS Bonsucesso,Público Geral,Cadastro Único
Feminino,24,Fundamental Incompleto,Vieira,3º,CRAS Bonsucesso,CRAS Bonsucesso,Público Geral,Cadastro Único
Feminino,37,Fundamental Incompleto,Vargem Grande ,3º,CRAS Bonsucesso,CRAS Bonsucesso,PAIF,Assistente Social
Feminino,37,Fundamental Incompleto,Vargem Grande ,3º,CRAS Bonsucesso,CRAS Bonsucesso,PAIF,Coordenação
Feminino,22,Médio Completo,Bonsucesso,3º,CRAS Bonsucesso,CRAS Bonsucesso,Público Geral,Cadastro Único
Feminino,19,Médio Incompleto,Vargem Grande ,3º,CRAS Bonsucesso,CRAS Bonsucesso,Público Geral,Assistente Social
Feminino,52,Fundamental Incompleto,Vargem Grande ,3º,CRAS Bonsucesso,CRAS Bonsucesso,Público Geral,Cadastro Único
Feminino,33,Médio Completo,Bonsucesso,3º,CRAS Bonsucesso,CRAS Bonsucesso,Público Geral,Cadastro Único
Masculino,77,Fundamental Incompleto,Vieira,3º,CRAS Bonsucesso,CRAS Bonsucesso,Público Geral,Cadastro Único
Feminino,31,Fundamental Incompleto,Vargem Grande ,3º,CRAS Bonsucesso,CRAS Bonsucesso,PAIF,Assistente Social
Feminino,31,Fundamental Incompleto,Vargem Grande ,3º,CRAS Bonsucesso,CRAS Bonsucesso,PAIF,Coordenação
Feminino,24,Médio Incompleto,Sebastiana,3º,CRAS Bonsucesso,CRAS Bonsucesso,Público Geral,Coordenação
Feminino,32,Médio Incompleto,Bonsucesso,3º,CRAS Bonsucesso,CRAS Bonsucesso,Público Geral,Cadastro Único
Masculino,62,Fundamental Incompleto,Campanha,3º,CRAS Bonsucesso,CRAS Bonsucesso,Público Geral,Assistente Social
Feminino,31,Fundamental Incompleto,Bonsucesso,3º,CRAS Bonsucesso,CRAS Bonsucesso,Público Geral,Cadastro Único
Feminino,42,Fundamental Incompleto,Vargem Grande ,3º,CRAS Bonsucesso,CRAS Bonsucesso,Público Geral,Cadastro Único
Feminino,43,Fundamental Incompleto,Venda Nova,3º,CRAS Bonsucesso,CRAS Bonsucesso,Público Geral,Cadastro Único
Feminino,54,Fundamental Completo,Vieira,3º,CRAS Bonsucesso,CRAS Bonsucesso,Público Geral,Cadastro Único
Feminino,59,Fundamental Incompleto,Mottas,3º,CRAS Bonsucesso,CRAS Bonsucesso,Público Geral,Cadastro Único
Feminino,18,Médio Completo,Vargem Grande ,3º,CRAS Bonsucesso,CRAS Bonsucesso,Público Geral,Cadastro Único
Feminino,18,Médio Completo,Vargem Grande ,3º,CRAS Bonsucesso,CRAS Bonsucesso,Público Geral,Coordenação
Masculino,47,Fundamental Incompleto,Bonsucesso,3º,CRAS Bonsucesso,CRAS Bonsucesso,Público Geral,Cadastro Único
Feminino,63,Fundamental Incompleto,Vargem Grande ,3º,CRAS Bonsucesso,CRAS Bonsucesso,Público Geral,Cadastro Único
Feminino,65,Fundamental Incompleto,Prates,3º,CRAS Bonsucesso,CRAS Bonsucesso,Público Geral,Cadastro Único
Feminino,47,Médio Completo,Bonsucesso,3º,CRAS Bonsucesso,CRAS Bonsucesso,Público Geral,Cadastro Único
Feminino,47,Médio Completo,Bonsucesso,3º,CRAS Bonsucesso,CRAS Bonsucesso,Público Geral,Coordenação
Feminino,40,Médio Completo,Bonsucesso,3º,CRAS Bonsucesso,CRAS Bonsucesso,Público Geral,Coordenação
Feminino,40,Médio Completo,Bonsucesso,3º,CRAS Bonsucesso,CRAS Bonsucesso,Público Geral,Cadastro Único
Feminino,27,Médio Completo,Vargem Grande ,3º,CRAS Bonsucesso,CRAS Bonsucesso,Público Geral,Cadastro Único
Feminino,27,Médio Completo,Vargem Grande ,3º,CRAS Bonsucesso,CRAS Bonsucesso,Público Geral,Coordenação
Feminino,54,Médio Completo,Vargem Grande ,3º,CRAS Bonsucesso,CRAS Bonsucesso,Público Geral,Coordenação
Feminino,54,Médio Completo,Vargem Grande ,3º,CRAS Bonsucesso,CRAS Bonsucesso,Público Geral,Cadastro Único
Masculino,19,Fundamental Incompleto,Vargem Grande ,3º,CRAS Bonsucesso,CRAS Bonsucesso,Público Geral,Cadastro Único
Feminino,37,Fundamental Incompleto,Vargem Grande ,3º,CRAS Bonsucesso,CRAS Bonsucesso,Público Geral,Cadastro Único
Feminino,54,Fundamental Incompleto,Imbiu,3º,CRAS Bonsucesso,CRAS Bonsucesso,Público Geral,Cadastro Único
Masculino,62,Fundamental Incompleto,Vargem Grande ,3º,CRAS Bonsucesso,CRAS Bonsucesso,Público Geral,Cadastro Único
Feminino,25,Médio Incompleto,Bonsucesso,3º,CRAS Bonsucesso,CRAS Bonsucesso,Público Geral,Cadastro Único
Feminino,46,Não Escolarizado,Bonsucesso,3º,CRAS Bonsucesso,CRAS Bonsucesso,Público Geral,Assistente Social
Feminino,42,Médio Completo,Vargem Grande ,3º,CRAS Bonsucesso,CRAS Bonsucesso,Público Geral,Cadastro Único
Feminino,42,Médio Completo,Vargem Grande ,3º,CRAS Bonsucesso,CRAS Bonsucesso,Público Geral,Coordenação
Feminino,23,Médio Incompleto,Vieira,3º,CRAS Bonsucesso,CRAS Bonsucesso,Público Geral,Cadastro Único
Feminino,29,Fundamental Completo,Mottas,3º,CRAS Bonsucesso,CRAS Bonsucesso,Público Geral,Cadastro Único
Feminino,29,Fundamental Completo,Mottas,3º,CRAS Bonsucesso,CRAS Bonsucesso,Público Geral,Coordenação
Feminino,47,Fundamental Incompleto,Vieira,3º,CRAS Bonsucesso,CRAS Bonsucesso,Público Geral,Assistente Social
Feminino,39,Fundamental Incompleto,Vieira,3º,CRAS Bonsucesso,CRAS Bonsucesso,Público Geral,Cadastro Único
Feminino,39,Fundamental Incompleto,Vieira,3º,CRAS Bonsucesso,CRAS Bonsucesso,Público Geral,Cadastro Único
Feminino,51,Fundamental Incompleto,Mottas,3º,CRAS Bonsucesso,CRAS Bonsucesso,Público Geral,Cadastro Único
Feminino,40,Médio Incompleto,Vale Alpino,3º,CRAS Bonsucesso,CRAS Bonsucesso,Público Geral,Cadastro Único
Feminino,40,Médio Incompleto,Vale Alpino,3º,CRAS Bonsucesso,CRAS Bonsucesso,Público Geral,Coordenação
Feminino,19,Médio Completo,Bonsucesso,3º,CRAS Bonsucesso,CRAS Bonsucesso,Público Geral,Cadastro Único
Feminino,19,Médio Completo,Bonsucesso,3º,CRAS Bonsucesso,CRAS Bonsucesso,Público Geral,Coordenação
Feminino,37,Fundamental Incompleto,Santa Rosa,3º,CRAS Bonsucesso,CRAS Bonsucesso,Público Geral,Cadastro Único
Feminino,62,Fundamental Incompleto,Santa Rosa,3º,CRAS Bonsucesso,CRAS Bonsucesso,Público Geral,Cadastro Único
Masculino,54,Não Escolarizado,Bonsucesso,3º,CRAS Bonsucesso,CRAS Bonsucesso,Público Geral,Cadastro Único
Masculino,66,Fundamental Incompleto,Vargem Grande ,3º,CRAS Bonsucesso,CRAS Bonsucesso,Público Geral,Cadastro Único
Feminino,49,Fundamental Incompleto,Mottas,3º,CRAS Bonsucesso,CRAS Bonsucesso,Público Geral,Cadastro Único
Masculino,65,Fundamental Incompleto,Vargem Grande ,3º,CRAS Bonsucesso,CRAS Bonsucesso,PAIF,Assistente Social
Masculino,73,Fundamental Incompleto,Santa Rosa,3º,CRAS Bonsucesso,CRAS Bonsucesso,Público Geral,Cadastro Único
Feminino,44,Fundamental Incompleto,Bonsucesso,3º,CRAS Bonsucesso,CRAS Bonsucesso,Público Geral,Cadastro Único
Feminino,44,Fundamental Incompleto,Bonsucesso,3º,CRAS Bonsucesso,CRAS Bonsucesso,Público Geral,Coordenação
Feminino,42,Fundamental Incompleto,Imbiu,3º,CRAS Bonsucesso,CRAS Bonsucesso,Público Geral,Cadastro Único
Feminino,45,Médio Incompleto,Vargem Grande ,3º,CRAS Bonsucesso,CRAS Bonsucesso,Público Geral,Cadastro Único
Feminino,50,Fundamental Incompleto,Vargem Grande ,3º,CRAS Bonsucesso,CRAS Bonsucesso,Público Geral,Cadastro Único
Feminino,40,Fundamental Incompleto,Imbiu,3º,CRAS Bonsucesso,CRAS Bonsucesso,Público Geral,Cadastro Único
Feminino,25,Médio Completo,Venda Nova,3º,CRAS Bonsucesso,CRAS Bonsucesso,Público Geral,Cadastro Único
Feminino,53,Fundamental Incompleto,Vale Alpino,3º,CRAS Bonsucesso,CRAS Bonsucesso,Público Geral,Cadastro Único
Feminino,46,Médio Completo,Vargem Grande ,3º,CRAS Bonsucesso,CRAS Bonsucesso,Público Geral,Cadastro Único
Feminino,46,Médio Completo,Vargem Grande ,3º,CRAS Bonsucesso,CRAS Bonsucesso,Público Geral,Coordenação
Feminino,55,Fundamental Incompleto,Bonsucesso,3º,CRAS Bonsucesso,CRAS Bonsucesso,Público Geral,Cadastro Único
Feminino,30,Médio Incompleto,Bonsucesso,3º,CRAS Bonsucesso,CRAS Bonsucesso,Público Geral,Cadastro Único
Feminino,52,Fundamental Incompleto,Vargem Grande ,3º,CRAS Bonsucesso,CRAS Bonsucesso,Público Geral,Cadastro Único
Feminino,52,Fundamental Incompleto,Vargem Grande ,3º,CRAS Bonsucesso,CRAS Bonsucesso,Público Geral,Coordenação
Feminino,53,Fundamental Incompleto,Mottas,3º,CRAS Bonsucesso,CRAS Bonsucesso,Público Geral,Assistente Social
Feminino,60,Fundamental Incompleto,Bonsucesso,3º,CRAS Bonsucesso,CRAS Bonsucesso,Público Geral,Assistente Social
Feminino,27,Médio Incompleto,Bonsucesso,3º,CRAS Bonsucesso,CRAS Bonsucesso,Público Geral,Assistente Social
Feminino,23,Superior Incompleto,Vieira,3º,CRAS Bonsucesso,CRAS Bonsucesso,Público Geral,Cadastro Único
Feminino,23,Superior Incompleto,Vieira,3º,CRAS Bonsucesso,CRAS Bonsucesso,Público Geral,Coordenação
Feminino,26,Médio Completo,Bonsucesso,3º,CRAS Bonsucesso,CRAS Bonsucesso,Público Geral,Cadastro Único
Feminino,28,Médio Completo,Vieira,3º,CRAS Bonsucesso,CRAS Bonsucesso,Público Geral,Cadastro Único
Feminino,28,Médio Completo,Vieira,3º,CRAS Bonsucesso,CRAS Bonsucesso,Público Geral,Coordenação
Masculino,35,Médio Completo,Vargem Grande ,3º,CRAS Bonsucesso,CRAS Bonsucesso,Público Geral,Coordenação
Masculino,35,Médio Completo,Vargem Grande ,3º,CRAS Bonsucesso,CRAS Bonsucesso,Público Geral,Cadastro Único
Masculino,70,Fundamental Incompleto,Campanha,3º,CRAS Bonsucesso,CRAS Bonsucesso,Público Geral,Assistente Social
Feminino,37,Médio Completo,Sebastiana,3º,CRAS Bonsucesso,CRAS Bonsucesso,Público Geral,Cadastro Único
Feminino,37,Médio Completo,Sebastiana,3º,CRAS Bonsucesso,CRAS Bonsucesso,Público Geral,Coordenação
Masculino,60,Fundamental Incompleto,Vargem Grande ,3º,CRAS Bonsucesso,CRAS Bonsucesso,Público Geral,Coordenação
Feminino,30,Fundamental Incompleto,Bonsucesso,3º,CRAS Bonsucesso,CRAS Bonsucesso,Público Geral,Assistente Social
Feminino,22,Superior Completo,Bonsucesso,3º,CRAS Bonsucesso,CRAS Bonsucesso,Público Geral,Cadastro Único
Feminino,64,Não Escolarizado,Mottas,3º,CRAS Bonsucesso,CRAS Bonsucesso,Público Geral,Psicóloga
Feminino,40,Fundamental Completo,Santa Rosa,3º,CRAS Bonsucesso,CRAS Bonsucesso,Público Geral,Coordenação
Feminino,31,Médio Completo,Vargem Grande ,3º,CRAS Bonsucesso,CRAS Bonsucesso,Público Geral,Cadastro Único
Feminino,50,Fundamental Incompleto,Santa Rosa,3º,CRAS Bonsucesso,CRAS Bonsucesso,Público Geral,Coordenação
Feminino,44,Fundamental Incompleto,Bonsucesso,3º,CRAS Bonsucesso,CRAS Bonsucesso,Público Geral,Assistente Social
Feminino,51,Médio Completo,Vargem Grande ,3º,CRAS Bonsucesso,CRAS Bonsucesso,Público Geral,Designer de Sombrancelha
Feminino,21,Médio Completo,Santa Rosa,3º,CRAS Bonsucesso,CRAS Bonsucesso,Público Geral,Designer de Sombrancelha
Feminino,42,Fundamental Incompleto,Vieira,3º,CRAS Bonsucesso,CRAS Bonsucesso,Público Geral,Designer de Sombrancelha
Feminino,39,Fundamental Incompleto,Vieira,3º,CRAS Bonsucesso,CRAS Bonsucesso,Público Geral,Cadastro Único
Feminino,41,Médio Completo,Vargem Grande ,3º,CRAS Bonsucesso,CRAS Bonsucesso,Público Geral,Cadastro Único
Feminino,66,Fundamental Incompleto,Imbiu,3º,CRAS Bonsucesso,CRAS Bonsucesso,Público Geral,Cadastro Único
Feminino,34,Médio Completo,Bonsucesso,3º,CRAS Bonsucesso,CRAS Bonsucesso,Público Geral,Cadastro Único
Feminino,33,Médio Completo,Bonsucesso,3º,CRAS Bonsucesso,CRAS Bonsucesso,Público Geral,Psicóloga
Feminino,26,Fundamental Incompleto,Bonsucesso,3º,CRAS Bonsucesso,CRAS Bonsucesso,Público Geral,Cadastro Único
Feminino,50,Fundamental Incompleto,Bonsucesso,3º,CRAS Bonsucesso,CRAS Bonsucesso,Público Geral,Cadastro Único
Masculino,21,Médio Completo,Bonsucesso,3º,CRAS Bonsucesso,CRAS Bonsucesso,Público Geral,Psicóloga
Feminino,58,Médio Completo,Vieira,3º,CRAS Bonsucesso,CRAS Bonsucesso,Público Geral,Cadastro Único
Feminino,40,Fundamental Completo,Campanha,3º,CRAS Bonsucesso,CRAS Bonsucesso,Público Geral,Cadastro Único
Feminino,38,Fundamental Incompleto,Santa Rosa,3º,CRAS Bonsucesso,CRAS Bonsucesso,Público Geral,Cadastro Único
Masculino,58,Fundamental Incompleto,Bonsucesso,3º,CRAS Bonsucesso,CRAS Bonsucesso,Público Geral,Cadastro Único
Masculino,58,Fundamental Incompleto,Bonsucesso,3º,CRAS Bonsucesso,CRAS Bonsucesso,Público Geral,Coordenação
Feminino,50,Fundamental Incompleto,Vargem Grande ,3º,CRAS Bonsucesso,CRAS Bonsucesso,Público Geral,Cadastro Único
Feminino,35,Médio Incompleto,Mottas,3º,CRAS Bonsucesso,CRAS Bonsucesso,Público Geral,Cadastro Único
Feminino,27,Médio Incompleto,Mottas,3º,CRAS Bonsucesso,CRAS Bonsucesso,Público Geral,Cadastro Único
Feminino,54,Fundamental Incompleto,Vieira,3º,CRAS Bonsucesso,CRAS Bonsucesso,Público Geral,Cadastro Único
Feminino,38,Médio Completo,Sebastiana,3º,CRAS Bonsucesso,CRAS Bonsucesso,Público Geral,Cadastro Único
Feminino,35,Médio Completo,Bonsucesso,3º,CRAS Bonsucesso,CRAS Bonsucesso,Público Geral,Cadastro Único
Masculino,66,Fundamental Incompleto,Vale Alpino,3º,CRAS Bonsucesso,CRAS Bonsucesso,Público Geral,Cadastro Único
Feminino,56,Não Escolarizado,Vieira,3º,CRAS Bonsucesso,CRAS Bonsucesso,Público Geral,Coordenação
Feminino,48,Fundamental Completo,Bonsucesso,3º,CRAS Bonsucesso,CRAS Bonsucesso,Público Geral,Cadastro Único
Feminino,22,Médio Incompleto,Vargem Grande ,3º,CRAS Bonsucesso,CRAS Bonsucesso,Público Geral,Cadastro Único
Feminino,22,Médio Incompleto,Vargem Grande ,3º,CRAS Bonsucesso,CRAS Bonsucesso,Público Geral,Assistente Social
Feminino,31,Médio Completo,Bonsucesso,3º,CRAS Bonsucesso,CRAS Bonsucesso,Público Geral,Cadastro Único
Feminino,34,Médio Incompleto,Vargem Grande ,3º,CRAS Bonsucesso,CRAS Bonsucesso,Público Geral,Cadastro Único
Feminino,60,Fundamental Incompleto,Campanha,3º,CRAS Bonsucesso,CRAS Bonsucesso,Público Geral,Cadastro Único
Feminino,60,Fundamental Incompleto,Campanha,3º,CRAS Bonsucesso,CRAS Bonsucesso,Público Geral,Coordenação
Feminino,18,Médio Completo,Bonsucesso,3º,CRAS Bonsucesso,CRAS Bonsucesso,PAIF,Coordenação
Feminino,47,Fundamental Incompleto,Vieira,3º,CRAS Bonsucesso,CRAS Bonsucesso,Público Geral,Coordenação
Feminino,43,Não Escolarizado,Bonsucesso,3º,CRAS Bonsucesso,CRAS Bonsucesso,Público Geral,Assistente Social
Feminino,25,Fundamental Incompleto,Imbiu,3º,CRAS Bonsucesso,CRAS Bonsucesso,Público Geral,Cadastro Único
Feminino,47,Fundamental Incompleto,Imbiu,3º,CRAS Bonsucesso,CRAS Bonsucesso,Público Geral,Cadastro Único
Feminino,31,Médio Incompleto,Vargem Grande ,3º,CRAS Bonsucesso,CRAS Bonsucesso,Público Geral,Cadastro Único
Feminino,44,Fundamental Incompleto,Vargem Grande ,3º,CRAS Bonsucesso,CRAS Bonsucesso,Público Geral,Cadastro Único
Feminino,46,Fundamental Incompleto,Vargem Grande ,3º,CRAS Bonsucesso,CRAS Bonsucesso,Público Geral,Cadastro Único
Feminino,29,Médio Incompleto,Bonsucesso,3º,CRAS Bonsucesso,CRAS Bonsucesso,Público Geral,Coordenação
Feminino,36,Médio Completo,Vieira,3º,CRAS Bonsucesso,CRAS Bonsucesso,Público Geral,Coordenação
Feminino,44,Médio Completo,Vieira,3º,CRAS Bonsucesso,CRAS Bonsucesso,Público Geral,Coordenação
Feminino,40,Fundamental Incompleto,Santa Rosa,3º,CRAS Bonsucesso,CRAS Bonsucesso,Público Geral,Cadastro Único
Feminino,32,Fundamental Incompleto,Santa Rosa,3º,CRAS Bonsucesso,CRAS Bonsucesso,Público Geral,Cadastro Único
Feminino,32,Fundamental Incompleto,Santa Rosa,3º,CRAS Bonsucesso,CRAS Bonsucesso,Público Geral,Cadastro Único
Feminino,30,Médio Completo,Bonsucesso,3º,CRAS Bonsucesso,CRAS Bonsucesso,Público Geral,Cadastro Único
Masculino,49,Fundamental Incompleto,Mottas,3º,CRAS Bonsucesso,CRAS Bonsucesso,Público Geral,Cadastro Único
Masculino,49,Fundamental Incompleto,Mottas,3º,CRAS Bonsucesso,CRAS Bonsucesso,Público Geral,Assistente Social
Feminino,31,Superior Completo,Vargem Grande ,3º,CRAS Bonsucesso,CRAS Bonsucesso,Público Geral,Cadastro Único
Feminino,56,Fundamental Incompleto,Vargem Grande ,3º,CRAS Bonsucesso,CRAS Bonsucesso,Público Geral,Cadastro Único
Feminino,52,Médio Completo,Imbiu,3º,CRAS Bonsucesso,CRAS Bonsucesso,Público Geral,Cadastro Único
Feminino,49,Fundamental Incompleto,Vargem Grande ,3º,CRAS Bonsucesso,CRAS Bonsucesso,Público Geral,Cadastro Único
Feminino,30,Médio Completo,Vieira,3º,CRAS Bonsucesso,CRAS Bonsucesso,Público Geral,Coordenação
Feminino,30,Médio Completo,Vieira,3º,CRAS Bonsucesso,CRAS Bonsucesso,Público Geral,Assistente Social
Feminino,40,Fundamental Incompleto,Venda Nova,3º,CRAS Bonsucesso,CRAS Bonsucesso,Público Geral,Cadastro Único
Feminino,64,Fundamental Incompleto,Santa Rosa,3º,CRAS Bonsucesso,CRAS Bonsucesso,Público Geral,Cadastro Único
Feminino,44,Fundamental Incompleto,Venda Nova,3º,CRAS Bonsucesso,CRAS Bonsucesso,Público Geral,Cadastro Único
Feminino,44,Fundamental Incompleto,Venda Nova,3º,CRAS Bonsucesso,CRAS Bonsucesso,Público Geral,Assistente Social
Feminino,32,Médio Incompleto,Santa Rosa,3º,CRAS Bonsucesso,CRAS Bonsucesso,Público Geral,Cadastro Único
Feminino,50,Fundamental Incompleto,Bonsucesso,3º,CRAS Bonsucesso,CRAS Bonsucesso,PAIF,Coordenação
Feminino,32,Fundamental Incompleto,Bonsucesso,3º,CRAS Bonsucesso,CRAS Bonsucesso,Público Geral,Cadastro Único
Feminino,40,Fundamental Incompleto,Vargem Grande ,3º,CRAS Bonsucesso,CRAS Bonsucesso,Público Geral,Assistente Social
Feminino,29,Fundamental Incompleto,Bonsucesso,3º,CRAS Bonsucesso,CRAS Bonsucesso,PAIF,Coordenação
Feminino,38,Fundamental Incompleto,Sebastiana,3º,CRAS Bonsucesso,CRAS Bonsucesso,Público Geral,Cadastro Único
Feminino,38,Fundamental Incompleto,Sebastiana,3º,CRAS Bonsucesso,CRAS Bonsucesso,Público Geral,Coordenação
Feminino,41,Fundamental Incompleto,Vargem Grande ,3º,CRAS Bonsucesso,CRAS Bonsucesso,Público Geral,Cadastro Único
Masculino,56,Fundamental Incompleto,Venda Nova,3º,CRAS Bonsucesso,CRAS Bonsucesso,Público Geral,Cadastro Único
Feminino,53,Médio Completo,Vargem Grande ,3º,CRAS Bonsucesso,CRAS Bonsucesso,Público Geral,Cadastro Único
Feminino,70,Não Escolarizado,Vargem Grande ,3º,CRAS Bonsucesso,CRAS Bonsucesso,Público Geral,Cadastro Único
Feminino,38,Fundamental Incompleto,Bonsucesso,3º,CRAS Bonsucesso,CRAS Bonsucesso,Público Geral,Cadastro Único
Feminino,48,Fundamental Completo,Vargem Grande ,3º,CRAS Bonsucesso,CRAS Bonsucesso,Público Geral,Coordenação
Feminino,34,Médio Completo,Vargem Grande ,3º,CRAS Bonsucesso,CRAS Bonsucesso,Público Geral,Coordenação
Feminino,41,Médio Incompleto,Mottas,3º,CRAS Bonsucesso,CRAS Bonsucesso,Público Geral,Cadastro Único
Feminino,54,Fundamental Incompleto,Vieira,3º,CRAS Bonsucesso,CRAS Bonsucesso,Público Geral,Cadastro Único
Feminino,29,Médio Completo,Imbiu,3º,CRAS Bonsucesso,CRAS Bonsucesso,Público Geral,Cadastro Único
Feminino,35,Médio Incompleto,Vale Alpino,3º,CRAS Bonsucesso,CRAS Bonsucesso,Público Geral,Cadastro Único
Feminino,55,Fundamental Incompleto,Vieira,3º,CRAS Bonsucesso,CRAS Bonsucesso,Público Geral,Cadastro Único
Feminino,34,Superior Completo,Sebastiana,3º,CRAS Bonsucesso,CRAS Bonsucesso,Público Geral,Cadastro Único
Feminino,20,Médio Incompleto,Campanha,3º,CRAS Bonsucesso,CRAS Bonsucesso,Público Geral,Cadastro Único
Feminino,28,Fundamental Incompleto,Santa Rosa,3º,CRAS Bonsucesso,CRAS Bonsucesso,Público Geral,Cadastro Único
Feminino,20,Fundamental Incompleto,Vieira,3º,CRAS Bonsucesso,CRAS Bonsucesso,Público Geral,Cadastro Único
Feminino,28,Fundamental Completo,Bonsucesso,3º,CRAS Bonsucesso,CRAS Bonsucesso,Público Geral,Cadastro Único
Feminino,47,Fundamental Incompleto,Vale Alpino,3º,CRAS Bonsucesso,CRAS Bonsucesso,Público Geral,Cadastro Único
Feminino,47,Fundamental Incompleto,Vale Alpino,3º,CRAS Bonsucesso,CRAS Bonsucesso,Público Geral,Assistente Social
Feminino,32,Médio Incompleto,Vale Alpino,3º,CRAS Bonsucesso,CRAS Bonsucesso,Público Geral,Cadastro Único
Feminino,27,Médio Incompleto,Vargem Grande ,3º,CRAS Bonsucesso,CRAS Bonsucesso,Público Geral,Cadastro Único
Feminino,43,Fundamental Incompleto,Santa Rosa,3º,CRAS Bonsucesso,CRAS Bonsucesso,Público Geral,Cadastro Único
Feminino,31,Médio Incompleto,Vale Alpino,3º,CRAS Bonsucesso,CRAS Bonsucesso,Público Geral,Cadastro Único
Feminino,51,Fundamental Incompleto,Imbiu,3º,CRAS Bonsucesso,CRAS Bonsucesso,Público Geral,Cadastro Único
Feminino,51,Fundamental Incompleto,Imbiu,3º,CRAS Bonsucesso,CRAS Bonsucesso,Público Geral,Assistente Social
Feminino,34,Fundamental Incompleto,Bonsucesso,3º,CRAS Bonsucesso,CRAS Bonsucesso,Público Geral,Cadastro Único
Feminino,33,Médio Incompleto,Santa Rosa,3º,CRAS Bonsucesso,CRAS Bonsucesso,Público Geral,Cadastro Único
Feminino,42,Fundamental Incompleto,Vale Alpino,3º,CRAS Bonsucesso,CRAS Bonsucesso,Público Geral,Cadastro Único
Feminino,52,Fundamental Incompleto,Vieira,3º,CRAS Bonsucesso,CRAS Bonsucesso,Público Geral,Cadastro Único
Feminino,18,Médio Completo,Bonsucesso,3º,CRAS Bonsucesso,CRAS Bonsucesso,Público Geral,Assistente Social
Feminino,18,Médio Completo,Bonsucesso,3º,CRAS Bonsucesso,CRAS Bonsucesso,Público Geral,Assistente Social
Feminino,53,Fundamental Incompleto,Imbiu,3º,CRAS Bonsucesso,CRAS Bonsucesso,Público Geral,Coordenação
Masculino,35,Fundamental Incompleto,Bonsucesso,3º,CRAS Bonsucesso,CRAS Bonsucesso,Público Geral,Assistente Social
Feminino,60,Fundamental Incompleto,Vargem Grande ,3º,CRAS Bonsucesso,CRAS Bonsucesso,Público Geral,Assistente Social
Feminino,37,Médio Completo,Vargem Grande ,3º,CRAS Bonsucesso,CRAS Bonsucesso,Público Geral,Coordenação
Feminino,40,Médio Completo,Vieira,3º,CRAS Bonsucesso,CRAS Bonsucesso,Público Geral,Cadastro Único
Feminino,27,Fundamental Incompleto,Bonsucesso,3º,CRAS Bonsucesso,CRAS Bonsucesso,Público Geral,Cadastro Único
Feminino,37,Médio Incompleto,Vargem Grande ,3º,CRAS Bonsucesso,CRAS Bonsucesso,Público Geral,Cadastro Único
Masculino,28,Médio Completo,Bonsucesso,3º,CRAS Bonsucesso,CRAS Bonsucesso,Público Geral,Cadastro Único
Masculino,28,Médio Completo,Bonsucesso,3º,CRAS Bonsucesso,CRAS Bonsucesso,Público Geral,Coordenação
Feminino,43,Médio Incompleto,Venda Nova,3º,CRAS Bonsucesso,CRAS Bonsucesso,Público Geral,Assistente Social
Feminino,52,Médio Incompleto,Imbiu,3º,CRAS Bonsucesso,CRAS Bonsucesso,Público Geral,Cadastro Único
Feminino,48,Fundamental Incompleto,Santa Rosa,3º,CRAS Bonsucesso,CRAS Bonsucesso,Público Geral,Cadastro Único
Masculino,56,Fundamental Incompleto,Venda Nova,3º,CRAS Bonsucesso,CRAS Bonsucesso,Público Geral,Cadastro Único
Feminino,21,Fundamental Completo,Bonsucesso,3º,CRAS Bonsucesso,CRAS Bonsucesso,Público Geral,Cadastro Único
Feminino,35,Fundamental Incompleto,Mottas,3º,CRAS Bonsucesso,CRAS Bonsucesso,Público Geral,Cadastro Único
Masculino,60,Fundamental Incompleto,Vargem Grande ,3º,CRAS Bonsucesso,CRAS Bonsucesso,Público Geral,Cadastro Único
Feminino,34,Fundamental Incompleto,Vargem Grande ,3º,CRAS Bonsucesso,CRAS Bonsucesso,Público Geral,Cadastro Único
Masculino,55,Fundamental Incompleto,Venda Nova,3º,CRAS Bonsucesso,CRAS Bonsucesso,Público Geral,Cadastro Único
Feminino,38,Médio Completo,Prates,3º,CRAS Bonsucesso,CRAS Bonsucesso,Público Geral,Coordenação
Masculino,45,Fundamental Incompleto,Bonsucesso,3º,CRAS Bonsucesso,CRAS Bonsucesso,Público Geral,Assistente Social
Feminino,52,Não Escolarizado,Vieira,3º,CRAS Bonsucesso,CRAS Bonsucesso,Público Geral,Cadastro Único
Masculino,30,Fundamental Incompleto,Vieira,3º,CRAS Bonsucesso,CRAS Bonsucesso,Público Geral,Cadastro Único
Feminino,32,Fundamental Incompleto,Vieira,3º,CRAS Bonsucesso,CRAS Bonsucesso,Público Geral,Cadastro Único
Feminino,32,Fundamental Incompleto,Vieira,3º,CRAS Bonsucesso,CRAS Bonsucesso,Público Geral,Psicóloga
Feminino,30,Fundamental Incompleto,Santa Rosa,3º,CRAS Bonsucesso,CRAS Bonsucesso,Público Geral,Coordenação
Feminino,42,Fundamental Incompleto,Mottas,3º,CRAS Bonsucesso,CRAS Bonsucesso,Público Geral,Cadastro Único
Feminino,24,Médio Completo,Mottas,3º,CRAS Bonsucesso,CRAS Bonsucesso,Público Geral,Cadastro Único
Feminino,58,Fundamental Incompleto,Vargem Grande ,3º,CRAS Bonsucesso,CRAS Bonsucesso,Público Geral,Cadastro Único
Feminino,37,Fundamental Incompleto,Mottas,3º,CRAS Bonsucesso,CRAS Bonsucesso,Público Geral,Cadastro Único
Feminino,37,Fundamental Incompleto,Mottas,3º,CRAS Bonsucesso,CRAS Bonsucesso,Público Geral,Assistente Social
Feminino,37,Fundamental Incompleto,Vargem Grande ,3º,CRAS Bonsucesso,CRAS Bonsucesso,Público Geral,Cadastro Único
Feminino,54,Fundamental Incompleto,Bonsucesso,3º,CRAS Bonsucesso,CRAS Bonsucesso,Público Geral,Cadastro Único
Feminino,40,Médio Completo,Vargem Grande ,3º,CRAS Bonsucesso,CRAS Bonsucesso,Público Geral,Coordenação
Feminino,52,Fundamental Incompleto,Vargem Grande ,3º,CRAS Bonsucesso,CRAS Bonsucesso,Público Geral,Cadastro Único
Feminino,31,Médio Completo,Sebastiana,3º,CRAS Bonsucesso,CRAS Bonsucesso,Público Geral,Cadastro Único
Feminino,30,Fundamental Completo,Vargem Grande ,3º,CRAS Bonsucesso,CRAS Bonsucesso,Público Geral,Cadastro Único
Feminino,42,Superior Incompleto,Bonsucesso,3º,CRAS Bonsucesso,CRAS Bonsucesso,Público Geral,Cadastro Único
Feminino,42,Superior Incompleto,Bonsucesso,3º,CRAS Bonsucesso,CRAS Bonsucesso,Público Geral,Assistente Social
Feminino,16,Médio Incompleto,Bonsucesso,3º,CRAS Bonsucesso,CRAS Bonsucesso,Público Geral,Psicóloga
Feminino,23,Médio Completo,Mottas,3º,CRAS Bonsucesso,CRAS Bonsucesso,Público Geral,Cadastro Único
Masculino,20,Médio Completo,Vieira,3º,CRAS Bonsucesso,CRAS Bonsucesso,Público Geral,Cadastro Único
Feminino,18,Médio Completo,Vieira,3º,CRAS Bonsucesso,CRAS Bonsucesso,Público Geral,Assistente Social
Feminino,70,Não Escolarizado,Vale Alpino,3º,CRAS Bonsucesso,CRAS Bonsucesso,Público Geral,Cadastro Único
Masculino,55,Fundamental Incompleto,Bonsucesso,3º,CRAS Bonsucesso,CRAS Bonsucesso,Público Geral,Assistente Social
Feminino,32,Fundamental Completo,Bonsucesso,3º,CRAS Bonsucesso,CRAS Bonsucesso,Público Geral,Cadastro Único
Feminino,40,Fundamental Completo,Bonsucesso,3º,CRAS Bonsucesso,CRAS Bonsucesso,Público Geral,Cadastro Único
Masculino,52,Não Escolarizado,Vargem Grande ,3º,CRAS Bonsucesso,CRAS Bonsucesso,Público Geral,Coordenação
Masculino,45,Fundamental Incompleto,Bonsucesso,3º,CRAS Bonsucesso,CRAS Bonsucesso,Público Geral,Coordenação
Feminino,42,Médio Incompleto,Vargem Grande ,3º,CRAS Bonsucesso,CRAS Bonsucesso,Público Geral,Cadastro Único
Feminino,51,Fundamental Incompleto,Bonsucesso,3º,CRAS Bonsucesso,CRAS Bonsucesso,Público Geral,Cadastro Único
Masculino,58,Fundamental Incompleto,Vargem Grande ,3º,CRAS Bonsucesso,CRAS Bonsucesso,Público Geral,Cadastro Único
Masculino,63,Fundamental Incompleto,Vargem Grande ,3º,CRAS Bonsucesso,CRAS Bonsucesso,Público Geral,Cadastro Único
Feminino,28,Fundamental Completo,Vargem Grande ,3º,CRAS Bonsucesso,CRAS Bonsucesso,Público Geral,Assistente Social
Feminino,32,Fundamental Incompleto,Mottas,3º,CRAS Bonsucesso,CRAS Bonsucesso,Público Geral,Cadastro Único
Feminino,50,Médio Completo,Vargem Grande ,3º,CRAS Bonsucesso,CRAS Bonsucesso,Público Geral,Cadastro Único
Feminino,30,Médio Completo,Santa Rosa,3º,CRAS Bonsucesso,CRAS Bonsucesso,Público Geral,Cadastro Único
Feminino,22,Fundamental Incompleto,Vieira,3º,CRAS Bonsucesso,CRAS Bonsucesso,Público Geral,Cadastro Único
Feminino,32,Fundamental Incompleto,Vieira,3º,CRAS Bonsucesso,CRAS Bonsucesso,Público Geral,Cadastro Único
Feminino,40,Médio Completo,Vargem Grande ,3º,CRAS Bonsucesso,CRAS Bonsucesso,Público Geral,Cadastro Único
Feminino,53,Fundamental Incompleto,Sebastiana,3º,CRAS Bonsucesso,CRAS Bonsucesso,Público Geral,Cadastro Único
Masculino,58,Fundamental Incompleto,Bonsucesso,3º,CRAS Bonsucesso,CRAS Bonsucesso,Público Geral,Cadastro Único
Feminino,43,Fundamental Completo,Bonsucesso,3º,CRAS Bonsucesso,CRAS Bonsucesso,Público Geral,Cadastro Único
Feminino,26,Médio Completo,Vargem Grande ,3º,CRAS Bonsucesso,CRAS Bonsucesso,Público Geral,Cadastro Único
Feminino,20,Médio Completo,Vieira,3º,CRAS Bonsucesso,CRAS Bonsucesso,Público Geral,Cadastro Único
Feminino,54,Fundamental Incompleto,Vieira,3º,CRAS Bonsucesso,CRAS Bonsucesso,Público Geral,Cadastro Único
Feminino,41,Médio Incompleto,Imbiu,3º,CRAS Bonsucesso,CRAS Bonsucesso,Público Geral,Cadastro Único
Feminino,65,Fundamental Incompleto,Vargem Grande ,3º,CRAS Bonsucesso,CRAS Bonsucesso,Público Geral,Cadastro Único
Feminino,39,Fundamental Incompleto,Santa Rosa,3º,CRAS Bonsucesso,CRAS Bonsucesso,Público Geral,Cadastro Único
Feminino,26,Fundamental Completo,Bonsucesso,3º,CRAS Bonsucesso,CRAS Bonsucesso,Público Geral,Coordenadora
Feminino,31,Superior Completo,Bonsucesso,3º,CRAS Bonsucesso,CRAS Bonsucesso,Público Geral,Coordenadora
Feminino,44,Médio Completo,Vargem Grande,3º,CRAS Bonsucesso,CRAS Bonsucesso,Público Geral,Coordenadora
Feminino,49,Médio Completo,Vargem Grande,3º,CRAS Bonsucesso,CRAS Bonsucesso,Público Geral,Cadastro Único
Masculino,65,Fundamental Incompleto,Vargem Grande,3º,CRAS Bonsucesso,CRAS Bonsucesso,PAIF,Cadastro Único
Masculino,65,Fundamental Incompleto,Vargem Grande,3º,CRAS Bonsucesso,CRAS Bonsucesso,PAIF,Coordenadora
Masculino,56,Fundamental Incompleto,Bonsucesso,3º,CRAS Bonsucesso,CRAS Bonsucesso,Público Geral,Cadastro Único
Feminino,26,Médio Completo,Vargem Grande,3º,CRAS Bonsucesso,CRAS Bonsucesso,Público Geral,Cadastro Único
Feminino,26,Médio Completo,Vargem Grande,3º,CRAS Bonsucesso,CRAS Bonsucesso,Público Geral,Coordenadora
Feminino,29,Médio Completo,Bonsucesso,3º,CRAS Bonsucesso,CRAS Bonsucesso,Público Geral,Assistente Social
Feminino,25,Fundamental Completo,Bonsucesso,3º,CRAS Bonsucesso,CRAS Bonsucesso,Público Geral,Assistente Social
Feminino,52,Fundamental Incompleto,Imbiu,3º,CRAS Bonsucesso,CRAS Bonsucesso,Público Geral,Cadastro Único
Masculino,75,Fundamental Incompleto,Imbiu,3º,CRAS Bonsucesso,CRAS Bonsucesso,Público Geral,Cadastro Único
Feminino,34,Médio Incompleto,Vargem Grande,3º,CRAS Bonsucesso,CRAS Bonsucesso,Público Geral,Cadastro Único
Feminino,33,Médio Incompleto,Vargem Grande,3º,CRAS Bonsucesso,CRAS Bonsucesso,Público Geral,Cadastro Único
Feminino,35,Médio Completo,Sebastiana,3º,CRAS Bonsucesso,CRAS Bonsucesso,Público Geral,Cadastro Único
Feminino,53,Fundamental Incompleto,Sebastiana,3º,CRAS Bonsucesso,CRAS Bonsucesso,Público Geral,Cadastro Único
Feminino,29,Médio Completo,Imbiu,3º,CRAS Bonsucesso,CRAS Bonsucesso,Público Geral,Cadastro Único
Feminino,27,Médio Completo,Vargem Grande,3º,CRAS Bonsucesso,CRAS Bonsucesso,Público Geral,Cadastro Único
Feminino,28,Superior Completo,Imbiu,3º,CRAS Bonsucesso,CRAS Bonsucesso,Público Geral,Coordenadora
Feminino,33,Fundamental Completo,Venda Nova,3º,CRAS Bonsucesso,CRAS Bonsucesso,Público Geral,Coordenadora
Feminino,55,Fundamental Incompleto,Bonsucesso,3º,CRAS Bonsucesso,CRAS Bonsucesso,Público Geral,Assistente Social
Feminino,35,Fundamental Incompleto,Sebastiana,3º,CRAS Bonsucesso,CRAS Bonsucesso,Público Geral,Coordenadora
Masculino,42,Fundamental Completo,Sebastiana,3º,CRAS Bonsucesso,CRAS Bonsucesso,Público Geral,Cadastro Único
Feminino,45,Fundamental Incompleto,Venda Nova,3º,CRAS Bonsucesso,CRAS Bonsucesso,Público Geral,Coordenadora
Feminino,31,Fundamental Completo,Santa Rosa,3º,CRAS Bonsucesso,CRAS Bonsucesso,Público Geral,Coordenadora
Feminino,35,Médio Incompleto,Santa Rosa,3º,CRAS Bonsucesso,CRAS Bonsucesso,Público Geral,Coordenadora
Feminino,37,Médio Completo,Imbiu,3º,CRAS Bonsucesso,CRAS Bonsucesso,Público Geral,Coordenadora
Feminino,35,Médio Completo,Sebastiana,3º,CRAS Bonsucesso,CRAS Bonsucesso,Público Geral,Cadastro Único
Feminino,25,Superior Completo,Vargem Grande,3º,CRAS Bonsucesso,CRAS Bonsucesso,Público Geral,Cadastro Único
Feminino,58,Fundamental Completo,Santa Rosa,3º,CRAS Bonsucesso,CRAS Bonsucesso,Público Geral,Cadastro Único
Feminino,23,Fundamental Incompleto,Vieira,3º,CRAS Bonsucesso,CRAS Bonsucesso,Público Geral,Cadastro Único
Feminino,29,Médio Completo,Bonsucesso,3º,CRAS Bonsucesso,CRAS Bonsucesso,Público Geral,Cadastro Único
Feminino,41,Médio Incompleto,Bonsucesso,3º,CRAS Bonsucesso,CRAS Bonsucesso,Público Geral,Coordenadora
Feminino,33,Superior Incompleto,Bonsucesso,3º,CRAS Bonsucesso,CRAS Bonsucesso,Público Geral,Coordenadora
Masculino,51,Fundamental Incompleto,Vargem Grande,3º,CRAS Bonsucesso,CRAS Bonsucesso,Público Geral,Coordenadora
Feminino,26,Médio Incompleto,Vieira,3º,CRAS Bonsucesso,CRAS Bonsucesso,Público Geral,Coordenadora
Feminino,26,Médio Incompleto,Vieira,3º,CRAS Bonsucesso,CRAS Bonsucesso,Público Geral,Cadastro Único
Feminino,40,Fundamental Completo,Vieira,3º,CRAS Bonsucesso,CRAS Bonsucesso,Público Geral,Cadastro Único
Feminino,40,Fundamental Completo,Vieira,3º,CRAS Bonsucesso,CRAS Bonsucesso,Público Geral,Coordenadora
Masculino,19,Médio Completo,Vieira,3º,CRAS Bonsucesso,CRAS Bonsucesso,Público Geral,Coordenadora
Masculino,19,Médio Completo,Vieira,3º,CRAS Bonsucesso,CRAS Bonsucesso,Público Geral,Cadastro Único
Masculino,47,Fundamental Incompleto,Bonsucesso,3º,CRAS Bonsucesso,CRAS Bonsucesso,PAIF,Assistente Social
Feminino,26,Médio Incompleto,Mottas,3º,CRAS Bonsucesso,CRAS Bonsucesso,Público Geral,Cadastro Único
Feminino,55,Médio Completo,Bonsucesso,3º,CRAS Bonsucesso,CRAS Bonsucesso,Público Geral,Cadastro Único
Feminino,56,Médio Completo,Vargem Grande,3º,CRAS Bonsucesso,CRAS Bonsucesso,Público Geral,Cadastro Único
Feminino,16,Estudante,Bonsucesso,3º,CRAS Bonsucesso,CRAS Bonsucesso,Público Geral,Psicóloga
Masculino,57,Fundamental Incompleto,Venda Nova,3º,CRAS Bonsucesso,CRAS Bonsucesso,Público Geral,Cadastro Único
Feminino,50,Fundamental Incompleto,Frades,3º,CRAS Bonsucesso,CRAS Bonsucesso,Público Geral,Assistente Social
Feminino,32,Fundamental Completo,Vargem Grande,3º,CRAS Bonsucesso,CRAS Bonsucesso,Público Geral,Cadastro Único
Feminino,49,Médio Completo,Venda Nova,3º,CRAS Bonsucesso,CRAS Bonsucesso,Público Geral,Cadastro Único
Feminino,57,Médio Completo,Bonsucesso,3º,CRAS Bonsucesso,CRAS Bonsucesso,Público Geral,Cadastro Único
Masculino,59,Fundamental Incompleto,Sebastiana,3º,CRAS Bonsucesso,CRAS Bonsucesso,PAIF,Cadastro Único
Feminino,32,Médio Incompleto,Mottas,3º,CRAS Bonsucesso,CRAS Bonsucesso,Público Geral,Cadastro Único
Feminino,23,Fundamental Incompleto,Campanha,3º,CRAS Bonsucesso,CRAS Bonsucesso,Público Geral,Cadastro Único
Feminino,57,Fundamental Incompleto,Vargem Grande,3º,CRAS Bonsucesso,CRAS Bonsucesso,Público Geral,Cadastro Único
Feminino,39,Médio Incompleto,Bonsucesso,3º,CRAS Bonsucesso,CRAS Bonsucesso,Público Geral,Psicóloga
Feminino,31,Médio Completo,Bonsucesso,3º,CRAS Bonsucesso,CRAS Bonsucesso,Público Geral,Cadastro Único
Feminino,49,Fundamental Incompleto,Bonsucesso,3º,CRAS Bonsucesso,CRAS Bonsucesso,Público Geral,Cadastro Único
Feminino,31,Fundamental Incompleto,Imbiu,3º,CRAS Bonsucesso,CRAS Bonsucesso,Público Geral,Cadastro Único
Feminino,18,Médio Completo,Mottas,3º,CRAS Bonsucesso,CRAS Bonsucesso,Público Geral,Cadastro Único
Feminino,35,Médio Completo,Bonsucesso,3º,CRAS Bonsucesso,CRAS Bonsucesso,Público Geral,Cadastro Único
Feminino,34,Fundamental Completo,Vargem Grande,3º,CRAS Bonsucesso,CRAS Bonsucesso,Público Geral,Cadastro Único
Feminino,38,Fundamental Completo,Vargem Grande,3º,CRAS Bonsucesso,CRAS Bonsucesso,Público Geral,Cadastro Único
Masculino,59,Fundamental Incompleto,Bonsucesso,3º,CRAS Bonsucesso,CRAS Bonsucesso,Público Geral,Cadastro Único
Feminino,45,Não Escolarizado,Imbiu,3º,CRAS Bonsucesso,CRAS Bonsucesso,Público Geral,Cadastro Único
Masculino,46,Fundamental Incompleto,Bonsucesso,3º,CRAS Bonsucesso,CRAS Bonsucesso,Público Geral,Cadastro Único
Feminino,25,Médio Completo,Vieira,3º,CRAS Bonsucesso,CRAS Bonsucesso,Público Geral,Cadastro Único
Masculino,42,Fundamental Incompleto,Imbiu,3º,CRAS Bonsucesso,CRAS Bonsucesso,Público Geral,Cadastro Único
Feminino,37,Fundamental Completo,Bonsucesso,3º,CRAS Bonsucesso,CRAS Bonsucesso,Público Geral,Cadastro Único
Masculino,36,Médio Completo,Vargem Grande,3º,CRAS Bonsucesso,CRAS Bonsucesso,Público Geral,Cadastro Único
Feminino,18,Médio Completo,Santa Rosa,3º,CRAS Bonsucesso,CRAS Bonsucesso,Público Geral,Psicóloga
Masculino,44,Fundamental Incompleto,Bonsucesso,3º,CRAS Bonsucesso,CRAS Bonsucesso,Público Geral,Cadastro Único
Feminino,39,Fundamental Incompleto,Campanha,3º,CRAS Bonsucesso,CRAS Bonsucesso,Público Geral,Cadastro Único
Feminino,32,Médio Incompleto,Mottas,3º,CRAS Bonsucesso,CRAS Bonsucesso,Público Geral,Cadastro Único
Feminino,26,Médio Incompleto,Mottas,3º,CRAS Bonsucesso,CRAS Bonsucesso,Público Geral,Cadastro Único
Feminino,57,Fundamental Incompleto,Bonsucesso,3º,CRAS Bonsucesso,CRAS Bonsucesso,Público Geral,Cadastro Único
Feminino,33,Médio Completo,Bonsucesso,3º,CRAS Bonsucesso,CRAS Bonsucesso,Público Geral,Cadastro Único
Feminino,27,Médio Completo,Imbiu,3º,CRAS Bonsucesso,CRAS Bonsucesso,Público Geral,Coordenadora
Feminino,37,Médio Incompleto,Bonsucesso,3º,CRAS Bonsucesso,CRAS Bonsucesso,Público Geral,Coordenadora
Feminino,32,Médio Completo,Vargem Grande,3º,CRAS Bonsucesso,CRAS Bonsucesso,Público Geral,Coordenadora
Masculino,75,Fundamental Incompleto,Imbiu,3º,CRAS Bonsucesso,CRAS Bonsucesso,Público Geral,Cadastro Único
Masculino,28,Fundamental Completo,Vieira,3º,CRAS Bonsucesso,CRAS Bonsucesso,Público Geral,Cadastro Único
Masculino,60,Superior Incompleto,Venda Nova,3º,CRAS Bonsucesso,CRAS Bonsucesso,Público Geral,Cadastro Único
Feminino,57,Médio Completo,Bonsucesso,3º,CRAS Bonsucesso,CRAS Bonsucesso,Público Geral,Cadastro Único
Feminino,32,Médio Incompleto,santa Rosa,3º,CRAS Bonsucesso,CRAS Bonsucesso,Público Geral,Cadastro Único
Feminino,32,Médio Incompleto,santa Rosa,3º,CRAS Bonsucesso,CRAS Bonsucesso,Público Geral,Assistente Social
Feminino,30,Médio Incompleto,Vieira,3º,CRAS Bonsucesso,CRAS Bonsucesso,Público Geral,Cadastro Único
Feminino,30,Médio Incompleto,Vieira,3º,CRAS Bonsucesso,CRAS Bonsucesso,Público Geral,Coordenadora
Feminino,29,Médio Incompleto,Vieira,3º,CRAS Bonsucesso,CRAS Bonsucesso,Público Geral,Cadastro Único
Feminino,42,Fundamental Incompleto,Sebastiana,3º,CRAS Bonsucesso,CRAS Bonsucesso,Público Geral,Coordenadora
Masculino,53,Fundamental Incompleto,Imbiu,3º,CRAS Bonsucesso,CRAS Bonsucesso,Público Geral,Cadastro Único
Feminino,32,Fundamental Incompleto,Bonsucesso,3º,CRAS Bonsucesso,CRAS Bonsucesso,Público Geral,Cadastro Único
Feminino,32,Fundamental Incompleto,Bonsucesso,3º,CRAS Bonsucesso,CRAS Bonsucesso,Público Geral,Assistente Social
Feminino,16,Médio Incompleto,Bonsucesso,3º,CRAS Bonsucesso,CRAS Bonsucesso,Público Geral,Cadastro Único
Feminino,16,Médio Incompleto,Bonsucesso,3º,CRAS Bonsucesso,CRAS Bonsucesso,Público Geral,Cadastro Único
Feminino,24,Superior Completo,Vieira,3º,CRAS Bonsucesso,CRAS Bonsucesso,Público Geral,Cadastro Único
Feminino,47,Médio Incompleto,Vieira,3º,CRAS Bonsucesso,CRAS Bonsucesso,Público Geral,Cadastro Único
Feminino,35,Fundamental Completo,Vieira,3º,CRAS Bonsucesso,CRAS Bonsucesso,Público Geral,Coordenadora
Feminino,47,Fundamental Incompleto,Vieira,3º,CRAS Bonsucesso,CRAS Bonsucesso,Público Geral,Coordenadora
Feminino,20,Médio Completo,Vargem Grande,3º,CRAS Bonsucesso,CRAS Bonsucesso,Público Geral,Cadastro Único
Feminino,20,Médio Completo,Vargem Grande,3º,CRAS Bonsucesso,CRAS Bonsucesso,Público Geral,Assistente Social
Masculino,74,Fundamental Incompleto,Imbiu,3º,CRAS Bonsucesso,CRAS Bonsucesso,Público Geral,Cadastro Único
Feminino,19,Médio Completo,Vieira,3º,CRAS Bonsucesso,CRAS Bonsucesso,Público Geral,Cadastro Único
Feminino,19,Médio Completo,Vieira,3º,CRAS Bonsucesso,CRAS Bonsucesso,Público Geral,Assistente Social
Feminino,51,Fundamental Incompleto,Vieira,3º,CRAS Bonsucesso,CRAS Bonsucesso,Público Geral,Cadastro Único
Feminino,25,Médio Incompleto,Vale Alpino,3º,CRAS Bonsucesso,CRAS Bonsucesso,Público Geral,Coordenadora
Feminino,39,Fundamental Incompleto,Bonsucesso,3º,CRAS Bonsucesso,CRAS Bonsucesso,Público Geral,Cadastro Único
Feminino,20,Fundamental Incompleto,Mottas,3º,CRAS Bonsucesso,CRAS Bonsucesso,Público Geral,Cadastro Único
Feminino,42,Fundamental Incompleto,Mottas,3º,CRAS Bonsucesso,CRAS Bonsucesso,Público Geral,Cadastro Único
Feminino,19,Médio Completo,Bonsucesso,3º,CRAS Bonsucesso,CRAS Bonsucesso,Público Geral,Cadastro Único
Feminino,19,Médio Completo,Bonsucesso,3º,CRAS Bonsucesso,CRAS Bonsucesso,Público Geral,Assistente Social
Feminino,44,Médio Incompleto,Imbiu,3º,CRAS Bonsucesso,CRAS Bonsucesso,Público Geral,Cadastro Único
Masculino,33,Fundamental Incompleto,Bonsucesso,3º,CRAS Bonsucesso,CRAS Bonsucesso,Público Geral,Assistente Social
Feminino,43,Fundamental Incompleto,Vargem Grande,3º,CRAS Bonsucesso,CRAS Bonsucesso,Público Geral,Cadastro Único
Feminino,49,Fundamental Incompleto,Mottas,3º,CRAS Bonsucesso,CRAS Bonsucesso,Público Geral,Cadastro Único
Feminino,19,Médio Completo,Mottas,3º,CRAS Bonsucesso,CRAS Bonsucesso,Público Geral,Cadastro Único
Feminino,22,Médio Completo,Campanha,3º,CRAS Bonsucesso,CRAS Bonsucesso,Público Geral,Cadastro Único
Masculino,29,Não Escolarizado,Mottas,3º,CRAS Bonsucesso,CRAS Bonsucesso,Público Geral,Cadastro Único
Feminino,40,Fundamental Incompleto,Mottas,3º,CRAS Bonsucesso,CRAS Bonsucesso,Público Geral,Assistente Social
Feminino,50,Fundamental Incompleto,Frades,3º,CRAS Bonsucesso,CRAS Bonsucesso,PAIF,Coordenadora
Feminino,35,Médio Completo,Vargem Grande,3º,CRAS Bonsucesso,CRAS Bonsucesso,Público Geral,Cadastro Único
Feminino,39,Fundamental Incompleto,Mottas,3º,CRAS Bonsucesso,CRAS Bonsucesso,Público Geral,Cadastro Único
Feminino,36,Médio Completo,Bonsucesso,3º,CRAS Bonsucesso,CRAS Bonsucesso,Público Geral,Cadastro Único
Feminino,40,Médio Completo,Imbiu,3º,CRAS Bonsucesso,CRAS Bonsucesso,Público Geral,Assistente Social
Feminino,39,Médio Completo,Sebastiana,3º,CRAS Bonsucesso,CRAS Bonsucesso,Público Geral,Assistente Social
Feminino,33,Fundamental Incompleto,Vale Alpino,3º,CRAS Bonsucesso,CRAS Bonsucesso,Público Geral,Coordenadora
Feminino,48,Fundamental Incompleto,Imbiu,3º,CRAS Bonsucesso,CRAS Bonsucesso,Público Geral,Assistente Social
Feminino,35,Médio Completo,Vieira,3º,CRAS Bonsucesso,CRAS Bonsucesso,Público Geral,Assistente Social
Feminino,24,Médio Completo,Bonsucesso,3º,CRAS Bonsucesso,CRAS Bonsucesso,Público Geral,Coordenadora
Feminino,37,Superior Incompleto,Bonsucesso,3º,CRAS Bonsucesso,CRAS Bonsucesso,Público Geral,Assistente Social
Feminino,41,Fundamental Incompleto,Vargem Grande,3º,CRAS Bonsucesso,CRAS Bonsucesso,Público Geral,Assistente Social
Feminino,30,Fundamental Incompleto,Vargem Grande,3º,CRAS Bonsucesso,CRAS Bonsucesso,Público Geral,Cadastro Único
Feminino,30,Fundamental Incompleto,Vargem Grande,3º,CRAS Bonsucesso,CRAS Bonsucesso,Público Geral,Assistente Social
Feminino,58,Fundamental Incompleto,Vargem Grande,3º,CRAS Bonsucesso,CRAS Bonsucesso,Público Geral,Cadastro Único
Feminino,29,Médio Completo,Vargem Grande,3º,CRAS Bonsucesso,CRAS Bonsucesso,Público Geral,Coordenadora
Feminino,46,Médio Completo,Bonsucesso,3º,CRAS Bonsucesso,CRAS Bonsucesso,Público Geral,Coordenadora
Feminino,35,Fundamental Incompleto,Vale Alpino,3º,CRAS Bonsucesso,CRAS Bonsucesso,Público Geral,Coordenadora
Feminino,37,Médio Completo,Imbiu,3º,CRAS Bonsucesso,CRAS Bonsucesso,Público Geral,Assistente Social
Feminino,37,Médio Completo,Imbiu,3º,CRAS Bonsucesso,CRAS Bonsucesso,Público Geral,Cadastro Único
Feminino,53,Médio Completo,Venda Nova,3º,CRAS Bonsucesso,CRAS Bonsucesso,Público Geral,Cadastro Único
Feminino,53,Médio Completo,Venda Nova,3º,CRAS Bonsucesso,CRAS Bonsucesso,Público Geral,Assistente Social
Feminino,47,Fundamental Incompleto,Bonsucesso,3º,CRAS Bonsucesso,CRAS Bonsucesso,Público Geral,Assistente Social
Feminino,47,Fundamental Incompleto,Bonsucesso,3º,CRAS Bonsucesso,CRAS Bonsucesso,Público Geral,Cadastro Único
Feminino,29,Fundamental Completo,Vargem Grande,3º,CRAS Bonsucesso,CRAS Bonsucesso,Público Geral,Cadastro Único
Feminino,29,Fundamental Incompleto,Vargem Grande,3º,CRAS Bonsucesso,CRAS Bonsucesso,Público Geral,Coordenadora
Feminino,70,Fundamental Incompleto,Bonsucesso,3º,CRAS Bonsucesso,CRAS Bonsucesso,Público Geral,Cadastro Único
Masculino,55,Fundamental Incompleto,Imbiu,3º,CRAS Bonsucesso,CRAS Bonsucesso,Público Geral,Cadastro Único
Feminino,52,Fundamental Incompleto,Vieira,3º,CRAS Bonsucesso,CRAS Bonsucesso,Público Geral,Cadastro Único
Feminino,71,Fundamental Incompleto,Bonsucesso,3º,CRAS Bonsucesso,CRAS Bonsucesso,Público Geral,Cadastro Único
Feminino,51,Médio Completo,Vargem Grande,3º,CRAS Bonsucesso,CRAS Bonsucesso,Público Geral,Cadastro Único
Feminino,51,Fundamental Incompleto,Vargem Grande,3º,CRAS Bonsucesso,CRAS Bonsucesso,Público Geral,Assistente Social
Feminino,53,Fundamental Incompleto,Vale Alpino,3º,CRAS Bonsucesso,CRAS Bonsucesso,Público Geral,Cadastro Único
Feminino,49,Fundamental Incompleto,Imbiu,3º,CRAS Bonsucesso,CRAS Bonsucesso,Público Geral,Cadastro Único
Feminino,40,Superior Incompleto,Bonsucesso,3º,CRAS Bonsucesso,CRAS Bonsucesso,Público Geral,Cadastro Único
Feminino,58,Fundamental Incompleto,Imbiu,3º,CRAS Bonsucesso,CRAS Bonsucesso,Público Geral,Cadastro Único
Masculino,66,Fundamental Incompleto,Vargem Grande,3º,CRAS Bonsucesso,CRAS Bonsucesso,Público Geral,Assistente Social
Feminino,22,Médio Completo,Campanha,3º,CRAS Bonsucesso,CRAS Bonsucesso,Público Geral,Cadastro Único
Masculino,68,Fundamental Incompleto,Vargem Grande,3º,CRAS Bonsucesso,CRAS Bonsucesso,Público Geral,Cadastro Único
Masculino,64,Fundamental Incompleto,Vargem Grande,3º,CRAS Bonsucesso,CRAS Bonsucesso,Público Geral,Cadastro Único
Feminino,42,Superior Completo,Bonsucesso,3º,CRAS Bonsucesso,CRAS Bonsucesso,Público Geral,Assistente Social
Feminino,41,Médio Completo,Bonsucesso,3º,CRAS Bonsucesso,CRAS Bonsucesso,Público Geral,Assistente Social
Feminino,52,Fundamental Incompleto,Vargem Grande,3º,CRAS Bonsucesso,CRAS Bonsucesso,Público Geral,Cadastro Único
Feminino,43,Médio Completo,Bonsucesso,3º,CRAS Bonsucesso,CRAS Bonsucesso,Público Geral,Coordenadora
Masculino,26,Fundamental Incompleto,Vieira,3º,CRAS Bonsucesso,CRAS Bonsucesso,Público Geral,Cadastro Único
Feminino,28,Fundamental Completo,santa Rosa,3º,CRAS Bonsucesso,CRAS Bonsucesso,Público Geral,Cadastro Único
Masculino,77,Não Escolarizado,Mottas,3º,CRAS Bonsucesso,CRAS Bonsucesso,Público Geral,Cadastro Único
Feminino,39,Fundamental Completo,Vieira,3º,CRAS Bonsucesso,CRAS Bonsucesso,Público Geral,Coordenadora
Feminino,20,Médio Completo,Bonsucesso,3º,CRAS Bonsucesso,CRAS Bonsucesso,Público Geral,Cadastro Único
Feminino,25,Médio Completo,Bonsucesso,3º,CRAS Bonsucesso,CRAS Bonsucesso,Público Geral,Cadastro Único
Feminino,49,Fundamental Completo,Bonsucesso,3º,CRAS Bonsucesso,CRAS Bonsucesso,Público Geral,Cadastro Único
Feminino,60,Fundamental Incompleto,Bonsucesso,3º,CRAS Bonsucesso,CRAS Bonsucesso,Público Geral,Cadastro Único
Feminino,26,Fundamental Completo,Santa Rosa,3º,CRAS Bonsucesso,CRAS Bonsucesso,Público Geral,Cadastro Único
Feminino,58,Fundamental Incompleto,Vale Alpino,3º,CRAS Bonsucesso,CRAS Bonsucesso,Público Geral,Cadastro Único
Masculino,35,Médio Incompleto,Sebastiana,3º,CRAS Bonsucesso,CRAS Bonsucesso,Público Geral,Cadastro Único
Feminino,33,Fundamental Completo,Sebastiana,3º,CRAS Bonsucesso,CRAS Bonsucesso,Público Geral,Cadastro Único
Feminino,43,Médio Completo,Imbiu,3º,CRAS Bonsucesso,CRAS Bonsucesso,Público Geral,Cadastro Único
Feminino,25,Médio Completo,Santa Rosa,3º,CRAS Bonsucesso,CRAS Bonsucesso,Público Geral,Cadastro Único
Feminino,60,Fundamental Incompleto,Bonsucesso,3º,CRAS Bonsucesso,CRAS Bonsucesso,Público Geral,Cadastro Único
Feminino,24,Médio Completo,Bonsucesso,3º,CRAS Bonsucesso,CRAS Bonsucesso,Público Geral,Cadastro Único
Feminino,24,Médio Completo,Bonsucesso,3º,CRAS Bonsucesso,CRAS Bonsucesso,Público Geral,Assistente Social
Feminino,30,Médio Completo,Mottas,3º,CRAS Bonsucesso,CRAS Bonsucesso,Público Geral,Cadastro Único
Feminino,46,Médio Completo,Imbiu,3º,CRAS Bonsucesso,CRAS Bonsucesso,Público Geral,Cadastro Único
Feminino,45,Fundamental Incompleto,Vargem Grande,3º,CRAS Bonsucesso,CRAS Bonsucesso,Público Geral,Coordenadora
Feminino,45,Fundamental Incompleto,Vargem Grande,3º,CRAS Bonsucesso,CRAS Bonsucesso,Público Geral,Assistente Social
Feminino,48,Fundamental Incompleto,Vieira,3º,CRAS Bonsucesso,CRAS Bonsucesso,Público Geral,Coordenadora
Feminino,73,Fundamental Incompleto,Vale Alpino,3º,CRAS Bonsucesso,CRAS Bonsucesso,Público Geral,Cadastro Único
Feminino,41,Fundamental Incompleto,Imbiu,3º,CRAS Bonsucesso,CRAS Bonsucesso,Público Geral,Cadastro Único
Feminino,24,Médio Completo,Bonsucesso,3º,CRAS Bonsucesso,CRAS Bonsucesso,Público Geral,Cadastro Único
Masculino,70,Não Escolarizado,Imbiu,3º,CRAS Bonsucesso,CRAS Bonsucesso,Público Geral,Cadastro Único
Feminino,23,Fundamental Incompleto,Bonsucesso,3º,CRAS Bonsucesso,CRAS Bonsucesso,Público Geral,Cadastro Único
Feminino,33,Médio Completo,Mottas,3º,CRAS Bonsucesso,CRAS Bonsucesso,Público Geral,Cadastro Único
Feminino,41,Fundamental Incompleto,Santa Rosa,3º,CRAS Bonsucesso,CRAS Bonsucesso,Público Geral,Cadastro Único
Feminino,38,Fundamental Completo,Vargem Grande,3º,CRAS Bonsucesso,CRAS Bonsucesso,Público Geral,Cadastro Único
Feminino,21,Médio Completo,Vieira,3º,CRAS Bonsucesso,CRAS Bonsucesso,Público Geral,Cadastro Único
Feminino,62,Fundamental Incompleto,Mottas,3º,CRAS Bonsucesso,CRAS Bonsucesso,Público Geral,Assistente Social
Feminino,34,Médio Completo,Vargem Grande,3º,CRAS Bonsucesso,CRAS Bonsucesso,Público Geral,Cadastro Único
Feminino,52,Fundamental Incompleto,Campanha,3º,CRAS Bonsucesso,CRAS Bonsucesso,Público Geral,Cadastro Único
Masculino,66,Médio Completo,Bonsucesso,3º,CRAS Bonsucesso,CRAS Bonsucesso,Público Geral,Cadastro Único
Feminino,22,Médio Completo,Bonsucesso,3º,CRAS Bonsucesso,CRAS Bonsucesso,Público Geral,Cadastro Único
Feminino,40,Médio Completo,Bonsucesso,3º,CRAS Bonsucesso,CRAS Bonsucesso,Público Geral,Cadastro Único
Feminino,67,Fundamental Incompleto,Mottas,3º,CRAS Bonsucesso,CRAS Bonsucesso,PAIF,Assistente Social
Masculino,68,Fundamental Incompleto,Bonsucesso,3º,CRAS Bonsucesso,CRAS Bonsucesso,Público Geral,Cadastro Único
Feminino,22,Médio Completo,Bonsucesso,3º,CRAS Bonsucesso,CRAS Bonsucesso,Público Geral,Cadastro Único
Masculino,67,Fundamental Incompleto,Vale Alpino,3º,CRAS Bonsucesso,CRAS Bonsucesso,Público Geral,Cadastro Único
Masculino,26,Fundamental Incompleto,Bonsucesso,3º,CRAS Bonsucesso,CRAS Bonsucesso,Público Geral,Cadastro Único
Feminino,35,Médio Completo,Vargem Grande,3º,CRAS Bonsucesso,CRAS Bonsucesso,Público Geral,Cadastro Único
Feminino,66,Fundamental Incompleto,Bonsucesso,3º,CRAS Bonsucesso,CRAS Bonsucesso,Público Geral,Assistente Social
Masculino,33,Fundamental Incompleto,Bonsucesso,3º,CRAS Bonsucesso,CRAS Bonsucesso,Público Geral,Assistente Social
Feminino,30,Médio Completo,Santa Rosa,3º,CRAS Bonsucesso,CRAS Bonsucesso,Público Geral,Coordenadora
Feminino,66,Fundamental Incompleto,Vargem Grande,3º,CRAS Bonsucesso,CRAS Bonsucesso,Público Geral,Cadastro Único
Masculino,67,Médio Completo,Vargem Grande,3º,CRAS Bonsucesso,CRAS Bonsucesso,Público Geral,Cadastro Único
Feminino,46,Médio Incompleto,Vargem Grande,3º,CRAS Bonsucesso,CRAS Bonsucesso,Público Geral,Cadastro Único
Feminino,46,Fundamental Incompleto,Sebastiana,3º,CRAS Bonsucesso,CRAS Bonsucesso,Público Geral,Cadastro Único
Feminino,50,Fundamental Incompleto,Bonsucesso,3º,CRAS Bonsucesso,CRAS Bonsucesso,Público Geral,Cadastro Único
Feminino,21,Médio Completo,Santa Rosa,3º,CRAS Bonsucesso,CRAS Bonsucesso,Público Geral,Cadastro Único
Feminino,55,Fundamental Incompleto,Bonsucesso,3º,CRAS Bonsucesso,CRAS Bonsucesso,Público Geral,Cadastro Único
Masculino,24,Fundamental Incompleto,Sebastiana,3º,CRAS Bonsucesso,CRAS Bonsucesso,Público Geral,Cadastro Único
Feminino,29,Médio Incompleto,Vale Alpino,3º,CRAS Bonsucesso,CRAS Bonsucesso,Público Geral,Cadastro Único
Feminino,41,Fundamental Incompleto,Vieira,3º,CRAS Bonsucesso,CRAS Bonsucesso,Público Geral,Coordenadora
Feminino,46,Médio Completo,Imbiu,3º,CRAS Bonsucesso,CRAS Bonsucesso,Público Geral,Assistente Social
Feminino,46,Médio Completo,Imbiu,3º,CRAS Bonsucesso,CRAS Bonsucesso,Público Geral,Coordenadora
Feminino,46,Fundamental Incompleto,Sebastiana,3º,CRAS Bonsucesso,CRAS Bonsucesso,Público Geral,Cadastro Único
Feminino,60,Fundamental Incompleto,Vargem Grande,3º,CRAS Bonsucesso,CRAS Bonsucesso,Público Geral,Cadastro Único
Masculino,24,Médio Completo,Vargem Grande,3º,CRAS Bonsucesso,CRAS Bonsucesso,Público Geral,Cadastro Único
Masculino,29,Fundamental Incompleto,Venda Nova,3º,CRAS Bonsucesso,CRAS Bonsucesso,Público Geral,Cadastro Único
Masculino,32,Fundamental Incompleto,Vargem Grande,3º,CRAS Bonsucesso,CRAS Bonsucesso,Público Geral,Cadastro Único
Feminino,43,Fundamental Incompleto,Santa Rosa,3º,CRAS Bonsucesso,CRAS Bonsucesso,Público Geral,Cadastro Único
Feminino,42,Fundamental Incompleto,Bonsucesso,3º,CRAS Bonsucesso,CRAS Bonsucesso,Público Geral,Cadastro Único
Masculino,20,Fundamental Incompleto,Vieira,3º,CRAS Bonsucesso,CRAS Bonsucesso,Público Geral,Cadastro Único
Feminino,43,Fundamental Incompleto,Mottas,3º,CRAS Bonsucesso,CRAS Bonsucesso,Público Geral,Psicóloga
Feminino,18,Médio Completo,Mottas,3º,CRAS Bonsucesso,CRAS Bonsucesso,Público Geral,Cadastro Único
Feminino,18,Médio Completo,Mottas,3º,CRAS Bonsucesso,CRAS Bonsucesso,Público Geral,Coordenadora
Feminino,45,Médio Incompleto,Vieira,3º,CRAS Bonsucesso,CRAS Bonsucesso,Público Geral,Assistente Social
Feminino,43,Fundamental Incompleto,Vieira,3º,CRAS Bonsucesso,CRAS Bonsucesso,Público Geral,Cadastro Único
Feminino,33,Fundamental Incompleto,Santa Rosa,3º,CRAS Bonsucesso,CRAS Bonsucesso,Público Geral,Cadastro Único
Feminino,33,Fundamental Incompleto,Santa Rosa,3º,CRAS Bonsucesso,CRAS Bonsucesso,Público Geral,Assistente Social
Masculino,24,Fundamental Completo,Mottas,3º,CRAS Bonsucesso,CRAS Bonsucesso,Público Geral,Cadastro Único
Feminino,26,Médio Completo,Bonsucesso,3º,CRAS Bonsucesso,CRAS Bonsucesso,Público Geral,Cadastro Único
Feminino,38,Médio Completo,Vargem Grande,3º,CRAS Bonsucesso,CRAS Bonsucesso,Público Geral,Cadastro Único
Masculino,23,Médio Completo,Vale Alpino,3º,CRAS Bonsucesso,CRAS Bonsucesso,Público Geral,Cadastro Único
Feminino,66,Médio Completo,Vale Alpino,3º,CRAS Bonsucesso,CRAS Bonsucesso,Público Geral,Cadastro Único
Feminino,25,Fundamental Completo,Bonsucesso,3º,CRAS Bonsucesso,CRAS Bonsucesso,Público Geral,Cadastro Único
Feminino,41,Fundamental Incompleto,Mottas,3º,CRAS Bonsucesso,CRAS Bonsucesso,Público Geral,Cadastro Único
Feminino,50,Fundamental Incompleto,Bonsucesso,3º,CRAS Bonsucesso,CRAS Bonsucesso,Público Geral,Cadastro Único
Feminino,19,Médio Completo,Mottas,3º,CRAS Bonsucesso,CRAS Bonsucesso,Público Geral,Cadastro Único
Feminino,19,Médio Completo,Mottas,3º,CRAS Bonsucesso,CRAS Bonsucesso,Público Geral,Coordenadora
Feminino,32,Fundamental Completo,Bonsucesso,3º,CRAS Bonsucesso,CRAS Bonsucesso,Público Geral,Assistente Social
Feminino,32,Fundamental Completo,Bonsucesso,3º,CRAS Bonsucesso,CRAS Bonsucesso,Público Geral,Cadastro Único
Masculino,68,Fundamental Incompleto,Vargem Grande,3º,CRAS Bonsucesso,CRAS Bonsucesso,Público Geral,Cadastro Único
Feminino,52,Fundamental Incompleto,Vargem Grande,3º,CRAS Bonsucesso,CRAS Bonsucesso,Público Geral,Assistente Social
Feminino,18,Médio Completo,Vargem Grande,3º,CRAS Bonsucesso,CRAS Bonsucesso,Público Geral,Cadastro Único
Feminino,25,Médio Incompleto,Vale Alpino,3º,CRAS Bonsucesso,CRAS Bonsucesso,Público Geral,Cadastro Único
Feminino,51,Fundamental Incompleto,Imbiu,3º,CRAS Bonsucesso,CRAS Bonsucesso,Público Geral,Cadastro Único
Feminino,58,Fundamental Incompleto,Bonsucesso,3º,CRAS Bonsucesso,CRAS Bonsucesso,Público Geral,Cadastro Único
Feminino,20,Médio Completo,Mottas,3º,CRAS Bonsucesso,CRAS Bonsucesso,Público Geral,Cadastro Único
Feminino,20,Médio Completo,Mottas,3º,CRAS Bonsucesso,CRAS Bonsucesso,Público Geral,Assistente Social
Feminino,46,Fundamental Incompleto,Imbiu,3º,CRAS Bonsucesso,CRAS Bonsucesso,Público Geral,Cadastro Único
Feminino,65,Não Escolarizado,Venda Nova,3º,CRAS Bonsucesso,CRAS Bonsucesso,Público Geral,Cadastro Único
Feminino,32,Médio Completo,Mottas,3º,CRAS Bonsucesso,CRAS Bonsucesso,Público Geral,Cadastro Único
Feminino,36,Médio Incompleto,Bonsucesso,3º,CRAS Bonsucesso,CRAS Bonsucesso,PAIF,Assistente Social
Feminino,29,Médio Completo,Bonsucesso,3º,CRAS Bonsucesso,CRAS Bonsucesso,Público Geral,Cadastro Único
Feminino,48,Fundamental Incompleto,Vieira,3º,CRAS Bonsucesso,CRAS Bonsucesso,Público Geral,Cadastro Único
Feminino,36,Fundamental Incompleto,Bonsucesso,3º,CRAS Bonsucesso,CRAS Bonsucesso,Público Geral,Cadastro Único
Feminino,33,Médio Completo,Mottas,3º,CRAS Bonsucesso,CRAS Bonsucesso,Público Geral,Cadastro Único
Feminino,33,Fundamental Completo,Bonsucesso,3º,CRAS Bonsucesso,CRAS Bonsucesso,Público Geral,Cadastro Único
Feminino,44,Fundamental Completo,Vargem Grande,3º,CRAS Bonsucesso,CRAS Bonsucesso,Público Geral,Cadastro Único
Feminino,50,Fundamental Incompleto,Mottas,3º,CRAS Bonsucesso,CRAS Bonsucesso,Público Geral,Cadastro Único
Feminino,33,Fundamental Incompleto,Santa Rosa,3º,CRAS Bonsucesso,CRAS Bonsucesso,Público Geral,Cadastro Único
Feminino,43,Médio Completo,Bonsucesso,3º,CRAS Bonsucesso,CRAS Bonsucesso,Público Geral,Cadastro Único
Feminino,38,Fundamental Incompleto,Vieira,3º,CRAS Bonsucesso,CRAS Bonsucesso,Público Geral,Cadastro Único
Feminino,32,Médio Incompleto,Bonsucesso,3º,CRAS Bonsucesso,CRAS Bonsucesso,Público Geral,Assistente Social
Feminino,28,Fundamental Incompleto,Bonsucesso,3º,CRAS Bonsucesso,CRAS Bonsucesso,Público Geral,Cadastro Único
Feminino,51,Fundamental Incompleto,Mottas,3º,CRAS Bonsucesso,CRAS Bonsucesso,Público Geral,Cadastro Único
Feminino,33,Fundamental Completo,Venda Nova,3º,CRAS Bonsucesso,CRAS Bonsucesso,Público Geral,Cadastro Único
Feminino,33,Fundamental Completo,Venda Nova,3º,CRAS Bonsucesso,CRAS Bonsucesso,Público Geral,Assistente Social
Feminino,33,Médio Completo,Bonsucesso,3º,CRAS Bonsucesso,CRAS Bonsucesso,Público Geral,Assistente Social
Feminino,29,Médio Completo,Vieira,3º,CRAS Bonsucesso,CRAS Bonsucesso,Público Geral,Cadastro Único
Feminino,45,Fundamental Incompleto,Vieira,3º,CRAS Bonsucesso,CRAS Bonsucesso,Público Geral,Cadastro Único
Feminino,29,Fundamental Completo,Bonsucesso,3º,CRAS Bonsucesso,CRAS Bonsucesso,Público Geral,Cadastro Único
Feminino,37,Fundamental Incompleto,Bonsucesso,3º,CRAS Bonsucesso,CRAS Bonsucesso,Público Geral,Assistente Social
Feminino,31,Superior Completo,Bonsucesso,3º,CRAS Bonsucesso,CRAS Bonsucesso,Público Geral,Cadastro Único
Feminino,37,Fundamental Incompleto,Mottas,3º,CRAS Bonsucesso,CRAS Bonsucesso,Público Geral,Cadastro Único
Feminino,36,Médio Completo,Bonsucesso,3º,CRAS Bonsucesso,CRAS Bonsucesso,Público Geral,Assistente Social
Feminino,42,Superior Incompleto,Bonsucesso,3º,CRAS Bonsucesso,CRAS Bonsucesso,Público Geral,Cadastro Único
Feminino,42,Superior Incompleto,Bonsucesso,3º,CRAS Bonsucesso,CRAS Bonsucesso,Público Geral,Assistente Social
Feminino,48,Não Escolarizado,Vargem Grande,3º,CRAS Bonsucesso,CRAS Bonsucesso,Público Geral,Cadastro Único
Feminino,27,Médio Completo,Bonsucesso,3º,CRAS Bonsucesso,CRAS Bonsucesso,Público Geral,Cadastro Único
Masculino,52,Fundamental Completo,Bonsucesso,3º,CRAS Bonsucesso,CRAS Bonsucesso,Público Geral,Assistente Social
Feminino,34,Fundamental Incompleto,Mottas,3º,CRAS Bonsucesso,CRAS Bonsucesso,Público Geral,Cadastro Único
Masculino,42,Médio Incompleto,Imbiu,3º,CRAS Bonsucesso,CRAS Bonsucesso,Público Geral,Cadastro Único
Feminino,22,Médio Completo,Imbiu,3º,CRAS Bonsucesso,CRAS Bonsucesso,Público Geral,Cadastro Único
Masculino,37,Fundamental Incompleto,Bonsucesso,3º,CRAS Bonsucesso,CRAS Bonsucesso,Público Geral,Cadastro Único
Feminino,35,Médio Completo,Mottas,3º,CRAS Bonsucesso,CRAS Bonsucesso,Público Geral,Cadastro Único
Feminino,66,Fundamental Incompleto,Bonsucesso,3º,CRAS Bonsucesso,CRAS Bonsucesso,Público Geral,Cadastro Único
Feminino,45,Fundamental Incompleto,Bonsucesso,3º,CRAS Bonsucesso,CRAS Bonsucesso,Público Geral,Assistente Social
Feminino,22,Médio Completo,Vargem Grande,3º,CRAS Bonsucesso,CRAS Bonsucesso,Público Geral,Cadastro Único
Masculino,43,Médio Incompleto,Vargem Grande,3º,CRAS Bonsucesso,CRAS Bonsucesso,Público Geral,Cadastro Único
Feminino,42,Fundamental Incompleto,Vieira,3º,CRAS Bonsucesso,CRAS Bonsucesso,Público Geral,Cadastro Único
Feminino,42,Fundamental Incompleto,Vieira,3º,CRAS Bonsucesso,CRAS Bonsucesso,Público Geral,Assistente Social
Masculino,51,Fundamental Incompleto,Vale Alpino,3º,CRAS Bonsucesso,CRAS Bonsucesso,Público Geral,Coordenadora
Masculino,61,Fundamental Incompleto,Sebastiana,3º,CRAS Bonsucesso,CRAS Bonsucesso,Público Geral,Cadastro Único
Masculino,72,Fundamental Incompleto,Sebastiana,3º,CRAS Bonsucesso,CRAS Bonsucesso,Público Geral,Cadastro Único
Feminino,48,Não Escolarizado,Bonsucesso,3º,CRAS Bonsucesso,CRAS Bonsucesso,Público Geral,Cadastro Único
Feminino,48,Fundamental Incompleto,Venda Nova,3º,CRAS Bonsucesso,CRAS Bonsucesso,Público Geral,Cadastro Único
Feminino,46,Fundamental Incompleto,Vargem Grande,3º,CRAS Bonsucesso,CRAS Bonsucesso,Público Geral,Cadastro Único
Feminino,23,Fundamental Completo,Santa Rosa,3º,CRAS Bonsucesso,CRAS Bonsucesso,Público Geral,Assistente Social
Feminino,38,Médio Completo,Vieira,3º,CRAS Bonsucesso,CRAS Bonsucesso,Público Geral,Cadastro Único
Feminino,28,Fundamental Incompleto,Bonsucesso,3º,CRAS Bonsucesso,CRAS Bonsucesso,Público Geral,Assistente Social
Feminino,51,Médio Completo,Imbiu,3º,CRAS Bonsucesso,CRAS Bonsucesso,Público Geral,Cadastro Único
Feminino,37,Médio Incompleto,Vieira,3º,CRAS Bonsucesso,CRAS Bonsucesso,Público Geral,Cadastro Único
Masculino,48,Médio Completo,Vargem Grande,3º,CRAS Bonsucesso,CRAS Bonsucesso,Público Geral,Cadastro Único
Feminino,47,Fundamental Incompleto,Vieira,3º,CRAS Bonsucesso,CRAS Bonsucesso,Público Geral,Assistente Social
Feminino,22,Médio Completo,Vieira,3º,CRAS Bonsucesso,CRAS Bonsucesso,Público Geral,Cadastro Único
Feminino,38,Fundamental Incompleto,Mottas,3º,CRAS Bonsucesso,CRAS Bonsucesso,Público Geral,Cadastro Único
Feminino,59,Fundamental Incompleto,Bonsucesso,3º,CRAS Bonsucesso,CRAS Bonsucesso,Público Geral,Cadastro Único
Feminino,48,Fundamental Incompleto,Vieira,3º,CRAS Bonsucesso,CRAS Bonsucesso,Público Geral,Assistente Social
Feminino,36,Fundamental Completo,Vieira,3º,CRAS Bonsucesso,CRAS Bonsucesso,Público Geral,Cadastro Único
Feminino,18,Médio Completo,Bonsucesso,3º,CRAS Bonsucesso,CRAS Bonsucesso,Público Geral,Cadastro Único
Feminino,61,Fundamental Incompleto,Vieira,3º,CRAS Bonsucesso,CRAS Bonsucesso,Público Geral,Assistente Social
Feminino,22,Médio Completo,Bonsucesso,3º,CRAS Bonsucesso,CRAS Bonsucesso,Público Geral,Cadastro Único
Feminino,68,Fundamental Incompleto,Venda Nova,3º,CRAS Bonsucesso,CRAS Bonsucesso,Público Geral,Cadastro Único
Feminino,28,Fundamental Completo,Santa Rosa,3º,CRAS Bonsucesso,CRAS Bonsucesso,Público Geral,Cadastro Único
Feminino,64,Fundamental Incompleto,Imbiu,3º,CRAS Bonsucesso,CRAS Bonsucesso,Público Geral,Cadastro Único
Masculino,62,Fundamental Incompleto,Bonsucesso,3º,CRAS Bonsucesso,CRAS Bonsucesso,Público Geral,Cadastro Único
Feminino,23,Médio Incompleto,Mottas,3º,CRAS Bonsucesso,CRAS Bonsucesso,Público Geral,Cadastro Único
Feminino,38,Superior Completo,Mottas,3º,CRAS Bonsucesso,CRAS Bonsucesso,Público Geral,Assistente Social
Feminino,44,Fundamental Incompleto,Bonsucesso,3º,CRAS Bonsucesso,CRAS Bonsucesso,Público Geral,Cadastro Único
Feminino,44,Fundamental Incompleto,Bonsucesso,3º,CRAS Bonsucesso,CRAS Bonsucesso,Público Geral,Coordenadora
Feminino,48,Médio Completo,Bonsucesso,3º,CRAS Bonsucesso,CRAS Bonsucesso,Público Geral,Cadastro Único
Feminino,38,Médio Incompleto,Vieira,3º,CRAS Bonsucesso,CRAS Bonsucesso,Público Geral,Cadastro Único
Feminino,47,Fundamental Incompleto,Vargem Grande,3º,CRAS Bonsucesso,CRAS Bonsucesso,Público Geral,Cadastro Único
Feminino,19,Médio Completo,Vargem Grande,3º,CRAS Bonsucesso,CRAS Bonsucesso,Público Geral,Cadastro Único
Feminino,71,Fundamental Incompleto,Bonsucesso,3º,CRAS Bonsucesso,CRAS Bonsucesso,Público Geral,Cadastro Único
Feminino,37,Fundamental Completo,Campanha,3º,CRAS Bonsucesso,CRAS Bonsucesso,PAIF,Coordenadora
Feminino,50,Fundamental Incompleto,Campanha,3º,CRAS Bonsucesso,CRAS Bonsucesso,PAIF,Coordenadora
Masculino,62,Fundamental Incompleto,Vieira,3º,CRAS Bonsucesso,CRAS Bonsucesso,PAIF,Coordenadora
Feminino,45,Fundamental Incompleto,Vargem Grande,3º,CRAS Bonsucesso,CRAS Bonsucesso,PAIF,Coordenadora
Masculino,34,Fundamental Incompleto,Vargem Grande,3º,CRAS Bonsucesso,CRAS Bonsucesso,PAIF,Coordenadora
Feminino,56,Médio Completo,Vargem Grande,3º,CRAS Bonsucesso,CRAS Bonsucesso,PAIF,Coordenadora
Masculino,65,Fundamental Incompleto,Vargem Grande,3º,CRAS Bonsucesso,CRAS Bonsucesso,PAIF,Coordenadora
Masculino,60,Fundamental Incompleto,Santa Rosa,3º,CRAS Bonsucesso,CRAS Bonsucesso,PAIF,Coordenadora
Feminino,26,Fundamental Incompleto,Bonsucesso,3º,CRAS Bonsucesso,CRAS Bonsucesso,PAIF,Coordenadora
Feminino,31,Fundamental Incompleto,Vieira,3º,CRAS Bonsucesso,CRAS Bonsucesso,PAIF,Coordenadora
Feminino,48,Fundamental Completo,Bonsucesso,3º,CRAS Bonsucesso,CRAS Bonsucesso,Público Geral,Cadastro Único
Feminino,36,Fundamental Incompleto,Bonsucesso,3º,CRAS Bonsucesso,CRAS Bonsucesso,PAIF,Coordenadora
Feminino,31,Fundamental Incompleto,Mottas,3º,CRAS Bonsucesso,CRAS Bonsucesso,PAIF,Coordenadora
Feminino,32,Fundamental Incompleto,Bonsucesso,3º,CRAS Bonsucesso,CRAS Bonsucesso,PAIF,Coordenadora
Feminino,57,Fundamental Incompleto,Imbiu,3º,CRAS Bonsucesso,CRAS Bonsucesso,PAIF,Coordenadora
Feminino,64,Não Escolarizado,Mottas,3º,CRAS Bonsucesso,CRAS Bonsucesso,PAIF,Coordenadora
Feminino,65,Não Escolarizado,Venda Nova,3º,CRAS Bonsucesso,CRAS Bonsucesso,PAIF,Coordenadora
Feminino,26,Fundamental Completo,Bonsucesso,3º,CRAS Bonsucesso,CRAS Bonsucesso,PAIF,Coordenadora
Feminino,51,Fundamental Incompleto,Bonsucesso,3º,CRAS Bonsucesso,CRAS Bonsucesso,PAIF,Coordenadora
Feminino,25,Fundamental Incompleto,Bonsucesso,3º,CRAS Bonsucesso,CRAS Bonsucesso,PAIF,Coordenadora
Feminino,25,Fundamental Completo,Bonsucesso,3º,CRAS Bonsucesso,CRAS Bonsucesso,PAIF,Coordenadora
Feminino,50,Fundamental Incompleto,Bonsucesso,3º,CRAS Bonsucesso,CRAS Bonsucesso,PAIF,Coordenadora
Feminino,33,Médio Completo,Bonsucesso,3º,CRAS Bonsucesso,CRAS Bonsucesso,PAIF,Coordenadora
Feminino,21,Fundamental Incompleto,Vieira,3º,CRAS Bonsucesso,CRAS Bonsucesso,PAIF,Coordenadora
Feminino,37,Médio Incompleto,Sebastiana,3º,CRAS Bonsucesso,CRAS Bonsucesso,PAIF,Coordenadora
Masculino,67,Fundamental Incompleto,Venda Nova,3º,CRAS Bonsucesso,CRAS Bonsucesso,PAIF,Coordenadora
Feminino,37,Fundamental Incompleto,Mottas,3º,CRAS Bonsucesso,CRAS Bonsucesso,PAIF,Coordenadora
Feminino,38,Fundamental Incompleto,Sebastiana,3º,CRAS Bonsucesso,CRAS Bonsucesso,PAIF,Coordenadora
Masculino,29,Médio Incompleto,Bonsucesso,3º,CRAS Bonsucesso,CRAS Bonsucesso,PAIF,Coordenadora
Masculino,46,Fundamental Incompleto,Bonsucesso,3º,CRAS Bonsucesso,CRAS Bonsucesso,PAIF,Coordenadora
Masculino,48,Fundamental Incompleto,Imbiu,3º,CRAS Bonsucesso,CRAS Bonsucesso,Público Geral,Cadastro Único
Feminino,44,Fundamental Incompleto,Bonsucesso,3º,CRAS Bonsucesso,CRAS Bonsucesso,Público Geral,Cadastro Único
Feminino,31,Fundamental Incompleto,Vargem Grande,3º,CRAS Bonsucesso,CRAS Bonsucesso,PAIF,Coordenadora
Feminino,56,Fundamental Incompleto,Vargem Grande,3º,CRAS Bonsucesso,CRAS Bonsucesso,PAIF,Coordenadora
Masculino,55,Médio Incompleto,Mottas,3º,CRAS Bonsucesso,CRAS Bonsucesso,Público Geral,Cadastro Único
Feminino,28,Médio Completo,Santa Rosa,3º,CRAS Bonsucesso,CRAS Bonsucesso,Público Geral,Cadastro Único
Feminino,28,Médio Incompleto,Bonsucesso,3º,CRAS Bonsucesso,CRAS Bonsucesso,Público Geral,Cadastro Único
Feminino,22,Médio Incompleto,Vieira,3º,CRAS Bonsucesso,CRAS Bonsucesso,Público Geral,Cadastro Único
Feminino,22,Médio Incompleto,Vieira,3º,CRAS Bonsucesso,CRAS Bonsucesso,Público Geral,Coordenadora
Masculino,44,Fundamental Incompleto,vargem Grande,3º,CRAS Bonsucesso,CRAS Bonsucesso,Público Geral,Cadastro Único
Feminino,62,Médio Incompleto,Venda Nova,3º,CRAS Bonsucesso,CRAS Bonsucesso,Público Geral,Cadastro Único
Feminino,41,Fundamental Incompleto,Vieira,3º,CRAS Bonsucesso,CRAS Bonsucesso,Público Geral,Cadastro Único
Feminino,38,Médio Completo,Santa Rosa,3º,CRAS Bonsucesso,CRAS Bonsucesso,Público Geral,Cadastro Único
Feminino,67,Fundamental Incompleto,Bonsucesso,3º,CRAS Bonsucesso,CRAS Bonsucesso,Público Geral,Cadastro Único
Masculino,86,Fundamental Incompleto,Vale Alpino,3º,CRAS Bonsucesso,CRAS Bonsucesso,Público Geral,Cadastro Único
Feminino,39,Médio Incompleto,Vale Alpino,3º,CRAS Bonsucesso,CRAS Bonsucesso,Público Geral,Cadastro Único
Feminino,49,Médio Completo,Bonsucesso,3º,CRAS Bonsucesso,CRAS Bonsucesso,Público Geral,Cadastro Único
Feminino,49,Médio Completo,Bonsucesso,3º,CRAS Bonsucesso,CRAS Bonsucesso,Público Geral,Coordenadora
Feminino,39,Médio Incompleto,Vargem Grande,3º,CRAS Bonsucesso,CRAS Bonsucesso,Público Geral,Cadastro Único
Feminino,39,Médio Incompleto,Vargem Grande,3º,CRAS Bonsucesso,CRAS Bonsucesso,Público Geral,Assistente Social
Feminino,19,Médio Completo,Vieira,3º,CRAS Bonsucesso,CRAS Bonsucesso,Público Geral,Assistente Social
Feminino,17,Médio Incompleto,Vieira,3º,CRAS Bonsucesso,CRAS Bonsucesso,Público Geral,Cadastro Único
Masculino,57,Médio Incompleto,Bonsucesso,3º,CRAS Bonsucesso,CRAS Bonsucesso,Público Geral,Cadastro Único
Feminino,39,Fundamental Incompleto,Vargem Grande,3º,CRAS Bonsucesso,CRAS Bonsucesso,Público Geral,Cadastro Único
Masculino,37,Fundamental Incompleto,Vargem Grande,3º,CRAS Bonsucesso,CRAS Bonsucesso,Público Geral,Cadastro Único
Masculino,34,Fundamental Incompleto,Bonsucesso,3º,CRAS Bonsucesso,CRAS Bonsucesso,Público Geral,Cadastro Único
Feminino,32,Fundamental Completo,Vargem Grande,3º,CRAS Bonsucesso,CRAS Bonsucesso,Público Geral,Psicóloga
Masculino,66,Fundamental Incompleto,Vargem Grande,3º,CRAS Bonsucesso,CRAS Bonsucesso,Público Geral,Assistente Social
Masculino,64,Fundamental Incompleto,Vargem Grande,3º,CRAS Bonsucesso,CRAS Bonsucesso,Público Geral,Cadastro Único
Feminino,37,Fundamental Incompleto,Mottas,3º,CRAS Bonsucesso,CRAS Bonsucesso,Público Geral,Cadastro Único
Feminino,37,Fundamental Incompleto,Mottas,3º,CRAS Bonsucesso,CRAS Bonsucesso,Público Geral,Coordenadora
Feminino,65,Fundamental Incompleto,Bonsucesso,3º,CRAS Bonsucesso,CRAS Bonsucesso,Público Geral,Cadastro Único
Feminino,67,Médio Completo,Bonsucesso,3º,CRAS Bonsucesso,CRAS Bonsucesso,Público Geral,Cadastro Único
Masculino,20,Fundamental Completo,Vieira,3º,CRAS Bonsucesso,CRAS Bonsucesso,Público Geral,Cadastro Único
Feminino,39,Médio Completo,Santa Rosa,3º,CRAS Bonsucesso,CRAS Bonsucesso,Público Geral,Cadastro Único
Feminino,39,Médio Completo,Santa Rosa,3º,CRAS Bonsucesso,CRAS Bonsucesso,Público Geral,Coordenadora
Feminino,36,Médio Completo,Bonsucesso,3º,CRAS Bonsucesso,CRAS Bonsucesso,Público Geral,Cadastro Único
Masculino,38,Fundamental Incompleto,Vieira,3º,CRAS Bonsucesso,CRAS Bonsucesso,Público Geral,Cadastro Único
Feminino,54,Fundamental Incompleto,Imbiu,3º,CRAS Bonsucesso,CRAS Bonsucesso,Público Geral,Cadastro Único
Feminino,38,Fundamental Incompleto,Vargem Grande,3º,CRAS Bonsucesso,CRAS Bonsucesso,Público Geral,Cadastro Único
Feminino,38,Fundamental Incompleto,Vargem Grande,3º,CRAS Bonsucesso,CRAS Bonsucesso,Público Geral,Assistente Social
Feminino,29,Médio Incompleto,Bonsucesso,3º,CRAS Bonsucesso,CRAS Bonsucesso,Público Geral,Cadastro Único
Feminino,32,Fundamental Incompleto,Bonsucesso,3º,CRAS Bonsucesso,CRAS Bonsucesso,Público Geral,Assistente Social
Feminino,31,Superior Completo,Bonsucesso,3º,CRAS Bonsucesso,CRAS Bonsucesso,Público Geral,Coordenadora
Feminino,31,Superior Completo,Bonsucesso,3º,CRAS Bonsucesso,CRAS Bonsucesso,Público Geral,Cadastro Único
Feminino,57,Superior Completo,Vieira,3º,CRAS Bonsucesso,CRAS Bonsucesso,Público Geral,Assistente Social
Feminino,43,Médio Incompleto,Imbiu,3º,CRAS Bonsucesso,CRAS Bonsucesso,Público Geral,Cadastro Único
Feminino,41,Fundamental Incompleto,Vieira,3º,CRAS Bonsucesso,CRAS Bonsucesso,Público Geral,Assistente Social
Feminino,57,Fundamental Incompleto,Imbiu,3º,CRAS Bonsucesso,CRAS Bonsucesso,Público Geral,Cadastro Único
Feminino,55,Médio Completo,Bonsucesso,3º,CRAS Bonsucesso,CRAS Bonsucesso,Público Geral,Cadastro Único
Feminino,19,Médio Completo,Vargem Grande,3º,CRAS Bonsucesso,CRAS Bonsucesso,Público Geral,Cadastro Único
Feminino,19,Médio Completo,Vargem Grande,3º,CRAS Bonsucesso,CRAS Bonsucesso,Público Geral,Coordenadora
Feminino,20,Médio Completo,Venda Nova,3º,CRAS Bonsucesso,CRAS Bonsucesso,Público Geral,Coordenadora
Feminino,20,Médio Completo,Venda Nova,3º,CRAS Bonsucesso,CRAS Bonsucesso,Público Geral,Cadastro Único
Feminino,38,Médio Incompleto,Venda Nova,3º,CRAS Bonsucesso,CRAS Bonsucesso,Público Geral,Cadastro Único
Feminino,53,Fundamental Incompleto,Vargem Grande,3º,CRAS Bonsucesso,CRAS Bonsucesso,Público Geral,Cadastro Único
Feminino,22,Fundamental Completo,Bonsucesso,3º,CRAS Bonsucesso,CRAS Bonsucesso,Público Geral,Cadastro Único
Feminino,47,Fundamental Incompleto,Imbiu,3º,CRAS Bonsucesso,CRAS Bonsucesso,Público Geral,Cadastro Único
Feminino,31,Médio Completo,Vargem Grande,3º,CRAS Bonsucesso,CRAS Bonsucesso,Público Geral,Cadastro Único
Feminino,45,Fundamental Completo,Mottas,3º,CRAS Bonsucesso,CRAS Bonsucesso,Público Geral,Cadastro Único
Feminino,19,Médio Incompleto,Santa Rosa,3º,CRAS Bonsucesso,CRAS Bonsucesso,Público Geral,Cadastro Único
Feminino,45,Fundamental Incompleto,Bonsucesso,3º,CRAS Bonsucesso,CRAS Bonsucesso,Público Geral,Cadastro Único
Feminino,40,Fundamental Completo,Bonsucesso,3º,CRAS Bonsucesso,CRAS Bonsucesso,Público Geral,Cadastro Único
Feminino,18,Fundamental Incompleto,Vargem Grande,3º,CRAS Bonsucesso,CRAS Bonsucesso,Público Geral,Cadastro Único
Feminino,64,Fundamental Completo,Venda Nova,3º,CRAS Bonsucesso,CRAS Bonsucesso,Público Geral,Cadastro Único
Feminino,36,Médio Completo,Venda Nova,3º,CRAS Bonsucesso,CRAS Bonsucesso,Público Geral,Cadastro Único
Feminino,52,Médio Incompleto,Vargem Grande,3º,CRAS Bonsucesso,CRAS Bonsucesso,Público Geral,Cadastro Único
Feminino,41,Fundamental Incompleto,Vargem Grande,3º,CRAS Bonsucesso,CRAS Bonsucesso,Público Geral,Cadastro Único
Feminino,27,Fundamental Incompleto,Bonsucesso,3º,CRAS Bonsucesso,CRAS Bonsucesso,Público Geral,Cadastro Único
Masculino,72,Não Escolarizado,Vargem Grande,3º,CRAS Bonsucesso,CRAS Bonsucesso,Público Geral,Cadastro Único
Feminino,49,Fundamental Incompleto,Imbiu,3º,CRAS Bonsucesso,CRAS Bonsucesso,Público Geral,Cadastro Único
Feminino,26,Médio Completo,Bonsucesso,3º,CRAS Bonsucesso,CRAS Bonsucesso,Público Geral,Cadastro Único
Masculino,62,Fundamental Incompleto,Imbiu,3º,CRAS Bonsucesso,CRAS Bonsucesso,Público Geral,Cadastro Único
Feminino,49,Fundamental Incompleto,Bonsucesso,3º,CRAS Bonsucesso,CRAS Bonsucesso,Público Geral,Cadastro Único
Feminino,41,Fundamental Incompleto,Mottas,3º,CRAS Bonsucesso,CRAS Bonsucesso,Público Geral,Cadastro Único
Feminino,29,Fundamental Incompleto,Santa Rosa,3º,CRAS Bonsucesso,CRAS Bonsucesso,Público Geral,Cadastro Único
Feminino,32,Médio Completo,Bonsucesso,3º,CRAS Bonsucesso,CRAS Bonsucesso,Público Geral,Cadastro Único
Feminino,53,Fundamental Incompleto,Imbiu,3º,CRAS Bonsucesso,CRAS Bonsucesso,Público Geral,Cadastro Único
Feminino,54,Fundamental Incompleto,Bonsucesso,3º,CRAS Bonsucesso,CRAS Bonsucesso,Público Geral,Cadastro Único
Feminino,50,Fundamental Incompleto,Vieira,3º,CRAS Bonsucesso,CRAS Bonsucesso,Público Geral,Cadastro Único
Feminino,23,Fundamental Completo,Vieira,3º,CRAS Bonsucesso,CRAS Bonsucesso,Público Geral,Cadastro Único
Masculino,60,Fundamental Incompleto,Vargem Grande,3º,CRAS Bonsucesso,CRAS Bonsucesso,Público Geral,Cadastro Único
Feminino,57,Fundamental Incompleto,Vale Alpino,3º,CRAS Bonsucesso,CRAS Bonsucesso,Público Geral,Cadastro Único
Masculino,55,Fundamental Incompleto,Vieira,3º,CRAS Bonsucesso,CRAS Bonsucesso,Público Geral,Cadastro Único
Masculino,42,Médio Completo,Bonsucesso,3º,CRAS Bonsucesso,CRAS Bonsucesso,Público Geral,Cadastro Único
Masculino,73,Fundamental Incompleto,Vargem Grande,3º,CRAS Bonsucesso,CRAS Bonsucesso,Público Geral,Assistente Social
Feminino,39,Médio Incompleto,Vargem Grande,3º,CRAS Bonsucesso,CRAS Bonsucesso,Público Geral,Cadastro Único
Feminino,42,Fundamental Incompleto,Bonsucesso,3º,CRAS Bonsucesso,CRAS Bonsucesso,Público Geral,Cadastro Único
Feminino,43,Médio Incompleto,Vieira,3º,CRAS Bonsucesso,CRAS Bonsucesso,Público Geral,Cadastro Único
Feminino,46,Fundamental Completo,Vieira,3º,CRAS Bonsucesso,CRAS Bonsucesso,Público Geral,Cadastro Único
Feminino,37,Médio Completo,Vargem Grande,3º,CRAS Bonsucesso,CRAS Bonsucesso,Público Geral,Cadastro Único
Feminino,42,Fundamental Completo,Bonsucesso,3º,CRAS Bonsucesso,CRAS Bonsucesso,Público Geral,Cadastro Único
Feminino,30,Médio Incompleto,Bonsucesso,3º,CRAS Bonsucesso,CRAS Bonsucesso,Público Geral,Cadastro Único
Feminino,19,Médio Incompleto,Bonsucesso,3º,CRAS Bonsucesso,CRAS Bonsucesso,Público Geral,Cadastro Único
Feminino,19,Médio Completo,Bonsucesso,3º,CRAS Bonsucesso,CRAS Bonsucesso,Público Geral,Cadastro Único
Feminino,39,Fundamental Incompleto,Bonsucesso,3º,CRAS Bonsucesso,CRAS Bonsucesso,Público Geral,Cadastro Único
Feminino,34,Médio Incompleto,Imbiu,3º,CRAS Bonsucesso,CRAS Bonsucesso,Público Geral,Cadastro Único
Feminino,48,Não Escolarizado,Bonsucesso,3º,CRAS Bonsucesso,CRAS Bonsucesso,Público Geral,Cadastro Único
Feminino,34,Médio Incompleto,Vargem Grande,3º,CRAS Bonsucesso,CRAS Bonsucesso,Público Geral,Cadastro Único
Feminino,47,Superior Completo,Santa Rosa,3º,CRAS Bonsucesso,CRAS Bonsucesso,Público Geral,Cadastro Único
Feminino,71,Não Escolarizado,Agriões,3º,CRAS Bonsucesso,CRAS Bonsucesso,Público Geral,Cadastro Único
Feminino,61,Fundamental Incompleto,Vargem Grande,3º,CRAS Bonsucesso,CRAS Bonsucesso,Público Geral,Cadastro Único
Feminino,31,Médio Incompleto,Vale Alpino,3º,CRAS Bonsucesso,CRAS Bonsucesso,Público Geral,Cadastro Único
Feminino,24,Médio Completo,Vargem Grande,3º,CRAS Bonsucesso,CRAS Bonsucesso,Público Geral,Cadastro Único
Feminino,64,Não Escolarizado,Mottas,3º,CRAS Bonsucesso,CRAS Bonsucesso,Público Geral,Assistente Social
Feminino,42,Fundamental Incompleto,Sebastiana,3º,CRAS Bonsucesso,CRAS Bonsucesso,Público Geral,Cadastro Único
Feminino,41,Médio Completo,Sebastiana,3º,CRAS Bonsucesso,CRAS Bonsucesso,Público Geral,Cadastro Único
Feminino,35,Médio Completo,Mottas,3º,CRAS Bonsucesso,CRAS Bonsucesso,Público Geral,Cadastro Único
Feminino,48,Fundamental Incompleto,Vieira,3º,CRAS Bonsucesso,CRAS Bonsucesso,Público Geral,Cadastro Único
Feminino,25,Médio Completo,Mottas,3º,CRAS Bonsucesso,CRAS Bonsucesso,Público Geral,Cadastro Único
Feminino,37,Fundamental Incompleto,Vargem Grande,3º,CRAS Bonsucesso,CRAS Bonsucesso,Público Geral,Cadastro Único
Feminino,47,Médio Incompleto,Vieira,3º,CRAS Bonsucesso,CRAS Bonsucesso,Público Geral,Assistente Social
Feminino,32,Médio Completo,Bonsucesso,3º,CRAS Bonsucesso,CRAS Bonsucesso,Público Geral,Assistente Social
Feminino,48,Fundamental Incompleto,Vieira,3º,CRAS Bonsucesso,CRAS Bonsucesso,Público Geral,Assistente Social
Feminino,37,Fundamental Incompleto,Vargem Grande,3º,CRAS Bonsucesso,CRAS Bonsucesso,Público Geral,Coordenadora
Feminino,50,Médio Completo,Vargem Grande,3º,CRAS Bonsucesso,CRAS Bonsucesso,Público Geral,Cadastro Único
Feminino,50,Médio Completo,Vargem Grande,3º,CRAS Bonsucesso,CRAS Bonsucesso,Público Geral,Coordenadora
Feminino,57,Fundamental Incompleto,Vargem Grande,3º,CRAS Bonsucesso,CRAS Bonsucesso,Público Geral,Cadastro Único
Feminino,37,Médio Incompleto,Vargem Grande,3º,CRAS Bonsucesso,CRAS Bonsucesso,Público Geral,Cadastro Único
Feminino,37,Médio Incompleto,Vargem Grande,3º,CRAS Bonsucesso,CRAS Bonsucesso,Público Geral,Coordenadora
Feminino,24,Médio Completo,Santa Rosa,3º,CRAS Bonsucesso,CRAS Bonsucesso,Público Geral,Cadastro Único
Feminino,26,Fundamental Incompleto,Imbiu,3º,CRAS Bonsucesso,CRAS Bonsucesso,Público Geral,Assistente Social
Feminino,25,Médio Completo,Vieira,3º,CRAS Bonsucesso,CRAS Bonsucesso,Público Geral,Cadastro Único
Feminino,48,Fundamental Incompleto,Imbiu,3º,CRAS Bonsucesso,CRAS Bonsucesso,Público Geral,Coordenadora
Feminino,28,Fundamental Completo,Vargem Grande,3º,CRAS Bonsucesso,CRAS Bonsucesso,Público Geral,Cadastro Único
Masculino,58,Fundamental Incompleto,Vargem Grande,3º,CRAS Bonsucesso,CRAS Bonsucesso,Público Geral,Cadastro Único
Feminino,44,Médio Incompleto,Bonsucesso,3º,CRAS Bonsucesso,CRAS Bonsucesso,Público Geral,Cadastro Único
Feminino,50,Fundamental Incompleto,Bonsucesso,3º,CRAS Bonsucesso,CRAS Bonsucesso,Público Geral,Cadastro Único
Feminino,38,Fundamental Completo,Vieira,3º,CRAS Bonsucesso,CRAS Bonsucesso,Público Geral,Cadastro Único
Feminino,43,Fundamental Incompleto,Vargem Grande,3º,CRAS Bonsucesso,CRAS Bonsucesso,Público Geral,Cadastro Único
Feminino,40,Fundamental Incompleto,Vargem Grande,3º,CRAS Bonsucesso,CRAS Bonsucesso,Público Geral,Cadastro Único
Feminino,40,Fundamental Incompleto,Vargem Grande,3º,CRAS Bonsucesso,CRAS Bonsucesso,Público Geral,Coordenadora
Feminino,66,Fundamental Incompleto,Vieira,3º,CRAS Bonsucesso,CRAS Bonsucesso,Público Geral,Cadastro Único
Feminino,46,Fundamental Incompleto,Sebastiana,3º,CRAS Bonsucesso,CRAS Bonsucesso,Público Geral,Cadastro Único
Feminino,28,Médio Completo,Bonsucesso,3º,CRAS Bonsucesso,CRAS Bonsucesso,Público Geral,Cadastro Único
Feminino,44,Médio Incompleto,Bonsucesso,3º,CRAS Bonsucesso,CRAS Bonsucesso,Público Geral,Cadastro Único
Feminino,55,Fundamental Incompleto,Bonsucesso,3º,CRAS Bonsucesso,CRAS Bonsucesso,Público Geral,Assistente Social
Feminino,49,Fundamental Incompleto,Santa Rosa,3º,CRAS Bonsucesso,CRAS Bonsucesso,Público Geral,Cadastro Único
Feminino,29,Fundamental Incompleto,Bonsucesso,3º,CRAS Bonsucesso,CRAS Bonsucesso,Público Geral,Cadastro Único
Feminino,40,Médio Completo,Bonsucesso,3º,CRAS Bonsucesso,CRAS Bonsucesso,Público Geral,Assistente Social
Masculino,71,Fundamental Incompleto,Sebastiana,3º,CRAS Bonsucesso,CRAS Bonsucesso,Público Geral,Cadastro Único
Masculino,67,Fundamental Incompleto,Vargem Grande,3º,CRAS Bonsucesso,CRAS Bonsucesso,Público Geral,Cadastro Único
Feminino,43,Fundamental Incompleto,Bonsucesso,3º,CRAS Bonsucesso,CRAS Bonsucesso,Público Geral,Cadastro Único
Feminino,43,Médio Completo,Bonsucesso,3º,CRAS Bonsucesso,CRAS Bonsucesso,Público Geral,Cadastro Único
Feminino,51,Fundamental Incompleto,Vieira,3º,CRAS Bonsucesso,CRAS Bonsucesso,Público Geral,Cadastro Único
Masculino,53,Fundamental Incompleto,Mottas,3º,CRAS Bonsucesso,CRAS Bonsucesso,Público Geral,Cadastro Único
Feminino,62,Médio Completo,Bonsucesso,3º,CRAS Bonsucesso,CRAS Bonsucesso,Público Geral,Cadastro Único
Feminino,62,Médio Completo,Bonsucesso,3º,CRAS Bonsucesso,CRAS Bonsucesso,Público Geral,Coordenadora
Feminino,46,Médio Incompleto,Bonsucesso,3º,CRAS Bonsucesso,CRAS Bonsucesso,Público Geral,Cadastro Único
Feminino,46,Fundamental Incompleto,Vale Alpino,3º,CRAS Bonsucesso,CRAS Bonsucesso,Público Geral,Cadastro Único
Feminino,19,Médio Completo,Mottas,3º,CRAS Bonsucesso,CRAS Bonsucesso,Público Geral,Psicóloga
Feminino,26,Médio Incompleto,Bonsucesso,3º,CRAS Bonsucesso,CRAS Bonsucesso,Público Geral,Cadastro Único
Feminino,46,Fundamental Incompleto,Vargem Grande,3º,CRAS Bonsucesso,CRAS Bonsucesso,Público Geral,Assistente Social
Feminino,34,Médio Completo,Santa Rosa,3º,CRAS Bonsucesso,CRAS Bonsucesso,Público Geral,Cadastro Único
Feminino,57,Fundamental Incompleto,Imbiu,3º,CRAS Bonsucesso,CRAS Bonsucesso,Público Geral,Cadastro Único
Feminino,36,Fundamental Completo,Mottas,3º,CRAS Bonsucesso,CRAS Bonsucesso,Público Geral,Cadastro Único
Feminino,26,Fundamental Incompleto,Bonsucesso,3º,CRAS Bonsucesso,CRAS Bonsucesso,Público Geral,Cadastro Único
Feminino,40,Médio Completo,Venda Nova,3º,CRAS Bonsucesso,CRAS Bonsucesso,Público Geral,Assistente Social
Feminino,51,Fundamental Incompleto,Bonsucesso,3º,CRAS Bonsucesso,CRAS Bonsucesso,Público Geral,Assistente Social
Feminino,48,Fundamental Completo,Imbiu,3º,CRAS Bonsucesso,CRAS Bonsucesso,Público Geral,Assistente Social
Feminino,28,Médio Completo,Vargem Grande,3º,CRAS Bonsucesso,CRAS Bonsucesso,Público Geral,Cadastro Único
Feminino,45,Fundamental Incompleto,Bonsucesso,3º,CRAS Bonsucesso,CRAS Bonsucesso,Público Geral,Cadastro Único
Feminino,23,Médio Incompleto,Vieira,3º,CRAS Bonsucesso,CRAS Bonsucesso,Público Geral,Cadastro Único
Feminino,18,Fundamental Incompleto,Imbiu,3º,CRAS Bonsucesso,CRAS Bonsucesso,Público Geral,Cadastro Único
Feminino,30,Fundamental Completo,Bonsucesso,3º,CRAS Bonsucesso,CRAS Bonsucesso,Público Geral,Cadastro Único
Feminino,35,Fundamental Incompleto,Imbiu,3º,CRAS Bonsucesso,CRAS Bonsucesso,Público Geral,Cadastro Único
Feminino,53,Não Escolarizado,Vale Alpino,3º,CRAS Bonsucesso,CRAS Bonsucesso,Público Geral,Cadastro Único
Feminino,49,Médio Incompleto,Bonsucesso,3º,CRAS Bonsucesso,CRAS Bonsucesso,Público Geral,Cadastro Único
Feminino,49,Médio Incompleto,Bonsucesso,3º,CRAS Bonsucesso,CRAS Bonsucesso,Público Geral,Coordenadora
Masculino,30,Fundamental Completo,Vieira,3º,CRAS Bonsucesso,CRAS Bonsucesso,Público Geral,Cadastro Único
Feminino,48,Fundamental Incompleto,Vargem Grande,3º,CRAS Bonsucesso,CRAS Bonsucesso,Público Geral,Cadastro Único
Feminino,67,Fundamental Incompleto,Vargem Grande,3º,CRAS Bonsucesso,CRAS Bonsucesso,Público Geral,Cadastro Único
Feminino,61,Fundamental Incompleto,Vargem Grande,3º,CRAS Bonsucesso,CRAS Bonsucesso,Público Geral,Cadastro Único
Feminino,41,Médio Incompleto,Bonsucesso,3º,CRAS Bonsucesso,CRAS Bonsucesso,Público Geral,Cadastro Único
Feminino,32,Fundamental Incompleto,Bonsucesso,3º,CRAS Bonsucesso,CRAS Bonsucesso,Público Geral,Cadastro Único
Feminino,26,Fundamental Incompleto,Imbiu,3º,CRAS Bonsucesso,CRAS Bonsucesso,Público Geral,Cadastro Único
Feminino,47,Fundamental Incompleto,Vieira,3º,CRAS Bonsucesso,CRAS Bonsucesso,Público Geral,Assistente Social
Feminino,23,Médio Incompleto,Imbiu,3º,CRAS Bonsucesso,CRAS Bonsucesso,Público Geral,Cadastro Único
Feminino,36,Fundamental Incompleto,Bonsucesso,3º,CRAS Bonsucesso,CRAS Bonsucesso,Público Geral,Cadastro Único
Feminino,20,Superior Incompleto,Santa Rosa,3º,CRAS Bonsucesso,CRAS Bonsucesso,Público Geral,Cadastro Único
Feminino,36,Médio Completo,Vargem Grande,3º,CRAS Bonsucesso,CRAS Bonsucesso,Público Geral,Cadastro Único
Feminino,32,Fundamental Incompleto,Vargem Grande,3º,CRAS Bonsucesso,CRAS Bonsucesso,Público Geral,Cadastro Único
Feminino,27,Médio Completo,Vale Alpino,3º,CRAS Bonsucesso,CRAS Bonsucesso,Público Geral,Cadastro Único
Feminino,35,Fundamental Completo,Sebastiana,3º,CRAS Bonsucesso,CRAS Bonsucesso,Público Geral,Cadastro Único
Feminino,46,Fundamental Incompleto,Vargem Grande,3º,CRAS Bonsucesso,CRAS Bonsucesso,Público Geral,Cadastro Único
Feminino,21,Fundamental Completo,Vargem Grande,3º,CRAS Bonsucesso,CRAS Bonsucesso,Público Geral,Cadastro Único
Masculino,66,Fundamental Incompleto,Vargem Grande,3º,CRAS Bonsucesso,CRAS Bonsucesso,Público Geral,Assistente Social
Masculino,61,Não Escolarizado,Bonsucesso,3º,CRAS Bonsucesso,CRAS Bonsucesso,Público Geral,Cadastro Único
Feminino,18,Médio Incompleto,Bonsucesso,3º,CRAS Bonsucesso,CRAS Bonsucesso,Público Geral,Cadastro Único
Feminino,24,Médio Incompleto,Sebastiana,3º,CRAS Bonsucesso,CRAS Bonsucesso,Público Geral,Cadastro Único
Feminino,30,Médio Completo,Imbiu,3º,CRAS Bonsucesso,CRAS Bonsucesso,Público Geral,Cadastro Único
Feminino,26,Fundamental Incompleto,Imbiu,3º,CRAS Bonsucesso,CRAS Bonsucesso,Público Geral,Cadastro Único
Feminino,41,Fundamental Incompleto,Bonsucesso,3º,CRAS Bonsucesso,CRAS Bonsucesso,Público Geral,Cadastro Único
Feminino,55,Fundamental Incompleto,Bonsucesso,3º,CRAS Bonsucesso,CRAS Bonsucesso,Público Geral,Cadastro Único
Feminino,47,Fundamental Incompleto,Vieira,3º,CRAS Bonsucesso,CRAS Bonsucesso,Público Geral,Cadastro Único
Feminino,54,Não Escolarizado,Venda Nova,3º,CRAS Bonsucesso,CRAS Bonsucesso,Público Geral,Cadastro Único
Masculino,58,Fundamental Incompleto,Vargem Grande,3º,CRAS Bonsucesso,CRAS Bonsucesso,Público Geral,Assistente Social
Feminino,42,Fundamental Incompleto,Bonsucesso,3º,CRAS Bonsucesso,CRAS Bonsucesso,Público Geral,Cadastro Único
Feminino,31,Médio Incompleto,Vargem Grande,3º,CRAS Bonsucesso,CRAS Bonsucesso,Público Geral,Cadastro Único
Feminino,47,Não Escolarizado,Santa Rosa,3º,CRAS Bonsucesso,CRAS Bonsucesso,Público Geral,Cadastro Único
Feminino,40,Superior Incompleto,Bonsucesso,3º,CRAS Bonsucesso,CRAS Bonsucesso,Público Geral,Cadastro Único
Feminino,36,Médio Incompleto,Imbiu,3º,CRAS Bonsucesso,CRAS Bonsucesso,Público Geral,Cadastro Único
Feminino,65,Fundamental Incompleto,Vargem Grande,3º,CRAS Bonsucesso,CRAS Bonsucesso,Público Geral,Cadastro Único
Feminino,51,Fundamental Incompleto,Vieira,3º,CRAS Bonsucesso,CRAS Bonsucesso,Público Geral,Cadastro Único
Feminino,59,Fundamental Incompleto,Mottas,3º,CRAS Bonsucesso,CRAS Bonsucesso,Público Geral,Cadastro Único
Feminino,65,Fundamental Incompleto,Vargem Grande,3º,CRAS Bonsucesso,CRAS Bonsucesso,Público Geral,Assistente Social
Feminino,34,Fundamental Incompleto,Bonsucesso,3º,CRAS Bonsucesso,CRAS Bonsucesso,Público Geral,Cadastro Único
Masculino,26,Médio Incompleto,Bonsucesso,3º,CRAS Bonsucesso,CRAS Bonsucesso,Público Geral,Cadastro Único
Masculino,45,Fundamental Incompleto,Vale Alpino,3º,CRAS Bonsucesso,CRAS Bonsucesso,Público Geral,Cadastro Único
Feminino,39,Fundamental Incompleto,Vale Alpino,3º,CRAS Bonsucesso,CRAS Bonsucesso,Público Geral,Cadastro Único
Feminino,31,Médio Incompleto,Bonsucesso,3º,CRAS Bonsucesso,CRAS Bonsucesso,Público Geral,Cadastro Único
Feminino,73,Não Escolarizado,Vieira,3º,CRAS Bonsucesso,CRAS Bonsucesso,Público Geral,Cadastro Único
Feminino,52,Não Escolarizado,Santa Rosa,3º,CRAS Bonsucesso,CRAS Bonsucesso,Público Geral,Cadastro Único
Feminino,59,Fundamental Incompleto,Bonsucesso,3º,CRAS Bonsucesso,CRAS Bonsucesso,Público Geral,Assistente Social
Feminino,18,Médio Incompleto,Santa Rosa,3º,CRAS Bonsucesso,CRAS Bonsucesso,Público Geral,Cadastro Único
Feminino,73,Fundamental Incompleto,Santa Rosa,3º,CRAS Bonsucesso,CRAS Bonsucesso,Público Geral,Cadastro Único
Masculino,19,Médio Completo,Bonsucesso,3º,CRAS Bonsucesso,CRAS Bonsucesso,Público Geral,Cadastro Único
Feminino,40,Superior Incompleto,Bonsucesso,3º,CRAS Bonsucesso,CRAS Bonsucesso,Público Geral,Cadastro Único
Feminino,41,Fundamental Incompleto,Mottas,3º,CRAS Bonsucesso,CRAS Bonsucesso,Público Geral,Cadastro Único
Feminino,25,Fundamental Incompleto,Mottas,3º,CRAS Bonsucesso,CRAS Bonsucesso,Público Geral,Cadastro Único
Feminino,40,Médio Incompleto,Mottas,3º,CRAS Bonsucesso,CRAS Bonsucesso,Público Geral,Cadastro Único
Masculino,72,Fundamental Incompleto,Vargem Grande,3º,CRAS Bonsucesso,CRAS Bonsucesso,Público Geral,Cadastro Único
Masculino,61,Fundamental Incompleto,Vargem Grande,3º,CRAS Bonsucesso,CRAS Bonsucesso,Público Geral,Cadastro Único
Feminino,32,Fundamental Completo,Vargem Grande,3º,CRAS Bonsucesso,CRAS Bonsucesso,Público Geral,Assistente Social
Feminino,33,Médio Incompleto,Santa Rosa,3º,CRAS Bonsucesso,CRAS Bonsucesso,Público Geral,Cadastro Único
Feminino,48,Fundamental Incompleto,Bonsucesso,3º,CRAS Bonsucesso,CRAS Bonsucesso,Público Geral,Cadastro Único
Feminino,48,Fundamental Incompleto,Bonsucesso,3º,CRAS Bonsucesso,CRAS Bonsucesso,Público Geral,Assistente Social
Feminino,23,Médio Incompleto,Vieira,3º,CRAS Bonsucesso,CRAS Bonsucesso,Público Geral,Cadastro Único
Feminino,23,Fundamental Incompleto,Bonsucesso,3º,CRAS Bonsucesso,CRAS Bonsucesso,Público Geral,Assistente Social
Feminino,37,Fundamental Completo,Bonsucesso,3º,CRAS Bonsucesso,CRAS Bonsucesso,Público Geral,Assistente Social
Feminino,52,Fundamental Incompleto,Mottas,3º,CRAS Bonsucesso,CRAS Bonsucesso,Público Geral,Cadastro Único
Feminino,28,Fundamental Incompleto,Mottas,3º,CRAS Bonsucesso,CRAS Bonsucesso,Público Geral,Cadastro Único
Feminino,32,Médio Incompleto,Imbiu,3º,CRAS Bonsucesso,CRAS Bonsucesso,Público Geral,Cadastro Único
Feminino,48,Fundamental Incompleto,Vargem Grande,3º,CRAS Bonsucesso,CRAS Bonsucesso,Público Geral,Cadastro Único
Feminino,31,Médio Incompleto,Vieira,3º,CRAS Bonsucesso,CRAS Bonsucesso,Público Geral,Cadastro Único
Feminino,19,Médio Completo,Vieira,3º,CRAS Bonsucesso,CRAS Bonsucesso,Público Geral,Cadastro Único
Feminino,19,Médio Completo,Vieira,3º,CRAS Bonsucesso,CRAS Bonsucesso,Público Geral,Coordenadora
Feminino,44,Fundamental Incompleto,Vieira,3º,CRAS Bonsucesso,CRAS Bonsucesso,Público Geral,Cadastro Único
Feminino,26,Fundamental Incompleto,Campanha,3º,CRAS Bonsucesso,CRAS Bonsucesso,Público Geral,Cadastro Único
Feminino,50,Fundamental Incompleto,Bonsucesso,3º,CRAS Bonsucesso,CRAS Bonsucesso,PAIF,Coordenadora
Feminino,29,Médio Completo,Bonsucesso,3º,CRAS Bonsucesso,CRAS Bonsucesso,Público Geral,Assistente Social
Feminino,29,Médio Completo,Bonsucesso,3º,CRAS Bonsucesso,CRAS Bonsucesso,Público Geral,Cadastro Único
Feminino,22,Fundamental Incompleto,Santa Rosa,3º,CRAS Bonsucesso,CRAS Bonsucesso,Público Geral,Cadastro Único
Feminino,25,Médio Completo,Bonsucesso,3º,CRAS Bonsucesso,CRAS Bonsucesso,Público Geral,Cadastro Único
Feminino,25,Médio Completo,Bonsucesso,3º,CRAS Bonsucesso,CRAS Bonsucesso,Público Geral,Assistente Social
Feminino,32,Fundamental Incompleto,Bonsucesso,3º,CRAS Bonsucesso,CRAS Bonsucesso,Público Geral,Cadastro Único
Feminino,42,Fundamental Incompleto,Vieira,3º,CRAS Bonsucesso,CRAS Bonsucesso,Público Geral,Cadastro Único
Feminino,42,Fundamental Incompleto,Vieira,3º,CRAS Bonsucesso,CRAS Bonsucesso,Público Geral,Coordenadora
Feminino,20,Fundamental Incompleto,Santa Rosa,3º,CRAS Bonsucesso,CRAS Bonsucesso,Público Geral,Cadastro Único
Feminino,35,Médio Incompleto,Sebastiana,3º,CRAS Bonsucesso,CRAS Bonsucesso,Público Geral,Cadastro Único
Feminino,49,Fundamental Incompleto,Bonsucesso,3º,CRAS Bonsucesso,CRAS Bonsucesso,Público Geral,Cadastro Único
Feminino,42,Médio Completo,Vieira,3º,CRAS Bonsucesso,CRAS Bonsucesso,Público Geral,Cadastro Único
Feminino,60,Superior Incompleto,Bonsucesso,3º,CRAS Bonsucesso,CRAS Bonsucesso,Público Geral,Assistente Social
Feminino,67,Fundamental Incompleto,Imbiu,3º,CRAS Bonsucesso,CRAS Bonsucesso,Público Geral,Cadastro Único
Feminino,49,Fundamental Incompleto,Vieira,3º,CRAS Bonsucesso,CRAS Bonsucesso,Público Geral,Cadastro Único
Masculino,51,Médio Completo,Vieira,3º,CRAS Bonsucesso,CRAS Bonsucesso,Público Geral,Assistente Social
Feminino,23,Fundamental Incompleto,Vale Alpino,3º,CRAS Bonsucesso,CRAS Bonsucesso,Público Geral,Cadastro Único
Feminino,44,Médio Completo,Bonsucesso,3º,CRAS Bonsucesso,CRAS Bonsucesso,Público Geral,Cadastro Único
Masculino,35,Médio Incompleto,Vargem Grande,3º,CRAS Bonsucesso,CRAS Bonsucesso,Público Geral,Cadastro Único
Feminino,26,Fundamental Incompleto,Mottas,3º,CRAS Bonsucesso,CRAS Bonsucesso,Público Geral,Cadastro Único
Feminino,35,Superior Incompleto,Vieira,3º,CRAS Bonsucesso,CRAS Bonsucesso,Público Geral,Cadastro Único
Feminino,31,Fundamental Incompleto,Santa Rosa,3º,CRAS Bonsucesso,CRAS Bonsucesso,Público Geral,Cadastro Único
Feminino,21,Fundamental Incompleto,Bonsucesso,3º,CRAS Bonsucesso,CRAS Bonsucesso,Público Geral,Cadastro Único
Masculino,50,Fundamental Incompleto,Venda Nova,3º,CRAS Bonsucesso,CRAS Bonsucesso,Público Geral,Cadastro Único
Feminino,37,Médio Completo,Vargem Grande,3º,CRAS Bonsucesso,CRAS Bonsucesso,Público Geral,Assistente Social
Feminino,61,Fundamental Incompleto,Imbiu,3º,CRAS Bonsucesso,CRAS Bonsucesso,Público Geral,Cadastro Único
Feminino,52,Fundamental Incompleto,Venda Nova,3º,CRAS Bonsucesso,CRAS Bonsucesso,Público Geral,Cadastro Único
Masculino,55,Fundamental Incompleto,Venda Nova,3º,CRAS Bonsucesso,CRAS Bonsucesso,Público Geral,Cadastro Único
Feminino,52,Superior Completo,Vargem Grande,3º,CRAS Bonsucesso,CRAS Bonsucesso,Público Geral,Cadastro Único
Feminino,39,Fundamental Incompleto,Vieira,3º,CRAS Bonsucesso,CRAS Bonsucesso,Público Geral,Cadastro Único
Feminino,40,Médio Incompleto,Vieira,3º,CRAS Bonsucesso,CRAS Bonsucesso,Público Geral,Cadastro Único
Feminino,25,Fundamental Incompleto,Vargem Grande,3º,CRAS Bonsucesso,CRAS Bonsucesso,Público Geral,Cadastro Único
Feminino,30,Médio Completo,Imbiu,3º,CRAS Bonsucesso,CRAS Bonsucesso,Público Geral,Cadastro Único
Feminino,22,Médio Incompleto,Vieira,3º,CRAS Bonsucesso,CRAS Bonsucesso,Público Geral,Cadastro Único
Feminino,22,Médio Incompleto,Vieira,3º,CRAS Bonsucesso,CRAS Bonsucesso,Público Geral,Assistente Social
Feminino,47,Fundamental Incompleto,Imbiu,3º,CRAS Bonsucesso,CRAS Bonsucesso,Público Geral,Cadastro Único
Feminino,40,Fundamental Incompleto,Santa Rosa,3º,CRAS Bonsucesso,CRAS Bonsucesso,Público Geral,Cadastro Único
Feminino,22,Fundamental Completo,Bonsucesso,3º,CRAS Bonsucesso,CRAS Bonsucesso,Público Geral,Cadastro Único
Feminino,43,Médio Incompleto,Bonsucesso,3º,CRAS Bonsucesso,CRAS Bonsucesso,Público Geral,Cadastro Único
Feminino,53,Fundamental Incompleto,Vargem Grande,3º,CRAS Bonsucesso,CRAS Bonsucesso,Público Geral,Cadastro Único
Feminino,45,Fundamental Incompleto,Venda Nova,3º,CRAS Bonsucesso,CRAS Bonsucesso,Público Geral,Psicóloga
Feminino,45,Fundamental Incompleto,Venda Nova,3º,CRAS Bonsucesso,CRAS Bonsucesso,Público Geral,Assistente Social
Feminino,18,Fundamental Completo,Bonsucesso,3º,CRAS Bonsucesso,CRAS Bonsucesso,Público Geral,Cadastro Único
Feminino,43,Superior Incompleto,Vieira,3º,CRAS Bonsucesso,CRAS Bonsucesso,Público Geral,Psicóloga
Feminino,34,Médio Completo,Vieira,3º,CRAS Bonsucesso,CRAS Bonsucesso,Público Geral,Cadastro Único
Feminino,42,Não Escolarizado,Vieira,3º,CRAS Bonsucesso,CRAS Bonsucesso,Público Geral,Cadastro Único
Feminino,36,Médio Completo,Mottas,3º,CRAS Bonsucesso,CRAS Bonsucesso,Público Geral,Cadastro Único
Feminino,29,Médio Completo,Vieira,3º,CRAS Bonsucesso,CRAS Bonsucesso,Público Geral,Cadastro Único
Feminino,29,Médio Completo,Vieira,3º,CRAS Bonsucesso,CRAS Bonsucesso,Público Geral,Coordenadora
Feminino,73,Fundamental Incompleto,Santa Rosa,3º,CRAS Bonsucesso,CRAS Bonsucesso,Público Geral,Cadastro Único
Feminino,48,Médio Completo,Bonsucesso,3º,CRAS Bonsucesso,CRAS Bonsucesso,Público Geral,Cadastro Único
Feminino,22,Médio Incompleto,Vargem Grande,3º,CRAS Bonsucesso,CRAS Bonsucesso,Público Geral,Cadastro Único
Feminino,22,Médio Incompleto,Vargem Grande,3º,CRAS Bonsucesso,CRAS Bonsucesso,Público Geral,Coordenadora
Feminino,32,Médio Incompleto,Vargem Grande,3º,CRAS Bonsucesso,CRAS Bonsucesso,Público Geral,Coordenadora
Feminino,32,Médio Incompleto,Vargem Grande,3º,CRAS Bonsucesso,CRAS Bonsucesso,Público Geral,Cadastro Único
Feminino,29,Fundamental Incompleto,Vieira,3º,CRAS Bonsucesso,CRAS Bonsucesso,Público Geral,Cadastro Único
Feminino,41,Fundamental Incompleto,Santa Rosa,3º,CRAS Bonsucesso,CRAS Bonsucesso,Público Geral,Cadastro Único
Feminino,41,Fundamental Incompleto,Santa Rosa,3º,CRAS Bonsucesso,CRAS Bonsucesso,Público Geral,Coordenadora
Feminino,59,Fundamental Incompleto,Vargem Grande,3º,CRAS Bonsucesso,CRAS Bonsucesso,Público Geral,Cadastro Único
Feminino,24,Médio Completo,Bonsucesso,3º,CRAS Bonsucesso,CRAS Bonsucesso,Público Geral,Cadastro Único
Feminino,69,Não Escolarizado,Imbiu,3º,CRAS Bonsucesso,CRAS Bonsucesso,Público Geral,Cadastro Único
Masculino,56,Fundamental Incompleto,Vargem Grande,3º,CRAS Bonsucesso,CRAS Bonsucesso,Público Geral,Cadastro Único
Feminino,21,Médio Incompleto,Vargem Grande,3º,CRAS Bonsucesso,CRAS Bonsucesso,Público Geral,Cadastro Único
Feminino,34,Fundamental Incompleto,Vieira,3º,CRAS Bonsucesso,CRAS Bonsucesso,Público Geral,Cadastro Único
Feminino,34,Médio Completo,Bonsucesso,3º,CRAS Bonsucesso,CRAS Bonsucesso,Público Geral,Cadastro Único
Feminino,71,Não Escolarizado,Vieira,3º,CRAS Bonsucesso,CRAS Bonsucesso,Público Geral,Cadastro Único
Feminino,27,Médio Incompleto,Santa Rosa,3º,CRAS Bonsucesso,CRAS Bonsucesso,Público Geral,Cadastro Único
Feminino,41,Fundamental Incompleto,Vargem Grande,3º,CRAS Bonsucesso,CRAS Bonsucesso,Público Geral,Cadastro Único
Masculino,60,Fundamental Incompleto,Vieira,3º,CRAS Bonsucesso,CRAS Bonsucesso,Público Geral,Cadastro Único
Feminino,23,Médio Completo,Bonsucesso,3º,CRAS Bonsucesso,CRAS Bonsucesso,Público Geral,Cadastro Único
Feminino,26,Fundamental Completo,Vieira,3º,CRAS Bonsucesso,CRAS Bonsucesso,Público Geral,Assistente Social
Feminino,37,Médio Completo,Vargem Grande,3º,CRAS Bonsucesso,CRAS Bonsucesso,Público Geral,Assistente Social
Feminino,37,Fundamental Incompleto,Santa Rosa,3º,CRAS Bonsucesso,CRAS Bonsucesso,Público Geral,Cadastro Único
Feminino,32,Fundamental Incompleto,Vargem Grande,3º,CRAS Bonsucesso,CRAS Bonsucesso,Público Geral,Assistente Social
Feminino,41,Fundamental Incompleto,Sebastiana,3º,CRAS Bonsucesso,CRAS Bonsucesso,Público Geral,Cadastro Único
Feminino,31,Médio Completo,Mottas,3º,CRAS Bonsucesso,CRAS Bonsucesso,Público Geral,Cadastro Único
Masculino,53,Fundamental Incompleto,Frades,3º,CRAS Bonsucesso,CRAS Bonsucesso,Público Geral,Cadastro Único
Feminino,39,Fundamental Incompleto,Bonsucesso,3º,CRAS Bonsucesso,CRAS Bonsucesso,Público Geral,Cadastro Único
Masculino,31,Médio Incompleto,Mottas,3º,CRAS Bonsucesso,CRAS Bonsucesso,Público Geral,Cadastro Único
Feminino,21,Médio Completo,Sebastiana,3º,CRAS Bonsucesso,CRAS Bonsucesso,Público Geral,Coordenadora
Feminino,60,Não Escolarizado,Vargem Grande,3º,CRAS Bonsucesso,CRAS Bonsucesso,Público Geral,Cadastro Único
Masculino,53,Fundamental Incompleto,Vieira,3º,CRAS Bonsucesso,CRAS Bonsucesso,Público Geral,Cadastro Único
Feminino,57,Superior Completo,Vargem Grande,3º,CRAS Bonsucesso,CRAS Bonsucesso,Público Geral,Cadastro Único
Feminino,39,Médio Completo,Vieira,3º,CRAS Bonsucesso,CRAS Bonsucesso,Público Geral,Cadastro Único
Feminino,39,Médio Completo,Vieira,3º,CRAS Bonsucesso,CRAS Bonsucesso,Público Geral,Coordenadora
Feminino,45,Superior Incompleto,Venda Nova,3º,CRAS Bonsucesso,CRAS Bonsucesso,Público Geral,Cadastro Único
Masculino,68,Médio Completo,Vieira,3º,CRAS Bonsucesso,CRAS Bonsucesso,Público Geral,Cadastro Único
Feminino,46,Fundamental Incompleto,Bonsucesso,3º,CRAS Bonsucesso,CRAS Bonsucesso,Público Geral,Cadastro Único
Feminino,43,Fundamental Incompleto,Vieira,3º,CRAS Bonsucesso,CRAS Bonsucesso,Público Geral,Cadastro Único
Feminino,38,Fundamental Incompleto,Sebastiana,3º,CRAS Bonsucesso,CRAS Bonsucesso,Público Geral,Cadastro Único
Masculino,31,Médio Incompleto,Bonsucesso,3º,CRAS Bonsucesso,CRAS Bonsucesso,Público Geral,Cadastro Único
Masculino,65,Fundamental Incompleto,Vale Alpino,3º,CRAS Bonsucesso,CRAS Bonsucesso,Público Geral,Cadastro Único
Feminino,44,Médio Completo,Bonsucesso,3º,CRAS Bonsucesso,CRAS Bonsucesso,Público Geral,Cadastro Único
Feminino,23,Fundamental Incompleto,Bonsucesso,3º,CRAS Bonsucesso,CRAS Bonsucesso,Público Geral,Assistente Social
Feminino,45,Fundamental Incompleto,Vieira,3º,CRAS Bonsucesso,CRAS Bonsucesso,Público Geral,Cadastro Único
Feminino,41,Médio Completo,Mottas,3º,CRAS Bonsucesso,CRAS Bonsucesso,Público Geral,Cadastro Único
Feminino,33,Médio Completo,Bonsucesso,3º,CRAS Bonsucesso,CRAS Bonsucesso,Público Geral,Assistente Social
Feminino,40,Fundamental Completo,Venda Nova,3º,CRAS Bonsucesso,CRAS Bonsucesso,Público Geral,Cadastro Único
Masculino,60,Fundamental Incompleto,Vargem Grande,3º,CRAS Bonsucesso,CRAS Bonsucesso,Público Geral,Cadastro Único
Feminino,45,Médio Completo,Bonsucesso,3º,CRAS Bonsucesso,CRAS Bonsucesso,Público Geral,Cadastro Único
Feminino,38,Médio Completo,vargem Grande,3º,CRAS Bonsucesso,CRAS Bonsucesso,Público Geral,Cadastro Único
Feminino,65,Não Escolarizado,Venda Nova,3º,CRAS Bonsucesso,CRAS Bonsucesso,PAIF,Coordenadora
Feminino,45,Fundamental Incompleto,vargem Grande,3º,CRAS Bonsucesso,CRAS Bonsucesso,PAIF,Coordenadora
Masculino,65,Fundamental Incompleto,vargem Grande,3º,CRAS Bonsucesso,CRAS Bonsucesso,PAIF,Coordenadora
Masculino,60,Fundamental Incompleto,Santa Rosa,3º,CRAS Bonsucesso,CRAS Bonsucesso,PAIF,Coordenadora
Feminino,24,Médio Incompleto,Vale Alpino,3º,CRAS Bonsucesso,CRAS Bonsucesso,Público Geral,Cadastro Único
Feminino,64,Não Escolarizado,Mottas,3º,CRAS Bonsucesso,CRAS Bonsucesso,PAIF,Assistente Social
Feminino,64,Não Escolarizado,Mottas,3º,CRAS Bonsucesso,CRAS Bonsucesso,PAIF,Coordenadora
Feminino,31,Fundamental Incompleto,Vieira,3º,CRAS Bonsucesso,CRAS Bonsucesso,PAIF,Coordenadora
Feminino,26,Fundamental Incompleto,Bonsucesso,3º,CRAS Bonsucesso,CRAS Bonsucesso,PAIF,Coordenadora
Feminino,51,Fundamental Incompleto,Bonsucesso,3º,CRAS Bonsucesso,CRAS Bonsucesso,PAIF,Coordenadora
Masculino,46,Fundamental Incompleto,Bonsucesso,3º,CRAS Bonsucesso,CRAS Bonsucesso,PAIF,Coordenadora
Feminino,57,Fundamental Incompleto,Imbiu,3º,CRAS Bonsucesso,CRAS Bonsucesso,PAIF,Coordenadora
Feminino,50,Fundamental Incompleto,Campanha,3º,CRAS Bonsucesso,CRAS Bonsucesso,PAIF,Coordenadora
Masculino,62,Fundamental Incompleto,Vieira,3º,CRAS Bonsucesso,CRAS Bonsucesso,PAIF,Coordenadora
Feminino,37,Médio Incompleto,Sebastiana,3º,CRAS Bonsucesso,CRAS Bonsucesso,PAIF,Coordenadora
Masculino,49,Médio Completo,Bonsucesso,3º,CRAS Bonsucesso,CRAS Bonsucesso,PAIF,Cadastro Único
Masculino,49,Médio Completo,Bonsucesso,3º,CRAS Bonsucesso,CRAS Bonsucesso,PAIF,Assistente Social
Masculino,29,Médio Incompleto,Bonsucesso,3º,CRAS Bonsucesso,CRAS Bonsucesso,PAIF,Coordenadora
Feminino,31,Fundamental Incompleto,Mottas,3º,CRAS Bonsucesso,CRAS Bonsucesso,PAIF,Coordenadora
Feminino,31,Fundamental Incompleto,Mottas,3º,CRAS Bonsucesso,CRAS Bonsucesso,PAIF,Assistente Social
Feminino,50,Fundamental Incompleto,Bonsucesso,3º,CRAS Bonsucesso,CRAS Bonsucesso,PAIF,Coordenadora
Feminino,37,Fundamental Incompleto,Santa Rosa,3º,CRAS Bonsucesso,CRAS Bonsucesso,PAIF,Coordenadora
Feminino,20,Fundamental Incompleto,Vieira,3º,CRAS Bonsucesso,CRAS Bonsucesso,PAIF,Coordenadora
Feminino,52,Médio Completo,Bonsucesso,3º,CRAS Bonsucesso,CRAS Bonsucesso,Público Geral,Cadastro Único
Feminino,45,Fundamental Incompleto,Bonsucesso,3º,CRAS Bonsucesso,CRAS Bonsucesso,PAIF,Coordenadora
Feminino,36,Fundamental Incompleto,Bonsucesso,3º,CRAS Bonsucesso,CRAS Bonsucesso,PAIF,Coordenadora
Feminino,22,Médio Completo,Vargem Grande,3º,CRAS Bonsucesso,CRAS Bonsucesso,PAIF,Coordenadora
Feminino,22,Fundamental Incompleto,Vieira,3º,CRAS Bonsucesso,CRAS Bonsucesso,PAIF,Coordenadora
Feminino,38,Fundamental Incompleto,Vale Alpino,3º,CRAS Bonsucesso,CRAS Bonsucesso,PAIF,Coordenadora
Feminino,31,Fundamental Incompleto,vargem Grande,3º,CRAS Bonsucesso,CRAS Bonsucesso,PAIF,Coordenadora
Masculino,56,Fundamental Incompleto,vargem Grande,3º,CRAS Bonsucesso,CRAS Bonsucesso,PAIF,Coordenadora
Feminino,23,Médio Completo,Bonsucesso,3º,CRAS Bonsucesso,CRAS Bonsucesso,Público Geral,Cadastro Único
Feminino,54,Fundamental Incompleto,Vieira,3º,CRAS Bonsucesso,CRAS Bonsucesso,Público Geral,Cadastro Único
Feminino,27,Médio Incompleto,Vieira,3º,CRAS Bonsucesso,CRAS Bonsucesso,Público Geral,Cadastro Único
Feminino,28,Fundamental Completo,Sebastiana,3º,CRAS Bonsucesso,CRAS Bonsucesso,Público Geral,Cadastro Único
Feminino,39,Fundamental Completo,Santa Rosa,3º,CRAS Bonsucesso,CRAS Bonsucesso,Público Geral,Cadastro Único
Feminino,24,Médio Completo,Campanha,3º,CRAS Bonsucesso,CRAS Bonsucesso,Público Geral,Cadastro Único
Feminino,24,Médio Completo,Campanha,3º,CRAS Bonsucesso,CRAS Bonsucesso,Público Geral,Assistente Social
Feminino,45,Médio Completo,Vieira,3º,CRAS Bonsucesso,CRAS Bonsucesso,Público Geral,Cadastro Único
Feminino,51,Fundamental Incompleto,Vieira,3º,CRAS Bonsucesso,CRAS Bonsucesso,Público Geral,Cadastro Único
Feminino,23,Médio Completo,Bonsucesso,3º,CRAS Bonsucesso,CRAS Bonsucesso,Público Geral,Cadastro Único
Masculino,32,Fundamental Completo,Imbiu,3º,CRAS Bonsucesso,CRAS Bonsucesso,Público Geral,Cadastro Único
Masculino,61,Não Escolarizado,Bonsucesso,3º,CRAS Bonsucesso,CRAS Bonsucesso,Público Geral,Cadastro Único
Feminino,43,Médio Completo,Bonsucesso,3º,CRAS Bonsucesso,CRAS Bonsucesso,Público Geral,Cadastro Único
Feminino,46,Fundamental Incompleto,Vieira,3º,CRAS Bonsucesso,CRAS Bonsucesso,Público Geral,Cadastro Único
Feminino,52,Fundamental Incompleto,Bonsucesso,3º,CRAS Bonsucesso,CRAS Bonsucesso,Público Geral,Cadastro Único
Feminino,52,Fundamental Incompleto,Bonsucesso,3º,CRAS Bonsucesso,CRAS Bonsucesso,Público Geral,Coordenadora
Feminino,24,Médio Completo,Santa Rosa,3º,CRAS Bonsucesso,CRAS Bonsucesso,Público Geral,Coordenadora
Feminino,24,Médio Completo,Santa Rosa,3º,CRAS Bonsucesso,CRAS Bonsucesso,Público Geral,Cadastro Único
Feminino,25,Superior Incompleto,Bonsucesso,3º,CRAS Bonsucesso,CRAS Bonsucesso,Público Geral,Cadastro Único
Feminino,41,Fundamental Incompleto,Bonsucesso,3º,CRAS Bonsucesso,CRAS Bonsucesso,Público Geral,Cadastro Único
Feminino,41,Fundamental Incompleto,Bonsucesso,3º,CRAS Bonsucesso,CRAS Bonsucesso,Público Geral,Coordenadora
Feminino,45,Fundamental Incompleto,Bonsucesso,3º,CRAS Bonsucesso,CRAS Bonsucesso,Público Geral,Coordenadora
Feminino,45,Fundamental Incompleto,Bonsucesso,3º,CRAS Bonsucesso,CRAS Bonsucesso,Público Geral,Cadastro Único
Feminino,40,Fundamental Incompleto,Santa Rosa,3º,CRAS Bonsucesso,CRAS Bonsucesso,Público Geral,Cadastro Único
Feminino,33,Médio Completo,Sebastiana,3º,CRAS Bonsucesso,CRAS Bonsucesso,Público Geral,Cadastro Único
Feminino,48,Fundamental Incompleto,Santa Rosa,3º,CRAS Bonsucesso,CRAS Bonsucesso,Público Geral,Cadastro Único
Feminino,39,Médio Completo,Bonsucesso,3º,CRAS Bonsucesso,CRAS Bonsucesso,Público Geral,Cadastro Único
Feminino,46,Fundamental Incompleto,Vale Alpino,3º,CRAS Bonsucesso,CRAS Bonsucesso,Público Geral,Cadastro Único
Feminino,33,Fundamental Incompleto,Venda Nova,3º,CRAS Bonsucesso,CRAS Bonsucesso,Público Geral,Cadastro Único
Feminino,25,Fundamental Incompleto,Venda Nova,3º,CRAS Bonsucesso,CRAS Bonsucesso,Público Geral,Cadastro Único
Feminino,70,Fundamental Incompleto,Bonsucesso,3º,CRAS Bonsucesso,CRAS Bonsucesso,Público Geral,Cadastro Único
Feminino,46,Médio Incompleto,Vargem Grande,3º,CRAS Bonsucesso,CRAS Bonsucesso,Público Geral,Cadastro Único
Feminino,60,Fundamental Incompleto,Bonsucesso,3º,CRAS Bonsucesso,CRAS Bonsucesso,Público Geral,Psicóloga
Feminino,35,Médio Completo,Vargem Grande,3º,CRAS Bonsucesso,CRAS Bonsucesso,Público Geral,Assistente Social
Feminino,59,Fundamental Incompleto,Imbiu,3º,CRAS Bonsucesso,CRAS Bonsucesso,Público Geral,Cadastro Único
Feminino,59,Fundamental Incompleto,Imbiu,3º,CRAS Bonsucesso,CRAS Bonsucesso,Público Geral,Coordenadora
Feminino,23,Médio Incompleto,Bonsucesso,3º,CRAS Bonsucesso,CRAS Bonsucesso,Público Geral,Cadastro Único
Feminino,23,Médio Incompleto,Bonsucesso,3º,CRAS Bonsucesso,CRAS Bonsucesso,Público Geral,Coordenadora
Feminino,13,Fundamental Incompleto,Santa Rosa,3º,CRAS Bonsucesso,CRAS Bonsucesso,Público Geral,Psicóloga
Feminino,23,Médio Completo,Bonsucesso,3º,CRAS Bonsucesso,CRAS Bonsucesso,Público Geral,Assistente Social
Feminino,46,Não Escolarizado,Vieira,3º,CRAS Bonsucesso,CRAS Bonsucesso,Público Geral,Assistente Social
Feminino,53,Fundamental Incompleto,Venda Nova,3º,CRAS Bonsucesso,CRAS Bonsucesso,Público Geral,Cadastro Único
Masculino,65,Médio Completo,Bonsucesso,3º,CRAS Bonsucesso,CRAS Bonsucesso,Público Geral,Cadastro Único
Feminino,48,Fundamental Incompleto,Campanha,3º,CRAS Bonsucesso,CRAS Bonsucesso,Público Geral,Cadastro Único
Feminino,47,Fundamental Incompleto,Bonsucesso,3º,CRAS Bonsucesso,CRAS Bonsucesso,Público Geral,Cadastro Único
Masculino,43,Fundamental Incompleto,Venda Nova,3º,CRAS Bonsucesso,CRAS Bonsucesso,Público Geral,Cadastro Único
Feminino,45,Fundamental Incompleto,Venda Nova,3º,CRAS Bonsucesso,CRAS Bonsucesso,Público Geral,Psicóloga
Feminino,23,Médio Incompleto,Mottas,3º,CRAS Bonsucesso,CRAS Bonsucesso,Público Geral,Cadastro Único
Feminino,20,Médio Incompleto,Mottas,3º,CRAS Bonsucesso,CRAS Bonsucesso,Público Geral,Cadastro Único
Feminino,42,Fundamental Incompleto,Vale Alpino,3º,CRAS Bonsucesso,CRAS Bonsucesso,Público Geral,Psicóloga
Feminino,30,Médio Completo,Imbiu,3º,CRAS Bonsucesso,CRAS Bonsucesso,Público Geral,Assistente Social
Feminino,47,Fundamental Incompleto,Bonsucesso,3º,CRAS Bonsucesso,CRAS Bonsucesso,Público Geral,Cadastro Único
Feminino,42,Não Escolarizado,Vieira,3º,CRAS Bonsucesso,CRAS Bonsucesso,Público Geral,Cadastro Único
Feminino,55,Fundamental Incompleto,Imbiu,3º,CRAS Bonsucesso,CRAS Bonsucesso,Público Geral,Cadastro Único
Feminino,38,Médio Incompleto,Bonsucesso,3º,CRAS Bonsucesso,CRAS Bonsucesso,Público Geral,Cadastro Único
Feminino,48,Fundamental Incompleto,Bonsucesso,3º,CRAS Bonsucesso,CRAS Bonsucesso,Público Geral,Cadastro Único
Feminino,57,Fundamental Incompleto,Vargem Grande,3º,CRAS Bonsucesso,CRAS Bonsucesso,Público Geral,Cadastro Único
Feminino,49,Fundamental Incompleto,Vieira,3º,CRAS Bonsucesso,CRAS Bonsucesso,Público Geral,Cadastro Único
Feminino,34,Fundamental Incompleto,Vargem Grande,3º,CRAS Bonsucesso,CRAS Bonsucesso,Público Geral,Cadastro Único
Feminino,31,Fundamental Incompleto,Imbiu,3º,CRAS Bonsucesso,CRAS Bonsucesso,Público Geral,Cadastro Único
Feminino,43,Médio Incompleto,Vieira,3º,CRAS Bonsucesso,CRAS Bonsucesso,Público Geral,Cadastro Único
Feminino,32,Fundamental Incompleto,Vieira,3º,CRAS Bonsucesso,CRAS Bonsucesso,Público Geral,Cadastro Único
Feminino,35,Fundamental Completo,Imbiu,3º,CRAS Bonsucesso,CRAS Bonsucesso,Público Geral,Cadastro Único
Feminino,37,Fundamental Incompleto,Bonsucesso,3º,CRAS Bonsucesso,CRAS Bonsucesso,Público Geral,Cadastro Único
Feminino,50,Não Escolarizado,Bonsucesso,3º,CRAS Bonsucesso,CRAS Bonsucesso,Público Geral,Cadastro Único
Feminino,67,Fundamental Incompleto,Bonsucesso,3º,CRAS Bonsucesso,CRAS Bonsucesso,Público Geral,Cadastro Único
Feminino,38,Fundamental Incompleto,Venda Nova,3º,CRAS Bonsucesso,CRAS Bonsucesso,Público Geral,Cadastro Único
Feminino,25,Superior Completo,Mottas,3º,CRAS Bonsucesso,CRAS Bonsucesso,Público Geral,Cadastro Único
Feminino,25,Superior Completo,Mottas,3º,CRAS Bonsucesso,CRAS Bonsucesso,Público Geral,Coordenadora
Feminino,41,Médio Completo,Vieira,3º,CRAS Bonsucesso,CRAS Bonsucesso,Público Geral,Assistente Social
Feminino,47,Fundamental Incompleto,Vale Alpino,3º,CRAS Bonsucesso,CRAS Bonsucesso,Público Geral,Cadastro Único
Feminino,47,Fundamental Incompleto,Vale Alpino,3º,CRAS Bonsucesso,CRAS Bonsucesso,Público Geral,Coordenadora
Feminino,24,Médio Completo,Santa Rosa,3º,CRAS Bonsucesso,CRAS Bonsucesso,Público Geral,Cadastro Único
Feminino,23,Superior Incompleto,Bonsucesso,3º,CRAS Bonsucesso,CRAS Bonsucesso,Público Geral,Cadastro Único
Feminino,23,Superior Incompleto,Bonsucesso,3º,CRAS Bonsucesso,CRAS Bonsucesso,Público Geral,Coordenadora
Feminino,30,Médio Completo,Campanha,3º,CRAS Bonsucesso,CRAS Bonsucesso,Público Geral,Cadastro Único
Feminino,58,Fundamental Incompleto,Campanha,3º,CRAS Bonsucesso,CRAS Bonsucesso,Público Geral,Cadastro Único
Feminino,29,Médio Completo,Vieira,3º,CRAS Bonsucesso,CRAS Bonsucesso,Público Geral,Cadastro Único
Feminino,51,Fundamental Incompleto,Imbiu,3º,CRAS Bonsucesso,CRAS Bonsucesso,Público Geral,Cadastro Único
Feminino,43,Médio Completo,Vargem Grande,3º,CRAS Bonsucesso,CRAS Bonsucesso,Público Geral,Cadastro Único
Masculino,52,Fundamental Incompleto,Bonsucesso,3º,CRAS Bonsucesso,CRAS Bonsucesso,Público Geral,Assistente Social
Feminino,35,Fundamental Completo,Bonsucesso,3º,CRAS Bonsucesso,CRAS Bonsucesso,Público Geral,Assistente Social
Feminino,35,Fundamental Completo,Bonsucesso,3º,CRAS Bonsucesso,CRAS Bonsucesso,Público Geral,Cadastro Único
Feminino,55,Fundamental Incompleto,Vargem Grande,3º,CRAS Bonsucesso,CRAS Bonsucesso,Público Geral,Cadastro Único
Feminino,81,Fundamental Incompleto,Vargem Grande,3º,CRAS Bonsucesso,CRAS Bonsucesso,Público Geral,Cadastro Único
Feminino,44,Fundamental Incompleto,Vargem Grande,3º,CRAS Bonsucesso,CRAS Bonsucesso,Público Geral,Cadastro Único
Feminino,32,Médio Completo,Bonsucesso,3º,CRAS Bonsucesso,CRAS Bonsucesso,Público Geral,Cadastro Único
Feminino,32,Médio Completo,Bonsucesso,3º,CRAS Bonsucesso,CRAS Bonsucesso,Público Geral,Coordenadora
Feminino,40,Médio Completo,Imbiu,3º,CRAS Bonsucesso,CRAS Bonsucesso,Público Geral,Cadastro Único
Feminino,36,Médio Incompleto,Santa Rosa,3º,CRAS Bonsucesso,CRAS Bonsucesso,Público Geral,Assistente Social
Masculino,78,Fundamental Incompleto,Vieira,3º,CRAS Bonsucesso,CRAS Bonsucesso,Público Geral,Cadastro Único
Feminino,44,Fundamental Incompleto,Vargem Grande,3º,CRAS Bonsucesso,CRAS Bonsucesso,Público Geral,Cadastro Único
Feminino,44,Fundamental Incompleto,Vargem Grande,3º,CRAS Bonsucesso,CRAS Bonsucesso,Público Geral,Coordenadora
Feminino,41,Fundamental Completo,Mottas,3º,CRAS Bonsucesso,CRAS Bonsucesso,Público Geral,Assistente Social
Feminino,46,Médio Completo,Venda Nova,3º,CRAS Bonsucesso,CRAS Bonsucesso,Público Geral,Assistente Social
Feminino,40,Médio Incompleto,Venda Nova,3º,CRAS Bonsucesso,CRAS Bonsucesso,Público Geral,Cadastro Único
Feminino,40,Superior Completo,Vale Alpino,3º,CRAS Bonsucesso,CRAS Bonsucesso,Público Geral,Assistente Social
Feminino,39,Médio Completo,Bonsucesso,3º,CRAS Bonsucesso,CRAS Bonsucesso,Público Geral,Cadastro Único
Feminino,39,Médio Completo,Bonsucesso,3º,CRAS Bonsucesso,CRAS Bonsucesso,Público Geral,Coordenadora
Feminino,23,Médio Incompleto,Sebastiana,3º,CRAS Bonsucesso,CRAS Bonsucesso,Público Geral,Cadastro Único
Feminino,29,Fundamental Incompleto,Mottas,3º,CRAS Bonsucesso,CRAS Bonsucesso,Público Geral,Cadastro Único
Feminino,36,Médio Completo,Vargem Grande,3º,CRAS Bonsucesso,CRAS Bonsucesso,Público Geral,Assistente Social
Feminino,51,Médio Incompleto,Vieira,3º,CRAS Bonsucesso,CRAS Bonsucesso,Público Geral,Cadastro Único
Feminino,16,Fundamental Incompleto,Mottas,3º,CRAS Bonsucesso,CRAS Bonsucesso,Público Geral,Cadastro Único
Feminino,34,Fundamental Completo,Vargem Grande,3º,CRAS Bonsucesso,CRAS Bonsucesso,Público Geral,Cadastro Único
Feminino,9,Fundamental Incompleto,Bonsucesso,3º,CRAS Bonsucesso,CRAS Bonsucesso,Fortalecimento de Vínculos,Atendimento Geral
Feminino,9,Fundamental Incompleto,Bonsucesso,3º,CRAS Bonsucesso,CRAS Bonsucesso,Fortalecimento de Vínculos,Atendimento Geral
Masculino,11,Fundamental Incompleto,Bonsucesso,3º,CRAS Bonsucesso,CRAS Bonsucesso,Fortalecimento de Vínculos,Atendimento Geral
Feminino,7,Fundamental Incompleto,Bonsucesso,3º,CRAS Bonsucesso,CRAS Bonsucesso,Fortalecimento de Vínculos,Atendimento Geral
Feminino,70,Fundamental Incompleto,Bonsucesso,3º,CRAS Bonsucesso,CRAS Bonsucesso,Fortalecimento de Vínculos,Atendimento Geral
Feminino,25,Fundamental Completo,Vieira,3º,CRAS Bonsucesso,CRAS Bonsucesso,Público Geral,Cadastro Único
Feminino,36,Fundamental Incompleto,Vieira,3º,CRAS Bonsucesso,CRAS Bonsucesso,Público Geral,Assistente Social
Feminino,39,Fundamental Incompleto,Vieira,3º,CRAS Bonsucesso,CRAS Bonsucesso,Público Geral,Cadastro Único
Masculino,6,Fundamental Incompleto,Bonsucesso,3º,CRAS Bonsucesso,CRAS Bonsucesso,Fortalecimento de Vínculos,Atendimento Geral
Feminino,28,Fundamental Incompleto,Vieira,3º,CRAS Bonsucesso,CRAS Bonsucesso,Público Geral,Assistente Social
Feminino,5,Fundamental Incompleto,Bonsucesso,3º,CRAS Bonsucesso,CRAS Bonsucesso,Fortalecimento de Vínculos,Atendimento Geral
Feminino,67,Fundamental Incompleto,Vargem Grande,3º,CRAS Bonsucesso,CRAS Bonsucesso,Fortalecimento de Vínculos,Atendimento Geral
Feminino,44,Fundamental Completo,Vargem Grande,3º,CRAS Bonsucesso,CRAS Bonsucesso,Fortalecimento de Vínculos,Atendimento Geral
Masculino,9,Fundamental Incompleto,Vargem Grande,3º,CRAS Bonsucesso,CRAS Bonsucesso,Fortalecimento de Vínculos,Atendimento Geral
Feminino,71,Fundamental Incompleto,Bonsucesso,3º,CRAS Bonsucesso,CRAS Bonsucesso,Fortalecimento de Vínculos,Atendimento Geral
Feminino,63,Fundamental Incompleto,Bonsucesso,3º,CRAS Bonsucesso,CRAS Bonsucesso,Fortalecimento de Vínculos,Atendimento Geral
Feminino,3,Não Escolarizado,Bonsucesso,3º,CRAS Bonsucesso,CRAS Bonsucesso,Fortalecimento de Vínculos,Atendimento Geral
Feminino,6,Fundamental Incompleto,Bonsucesso,3º,CRAS Bonsucesso,CRAS Bonsucesso,Fortalecimento de Vínculos,Atendimento Geral
Masculino,9,Fundamental Incompleto,Bonsucesso,3º,CRAS Bonsucesso,CRAS Bonsucesso,Fortalecimento de Vínculos,Atendimento Geral
Masculino,35,Fundamental Incompleto,Bonsucesso,3º,CRAS Bonsucesso,CRAS Bonsucesso,Público Geral,Cadastro Único
Feminino,35,Médio Incompleto,Santa Rosa,3º,CRAS Bonsucesso,CRAS Bonsucesso,Público Geral,Cadastro Único
Feminino,53,Fundamental Incompleto,Bonsucesso,3º,CRAS Bonsucesso,CRAS Bonsucesso,Público Geral,Cadastro Único
Feminino,35,Fundamental Incompleto,Bonsucesso,3º,CRAS Bonsucesso,CRAS Bonsucesso,Público Geral,Coordenadora
Feminino,40,Fundamental Completo,Bonsucesso,3º,CRAS Bonsucesso,CRAS Bonsucesso,Público Geral,Coordenadora
Feminino,53,Fundamental Incompleto,Vieira,3º,CRAS Bonsucesso,CRAS Bonsucesso,Público Geral,Cadastro Único
Feminino,51,Fundamental Incompleto,Vieira,3º,CRAS Bonsucesso,CRAS Bonsucesso,Público Geral,Cadastro Único
Feminino,45,Fundamental Incompleto,Vieira,3º,CRAS Bonsucesso,CRAS Bonsucesso,Público Geral,Cadastro Único
Feminino,37,Fundamental Incompleto,Vargem Grande,3º,CRAS Bonsucesso,CRAS Bonsucesso,Público Geral,Cadastro Único
Feminino,27,Fundamental Incompleto,Frades,3º,CRAS Bonsucesso,CRAS Bonsucesso,Público Geral,Coordenadora
Feminino,43,Superior Incompleto,Bonsucesso,3º,CRAS Bonsucesso,CRAS Bonsucesso,Público Geral,Cadastro Único
Feminino,35,Fundamental Incompleto,Bonsucesso,3º,CRAS Bonsucesso,CRAS Bonsucesso,Público Geral,Cadastro Único
Masculino,57,Não Escolarizado,Vieira,3º,CRAS Bonsucesso,CRAS Bonsucesso,Público Geral,Cadastro Único
Feminino,44,Fundamental Incompleto,Frades,3º,CRAS Bonsucesso,CRAS Bonsucesso,Público Geral,Cadastro Único
Feminino,41,Fundamental Incompleto,Vargem Grande,3º,CRAS Bonsucesso,CRAS Bonsucesso,Público Geral,Assistente Social
Feminino,29,Fundamental Incompleto,Vieira,3º,CRAS Bonsucesso,CRAS Bonsucesso,Público Geral,Coordenadora
Feminino,42,Fundamental Incompleto,Bonsucesso,3º,CRAS Bonsucesso,CRAS Bonsucesso,Público Geral,Cadastro Único
Feminino,26,Médio Incompleto,Vargem Grande,3º,CRAS Bonsucesso,CRAS Bonsucesso,Público Geral,Assistente Social
Feminino,32,Médio Incompleto,Vieira,3º,CRAS Bonsucesso,CRAS Bonsucesso,Público Geral,Assistente Social
Feminino,43,Fundamental Incompleto,Vieira,3º,CRAS Bonsucesso,CRAS Bonsucesso,Público Geral,Cadastro Único
Feminino,44,Não Escolarizado,Vale Alpino,3º,CRAS Bonsucesso,CRAS Bonsucesso,Público Geral,Cadastro Único
Feminino,52,Fundamental Completo,Vargem Grande,3º,CRAS Bonsucesso,CRAS Bonsucesso,Público Geral,Cadastro Único
Feminino,45,Fundamental Incompleto,Bonsucesso,3º,CRAS Bonsucesso,CRAS Bonsucesso,Público Geral,Cadastro Único
Feminino,28,Médio Completo,Bonsucesso,3º,CRAS Bonsucesso,CRAS Bonsucesso,Público Geral,Cadastro Único
Feminino,19,Médio Completo,Bonsucesso,3º,CRAS Bonsucesso,CRAS Bonsucesso,Público Geral,Cadastro Único
Feminino,19,Médio Completo,Bonsucesso,3º,CRAS Bonsucesso,CRAS Bonsucesso,Público Geral,Coordenadora
Feminino,36,Médio Completo,Bonsucesso,3º,CRAS Bonsucesso,CRAS Bonsucesso,Público Geral,Cadastro Único
Feminino,53,Fundamental Incompleto,Santa Rosa,3º,CRAS Bonsucesso,CRAS Bonsucesso,Público Geral,Cadastro Único
Feminino,37,Médio Incompleto,Santa Rosa,3º,CRAS Bonsucesso,CRAS Bonsucesso,Público Geral,Assistente Social
Masculino,51,Fundamental Incompleto,Vale Alpino,3º,CRAS Bonsucesso,CRAS Bonsucesso,Público Geral,Cadastro Único
Masculino,54,Não Escolarizado,Santa Rosa,3º,CRAS Bonsucesso,CRAS Bonsucesso,Público Geral,Assistente Social
Feminino,54,Fundamental Incompleto,Vieira,3º,CRAS Bonsucesso,CRAS Bonsucesso,Público Geral,Cadastro Único
Feminino,66,Fundamental Incompleto,Venda Nova,3º,CRAS Bonsucesso,CRAS Bonsucesso,Público Geral,Cadastro Único
Feminino,29,Médio Incompleto,Bonsucesso,3º,CRAS Bonsucesso,CRAS Bonsucesso,Público Geral,Cadastro Único
Masculino,43,Fundamental Incompleto,Venda Nova,3º,CRAS Bonsucesso,CRAS Bonsucesso,Público Geral,Cadastro Único
Feminino,46,Fundamental Incompleto,Vieira,3º,CRAS Bonsucesso,CRAS Bonsucesso,Público Geral,Cadastro Único
Feminino,51,Não Escolarizado,Bonsucesso,3º,CRAS Bonsucesso,CRAS Bonsucesso,Público Geral,Cadastro Único
Feminino,47,Fundamental Incompleto,Vargem Grande,3º,CRAS Bonsucesso,CRAS Bonsucesso,Público Geral,Cadastro Único
Feminino,42,Médio Completo,Bonsucesso,3º,CRAS Bonsucesso,CRAS Bonsucesso,Público Geral,Cadastro Único
Feminino,31,Fundamental Incompleto,Sebastiana,3º,CRAS Bonsucesso,CRAS Bonsucesso,Público Geral,Cadastro Único
Masculino,59,Fundamental Incompleto,Vargem Grande,3º,CRAS Bonsucesso,CRAS Bonsucesso,Público Geral,Cadastro Único
Feminino,69,Médio Completo,Bonsucesso,3º,CRAS Bonsucesso,CRAS Bonsucesso,Público Geral,Cadastro Único
Feminino,41,Fundamental Incompleto,Vargem Grande,3º,CRAS Bonsucesso,CRAS Bonsucesso,Público Geral,Assistente Social
Feminino,53,Fundamental Incompleto,Mottas,3º,CRAS Bonsucesso,CRAS Bonsucesso,Público Geral,Cadastro Único
Feminino,35,Médio Incompleto,Sebastiana,3º,CRAS Bonsucesso,CRAS Bonsucesso,Público Geral,Cadastro Único
Masculino,63,Fundamental Incompleto,Bonsucesso,3º,CRAS Bonsucesso,CRAS Bonsucesso,Público Geral,Cadastro Único
Feminino,31,Médio Completo,Vale Alpino,3º,CRAS Bonsucesso,CRAS Bonsucesso,Público Geral,Cadastro Único
Feminino,43,Fundamental Incompleto,Campanha,3º,CRAS Bonsucesso,CRAS Bonsucesso,Público Geral,Cadastro Único
Feminino,48,Não Escolarizado,Imbiu,3º,CRAS Bonsucesso,CRAS Bonsucesso,Público Geral,Cadastro Único
Feminino,40,Médio Completo,Vargem Grande,3º,CRAS Bonsucesso,CRAS Bonsucesso,Público Geral,Cadastro Único
Feminino,32,Médio Incompleto,Imbiu,3º,CRAS Bonsucesso,CRAS Bonsucesso,Público Geral,Cadastro Único
Masculino,35,Não Escolarizado,Imbiu,3º,CRAS Bonsucesso,CRAS Bonsucesso,Público Geral,Cadastro Único
Masculino,59,Fundamental Incompleto,Vargem Grande,3º,CRAS Bonsucesso,CRAS Bonsucesso,Público Geral,Cadastro Único
Feminino,40,Fundamental Incompleto,Vieira,3º,CRAS Bonsucesso,CRAS Bonsucesso,Público Geral,Cadastro Único
Feminino,48,Não Escolarizado,Bonsucesso,3º,CRAS Bonsucesso,CRAS Bonsucesso,Público Geral,Assistente Social
Masculino,41,Fundamental Incompleto,Vieira,3º,CRAS Bonsucesso,CRAS Bonsucesso,Público Geral,Cadastro Único
Feminino,23,Médio Completo,Bonsucesso,3º,CRAS Bonsucesso,CRAS Bonsucesso,Público Geral,Coordenadora
Feminino,23,Médio Completo,Bonsucesso,3º,CRAS Bonsucesso,CRAS Bonsucesso,Público Geral,Cadastro Único
Feminino,41,Fundamental Incompleto,Imbiu,3º,CRAS Bonsucesso,CRAS Bonsucesso,Público Geral,Assistente Social
Feminino,25,Médio Completo,Vargem Grande,3º,CRAS Bonsucesso,CRAS Bonsucesso,Público Geral,Cadastro Único
Feminino,42,Fundamental Incompleto,Vargem Grande,3º,CRAS Bonsucesso,CRAS Bonsucesso,Público Geral,Cadastro Único
Feminino,57,Fundamental Incompleto,Vargem Grande,3º,CRAS Bonsucesso,CRAS Bonsucesso,Público Geral,Cadastro Único
Masculino,62,Fundamental Incompleto,Vargem Grande,3º,CRAS Bonsucesso,CRAS Bonsucesso,Público Geral,Cadastro Único
Masculino,62,Fundamental Incompleto,Vargem Grande,3º,CRAS Bonsucesso,CRAS Bonsucesso,Público Geral,Assistente Social
Masculino,28,Fundamental Completo,Vieira,3º,CRAS Bonsucesso,CRAS Bonsucesso,Público Geral,Cadastro Único
Feminino,55,Fundamental Incompleto,Vargem Grande,3º,CRAS Bonsucesso,CRAS Bonsucesso,Público Geral,Cadastro Único
Masculino,39,Médio Completo,Vale Alpino,3º,CRAS Bonsucesso,CRAS Bonsucesso,Público Geral,Cadastro Único
Feminino,77,Fundamental Incompleto,Bonsucesso,3º,CRAS Bonsucesso,CRAS Bonsucesso,Público Geral,Cadastro Único
Feminino,34,Médio Completo,Santa Rosa,3º,CRAS Bonsucesso,CRAS Bonsucesso,Público Geral,Cadastro Único
Feminino,30,Fundamental Incompleto,Santa Rosa,3º,CRAS Bonsucesso,CRAS Bonsucesso,Público Geral,Cadastro Único
Masculino,18,Médio Completo,Vieira,3º,CRAS Bonsucesso,CRAS Bonsucesso,Público Geral,Assistente Social
Feminino,44,Superior Completo,Vieira,3º,CRAS Bonsucesso,CRAS Bonsucesso,Público Geral,Assistente Social
Feminino,44,Superior Completo,Vieira,3º,CRAS Bonsucesso,CRAS Bonsucesso,Público Geral,Cadastro Único
Masculino,51,Fundamental Incompleto,Bonsucesso,3º,CRAS Bonsucesso,CRAS Bonsucesso,Público Geral,Cadastro Único
Feminino,35,Fundamental Incompleto,Bonsucesso,3º,CRAS Bonsucesso,CRAS Bonsucesso,Público Geral,Cadastro Único
Feminino,18,Médio Completo,Bonsucesso,3º,CRAS Bonsucesso,CRAS Bonsucesso,Público Geral,Cadastro Único
Feminino,18,Médio Completo,Bonsucesso,3º,CRAS Bonsucesso,CRAS Bonsucesso,Público Geral,Coordenadora
Masculino,78,Fundamental Incompleto,Vieira,3º,CRAS Bonsucesso,CRAS Bonsucesso,Público Geral,Cadastro Único
Feminino,36,Fundamental Incompleto,Vale Alpino,3º,CRAS Bonsucesso,CRAS Bonsucesso,Público Geral,Cadastro Único
Feminino,27,Fundamental Incompleto,Vale Alpino,3º,CRAS Bonsucesso,CRAS Bonsucesso,Público Geral,Cadastro Único
Feminino,30,Médio Completo,Vargem Grande,3º,CRAS Bonsucesso,CRAS Bonsucesso,Público Geral,Cadastro Único
Feminino,30,Médio Completo,Vargem Grande,3º,CRAS Bonsucesso,CRAS Bonsucesso,Público Geral,Coordenadora
Feminino,38,Fundamental Completo,Vargem Grande,3º,CRAS Bonsucesso,CRAS Bonsucesso,Público Geral,Coordenadora
Feminino,38,Fundamental Completo,Vargem Grande,3º,CRAS Bonsucesso,CRAS Bonsucesso,Público Geral,Cadastro Único
Feminino,46,Fundamental Incompleto,Venda Nova,3º,CRAS Bonsucesso,CRAS Bonsucesso,Público Geral,Cadastro Único
Masculino,46,Fundamental Incompleto,Bonsucesso,3º,CRAS Bonsucesso,CRAS Bonsucesso,Público Geral,Cadastro Único
Feminino,42,Médio Completo,Bonsucesso,3º,CRAS Bonsucesso,CRAS Bonsucesso,Público Geral,Cadastro Único
Feminino,42,Médio Completo,Bonsucesso,3º,CRAS Bonsucesso,CRAS Bonsucesso,Público Geral,Coordenadora
Feminino,44,Fundamental Incompleto,Bonsucesso,3º,CRAS Bonsucesso,CRAS Bonsucesso,Público Geral,Coordenadora
Feminino,44,Fundamental Incompleto,Bonsucesso,3º,CRAS Bonsucesso,CRAS Bonsucesso,Público Geral,Cadastro Único
Masculino,57,Superior Completo,Bonsucesso,3º,CRAS Bonsucesso,CRAS Bonsucesso,Público Geral,Cadastro Único
Feminino,36,Médio Incompleto,Bonsucesso,3º,CRAS Bonsucesso,CRAS Bonsucesso,Público Geral,Cadastro Único
Feminino,36,Médio Incompleto,Bonsucesso,3º,CRAS Bonsucesso,CRAS Bonsucesso,Público Geral,Assistente Social
Feminino,21,Médio Completo,Bonsucesso,3º,CRAS Bonsucesso,CRAS Bonsucesso,Público Geral,Psicóloga
Feminino,46,Fundamental Incompleto,Bonsucesso,3º,CRAS Bonsucesso,CRAS Bonsucesso,Público Geral,Psicóloga
Feminino,35,Fundamental Incompleto,Vargem Grande,3º,CRAS Bonsucesso,CRAS Bonsucesso,Público Geral,Assistente Social
Feminino,27,Fundamental Incompleto,Vargem Grande,3º,CRAS Bonsucesso,CRAS Bonsucesso,Público Geral,Cadastro Único
Feminino,41,Fundamental Incompleto,Vale Alpino,3º,CRAS Bonsucesso,CRAS Bonsucesso,Público Geral,Assistente Social
Feminino,53,Superior Completo,Imbiu,3º,CRAS Bonsucesso,CRAS Bonsucesso,Público Geral,Cadastro Único
Masculino,44,Não Escolarizado,Vieira,3º,CRAS Bonsucesso,CRAS Bonsucesso,Público Geral,Cadastro Único
Feminino,19,Superior Incompleto,Bonsucesso,3º,CRAS Bonsucesso,CRAS Bonsucesso,Público Geral,Cadastro Único
Feminino,52,Fundamental Incompleto,Bonsucesso,3º,CRAS Bonsucesso,CRAS Bonsucesso,Público Geral,Cadastro Único
Feminino,37,Médio Incompleto,Sebastiana,3º,CRAS Bonsucesso,CRAS Bonsucesso,Público Geral,Assistente Social
Feminino,18,Médio Completo,Venda Nova,3º,CRAS Bonsucesso,CRAS Bonsucesso,Público Geral,Cadastro Único
Feminino,18,Médio Completo,Venda Nova,3º,CRAS Bonsucesso,CRAS Bonsucesso,Público Geral,Coordenadora
Feminino,40,Fundamental Incompleto,Vargem Grande,3º,CRAS Bonsucesso,CRAS Bonsucesso,Público Geral,Assistente Social
Feminino,24,Médio Completo,Vale Alpino,3º,CRAS Bonsucesso,CRAS Bonsucesso,Público Geral,Cadastro Único
Feminino,41,Médio Completo,Vargem Grande,3º,CRAS Bonsucesso,CRAS Bonsucesso,Público Geral,Cadastro Único
Feminino,23,Médio Completo,Venda Nova,3º,CRAS Bonsucesso,CRAS Bonsucesso,Público Geral,Cadastro Único
Masculino,60,Fundamental Completo,Vargem Grande,3º,CRAS Bonsucesso,CRAS Bonsucesso,Público Geral,Cadastro Único
Feminino,23,Médio Completo,Imbiu,3º,CRAS Bonsucesso,CRAS Bonsucesso,Público Geral,Cadastro Único
Masculino,43,Médio Completo,Vargem Grande,3º,CRAS Bonsucesso,CRAS Bonsucesso,Público Geral,Cadastro Único
Masculino,47,Fundamental Incompleto,Bonsucesso,3º,CRAS Bonsucesso,CRAS Bonsucesso,Público Geral,Cadastro Único
Feminino,47,Fundamental Incompleto,Vargem Grande,3º,CRAS Bonsucesso,CRAS Bonsucesso,Público Geral,Cadastro Único
Feminino,22,Médio Completo,Bonsucesso,3º,CRAS Bonsucesso,CRAS Bonsucesso,Público Geral,Cadastro Único
Masculino,43,Fundamental Incompleto,Sebastiana,3º,CRAS Bonsucesso,CRAS Bonsucesso,Público Geral,Cadastro Único
Feminino,24,Médio Incompleto,Bonsucesso,3º,CRAS Bonsucesso,CRAS Bonsucesso,Público Geral,Assistente Social
Masculino,59,Fundamental Incompleto,Imbiu,3º,CRAS Bonsucesso,CRAS Bonsucesso,Público Geral,Cadastro Único
Feminino,31,Fundamental Incompleto,Bonsucesso,3º,CRAS Bonsucesso,CRAS Bonsucesso,Público Geral,Cadastro Único
Feminino,48,Fundamental Incompleto,Bonsucesso,3º,CRAS Bonsucesso,CRAS Bonsucesso,Público Geral,Cadastro Único
Feminino,47,Fundamental Incompleto,Vargem Grande,3º,CRAS Bonsucesso,CRAS Bonsucesso,Público Geral,Cadastro Único
Feminino,43,Médio Completo,Vargem Grande,3º,CRAS Bonsucesso,CRAS Bonsucesso,Público Geral,Cadastro Único
Feminino,43,Médio Completo,Vargem Grande,3º,CRAS Bonsucesso,CRAS Bonsucesso,Público Geral,Assistente Social
Feminino,50,Fundamental Incompleto,Venda Nova,3º,CRAS Bonsucesso,CRAS Bonsucesso,Público Geral,Cadastro Único
Feminino,35,Fundamental Completo,Mottas,3º,CRAS Bonsucesso,CRAS Bonsucesso,Público Geral,Cadastro Único
Feminino,35,Fundamental Incompleto,Vieira,3º,CRAS Bonsucesso,CRAS Bonsucesso,Público Geral,Assistente Social
Feminino,58,Fundamental Incompleto,Vale Alpino,3º,CRAS Bonsucesso,CRAS Bonsucesso,Público Geral,Cadastro Único
Feminino,24,Médio Completo,Vargem Grande,3º,CRAS Bonsucesso,CRAS Bonsucesso,Público Geral,Cadastro Único
Feminino,25,Médio Completo,Vargem Grande,3º,CRAS Bonsucesso,CRAS Bonsucesso,Público Geral,Cadastro Único
Feminino,43,Fundamental Incompleto,Santa Rosa,3º,CRAS Bonsucesso,CRAS Bonsucesso,Público Geral,Assistente Social
Masculino,35,Fundamental Incompleto,Bonsucesso,3º,CRAS Bonsucesso,CRAS Bonsucesso,Público Geral,Assistente Social
Masculino,35,Fundamental Incompleto,Bonsucesso,3º,CRAS Bonsucesso,CRAS Bonsucesso,Público Geral,Cadastro Único
Masculino,68,Fundamental Incompleto,Venda Nova,3º,CRAS Bonsucesso,CRAS Bonsucesso,Público Geral,Cadastro Único
Feminino,64,Fundamental Incompleto,Imbiu,3º,CRAS Bonsucesso,CRAS Bonsucesso,Público Geral,Cadastro Único
Feminino,56,Fundamental Incompleto,Santa Rosa,3º,CRAS Bonsucesso,CRAS Bonsucesso,Público Geral,Cadastro Único
Feminino,26,Médio Incompleto,Venda Nova,3º,CRAS Bonsucesso,CRAS Bonsucesso,Público Geral,Cadastro Único
Feminino,30,Médio Incompleto,Campanha,3º,CRAS Bonsucesso,CRAS Bonsucesso,Público Geral,Cadastro Único
Feminino,27,Médio Incompleto,Venda Nova,3º,CRAS Bonsucesso,CRAS Bonsucesso,Público Geral,Cadastro Único
Feminino,27,Fundamental Incompleto,Imbiu,3º,CRAS Bonsucesso,CRAS Bonsucesso,Público Geral,Psicóloga
Feminino,61,Fundamental Incompleto,Santa Rosa,3º,CRAS Bonsucesso,CRAS Bonsucesso,Público Geral,Cadastro Único
Masculino,42,Fundamental Incompleto,Vieira,3º,CRAS Bonsucesso,CRAS Bonsucesso,Público Geral,Cadastro Único
Masculino,56,Fundamental Incompleto,Bonsucesso,3º,CRAS Bonsucesso,CRAS Bonsucesso,Público Geral,Cadastro Único
Masculino,59,Fundamental Incompleto,Vieira,3º,CRAS Bonsucesso,CRAS Bonsucesso,Público Geral,Cadastro Único
Feminino,55,Fundamental Incompleto,Campanha,3º,CRAS Bonsucesso,CRAS Bonsucesso,Público Geral,Cadastro Único
Feminino,75,Fundamental Incompleto,Bonsucesso,3º,CRAS Bonsucesso,CRAS Bonsucesso,Público Geral,Cadastro Único
Feminino,30,Médio Incompleto,Bonsucesso,3º,CRAS Bonsucesso,CRAS Bonsucesso,Público Geral,Psicóloga
Feminino,57,Fundamental Incompleto,Bonsucesso,3º,CRAS Bonsucesso,CRAS Bonsucesso,Público Geral,Cadastro Único
Feminino,33,Médio Completo,Sebastiana,3º,CRAS Bonsucesso,CRAS Bonsucesso,Público Geral,Cadastro Único
Masculino,60,Fundamental Incompleto,Vargem Grande,3º,CRAS Bonsucesso,CRAS Bonsucesso,Público Geral,Cadastro Único
Masculino,60,Fundamental Incompleto,Vargem Grande,3º,CRAS Bonsucesso,CRAS Bonsucesso,PAIF,Assistente Social
Feminino,37,Fundamental Completo,Imbiu,3º,CRAS Bonsucesso,CRAS Bonsucesso,Público Geral,Cadastro Único
Feminino,39,Fundamental Incompleto,Imbiu,3º,CRAS Bonsucesso,CRAS Bonsucesso,Público Geral,Cadastro Único
Feminino,35,Fundamental Incompleto,Vargem Grande,3º,CRAS Bonsucesso,CRAS Bonsucesso,Público Geral,Cadastro Único
Feminino,67,Fundamental Incompleto,Imbiu,3º,CRAS Bonsucesso,CRAS Bonsucesso,PÚblico Geral,Cadastro Único
Masculino,55,Médio Incompleto,Vieira,3º,CRAS Bonsucesso,CRAS Bonsucesso,Público Geral,Cadastro Único
Feminino,36,Fundamental Incompleto,Mottas,3º,CRAS Bonsucesso,CRAS Bonsucesso,Público Geral,Cadastro Único
Feminino,38,Médio Completo,Bonsucesso,3º,CRAS Bonsucesso,CRAS Bonsucesso,Público Geral,Cadastro Único
Masculino,55,Fundamental Incompleto,Vargem Grande,3º,CRAS Bonsucesso,CRAS Bonsucesso,Público Geral,Cadastro Único
Masculino,62,Fundamental Incompleto,Vargem Grande,3º,CRAS Bonsucesso,CRAS Bonsucesso,Público Geral,Cadastro Único
Feminino,28,Fundamental Completo,Vargem Grande,3º,CRAS Bonsucesso,CRAS Bonsucesso,Público Geral,Assistente Social
Feminino,62,Médio Completo,Vale Alpino,3º,CRAS Bonsucesso,CRAS Bonsucesso,Público Geral,Cadastro Único
Masculino,55,Não Escolarizado,Vale Alpino,3º,CRAS Bonsucesso,CRAS Bonsucesso,Público Geral,Cadastro Único
Feminino,61,Médio Incompleto,Bonsucesso,3º,CRAS Bonsucesso,CRAS Bonsucesso,Público Geral,Cadastro Único
Masculino,38,Fundamental Incompleto,Vale Alpino,3º,CRAS Bonsucesso,CRAS Bonsucesso,Público Geral,Cadastro Único
Feminino,74,Fundamental Incompleto,Vieira,3º,CRAS Bonsucesso,CRAS Bonsucesso,Público Geral,Cadastro Único
Feminino,40,Médio Completo,Vargem Grande,3º,CRAS Bonsucesso,CRAS Bonsucesso,Público Geral,Cadastro Único
Feminino,48,Fundamental Incompleto,Vieira,3º,CRAS Bonsucesso,CRAS Bonsucesso,Público Geral,Cadastro Único
Feminino,44,Fundamental Incompleto,Bonsucesso,3º,CRAS Bonsucesso,CRAS Bonsucesso,Público Geral,Cadastro Único
Feminino,45,Fundamental Incompleto,Vieira ,3º,CRAS Bonsucesso,CRAS Bonsucesso,Público Geral,Cadastro Único
Feminino,31,Médio Completo,Vargem Grande,3º,CRAS Bonsucesso,CRAS Bonsucesso,Público Geral,Assistente Social
Feminino,33,Fundamental Completo,Bonsucesso,3º,CRAS Bonsucesso,CRAS Bonsucesso,Público Geral,Cadastro Único
Feminino,29,Fundamental Incompleto,Mottas,3º,CRAS Bonsucesso,CRAS Bonsucesso,Público Geral,Cadastro Único
Feminino,30,Médio Incompleto,Bonsucesso,3º,CRAS Bonsucesso,CRAS Bonsucesso,Público Geral,Cadastro Único
Masculino,51,Fundamental Incompleto,Mottas,3º,CRAS Bonsucesso,CRAS Bonsucesso,Público Geral,Cadastro Único
Feminino,37,Médio Incompleto,Boa Fé,3º,CRAS Bonsucesso,CRAS Bonsucesso,Público Geral,Cadastro Único
Feminino,42,Médio Completo,Sebastiana,3º,CRAS Bonsucesso,CRAS Bonsucesso,Público Geral,Cadastro Único
Feminino,25,Fundamental Incompleto,Imbiu,3º,CRAS Bonsucesso,CRAS Bonsucesso,Público Geral,Cadastro Único
Feminino,28,Médio Completo,Boa Fé,3º,CRAS Bonsucesso,CRAS Bonsucesso,Público Geral,Cadastro Único
Feminino,47,Médio Incompleto,Imbiu,3º,CRAS Bonsucesso,CRAS Bonsucesso,Público Geral,Cadastro Único
Feminino,34,Fundamental Incompleto,Sebatiana,3º,CRAS Bonsucesso,CRAS Bonsucesso,Público Geral,Cadastro Único
Feminino,39,Médio Incompleto,Vale Alpino,3º,CRAS Bonsucesso,CRAS Bonsucesso,Público Geral,Cadastro Único
Masculino,45,Não Escolarizado,Vieira,3º,CRAS Bonsucesso,CRAS Bonsucesso,Público Geral,Assistente Social
Feminino,22,Médio Incompleto,Bonsucesso,3º,CRAS Bonsucesso,CRAS Bonsucesso,Público Geral,Assistente Social
Feminino,34,Médio Completo,Vieira,3º,CRAS Bonsucesso,CRAS Bonsucesso,Público Geral,Cadastro Único
Feminino,36,Fundamental Incompleto,Imbiu,3º,CRAS Bonsucesso,CRAS Bonsucesso,Público Geral,Cadastro Único
Masculino,71,Não Escolarizado,Sebastiana,3º,CRAS Bonsucesso,CRAS Bonsucesso,Público Geral,Assistente Social
Masculino,54,Fundamental Incompleto,Bonsucesso,3º,CRAS Bonsucesso,CRAS Bonsucesso,Público Geral,Assistente Social
Feminino,23,Fundamental Incompleto,Vieira,3º,CRAS Bonsucesso,CRAS Bonsucesso,Público Geral,Assistente Social
Feminino,23,Fundamental Incompleto,Vieira,3º,CRAS Bonsucesso,CRAS Bonsucesso,Público Geral,Cadastro Único
Feminino,18,Fundamental Incompleto,Sebastiana,3º,CRAS Bonsucesso,CRAS Bonsucesso,Público Geral,Cadastro Único
Feminino,56,Médio Completo,Bonsucesso,3º,CRAS Bonsucesso,CRAS Bonsucesso,Público Geral,Assistente Social
Feminino,42,Fundamental Incompleto,Vargem Grande,3º,CRAS Bonsucesso,CRAS Bonsucesso,Público Geral,Cadastro Único
Feminino,42,Fundamental Incompleto,Santa Rosa,3º,CRAS Bonsucesso,CRAS Bonsucesso,Público Geral,Cadastro Único
Feminino,30,Fundamental Incompleto,Vieira,3º,CRAS Bonsucesso,CRAS Bonsucesso,Público Geral,Cadastro Único
Feminino,50,Fundamental Incompleto,Bonsucesso,3º,CRAS Bonsucesso,CRAS Bonsucesso,Público Geral,Cadastro Único
Feminino,31,Fundamental Incompleto,Vargem Grande,3º,CRAS Bonsucesso,CRAS Bonsucesso,Público Geral,Cadastro Único
Feminino,25,Fundamental Incompleto,Vieira,3º,CRAS Bonsucesso,CRAS Bonsucesso,Público Geral,Cadastro Único
Feminino,61,Fundamental Incompleto,Bonsucesso,3º,CRAS Bonsucesso,CRAS Bonsucesso,Público Geral,Cadastro Único
Feminino,20,Médio Incompleto,Venda Nova,3º,CRAS Bonsucesso,CRAS Bonsucesso,Público Geral,Cadastro Único
Feminino,20,Médio Incompleto,Venda Nova,3º,CRAS Bonsucesso,CRAS Bonsucesso,Público Geral,Assistente Social
Feminino,30,Médio Completo,Vargem Grande,3º,CRAS Bonsucesso,CRAS Bonsucesso,Público Geral,Cadastro Único
Feminino,44,Fundamental Incompleto,Santa Rosa,3º,CRAS Bonsucesso,CRAS Bonsucesso,Público Geral,Cadastro Único
Masculino,32,Fundamental Incompleto,Vargem Grande,3º,CRAS Bonsucesso,CRAS Bonsucesso,Público Geral,Cadastro Único
Masculino,32,Fundamental Incompleto,Vargem Grande,3º,CRAS Bonsucesso,CRAS Bonsucesso,Público Geral,Assistente Social
Feminino,39,Fundamental Incompleto,Mottas,3º,CRAS Bonsucesso,CRAS Bonsucesso,Público Geral,Cadastro Único
Masculino,55,Fundamental Incompleto,Imbiu,3º,CRAS Bonsucesso,CRAS Bonsucesso,Público Geral,Cadastro Único
Feminino,43,Médio Completo,Vargem Grande,3º,CRAS Bonsucesso,CRAS Bonsucesso,Público Geral,Cadastro Único
Masculino,52,Médio Completo,Bonsucesso,3º,CRAS Bonsucesso,CRAS Bonsucesso,Público Geral,Cadastro Único
Feminino,36,Médio Incompleto,Vargem Grande,3º,CRAS Bonsucesso,CRAS Bonsucesso,Público Geral,Cadastro Único
Feminino,43,Fundamental Incompleto,Vieira,3º,CRAS Bonsucesso,CRAS Bonsucesso,Público Geral,Cadastro Único
Feminino,38,Fundamental Incompleto,Bonsucesso,3º,CRAS Bonsucesso,CRAS Bonsucesso,Público Geral,Cadastro Único
Feminino,36,Médio Incompleto,Bonsucesso,3º,CRAS Bonsucesso,CRAS Bonsucesso,Público Geral,Assistente Social
Feminino,22,Médio Incompleto,Bonsucesso,3º,CRAS Bonsucesso,CRAS Bonsucesso,Público Geral,Assistente Social
Feminino,38,Superior Completo,Campanha,3º,CRAS Bonsucesso,CRAS Bonsucesso,Público Geral,Cadastro Único
Feminino,45,Fundamental Incompleto,Bonsucesso,3º,CRAS Bonsucesso,CRAS Bonsucesso,Público Geral,Cadastro Único
Feminino,39,Médio Incompleto,Bonsucesso,3º,CRAS Bonsucesso,CRAS Bonsucesso,Público Geral,Assistente Social
Feminino,19,Médio Completo,Bonsucesso,3º,CRAS Bonsucesso,CRAS Bonsucesso,Público Geral,Cadastro Único
Feminino,28,Médio Completo,Imbiu,3º,CRAS Bonsucesso,CRAS Bonsucesso,Público Geral,Assistente Social
Feminino,41,Fundamental Incompleto,Bonsucesso,3º,CRAS Bonsucesso,CRAS Bonsucesso,Público Geral,Cadastro Único
Feminino,46,Fundamental Incompleto,Mottas,3º,CRAS Bonsucesso,CRAS Bonsucesso,Público Geral,Cadastro Único
Feminino,35,Fundamental Incompleto,Mottas,3º,CRAS Bonsucesso,CRAS Bonsucesso,Público Geral,Cadastro Único
Feminino,38,Fundamental Incompleto,Bonsucesso,3º,CRAS Bonsucesso,CRAS Bonsucesso,Público Geral,Cadastro Único
Masculino,74,Fundamental Incompleto,Vargem Grande,3º,CRAS Bonsucesso,CRAS Bonsucesso,Público Geral,Cadastro Único
Feminino,61,Fundamental Incompleto,Bonsucesso,3º,CRAS Bonsucesso,CRAS Bonsucesso,Público Geral,Cadastro Único
Feminino,20,Médio Incompleto,Alegria,3º,CRAS Bonsucesso,CRAS Bonsucesso,Público Geral,Assistente Social
Masculino,33,Fundamental Incompleto,Venda Nova,3º,CRAS Bonsucesso,CRAS Bonsucesso,Público Geral,Cadastro Único
Masculino,33,Fundamental Incompleto,Venda Nova,3º,CRAS Bonsucesso,CRAS Bonsucesso,PAIF,Assistente Social
Feminino,23,Fundamental Incompleto,Imbiu,3º,CRAS Bonsucesso,CRAS Bonsucesso,Público Geral,Cadastro Único
Feminino,26,Fundamental Incompleto,Santa Rosa,3º,CRAS Bonsucesso,CRAS Bonsucesso,Público Geral,Cadastro Único
Masculino,46,Fundamental Incompleto,Santa Rosa,3º,CRAS Bonsucesso,CRAS Bonsucesso,Público Geral,Cadastro Único
Feminino,66,Fundamental Incompleto,Venda Nova,3º,CRAS Bonsucesso,CRAS Bonsucesso,Público Geral,Cadastro Único
Feminino,26,Médio Completo,Vale Alpino,3º,CRAS Bonsucesso,CRAS Bonsucesso,Público Geral,Cadastro Único
Feminino,53,Fundamental Incompleto,Vieira,3º,CRAS Bonsucesso,CRAS Bonsucesso,Público Geral,Cadastro Único
Feminino,37,Médio Completo,Venda Nova,3º,CRAS Bonsucesso,CRAS Bonsucesso,Público Geral,Assistente Social
Feminino,50,Médio Incompleto,Vargem Grande,3º,CRAS Bonsucesso,CRAS Bonsucesso,Público Geral,Cadastro Único
Masculino,63,Fundamental Incompleto,Vargem Grande,3º,CRAS Bonsucesso,CRAS Bonsucesso,Público Geral,Cadastro Único
Masculino,63,Fundamental Incompleto,Vargem Grande,3º,CRAS Bonsucesso,CRAS Bonsucesso,Público Geral,Assistente Social
Feminino,63,Fundamental Incompleto,Vargem Grande,3º,CRAS Bonsucesso,CRAS Bonsucesso,Público Geral,Cadastro Único
Feminino,63,Fundamental Incompleto,Vargem Grande,3º,CRAS Bonsucesso,CRAS Bonsucesso,Público Geral,Assistente Social
Feminino,56,Fundamental Incompleto,Vieira,3º,CRAS Bonsucesso,CRAS Bonsucesso,Público Geral,Cadastro Único
Feminino,18,Médio Completo,Campanha,3º,CRAS Bonsucesso,CRAS Bonsucesso,Público Geral,Assistente Social
Feminino,41,Fundamental Incompleto,Vargem Grande,3º,CRAS Bonsucesso,CRAS Bonsucesso,Público Geral,Cadastro Único
Feminino,36,Fundamental Incompleto,Venda Nova,3º,CRAS Bonsucesso,CRAS Bonsucesso,Público Geral,Assistente Social
Feminino,31,Médio Completo,Venda Nova,3º,CRAS Bonsucesso,CRAS Bonsucesso,Público Geral,Cadastro Único
Feminino,35,Médio Incompleto,Vargem Grande,3º,CRAS Bonsucesso,CRAS Bonsucesso,Público Geral,Cadastro Único
Feminino,22,Médio Completo,Mottas,3º,CRAS Bonsucesso,CRAS Bonsucesso,Público Geral,Cadastro Único
Feminino,52,Fundamental Incompleto,Bonsucesso,3º,CRAS Bonsucesso,CRAS Bonsucesso,Público Geral,Assistente Social
Feminino,39,Médio Incompleto,Bonsucesso,3º,CRAS Bonsucesso,CRAS Bonsucesso,Público Geral,Cadastro Único
Feminino,26,Médio Completo,Bonsucesso,3º,CRAS Bonsucesso,CRAS Bonsucesso,Público Geral,Cadastro Único
Masculino,41,Médio Completo,Bonsucesso,3º,CRAS Bonsucesso,CRAS Bonsucesso,Público Geral,Cadastro Único
Feminino,49,Fundamental Incompleto,Sebastiana,3º,CRAS Bonsucesso,CRAS Bonsucesso,Público Geral,Cadastro Único
Feminino,27,Fundamental Incompleto,Venda Nova,3º,CRAS Bonsucesso,CRAS Bonsucesso,Público Geral,Cadastro Único
Feminino,45,Médio Completo,Corrego das Pedras,3º,CRAS Bonsucesso,CRAS Bonsucesso,Público Geral,Cadastro Único
Feminino,45,Médio Completo,Corrego das Pedras,3º,CRAS Bonsucesso,CRAS Bonsucesso,Público Geral,Assistente Social
Feminino,63,Fundamental Incompleto,Alegria,3º,CRAS Bonsucesso,CRAS Bonsucesso,Público Geral,Cadastro Único
Feminino,18,Médio Completo,Vargem Grande,3º,CRAS Bonsucesso,CRAS Bonsucesso,Público Geral,Assistente Social
Feminino,47,Fundamental Incompleto,Vieira,3º,CRAS Bonsucesso,CRAS Bonsucesso,Público Geral,Cadastro Único
Feminino,55,Fundamental Incompleto,Vieira,3º,CRAS Bonsucesso,CRAS Bonsucesso,Público Geral,Cadastro Único
Feminino,35,Fundamental Incompleto,Imbiu,3º,CRAS Bonsucesso,CRAS Bonsucesso,Público Geral,Cadastro Único
Masculino,75,Fundamental Incompleto,Bonsucesso,3º,CRAS Bonsucesso,CRAS Bonsucesso,Público Geral,Cadastro Único
Masculino,66,Médio Incompleto,Vargem Grande,3º,CRAS Bonsucesso,CRAS Bonsucesso,Público Geral,Cadastro Único
Feminino,42,Fundamental Incompleto,Vargem Grande,3º,CRAS Bonsucesso,CRAS Bonsucesso,Público Geral,Cadastro Único
Feminino,37,Fundamental Incompleto,Vargem Grande,3º,CRAS Bonsucesso,CRAS Bonsucesso,Público Geral,Assistente Social
Masculino,57,Médio Incompleto,Bonsucesso,3º,CRAS Bonsucesso,CRAS Bonsucesso,Público Geral,Cadastro Único
Feminino,37,Fundamental Incompleto,Vargem Grande,3º,CRAS Bonsucesso,CRAS Bonsucesso,PAIF,Assistente Social
Feminino,21,Médio Completo,Bonsucesso,3º,CRAS Bonsucesso,CRAS Bonsucesso,Público Geral,Cadastro Único
Feminino,38,Fundamental Incompleto,Bonsucesso,3º,CRAS Bonsucesso,CRAS Bonsucesso,Público Geral,Cadastro Único
Feminino,46,Fundamental Incompleto,Vieira,3º,CRAS Bonsucesso,CRAS Bonsucesso,Público Geral,Cadastro Único
Feminino,71,Fundamental Incompleto,Venda Nova,3º,CRAS Bonsucesso,CRAS Bonsucesso,Público Geral,Cadastro Único
Masculino,63,Fundamental Incompleto,Vale Alpino,3º,CRAS Bonsucesso,CRAS Bonsucesso,Público Geral,Cadastro Único
Feminino,45,Fundamental Incompleto,Campanha,3º,CRAS Bonsucesso,CRAS Bonsucesso,Público Geral,Cadastro Único
Feminino,46,Médio Incompleto,Bonsucesso,3º,CRAS Bonsucesso,CRAS Bonsucesso,Público Geral,Assistente Social
Feminino,26,Médio Completo,Bonsucesso,3º,CRAS Bonsucesso,CRAS Bonsucesso,Público Geral,Cadastro Único
Feminino,47,Fundamental Incompleto,Boa Fé,3º,CRAS Bonsucesso,CRAS Bonsucesso,Público Geral,Cadastro Único
Feminino,39,Médio Incompleto,Imbiu,3º,CRAS Bonsucesso,CRAS Bonsucesso,Público Geral,Cadastro Único
Feminino,48,Fundamental Incompleto,Imbiu,3º,CRAS Bonsucesso,CRAS Bonsucesso,Público Geral,Cadastro Único
Feminino,29,Médio Completo,Vieira,3º,CRAS Bonsucesso,CRAS Bonsucesso,Público Geral,Cadastro Único
Feminino,29,Médio Completo,Vieira,3º,CRAS Bonsucesso,CRAS Bonsucesso,PAIF,Assistente Social
Feminino,34,Fundamental Incompleto,Bonsucesso,3º,CRAS Bonsucesso,CRAS Bonsucesso,Público Geral,Cadastro Único
Feminino,34,Fundamental Incompleto,Bonsucesso,3º,CRAS Bonsucesso,CRAS Bonsucesso,PAIF,Assistente Social
Feminino,25,Médio Completo,Bonsucesso,3º,CRAS Bonsucesso,CRAS Bonsucesso,Público Geral,Cadastro Único
Masculino,54,Médio Completo,Vieira,3º,CRAS Bonsucesso,CRAS Bonsucesso,Público Geral,Cadastro Único
Feminino,22,Fundamental Incompleto,Bonsucesso,3º,CRAS Bonsucesso,CRAS Bonsucesso,Público Geral,Cadastro Único
Feminino,25,Fundamental Incompleto,Santa Rosa,3º,CRAS Bonsucesso,CRAS Bonsucesso,Público Geral,Cadastro Único
Feminino,25,Fundamental Incompleto,Santa Rosa,3º,CRAS Bonsucesso,CRAS Bonsucesso,PAIF,Assistente Social
Feminino,35,Médio Completo,Vargem Grande,3º,CRAS Bonsucesso,CRAS Bonsucesso,Público Geral,Cadastro Único
Feminino,21,Fundamental Incompleto,Vieira,3º,CRAS Bonsucesso,CRAS Bonsucesso,Público Geral,Cadastro Único
Feminino,21,Médio Incompleto,Vargem Grande,3º,CRAS Bonsucesso,CRAS Bonsucesso,Público Geral,Cadastro Único
Feminino,29,Médio Completo,Vieira,3º,CRAS Bonsucesso,CRAS Bonsucesso,Público Geral,Cadastro Único
Feminino,54,Fundamental Incompleto,Bonsucesso,3º,CRAS Bonsucesso,CRAS Bonsucesso,Público Geral,Cadastro Único
Masculino,78,Não Escolarizado,Mottas,3º,CRAS Bonsucesso,CRAS Bonsucesso,Público Geral,Cadastro Único
Feminino,29,Médio Incompleto,Vargem Grande,3º,CRAS Bonsucesso,CRAS Bonsucesso,Público Geral,Cadastro Único
Masculino,62,Não Escolarizado,Bonsucesso,3º,CRAS Bonsucesso,CRAS Bonsucesso,Público Geral,Cadastro Único
Feminino,53,Médio Completo,Vieira,3º,CRAS Bonsucesso,CRAS Bonsucesso,Público Geral,Cadastro Único
Feminino,58,Fundamental Incompleto,Boa Fé,3º,CRAS Bonsucesso,CRAS Bonsucesso,Público Geral,Cadastro Único
Feminino,30,Fundamental Incompleto,Vale Alpino,3º,CRAS Bonsucesso,CRAS Bonsucesso,Público Geral,Cadastro Único
Feminino,50,Não Escolarizado,Vale Alpino,3º,CRAS Bonsucesso,CRAS Bonsucesso,Público Geral,Cadastro Único
Feminino,30,Fundamental Incompleto,Mottas,3º,CRAS Bonsucesso,CRAS Bonsucesso,Público Geral,Cadastro Único
Masculino,34,Fundamental Incompleto,Mottas,3º,CRAS Bonsucesso,CRAS Bonsucesso,Público Geral,Cadastro Único
Masculino,60,Fundamental Incompleto,Mottas,3º,CRAS Bonsucesso,CRAS Bonsucesso,Público Geral,Psicóloga
Feminino,18,Médio Completo,Bonsucesso,3º,CRAS Bonsucesso,CRAS Bonsucesso,Público Geral,Cadastro Único
Masculino,42,Fundamental Incompleto,Vieira,3º,CRAS Bonsucesso,CRAS Bonsucesso,Público Geral,Cadastro Único
Feminino,10,,Bonsucesso,3º,CRAS Bonsucesso,CRAS Bonsucesso,Público Geral,Aula de Serviço de Convivência
Masculino,30,Fundamental Incompleto,Vargem Grande,3º,CRAS Bonsucesso,CRAS Bonsucesso,Público Geral,Cadastro Único
Feminino,26,Fundamental Incompleto,Vargem Grande,3º,CRAS Bonsucesso,CRAS Bonsucesso,Público Geral,Cadastro Único
Feminino,37,Médio Incompleto,Vieira,3º,CRAS Bonsucesso,CRAS Bonsucesso,Público Geral,Cadastro Único
Feminino,52,Fundamental Incompleto,Santa Rosa,3º,CRAS Bonsucesso,CRAS Bonsucesso,Público Geral,Cadastro Único
Feminino,23,Superior Completo,Bonsucesso,3º,CRAS Bonsucesso,CRAS Bonsucesso,Público Geral,Cadastro Único
Feminino,26,Médio Completo,Bonsucesso,3º,CRAS Bonsucesso,CRAS Bonsucesso,Público Geral,Coordenação
Feminino,18,Médio Completo,Campanha,3º,CRAS Bonsucesso,CRAS Bonsucesso,Público Geral,Coordenação
Feminino,21,Médio Completo,Sebastiana,3º,CRAS Bonsucesso,CRAS Bonsucesso,Público Geral,Cadastro Único
Feminino,21,Médio Completo,Sebastiana,3º,CRAS Bonsucesso,CRAS Bonsucesso,Público Geral,Assistente Social
Feminino,27,Médio Completo,Vieira,3º,CRAS Bonsucesso,CRAS Bonsucesso,Público Geral,Cadastro Único
Feminino,17,Fundamental Incompleto,Santa Rosa,3º,CRAS Bonsucesso,CRAS Bonsucesso,Público Geral,Cadastro Único
Feminino,49,Fundamental Incompleto,Vieira,3º,CRAS Bonsucesso,CRAS Bonsucesso,Público Geral,Assistente Social
Feminino,57,Fundamental Incompleto,Mottas,3º,CRAS Bonsucesso,CRAS Bonsucesso,Público Geral,Cadastro Único
Feminino,26,Médio Completo,Bonsucesso,3º,CRAS Bonsucesso,CRAS Bonsucesso,Público Geral,Cadastro Único
Feminino,31,Fundamental Incompleto,Bonsucesso,3º,CRAS Bonsucesso,CRAS Bonsucesso,Público Geral,Cadastro Único
Masculino,70,Fundamental Incompleto,Vargem Grande,3º,CRAS Bonsucesso,CRAS Bonsucesso,Público Geral,Cadastro Único
Feminino,83,Fundamental Completo,Vieira,3º,CRAS Bonsucesso,CRAS Bonsucesso,Público Geral,Cadastro Único
Feminino,45,Fundamental Incompleto,Bonsucesso,3º,CRAS Bonsucesso,CRAS Bonsucesso,Público Geral,Cadastro Único
Feminino,27,Médio Completo,Vargem Grande,3º,CRAS Bonsucesso,CRAS Bonsucesso,Público Geral,Cadastro Único
Feminino,38,Médio Completo,Bonsucesso,3º,CRAS Bonsucesso,CRAS Bonsucesso,Público Geral,Cadastro Único
Masculino,66,Fundamental Incompleto,Vargem Grande,3º,CRAS Bonsucesso,CRAS Bonsucesso,Público Geral,Assistente Social
Feminino,50,Fundamental Incompleto,Mottas,3º,CRAS Bonsucesso,CRAS Bonsucesso,Público Geral,Cadastro Único
Feminino,27,Médio Completo,Venda Nova,3º,CRAS Bonsucesso,CRAS Bonsucesso,Público Geral,Assistente Social
Feminino,37,Fundamental Incompleto,Bonsucesso,3º,CRAS Bonsucesso,CRAS Bonsucesso,Público Geral,Cadastro Único
Feminino,46,Fundamental Incompleto,Bonsucesso,3º,CRAS Bonsucesso,CRAS Bonsucesso,Público Geral,Coordenação
Feminino,24,Médio Completo,Mottas,3º,CRAS Bonsucesso,CRAS Bonsucesso,Público Geral,Coordenação
Feminino,43,Fundamental Incompleto,Vieira,3º,CRAS Bonsucesso,CRAS Bonsucesso,Público Geral,Cadastro Único
Feminino,36,Fundamental Incompleto,Bonsucesso,3º,CRAS Bonsucesso,CRAS Bonsucesso,Público Geral,Cadastro Único
Feminino,47,Fundamental Incompleto,Mottas,3º,CRAS Bonsucesso,CRAS Bonsucesso,Público Geral,Cadastro Único
Feminino,26,Fundamental Incompleto,Bonsucesso,3º,CRAS Bonsucesso,CRAS Bonsucesso,Público Geral,Cadastro Único
Feminino,49,Fundamental Incompleto,Imbiu,3º,CRAS Bonsucesso,CRAS Bonsucesso,Público Geral,Cadastro Único
Feminino,64,Não Escolarizado,Mottas,3º,CRAS Bonsucesso,CRAS Bonsucesso,Público Geral,Assistente Social
Feminino,24,Fundamental Incompleto,Mottas,3º,CRAS Bonsucesso,CRAS Bonsucesso,Público Geral,Cadastro Único
Feminino,49,Fundamental Incompleto,Vale Alpino,3º,CRAS Bonsucesso,CRAS Bonsucesso,Público Geral,Cadastro Único
Feminino,32,Fundamental Incompleto,Bonsucesso,3º,CRAS Bonsucesso,CRAS Bonsucesso,Público Geral,Cadastro Único
Feminino,27,Fundamental Incompleto,Bonsucesso,3º,CRAS Bonsucesso,CRAS Bonsucesso,Público Geral,Cadastro Único
Feminino,38,Fundamental Incompleto,Santa Rosa,3º,CRAS Bonsucesso,CRAS Bonsucesso,Público Geral,Cadastro Único
Feminino,37,Médio Completo,Vargem Grande,3º,CRAS Bonsucesso,CRAS Bonsucesso,Público Geral,Assistente Social
Feminino,61,Fundamental Incompleto,Bonsucesso,3º,CRAS Bonsucesso,CRAS Bonsucesso,Público Geral,Cadastro Único
Feminino,26,Médio Completo,Vieira,3º,CRAS Bonsucesso,CRAS Bonsucesso,Público Geral,Cadastro Único
Feminino,50,Fundamental Incompleto,Vieira,3º,CRAS Bonsucesso,CRAS Bonsucesso,Público Geral,Cadastro Único
Feminino,26,Fundamental Incompleto,Bonsucesso,3º,CRAS Bonsucesso,CRAS Bonsucesso,Público Geral,Cadastro Único
Masculino,49,Fundamental Incompleto,Bonsucesso,3º,CRAS Bonsucesso,CRAS Bonsucesso,Público Geral,Cadastro Único
Masculino,21,Médio Completo,Bonsucesso,3º,CRAS Bonsucesso,CRAS Bonsucesso,Público Geral,Cadastro Único
Feminino,21,Médio Completo,Vieira,3º,CRAS Bonsucesso,CRAS Bonsucesso,Público Geral,Cadastro Único
Feminino,48,Fundamental Incompleto,Vargem Grande,3º,CRAS Bonsucesso,CRAS Bonsucesso,Público Geral,Cadastro Único
Feminino,45,Fundamental Incompleto,Venda Nova,3º,CRAS Bonsucesso,CRAS Bonsucesso,Público Geral,Cadastro Único
Feminino,47,Fundamental Incompleto,Bonsucesso,3º,CRAS Bonsucesso,CRAS Bonsucesso,Público Geral,Cadastro Único
Feminino,28,Médio Incompleto,Bonsucesso,3º,CRAS Bonsucesso,CRAS Bonsucesso,Público Geral,Cadastro Único
Feminino,36,Fundamental Incompleto,Santa Rosa,3º,CRAS Bonsucesso,CRAS Bonsucesso,Público Geral,Cadastro Único
Feminino,35,Médio Completo,Bonsucesso,3º,CRAS Bonsucesso,CRAS Bonsucesso,Público Geral,Cadastro Único
Feminino,68,Fundamental Incompleto,Bonsucesso,3º,CRAS Bonsucesso,CRAS Bonsucesso,Público Geral,Cadastro Único
Masculino,80,Fundamental Incompleto,Bonsucesso,3º,CRAS Bonsucesso,CRAS Bonsucesso,Público Geral,Cadastro Único
Masculino,56,Fundamental Incompleto,Venda Nova,3º,CRAS Bonsucesso,CRAS Bonsucesso,Público Geral,Cadastro Único
Feminino,25,Médio Completo,Venda Nova,3º,CRAS Bonsucesso,CRAS Bonsucesso,Público Geral,Cadastro Único
Feminino,26,Médio Completo,Bonsucesso,3º,CRAS Bonsucesso,CRAS Bonsucesso,Público Geral,Cadastro Único
Feminino,42,Fundamental Incompleto,Bonsucesso,3º,CRAS Bonsucesso,CRAS Bonsucesso,Público Geral,Aula de Serviço de Convivência
Feminino,44,Fundamental Incompleto,Vieira,3º,CRAS Bonsucesso,CRAS Bonsucesso,Público Geral,Cadastro Único
Feminino,28,Médio Completo,Mottas,3º,CRAS Bonsucesso,CRAS Bonsucesso,Público Geral,Cadastro Único
Feminino,42,Fundamental Incompleto,Vale Alpino,3º,CRAS Bonsucesso,CRAS Bonsucesso,Público Geral,Cadastro Único
Feminino,26,Médio Completo,Vargem Grande,3º,CRAS Bonsucesso,CRAS Bonsucesso,Público Geral,Cadastro Único
Masculino,48,Fundamental Incompleto,Imbiu,3º,CRAS Bonsucesso,CRAS Bonsucesso,Público Geral,Cadastro Único
Masculino,43,Fundamental Incompleto,Bonsucesso,3º,CRAS Bonsucesso,CRAS Bonsucesso,Público Geral,Cadastro Único
Feminino,48,Médio Completo,Bonsucesso,3º,CRAS Bonsucesso,CRAS Bonsucesso,Público Geral,Cadastro Único
Feminino,90,Não Escolarizado,Vargem Grande,3º,CRAS Bonsucesso,CRAS Bonsucesso,Público Geral,Cadastro Único
Feminino,63,Não Escolarizado,Vargem Grande,3º,CRAS Bonsucesso,CRAS Bonsucesso,Público Geral,Cadastro Único
Masculino,60,Fundamental Incompleto,Albuquerque,3º,CRAS Bonsucesso,CRAS Bonsucesso,Público Geral,Cadastro Único
Feminino,42,Fundamental Incompleto,Mottas,3º,CRAS Bonsucesso,CRAS Bonsucesso,Público Geral,Cadastro Único
Feminino,28,Médio Completo,Bonsucesso,3º,CRAS Bonsucesso,CRAS Bonsucesso,Público Geral,Cadastro Único
Feminino,19,Médio Completo,Bonsucesso,3º,CRAS Bonsucesso,CRAS Bonsucesso,Público Geral,Cadastro Único
Feminino,43,Fundamental Incompleto,Bonsucesso,3º,CRAS Bonsucesso,CRAS Bonsucesso,Público Geral,Cadastro Único
Feminino,24,Médio Completo,Mottas,3º,CRAS Bonsucesso,CRAS Bonsucesso,Público Geral,Cadastro Único
Feminino,43,Fundamental Incompleto,Bonsucesso,3º,CRAS Bonsucesso,CRAS Bonsucesso,Público Geral,Cadastro Único
Feminino,41,Fundamental Incompleto,Vale Alpino,3º,CRAS Bonsucesso,CRAS Bonsucesso,Público Geral,Psicóloga
Masculino,56,Fundamental Incompleto,Bonsucesso,3º,CRAS Bonsucesso,CRAS Bonsucesso,Público Geral,Cadastro Único
Feminino,17,Fundamental Incompleto,Bonsucesso,3º,CRAS Bonsucesso,CRAS Bonsucesso,Público Geral,Cadastro Único
Feminino,25,Fundamental Incompleto,Vale Alpino,3º,CRAS Bonsucesso,CRAS Bonsucesso,Público Geral,Cadastro Único
Masculino,40,Médio Completo,Sebastiana,3º,CRAS Bonsucesso,CRAS Bonsucesso,Público Geral,Cadastro Único
Feminino,37,Fundamental Incompleto,Mottas,3º,CRAS Bonsucesso,CRAS Bonsucesso,Público Geral,Psicóloga
Feminino,46,Não Escolarizado,Bonsucesso,3º,CRAS Bonsucesso,CRAS Bonsucesso,Público Geral,Cadastro Único
Feminino,31,Médio Incompleto,Bonsucesso,3º,CRAS Bonsucesso,CRAS Bonsucesso,Público Geral,Cadastro Único
Feminino,30,Médio Completo,Vargem Grande,3º,CRAS Bonsucesso,CRAS Bonsucesso,Público Geral,Cadastro Único
Feminino,52,Fundamental Incompleto,Vale Alpino,3º,CRAS Bonsucesso,CRAS Bonsucesso,Público Geral,Cadastro Único
Feminino,34,Fundamental Incompleto,Bonsucesso,3º,CRAS Bonsucesso,CRAS Bonsucesso,Público Geral,Cadastro Único
Feminino,25,Médio Completo,Bonsucesso,3º,CRAS Bonsucesso,CRAS Bonsucesso,Público Geral,Cadastro Único
Masculino,65,Fundamental Incompleto,Vargem Grande,3º,CRAS Bonsucesso,CRAS Bonsucesso,Público Geral,Cadastro Único
Feminino,56,Fundamental Incompleto,Alegria,3º,CRAS Bonsucesso,CRAS Bonsucesso,Público Geral,Cadastro Único
Feminino,36,Fundamental Incompleto,Santa Rosa,3º,CRAS Bonsucesso,CRAS Bonsucesso,Público Geral,Assistente Social
Masculino,40,Fundamental Incompleto,Imbiu,3º,CRAS Bonsucesso,CRAS Bonsucesso,Público Geral,Cadastro Único
Masculino,54,Não Escolarizado,Bonsucesso,3º,CRAS Bonsucesso,CRAS Bonsucesso,Público Geral,Cadastro Único
Masculino,66,Fundamental Incompleto,Vargem Grande,3º,CRAS Bonsucesso,CRAS Bonsucesso,Público Geral,Cadastro Único
Masculino,40,Superior Completo,Boa Fé,3º,CRAS Bonsucesso,CRAS Bonsucesso,Público Geral,Cadastro Único
Feminino,58,Médio Completo,Bonsucesso,3º,CRAS Bonsucesso,CRAS Bonsucesso,Público Geral,Cadastro Único
Feminino,36,Fundamental Incompleto,Vargem Grande,3º,CRAS Bonsucesso,CRAS Bonsucesso,Público Geral,Cadastro Único
Feminino,31,Médio Incompleto,Vieira,3º,CRAS Bonsucesso,CRAS Bonsucesso,Público Geral,Cadastro Único
Feminino,29,Médio Completo,Santa Rosa,3º,CRAS Bonsucesso,CRAS Bonsucesso,Público Geral,Cadastro Único
Feminino,46,Fundamental Incompleto,Venda Nova,3º,CRAS Bonsucesso,CRAS Bonsucesso,Público Geral,Cadastro Único
Feminino,41,Médio Completo,Vargem Grande,3º,CRAS Bonsucesso,CRAS Bonsucesso,Público Geral,Cadastro Único
Feminino,36,Médio Completo,Vieira,3º,CRAS Bonsucesso,CRAS Bonsucesso,Público Geral,Cadastro Único
Feminino,24,Médio Incompleto,Santa Rosa,3º,CRAS Bonsucesso,CRAS Bonsucesso,Público Geral,Cadastro Único
Feminino,63,Fundamental Incompleto,Venda Nova,3º,CRAS Bonsucesso,CRAS Bonsucesso,Público Geral,Cadastro Único
Masculino,30,Médio Completo,Bonsucesso,3º,CRAS Bonsucesso,CRAS Bonsucesso,Público Geral,Cadastro Único
Masculino,56,Fundamental Incompleto,Bonsucesso,3º,CRAS Bonsucesso,CRAS Bonsucesso,Público Geral,Cadastro Único
Feminino,25,Médio Incompleto,Santa Rosa,3º,CRAS Bonsucesso,CRAS Bonsucesso,Público Geral,Cadastro Único
Feminino,68,Fundamental Incompleto,Bonsucesso,3º,CRAS Bonsucesso,CRAS Bonsucesso,Público Geral,Cadastro Único
Feminino,33,Médio Completo,Vargem Grande,3º,CRAS Bonsucesso,CRAS Bonsucesso,Público Geral,Cadastro Único
Feminino,51,Médio Completo,Bonsucesso,3º,CRAS Bonsucesso,CRAS Bonsucesso,Público Geral,Cadastro Único
Masculino,23,Médio Incompleto,Bonsucesso,3º,CRAS Bonsucesso,CRAS Bonsucesso,Público Geral,Cadastro Único
Feminino,34,Fundamental Incompleto,Vargem Grande,3º,CRAS Bonsucesso,CRAS Bonsucesso,Público Geral,Cadastro Único
Feminino,46,Médio Completo,Bonsucesso,3º,CRAS Bonsucesso,CRAS Bonsucesso,Público Geral,Cadastro Único
Feminino,35,Fundamental Incompleto,Imbiu,3º,CRAS Bonsucesso,CRAS Bonsucesso,Público Geral,Cadastro Único
Feminino,68,Fundamental Incompleto,Campanha,3º,CRAS Bonsucesso,CRAS Bonsucesso,Público Geral,Cadastro Único
Feminino,68,Não Escolarizado,Vargem Grande,3º,CRAS Bonsucesso,CRAS Bonsucesso,Público Geral,Cadastro Único
Feminino,47,Fundamental Incompleto,Vargem Grande,3º,CRAS Bonsucesso,CRAS Bonsucesso,Público Geral,Cadastro Único
Masculino,74,Não Escolarizado,Santa Rosa,3º,CRAS Bonsucesso,CRAS Bonsucesso,Público Geral,Cadastro Único
Masculino,56,Fundamental Incompleto,Vale Alpino,3º,CRAS Bonsucesso,CRAS Bonsucesso,Público Geral,Cadastro Único
Feminino,60,Fundamental Incompleto,Sebastiana,3º,CRAS Bonsucesso,CRAS Bonsucesso,Público Geral,Cadastro Único
Feminino,60,Fundamental Incompleto,Santa Rosa,3º,CRAS Bonsucesso,CRAS Bonsucesso,Público Geral,Cadastro Único
Masculino,47,Fundamental Incompleto,Bonsucesso,3º,CRAS Bonsucesso,CRAS Bonsucesso,Público Geral,Cadastro Único
Masculino,65,Fundamental Incompleto,Vargem Grande,3º,CRAS Bonsucesso,CRAS Bonsucesso,Público Geral,Assistente Social
Feminino,30,Fundamental Incompleto,Vale Alpino,3º,CRAS Bonsucesso,CRAS Bonsucesso,Público Geral,Cadastro Único
Feminino,28,Médio Completo,Santa Rosa,3º,CRAS Bonsucesso,CRAS Bonsucesso,Público Geral,Cadastro Único
Feminino,47,Fundamental Incompleto,Vieira,3º,CRAS Bonsucesso,CRAS Bonsucesso,Público Geral,Cadastro Único
Masculino,80,Fundamental Incompleto,Bonsucesso,3º,CRAS Bonsucesso,CRAS Bonsucesso,Público Geral,Cadastro Único
Masculino,55,Fundamental Incompleto,Mottas,3º,CRAS Bonsucesso,CRAS Bonsucesso,Público Geral,Cadastro Único
Feminino,26,Médio Completo,Vieira,3º,CRAS Bonsucesso,CRAS Bonsucesso,Público Geral,Cadastro Único
Feminino,56,Não Escolarizado,Vieira,3º,CRAS Bonsucesso,CRAS Bonsucesso,Público Geral,Cadastro Único
Feminino,28,Médio Incompleto,Vargem Grande,3º,CRAS Bonsucesso,CRAS Bonsucesso,Público Geral,Cadastro Único
Feminino,33,Fundamental Incompleto,Vieira,3º,CRAS Bonsucesso,CRAS Bonsucesso,Público Geral,Cadastro Único
Feminino,26,Fundamental Incompleto,Santa Rosa,3º,CRAS Bonsucesso,CRAS Bonsucesso,Público Geral,Cadastro Único
Feminino,48,Médio Incompleto,Vieira,3º,CRAS Bonsucesso,CRAS Bonsucesso,Público Geral,Cadastro Único
Feminino,32,Médio Incompleto,Sebastiana,3º,CRAS Bonsucesso,CRAS Bonsucesso,Público Geral,Cadastro Único
Feminino,43,Fundamental Incompleto,Campanha,3º,CRAS Bonsucesso,CRAS Bonsucesso,Público Geral,Cadastro Único
Feminino,35,Fundamental Incompleto,Vargem Grande,3º,CRAS Bonsucesso,CRAS Bonsucesso,Público Geral,Cadastro Único
Feminino,44,Médio Completo,Vargem Grande,3º,CRAS Bonsucesso,CRAS Bonsucesso,Público Geral,Psicóloga
Masculino,21,Médio Completo,Vargem Grande,3º,CRAS Bonsucesso,CRAS Bonsucesso,Público Geral,Psicóloga
Feminino,24,Médio Completo,Bonsucesso,3º,CRAS Bonsucesso,CRAS Bonsucesso,Público Geral,Cadastro Único
Masculino,54,Não Escolarizado,Bonsucesso,3º,CRAS Bonsucesso,CRAS Bonsucesso,Público Geral,Cadastro Único
Feminino,49,Fundamental Incompleto,Vieira,3º,CRAS Bonsucesso,CRAS Bonsucesso,Público Geral,Cadastro Único
Feminino,46,Médio Completo,Vale Alpino,3º,CRAS Bonsucesso,CRAS Bonsucesso,Público Geral,Cadastro Único
Feminino,29,Fundamental Incompleto,Bonsucesso,3º,CRAS Bonsucesso,CRAS Bonsucesso,Público Geral,Cadastro Único
Feminino,44,Fundamental Incompleto,Santa Rosa,3º,CRAS Bonsucesso,CRAS Bonsucesso,Público Geral,Cadastro Único
Feminino,20,Médio Incompleto,Mottas,3º,CRAS Bonsucesso,CRAS Bonsucesso,Público Geral,Cadastro Único
Feminino,45,Fundamental Incompleto,Mottas,3º,CRAS Bonsucesso,CRAS Bonsucesso,Público Geral,Cadastro Único
Feminino,30,Médio Completo,Bonsucesso,3º,CRAS Bonsucesso,CRAS Bonsucesso,Público Geral,Cadastro Único
Feminino,23,Médio Completo,Vieira,3º,CRAS Bonsucesso,CRAS Bonsucesso,Público Geral,Cadastro Único
