Sexo,Idade,Escolaridade,Bairro de Origem,Distrito,Referência,Local de Atendimento,Programa Vinculado,Tipo de Atendimento
Masculino,81, Fundamental Incompleto,Vale da Revolta , 1,CRAS Meudon,CRAS Meudon,Público geral ,Cadastro Único
Masculino,42, Fundamental Incompleto,Jardim Meudon , 1,CRAS Meudon,CRAS Meudon,Público geral ,Cadastro Único
Masculino,81, Médio Completo,Meudon, 1,CRAS Meudon,CRAS Meudon,Público geral ,Cadastro Único
Feminino,30, Médio Incompleto,Meudon, 1,CRAS Meudon,CRAS Meudon,PAIF,Assistente Social 
Feminino,61, Fundamental Incompleto,Jardim Meudon , 1,CRAS Meudon,CRAS Meudon,PAIF,Assistente Social 
Feminino,26, Médio Incompleto,Meudon, 1,CRAS Meudon,CRAS Meudon,Público geral ,Cadastro Único
Masculino,43, Médio Incompleto,Meudon, 1,CRAS Meudon,CRAS Meudon,Público geral ,Cadastro Único
Feminino,23, Médio Completo,Meudon, 1,CRAS Meudon,CRAS Meudon,PAIF,Assistente Social 
Feminino,22, Médio Completo,Meudon, 1,CRAS Meudon,CRAS Meudon,Público geral ,Cadastro Único
Masculino,67, Fundamental Completo,Vale da Revolta , 1,CRAS Meudon,CRAS Meudon,Público geral ,Cadastro Único
Feminino,39, Médio Completo,Vale da Revolta , 1,CRAS Meudon,CRAS Meudon,Público geral ,Cadastro Único
Feminino,48, Fundamental Completo,Vale da Revolta , 1,CRAS Meudon,CRAS Meudon,Público geral ,Cadastro Único
Masculino,41, Fundamental Incompleto,Meudon, 1,CRAS Meudon,CRAS Meudon,Público geral ,Cadastro Único
Feminino,69, Médio Completo,Meudon, 1,CRAS Meudon,CRAS Meudon,Público geral,Coordenação
Feminino,69, Superior Incompleto,Meudon, 1,CRAS Meudon,CRAS Meudon,Público geral,Coordenação
Feminino,81, Médio Incompleto,Meudon, 1,CRAS Meudon,CRAS Meudon,Público geral ,Cadastro Único
Masculino,56, Médio Incompleto,Meudon, 1,CRAS Meudon,CRAS Meudon,Público geral ,Cadastro Único
Masculino,91, Fundamental Completo,Meudon, 1,CRAS Meudon,CRAS Meudon,Público geral ,Cadastro Único
Feminino,26, Médio Completo,Meudon, 1,CRAS Meudon,CRAS Meudon,Público geral ,Cadastro Único
Feminino,56, Fundamental Incompleto,Meudon, 1,CRAS Meudon,CRAS Meudon,Público geral ,Cadastro Único
Feminino,26, Médio Completo,Meudon, 1,CRAS Meudon,CRAS Meudon,Público geral ,Cadastro Único
Feminino,62, Fundamental Completo,Jardim Meudon , 1,CRAS Meudon,CRAS Meudon,PAIF,Assistente Social 
Feminino,29, Fundamental Completo,Meudon, 1,CRAS Meudon,CRAS Meudon,PAIF,Assistente Social 
Feminino,73, Médio Completo,Meudon, 1,CRAS Meudon,CRAS Meudon,Público geral ,Coordenação
Feminino,50, Médio Incompleto,Vale da Revolta , 1,CRAS Meudon,CRAS Meudon,Público geral ,Assistente Social 
Feminino,19, Fundamental Incompleto,Meudon, 1,CRAS Meudon,CRAS Meudon,Público geral ,Cadastro Único
Feminino,75, Fundamental Completo,Meudon, 1,CRAS Meudon,CRAS Meudon,Público geral ,Assistente Social 
Feminino,52, Médio Incompleto,Meudon, 1,CRAS Meudon,CRAS Meudon,Público geral ,Cadastro Único
Masculino,22, Fundamental Incompleto,Jardim Meudon , 1,CRAS Meudon,CRAS Meudon,Público geral ,Cadastro Único
Feminino,23, Fundamental Incompleto,Jardim Meudon , 1,CRAS Meudon,CRAS Meudon,Público geral ,Cadastro Único
Feminino,66, Fundamental Incompleto,Meudon, 1,CRAS Meudon,CRAS Meudon,Público geral ,Cadastro Único
Masculino,59, Fundamental Incompleto,Jardim Meudon , 1,CRAS Meudon,CRAS Meudon,Público geral ,Cadastro Único
Feminino,26, Médio Incompleto,Meudon, 1,CRAS Meudon,CRAS Meudon,Público geral,Cadastro Único
Masculino,30, Fundamental Incompleto,Meudon, 1,CRAS Meudon,CRAS Meudon,Público geral ,Cadastro Único
Feminino,83, Fundamental Completo,Meudon, 1,CRAS Meudon,CRAS Meudon,Público geral ,Cadastro Único
Feminino,44, Médio Completo,Meudon, 1,CRAS Meudon,CRAS Meudon,Público geral ,Cadastro Único
Feminino,25, Fundamental Completo,Meudon, 1,CRAS Meudon,CRAS Meudon,Público geral ,Psicólogo
Masculino,37, Médio Completo,Meudon, 1,CRAS Meudon,CRAS Meudon,Público geral ,Cadastro Único
Feminino,39, Médio Completo,Meudon, 1,CRAS Meudon,CRAS Meudon,Público geral ,Cadastro Único
Feminino,35, Médio Completo,Jardim Meudon , 1,CRAS Meudon,CRAS Meudon,Público geral ,Cadastro Único
Feminino,63, Fundamental Completo,Meudon, 1,CRAS Meudon,CRAS Meudon,Público geral ,Cadastro Único
Feminino,43, Fundamental Incompleto,Meudon, 1,CRAS Meudon,CRAS Meudon,Público geral,Cadastro Único
Feminino,64, Fundamental Completo,Jardim Meudon , 1,CRAS Meudon,CRAS Meudon,Público geral ,Cadastro Único 
Masculino,60, Fundamental Completo,Jardim Meudon , 1,CRAS Meudon,CRAS Meudon,Público geral ,Cadastro Único 
Feminino,28, Médio Incompleto,Jardim Meudon , 1,CRAS Meudon,CRAS Meudon,Público geral ,Cadastro Único 
Feminino,54, Fundamental Completo,Vale da Revolta , 1,CRAS Meudon,CRAS Meudon,Público geral ,Cadastro Único
Feminino,17, Fundamental Completo,Vale da Revolta , 1,CRAS Meudon,CRAS Meudon,Público geral ,Cadastro Único 
Feminino,35, Fundamental Incompleto,Meudon, 1,CRAS Meudon,CRAS Meudon,Público geral ,Cadastro Único 
Feminino,57,Não Escolarizado,Meudon, 1,CRAS Meudon,CRAS Meudon,Público geral ,Assistente Social 
Masculino,55, Fundamental Incompleto,Vale da Revolta , 1,CRAS Meudon,CRAS Meudon,Público geral ,Não Informado
Masculino,44, Fundamental Incompleto,Meudon, 1,CRAS Meudon,CRAS Meudon,PAIF,Assistente Social 
Feminino,62, Fundamental Incompleto,Meudon, 1,CRAS Meudon,CRAS Meudon,Fortalecimento de Vínculos,Cadastro Único
Feminino,12, Fundamental Incompleto,Meudon, 1,CRAS Meudon,CRAS Meudon,Público geral ,Psicólogo
Feminino,25, Médio Completo,Jardim Meudon , 1,CRAS Meudon,CRAS Meudon,Público geral ,Cadastro Único
Masculino,40, Superior Incompleto,Jardim Meudon , 1,CRAS Meudon,CRAS Meudon,Público geral ,Cadastro Único
Feminino,40, Médio Completo,Meudon, 1,CRAS Meudon,CRAS Meudon,Público geral ,Cadastro Único
Masculino,35, Fundamental Incompleto,Meudon, 1,CRAS Meudon,CRAS Meudon,Público geral ,Assistente Social 
Feminino,27, Médio Completo,Jardim Meudon , 1,CRAS Meudon,CRAS Meudon,Público geral ,Psicólogo
Feminino,59, Fundamental Incompleto,Meudon, 1,CRAS Meudon,CRAS Meudon,PAIF,Cadastro Único
Feminino,41, Médio Incompleto,Jardim Meudon , 1,CRAS Meudon,CRAS Meudon,Público geral ,Cadastro Único
Feminino,20, Médio Incompleto,Vale da Revolta , 1,CRAS Meudon,CRAS Meudon,Público geral ,Assistente Social 
Feminino,52, Fundamental Incompleto,Meudon, 1,CRAS Meudon,CRAS Meudon,Público geral ,Cadastro Único
Feminino,28, Médio Completo,Meudon, 1,CRAS Meudon,CRAS Meudon,Público geral ,Cadastro Único
Feminino,60, Fundamental Completo,Meudon, 1,CRAS Meudon,CRAS Meudon,Fortalecimento de Vínculos,Atendimento Geral 
Feminino,55, Médio Incompleto,Meudon, 1,CRAS Meudon,CRAS Meudon,Fortalecimento de Vínculos,Atendimento Geral 
Feminino,63, Médio Completo,Meudon, 1,CRAS Meudon,CRAS Meudon,Fortalecimento de Vínculos,Atendimento Geral 
Feminino,65, Fundamental Incompleto,Meudon, 1,CRAS Meudon,CRAS Meudon,Fortalecimento de Vínculos,Atendimento Geral 
Feminino,54, Fundamental Incompleto,Meudon, 1,CRAS Meudon,CRAS Meudon,Público geral ,Cadastro Único 
Feminino,21, Médio Incompleto,Meudon, 1,CRAS Meudon,CRAS Meudon,Público geral ,Assistente Social 
Feminino,37, Médio Completo,Meudon, 1,CRAS Meudon,CRAS Meudon,Público geral ,Atendimento Geral 
Feminino,26, Médio Completo,Jardim Meudon , 1,CRAS Meudon,CRAS Meudon,Público geral ,Atendimento Geral 
Feminino,43, Fundamental Incompleto,Bom Retiro , 1,CRAS Meudon,CRAS Meudon,Público geral ,Cadastro Único
Feminino,55, Fundamental Incompleto,Meudon, 1,CRAS Meudon,CRAS Meudon,Público geral ,Cadastro Único
Feminino,42, Superior Completo,Meudon, 1,CRAS Meudon,CRAS Meudon,Público geral ,Cadastro Único 
Masculino,44, Fundamental Incompleto,Meudon, 1,CRAS Meudon,CRAS Meudon,PAIF,Assistente Social 
Feminino,62, Fundamental Incompleto,Meudon, 1,CRAS Meudon,CRAS Meudon,Fortalecimento de Vínculos,Cadastro Único
Feminino,12, Fundamental Incompleto,Meudon, 1,CRAS Meudon,CRAS Meudon,Público Geral,Psicólogo
Feminino,56, Fundamental Incompleto,Meudon, 1,CRAS Meudon,CRAS Meudon,Público geral ,Psicólogo
Feminino,50, Fundamental Incompleto,Meudon, 1,CRAS Meudon,CRAS Meudon,Fortalecimento de Vínculos,Cadastro Único
Feminino,68, Fundamental Incompleto,Meudon, 1,CRAS Meudon,CRAS Meudon,Público geral ,Cadastro Único 
Masculino,57, Fundamental Incompleto,Vale da Revolta , 1,CRAS Meudon,CRAS Meudon,Público geral ,Cadastro Único
Feminino,23, Fundamental Incompleto,Meudon, 1,CRAS Meudon,CRAS Meudon,Público geral ,Cadastro Único 
Feminino,57, Fundamental Incompleto,Vale da Revolta , 1,CRAS Meudon,CRAS Meudon,Público geral ,Cadastro Único 
Feminino,47, Médio Incompleto,Meudon, 1,CRAS Meudon,CRAS Meudon,Público geral ,Cadastro Único 
Feminino,44, Fundamental Incompleto,Jardim Meudon , 1,CRAS Meudon,CRAS Meudon,Público geral ,Assistente Social 
Feminino,55, Fundamental Incompleto,Jardim Meudon , 1,CRAS Meudon,CRAS Meudon,Fortalecimento de Vínculos,Cadastro Único 
Feminino,17, Fundamental Incompleto,Meudon, 1,CRAS Meudon,CRAS Meudon,Público geral ,Psicólogo
Feminino,26, Fundamental Incompleto,Meudon, 1,CRAS Meudon,CRAS Meudon,Público geral ,Psicólogo
Masculino,46, Fundamental Incompleto,Agriões, 1,CRAS Meudon,CRAS Meudon,Público geral ,Assistente Social 
Feminino,65, Fundamental Incompleto,Meudon, 1,CRAS Meudon,CRAS Meudon,Público geral ,Cadastro Único 
Feminino,43, Fundamental Incompleto,Jardim Meudon , 1,CRAS Meudon,CRAS Meudon,Fortalecimento de Vínculos,Cadastro Único 
Feminino,20, Fundamental Incompleto,Meudon, 1,CRAS Meudon,CRAS Meudon,Público geral ,Cadastro Único 
Feminino,66, Fundamental Incompleto,Meudon, 1,CRAS Meudon,CRAS Meudon,Público geral ,Cadastro Único 
Feminino,69, Fundamental Incompleto,Jardim Meudon , 1,CRAS Meudon,CRAS Meudon,Público geral ,Cadastro Único 
Feminino,24, Fundamental Incompleto,Meudon, 1,CRAS Meudon,CRAS Meudon,Público geral ,Cadastro Único 
Feminino,46, Fundamental Incompleto,Meudon, 1,CRAS Meudon,CRAS Meudon,Público geral ,Cadastro Único 
Feminino,54, Fundamental Incompleto,Bom Retiro , 1,CRAS Meudon,CRAS Meudon,Público geral ,Cadastro Único 
Feminino,30, Fundamental Incompleto,Meudon, 1,CRAS Meudon,CRAS Meudon,Público geral , Cadastro Único
Feminino,26, Médio Completo,Coreia , 1,CRAS Meudon,CRAS Meudon,Público geral ,Cadastro Único 
Feminino,45, Fundamental Incompleto,Meudon, 1,CRAS Meudon,CRAS Meudon,Público geral , Cadastro Único
Feminino,33, Fundamental Incompleto,Coreia , 1,CRAS Meudon,CRAS Meudon,Público geral ,Cadastro Único 
Feminino,44, Fundamental Incompleto,Meudon, 1,CRAS Meudon,CRAS Meudon,Público geral ,Cadastro Único 
Feminino,45, Fundamental Incompleto,Meudon, 1,CRAS Meudon,CRAS Meudon,Público geral ,Cadastro Único 
Feminino,23, Médio Completo,Meudon, 1,CRAS Meudon,CRAS Meudon,PAIF ,Assistente Social 
Feminino,35, Fundamental Incompleto,Meudon, 1,CRAS Meudon,CRAS Meudon,Público geral ,Assistente Social 
Feminino,43, Fundamental Incompleto,Meudon, 1,CRAS Meudon,CRAS Meudon,Público geral ,Cadastro Único
Feminino,40, Fundamental Incompleto,Coreia , 1,CRAS Meudon,CRAS Meudon,Público geral ,Cadastro Único 
Feminino,56, Fundamental Incompleto,Meudon, 1,CRAS Meudon,CRAS Meudon,Público geral ,Cadastro Único 
Feminino,53, Fundamental Incompleto,Meudon, 1,CRAS Meudon,CRAS Meudon,Público geral ,Cadastro Único
Feminino,56, Fundamental Incompleto,Meudon, 1,CRAS Meudon,CRAS Meudon,Público geral ,Cadastro Único
Feminino,41, Fundamental Incompleto,Meudon, 1,CRAS Meudon,CRAS Meudon,Público geral ,Cadastro Único
Feminino,36, Fundamental Incompleto,Jardim Meudon , 1,CRAS Meudon,CRAS Meudon,Público geral ,Cadastro Único
Feminino,30, Médio Completo,Bom Retiro , 1,CRAS Meudon,CRAS Meudon,Público geral ,Cadastro Único
Feminino,26, Fundamental Incompleto,Meudon, 1,CRAS Meudon,CRAS Meudon,Público geral ,Cadastro Único
Feminino,23, Fundamental Completo,Meudon, 1,CRAS Meudon,CRAS Meudon,Público geral ,Cadastro Único
Feminino,35, Fundamental Completo,Jardim Meudon , 1,CRAS Meudon,CRAS Meudon,Público geral ,Cadastro Único 
Feminino,36, Fundamental Completo,Jardim Meudon , 1,CRAS Meudon,CRAS Meudon,Público geral ,Cadastro Único 
Feminino,49, Médio Completo,Bom Retiro , 1,CRAS Meudon,CRAS Meudon,Público geral ,Cadastro Único 
Feminino,63, Fundamental Incompleto,Jardim Meudon , 1,CRAS Meudon,CRAS Meudon,Público geral ,Cadastro Único 
Feminino,69, Fundamental Incompleto,Meudon, 1,CRAS Meudon,CRAS Meudon,Fortalecimento de Vínculos,Coordenação
Feminino,70, Fundamental Completo,Meudon, 1,CRAS Meudon,CRAS Meudon,Público geral ,Cadastro Único
Feminino,32, Fundamental Incompleto,Jardim Meudon , 1,CRAS Meudon,CRAS Meudon,Público geral ,Assistente Social 
Feminino,50, Superior Completo,Meudon, 1,CRAS Meudon,CRAS Meudon,Público geral ,Cadastro Único 
Feminino,40, Médio Incompleto,Meudon, 1,CRAS Meudon,CRAS Meudon,Público geral ,Atendimento Geral 
Feminino,57, Fundamental Incompleto,Meudon, 1,CRAS Meudon,CRAS Meudon,Público geral ,Atendimento Geral 
Feminino,46, Fundamental Incompleto,Meudon, 1,CRAS Meudon,CRAS Meudon,Público geral ,Atendimento Geral 
Feminino,28, Fundamental Completo,Meudon, 1,CRAS Meudon,CRAS Meudon,Público geral ,Atendimento Geral 
Feminino,66, Fundamental Incompleto,Meudon, 1,CRAS Meudon,CRAS Meudon,Público geral ,Atendimento Geral 
Masculino,60, Fundamental Incompleto,Meudon, 1,CRAS Meudon,CRAS Meudon,Público geral ,Psicólogo
Feminino,32, Médio Incompleto,Meudon, 1,CRAS Meudon,CRAS Meudon,Público geral ,Assistente Social 
Feminino,56, Fundamental Incompleto,Meudon, 1,CRAS Meudon,CRAS Meudon,Fortalecimento de Vínculos,Atendimento Geral 
Feminino,32, Fundamental Incompleto,Coreia , 1,CRAS Meudon,CRAS Meudon,Fortalecimento de Vínculos,Atendimento Geral 
Feminino,23, Fundamental Incompleto,Jardim Meudon , 1,CRAS Meudon,CRAS Meudon,Público geral ,Atendimento Geral 
Feminino,44, Fundamental Completo,Coreia , 1,CRAS Meudon,CRAS Meudon,PAIF,Assistente Social 
Feminino,56, Fundamental Incompleto,Meudon, 1,CRAS Meudon,CRAS Meudon,Fortalecimento de Vínculos,Atendimento Geral 
Feminino,56, Médio Incompleto,Meudon, 1,CRAS Meudon,CRAS Meudon,Fortalecimento de Vínculos,Atendimento Geral 
Feminino,42, Médio Incompleto,Jardim Meudon , 1,CRAS Meudon,CRAS Meudon,Fortalecimento de Vínculos,Atendimento Geral 
Feminino,56, Fundamental Incompleto,Meudon, 1,CRAS Meudon,CRAS Meudon,Fortalecimento de Vínculos,Atendimento Geral 
Feminino,42, Médio Incompleto,Meudon, 1,CRAS Meudon,CRAS Meudon,Público geral ,Atendimento Geral 
Feminino,56, Fundamental Incompleto,Meudon, 1,CRAS Meudon,CRAS Meudon,Público geral ,Cadastro Único 
Feminino,70, Médio Completo,Bom Retiro , 1,CRAS Meudon,CRAS Meudon,Público geral ,Atendimento Geral 
Feminino,56, Fundamental Incompleto,Meudon, 1,CRAS Meudon,CRAS Meudon,Público geral ,Atendimento Geral 
Feminino,32, Médio Incompleto,Coreia , 1,CRAS Meudon,CRAS Meudon,PAIF,Assistente Social 
Feminino,45, Fundamental Incompleto,Meudon, 1,CRAS Meudon,CRAS Meudon,Público geral ,Cadastro Único 
Feminino,44, Fundamental Incompleto,Meudon, 1,CRAS Meudon,CRAS Meudon,PAIF,Assistente Social 
Feminino,56, Fundamental Incompleto,Meudon, 1,CRAS Meudon,CRAS Meudon,Fortalecimento de Vínculos,Atendimento Geral 
Feminino,56, Fundamental Incompleto,Meudon, 1,CRAS Meudon,CRAS Meudon,Público geral ,Atendimento Geral 
Feminino,59, Médio Incompleto,Meudon, 1,CRAS Meudon,CRAS Meudon,Público geral ,Atendimento Geral 
Feminino,44, Fundamental Incompleto,Meudon, 1,CRAS Meudon,CRAS Meudon,Público geral ,Atendimento Geral 
Feminino,35, Fundamental Completo,Coreia , 1,CRAS Meudon,CRAS Meudon,Público geral ,Cadastro Único 
Feminino,26, Médio Completo,Vale da Revolta , 1,CRAS Meudon,CRAS Meudon,Público geral ,Cadastro Único 
Feminino,26, Médio Completo,Jardim Meudon , 1,CRAS Meudon,CRAS Meudon,Público geral ,Cadastro Único 
Feminino,25, Fundamental Completo,Coreia , 1,CRAS Meudon,CRAS Meudon,Público geral ,Cadastro Único 
Feminino,25, Fundamental Incompleto,Coreia , 1,CRAS Meudon,CRAS Meudon,Público geral ,Assistente Social 
Feminino,51, Fundamental Incompleto,Meudon, 1,CRAS Meudon,CRAS Meudon,Público geral ,Cadastro Único 
Masculino,68, Fundamental Incompleto,Meudon, 1,CRAS Meudon,CRAS Meudon,Público geral ,Cadastro Único 
Masculino,35, Fundamental Incompleto,Jardim Meudon , 1,CRAS Meudon,CRAS Meudon,Público geral ,Cadastro Único 
Feminino,65, Médio Incompleto,Meudon, 1,CRAS Meudon,CRAS Meudon,Público geral ,Assistente Social 
Feminino,51, Fundamental Completo,Meudon, 1,CRAS Meudon,CRAS Meudon,Público geral ,Cadastro Único 
Feminino,61, Fundamental Completo,Meudon, 1,CRAS Meudon,CRAS Meudon,Público geral ,Cadastro Único 
Masculino,25, Fundamental Incompleto,Jardim Meudon , 1,CRAS Meudon,CRAS Meudon,Público geral ,Cadastro Único 
Feminino,26, Fundamental Incompleto,Jardim Meudon , 1,CRAS Meudon,CRAS Meudon,Público geral ,Cadastro Único 
Feminino,50, Fundamental Completo,Meudon, 1,CRAS Meudon,CRAS Meudon,Público geral ,Cadastro Único 
Feminino,60, Fundamental Incompleto,Meudon, 1,CRAS Meudon,CRAS Meudon,Público geral ,Cadastro Único 
Feminino,40, Fundamental Incompleto,Meudon, 1,CRAS Meudon,CRAS Meudon,Público geral ,Cadastro Único 
Masculino,74, Fundamental Completo,Vale da Revolta , 1,CRAS Meudon,CRAS Meudon,Público geral ,Cadastro Único 
Feminino,43, Fundamental Completo,Meudon, 1,CRAS Meudon,CRAS Meudon,Público geral ,Cadastro Único 
Feminino,26, Médio Completo,Meudon, 1,CRAS Meudon,CRAS Meudon,Público geral ,Cadastro Único 
Masculino,63, Médio Incompleto,Meudon, 1,CRAS Meudon,CRAS Meudon,Público geral ,Cadastro Único 
Feminino,46, Médio Completo,Meudon, 1,CRAS Meudon,CRAS Meudon,Público geral ,Cadastro Único 
Feminino,32, Médio Completo,Meudon, 1,CRAS Meudon,CRAS Meudon,Público geral ,Cadastro Único 
Feminino,59, Médio Completo,Jardim Meudon , 1,CRAS Meudon,CRAS Meudon,Público geral ,Cadastro Único 
Feminino,35, Superior Completo,Jardim Meudon , 1,CRAS Meudon,CRAS Meudon,Público geral ,Cadastro Único 
Feminino,38, Médio Completo,Meudon, 1,CRAS Meudon,CRAS Meudon,Público geral ,Assistente Social 
Feminino,72, Fundamental Completo,Vale da Revolta , 1,CRAS Meudon,CRAS Meudon,Público geral ,Cadastro Único 
Feminino,60, Médio Completo,Vale da Revolta , 1,CRAS Meudon,CRAS Meudon,Público geral ,Cadastro Único 
Masculino,40, Fundamental Completo,Vale da Revolta , 1,CRAS Meudon,CRAS Meudon,Público geral ,Cadastro Único 
Feminino,40, Médio Completo,Jardim Meudon , 1,CRAS Meudon,CRAS Meudon,Público geral ,Cadastro Único 
Feminino,52, Médio Completo,Meudon, 1,CRAS Meudon,CRAS Meudon,Público geral ,Cadastro Único 
Feminino,43, Fundamental Incompleto,Vale da Revolta , 1,CRAS Meudon,CRAS Meudon,Público geral ,Cadastro Único 
Feminino,61, Fundamental Completo,Vale da Revolta , 1,CRAS Meudon,CRAS Meudon,Público geral ,Cadastro Único 
Feminino,53, Fundamental Completo,Meudon, 1,CRAS Meudon,CRAS Meudon,Público geral ,Cadastro Único 
Feminino,21, Fundamental Incompleto,Meudon, 1,CRAS Meudon,CRAS Meudon,Público geral ,Cadastro Único 
Feminino,71, Fundamental Completo,Meudon, 1,CRAS Meudon,CRAS Meudon,Público geral ,Cadastro Único 
Feminino,48, Fundamental Incompleto,Meudon, 1,CRAS Meudon,CRAS Meudon,Público geral ,Cadastro Único 
Feminino,55, Fundamental Completo,Meudon, 1,CRAS Meudon,CRAS Meudon,Público geral ,Cadastro Único 
Feminino,22, Fundamental Completo,Meudon, 1,CRAS Meudon,CRAS Meudon,Público geral ,Cadastro Único 
Feminino,62, Médio Completo,Bom Retiro , 1,CRAS Meudon,CRAS Meudon,Público geral ,Cadastro Único 
Masculino,50, Fundamental Incompleto,Vale da Revolta , 1,CRAS Meudon,CRAS Meudon,PAIF,Assistente Social 
Masculino,60,Não Escolarizado,Meudon, 1,CRAS Meudon,CRAS Meudon,PAIF,Cadastro Único 
Feminino,28, Superior Completo,Jardim Meudon , 1,CRAS Meudon,CRAS Meudon,Público geral ,Psicólogo
Masculino,18, Médio Completo,Meudon, 1,CRAS Meudon,CRAS Meudon,Público geral ,Atendimento Geral 
Feminino,28, Médio Completo,Meudon, 1,CRAS Meudon,CRAS Meudon,Público geral ,Atendimento Geral 
Feminino,40, Médio Completo,Vale da Revolta , 1,CRAS Meudon,CRAS Meudon,Público geral ,Psicólogo
Feminino,51, Médio Incompleto,Vale da Revolta , 1,CRAS Meudon,CRAS Meudon,Público geral ,Psicólogo
Feminino,57, Médio Incompleto,Jardim Meudon , 1,CRAS Meudon,CRAS Meudon,Público geral ,Psicólogo
Feminino,38, Médio Completo,Meudon, 1,CRAS Meudon,CRAS Meudon,Público geral ,Assistente Social 
Feminino,44, Fundamental Completo,Jardim Meudon , 1,CRAS Meudon,CRAS Meudon,Público geral ,Cadastro Único 
Feminino,49, Fundamental Completo,Jardim Meudon , 1,CRAS Meudon,CRAS Meudon,Público geral ,Cadastro Único 
Masculino,28, Médio Completo,Meudon, 1,CRAS Meudon,CRAS Meudon,Público geral ,Cadastro Único 
Feminino,60, Fundamental Completo,Jardim Meudon , 1,CRAS Meudon,CRAS Meudon,Público geral ,Cadastro Único 
Masculino,80, Fundamental Incompleto,Meudon, 1,CRAS Meudon,CRAS Meudon,Público geral ,Cadastro Único 
Feminino,52, Médio Completo,Meudon, 1,CRAS Meudon,CRAS Meudon,Público geral ,Cadastro Único 
Feminino,21, Médio Completo,Jardim Meudon , 1,CRAS Meudon,CRAS Meudon,Público geral ,Cadastro Único 
Feminino,43, Médio Completo,Paineras , 1,CRAS Meudon,CRAS Meudon,Público geral ,Assistente Social 
Feminino,39, Médio Completo,Meudon, 1,CRAS Meudon,CRAS Meudon,Público geral ,Cadastro Único 
Feminino,56, Fundamental Completo,Meudon, 1,CRAS Meudon,CRAS Meudon,Público geral ,Cadastro Único 
Feminino,43, Fundamental Completo,Meudon, 1,CRAS Meudon,CRAS Meudon,Público geral ,Cadastro Único 
Masculino,57, Fundamental Incompleto,Coreia , 1,CRAS Meudon,CRAS Meudon,Público geral ,Cadastro Único 
Feminino,33, Médio Completo,Meudon, 1,CRAS Meudon,CRAS Meudon,Público geral ,Cadastro Único 
Feminino,54, Fundamental Completo,Jardim Meudon , 1,CRAS Meudon,CRAS Meudon,Público geral ,Coordenação
Feminino,48, Médio Incompleto,Bom Retiro , 1,CRAS Meudon,CRAS Meudon,Público geral ,Cadastro Único 
Feminino,31, Médio Completo,Jardim Meudon , 1,CRAS Meudon,CRAS Meudon,Público geral ,Cadastro Único 
Feminino,74,Não Escolarizado,Meudon, 1,CRAS Meudon,CRAS Meudon,Público geral ,Cadastro Único 
Feminino,28, Médio Incompleto,Bom Retiro , 1,CRAS Meudon,CRAS Meudon,Público geral ,Cadastro Único 
Feminino,48, Fundamental Incompleto,Meudon, 1,CRAS Meudon,CRAS Meudon,Público geral ,Cadastro Único 
Feminino,33, Fundamental Incompleto,Jardim Meudon , 1,CRAS Meudon,CRAS Meudon,Público geral ,Cadastro Único 
Feminino,35, Fundamental Completo,Meudon, 1,CRAS Meudon,CRAS Meudon,Público geral ,Cadastro Único 
Feminino,29, Fundamental Incompleto,Vale da Revolta , 1,CRAS Meudon,CRAS Meudon,Público geral ,Cadastro Único 
Feminino,19, Médio Completo,Meudon, 1,CRAS Meudon,CRAS Meudon,Público geral ,Cadastro Único 
Feminino,60, Fundamental Incompleto,Jardim Meudon , 1,CRAS Meudon,CRAS Meudon,Público geral ,Cadastro Único 
Feminino,70, Fundamental Incompleto,Jardim Meudon , 1,CRAS Meudon,CRAS Meudon,Público geral ,Cadastro Único 
Feminino,24, Fundamental Incompleto,Vale da Revolta , 1,CRAS Meudon,CRAS Meudon,Público geral ,Cadastro Único 
Feminino,33, Fundamental Completo,Meudon, 1,CRAS Meudon,CRAS Meudon,Público geral ,Cadastro Único 
Feminino,38, Fundamental Incompleto,Meudon, 1,CRAS Meudon,CRAS Meudon,Público geral ,Cadastro Único 
Feminino,45, Fundamental Incompleto,Jardim Meudon , 1,CRAS Meudon,CRAS Meudon,Público geral ,Cadastro Único 
Feminino,60, Fundamental Incompleto,Meudon, 1,CRAS Meudon,CRAS Meudon,Público geral ,Assistente Social 
Feminino,17, Médio Incompleto,Vale da Revolta , 1,CRAS Meudon,CRAS Meudon,Público geral ,Psicólogo
Feminino,48, Fundamental Incompleto,Meudon, 1,CRAS Meudon,CRAS Meudon,Público geral ,Assistente Social 
Masculino,60, Fundamental Incompleto,Meudon, 1,CRAS Meudon,CRAS Meudon,Público geral ,Assistente Social 
Feminino,32, Fundamental Completo,Meudon, 1,CRAS Meudon,CRAS Meudon,Público geral ,Cadastro Único 
Feminino,38, Fundamental Completo,Meudon, 1,CRAS Meudon,CRAS Meudon,Público geral ,Cadastro Único 
Feminino,64, Fundamental Completo,Jardim Meudon , 1,CRAS Meudon,CRAS Meudon,Público geral ,Cadastro Único 
Feminino,45, Fundamental Completo,Meudon, 1,CRAS Meudon,CRAS Meudon,Público geral ,Cadastro Único 
Feminino,41, Fundamental Completo,Meudon, 1,CRAS Meudon,CRAS Meudon,Público geral ,Cadastro Único 
Feminino,34, Fundamental Completo,Bom Retiro , 1,CRAS Meudon,CRAS Meudon,Público geral ,Cadastro Único 
Feminino,35, Fundamental Completo,Meudon, 1,CRAS Meudon,CRAS Meudon,Público geral ,Cadastro Único 
Feminino,36, Médio Incompleto,Meudon, 1,CRAS Meudon,CRAS Meudon,Público geral ,Cadastro Único 
Feminino,27, Superior Incompleto,Jardim Meudon , 1,CRAS Meudon,CRAS Meudon,Público geral ,Psicólogo
Feminino,13, Fundamental Incompleto,Jardim Meudon , 1,CRAS Meudon,CRAS Meudon,Público geral ,Psicólogo
Feminino,26, Fundamental Completo,Meudon, 1,CRAS Meudon,CRAS Meudon,Público geral ,Psicólogo
Feminino,48, Fundamental Completo,Jardim Meudon , 1,CRAS Meudon,CRAS Meudon,Público geral ,Cadastro Único 
Feminino,43, Médio Completo,Bom Retiro , 1,CRAS Meudon,CRAS Meudon,Público geral ,Cadastro Único 
Feminino,74, Fundamental Incompleto,Meudon, 1,CRAS Meudon,CRAS Meudon,Público geral ,Cadastro Único 
Feminino,34, Médio Completo,Jardim Meudon , 1,CRAS Meudon,CRAS Meudon,Público geral ,Cadastro Único 
Feminino,31, Médio Completo,Jardim Meudon , 1,CRAS Meudon,CRAS Meudon,Público geral ,Cadastro Único 
Masculino,40, Fundamental Incompleto,Vale da Revolta , 1,CRAS Meudon,CRAS Meudon,Público geral ,Cadastro Único 
Feminino,35, Fundamental Incompleto,Meudon, 1,CRAS Meudon,CRAS Meudon,Público geral ,Cadastro Único 
Feminino,39, Médio Incompleto,Meudon, 1,CRAS Meudon,CRAS Meudon,Público geral ,Cadastro Único 
Feminino,35, Médio Completo,Coreia , 1,CRAS Meudon,CRAS Meudon,Público geral ,Cadastro Único 
Feminino,33, Fundamental Incompleto,Meudon, 1,CRAS Meudon,CRAS Meudon,Público geral ,Cadastro Único 
Masculino,37, Fundamental Incompleto,Coreia , 1,CRAS Meudon,CRAS Meudon,Público geral ,Cadastro Único 
Feminino,47, Fundamental Completo,Meudon, 1,CRAS Meudon,CRAS Meudon,Público geral ,Cadastro Único 
Masculino,67, Fundamental Incompleto,Jardim Meudon , 1,CRAS Meudon,CRAS Meudon,Público geral ,Cadastro Único 
Feminino,63, Fundamental Completo,Vale da Revolta , 1,CRAS Meudon,CRAS Meudon,Público geral ,Cadastro Único 
Feminino,44, Médio Completo,Jardim Meudon , 1,CRAS Meudon,CRAS Meudon,Público geral ,Cadastro Único 
Feminino,51, Médio Completo,Vale da Revolta , 1,CRAS Meudon,CRAS Meudon,Público geral ,Cadastro Único 
Feminino,45, Fundamental Completo,Meudon, 1,CRAS Meudon,CRAS Meudon,Público geral ,Cadastro Único 
Feminino,49, Fundamental Incompleto,Coreia , 1,CRAS Meudon,CRAS Meudon,Público geral ,Cadastro Único 
Masculino,27, Fundamental Incompleto,Jardim Meudon , 1,CRAS Meudon,CRAS Meudon,Público geral ,Cadastro Único 
Feminino,64, Fundamental Incompleto,Vale da Revolta , 1,CRAS Meudon,CRAS Meudon,Público geral ,Psicólogo
Feminino,30, Médio Completo,Meudon, 1,CRAS Meudon,CRAS Meudon,Público geral ,Psicólogo
Feminino,47, Fundamental Incompleto,Meudon, 1,CRAS Meudon,CRAS Meudon,Público geral ,Psicólogo
Feminino,45, Fundamental Completo,Meudon, 1,CRAS Meudon,CRAS Meudon,Público geral ,Psicólogo
Feminino,68, Médio Completo,Meudon, 1,CRAS Meudon,CRAS Meudon,Público geral ,Psicólogo
Feminino,25, Médio Completo,Vale da Revolta , 1,CRAS Meudon,CRAS Meudon,Público geral ,Psicólogo
Masculino,40, Fundamental Incompleto,Jardim Meudon , 1,CRAS Meudon,CRAS Meudon,Público geral ,Cadastro Único 
Feminino,26, Fundamental Incompleto,Meudon, 1,CRAS Meudon,CRAS Meudon,Público geral ,Cadastro Único 
Feminino,34, Fundamental Completo,Meudon, 1,CRAS Meudon,CRAS Meudon,Público geral ,Psicólogo
Feminino,56, Médio Completo,Bom Retiro , 1,CRAS Meudon,CRAS Meudon,Público geral ,Psicólogo
Feminino,43, Fundamental Incompleto,Meudon, 1,CRAS Meudon,CRAS Meudon,Público geral ,Cadastro Único 
Masculino,38, Fundamental Incompleto,Vale da Revolta , 1,CRAS Meudon,CRAS Meudon,Público geral ,Cadastro Único 
Feminino,82, Fundamental Completo,Jardim Meudon , 1,CRAS Meudon,CRAS Meudon,Público geral ,Cadastro Único 
Masculino,42, Fundamental Incompleto,Meudon, 1,CRAS Meudon,CRAS Meudon,Público geral ,Psicólogo
Masculino,38, Fundamental Completo,Meudon, 1,CRAS Meudon,CRAS Meudon,Público geral ,Cadastro Único 
Feminino,31, Fundamental Incompleto,Meudon, 1,CRAS Meudon,CRAS Meudon,Público geral ,Cadastro Único 
Feminino,43, Médio Completo,Meudon, 1,CRAS Meudon,CRAS Meudon,Público geral ,Psicólogo
Feminino,56, Médio Completo,Coreia , 1,CRAS Meudon,CRAS Meudon,Público geral ,Cadastro Único 
Masculino,60, Médio Completo,Jardim Meudon , 1,CRAS Meudon,CRAS Meudon,Público geral ,Cadastro Único 
Feminino,42, Médio Completo,Bom Retiro , 1,CRAS Meudon,CRAS Meudon,Público geral ,Cadastro Único 
Feminino,28, Médio Incompleto,Bom Retiro , 1,CRAS Meudon,CRAS Meudon,Público geral ,Cadastro Único 
Feminino,48, Fundamental Incompleto,Meudon, 1,CRAS Meudon,CRAS Meudon,Público geral ,Cadastro Único 
Feminino,32, Fundamental Incompleto,Jardim Meudon , 1,CRAS Meudon,CRAS Meudon,Público geral ,Psicólogo
Feminino,38, Fundamental Incompleto,Meudon, 1,CRAS Meudon,CRAS Meudon,Público geral ,Cadastro Único 
Feminino,61, Fundamental Completo,Meudon, 1,CRAS Meudon,CRAS Meudon,Fortalecimento de Vínculos,Atendimento Geral 
Masculino,35, Fundamental Incompleto,Jardim Meudon , 1,CRAS Meudon,CRAS Meudon,Público geral ,Cadastro Único 
Feminino,28, Fundamental Completo,Meudon, 1,CRAS Meudon,CRAS Meudon,Público geral ,Cadastro Único 
Feminino,38, Médio Incompleto,Vale da Revolta , 1,CRAS Meudon,CRAS Meudon,Público geral ,Cadastro Único 
Feminino,57, Fundamental Completo,Meudon, 1,CRAS Meudon,CRAS Meudon,Fortalecimento de Vínculos,Atendimento Geral 
Feminino,53, Fundamental Incompleto,Jardim Meudon , 1,CRAS Meudon,CRAS Meudon,Fortalecimento de Vínculos,Atendimento Geral 
Feminino,64, Fundamental Incompleto,Meudon, 1,CRAS Meudon,CRAS Meudon,Fortalecimento de Vínculos,Atendimento Geral 
Masculino,45, Fundamental Incompleto,Meudon, 1,CRAS Meudon,CRAS Meudon,Público geral ,Cadastro Único 
Feminino,29, Médio Completo,Meudon, 1,CRAS Meudon,CRAS Meudon,Público geral ,Cadastro Único 
Feminino,46, Médio Completo,Jardim Meudon , 1,CRAS Meudon,CRAS Meudon,Público geral ,Psicólogo
Feminino,30, Fundamental Incompleto,Vale da Revolta , 1,CRAS Meudon,CRAS Meudon,Público geral ,Cadastro Único 
Feminino,31, Fundamental Completo,Jardim Meudon , 1,CRAS Meudon,CRAS Meudon,Público geral ,Cadastro Único 
Masculino,64, Fundamental Completo,Meudon, 1,CRAS Meudon,CRAS Meudon,Público geral ,Cadastro Único 
Feminino,41, Fundamental Incompleto,Coreia , 1,CRAS Meudon,CRAS Meudon,Público geral ,Cadastro Único 
Feminino,58, Fundamental Incompleto,Meudon, 1,CRAS Meudon,CRAS Meudon,Público geral ,Cadastro Único 
Feminino,70, Fundamental Incompleto,Jardim Meudon , 1,CRAS Meudon,CRAS Meudon,Fortalecimento de Vínculos,Atendimento Geral 
Feminino,33, Fundamental Incompleto,Jardim Meudon , 1,CRAS Meudon,CRAS Meudon,Público geral ,Cadastro Único 
Masculino,51, Fundamental Incompleto,Meudon, 1,CRAS Meudon,CRAS Meudon,Público geral ,Cadastro Único 
Feminino,47, Fundamental Incompleto,Meudon, 1,CRAS Meudon,CRAS Meudon,Público geral ,Cadastro Único 
Feminino,47, Fundamental Incompleto,Meudon, 1,CRAS Meudon,CRAS Meudon,Público geral ,Cadastro Único 
Feminino,64, Fundamental Completo,Jardim Meudon , 1,CRAS Meudon,CRAS Meudon,Público geral ,Cadastro Único 
Masculino,49, Fundamental Incompleto,Meudon, 1,CRAS Meudon,CRAS Meudon,Público geral ,Cadastro Único 
Feminino,38, Fundamental Incompleto,Meudon, 1,CRAS Meudon,CRAS Meudon,Público geral ,Assistente Social 
Feminino,44, Fundamental Incompleto,Jardim Meudon , 1,CRAS Meudon,CRAS Meudon,Público geral ,Cadastro Único 
Feminino,56, Fundamental Incompleto,Meudon, 1,CRAS Meudon,CRAS Meudon,Público geral ,Cadastro Único 
Feminino,76, Fundamental Incompleto,Meudon, 1,CRAS Meudon,CRAS Meudon,Público geral ,Cadastro Único 
Feminino,30, Fundamental Incompleto,Meudon, 1,CRAS Meudon,CRAS Meudon,Público geral ,Cadastro Único 
Feminino,47, Fundamental Incompleto,Coreia , 1,CRAS Meudon,CRAS Meudon,Público geral ,Cadastro Único 
Feminino,28, Fundamental Incompleto,Vale da Revolta , 1,CRAS Meudon,CRAS Meudon,Público geral ,Cadastro Único 
Masculino,62, Fundamental Incompleto,Coreia , 1,CRAS Meudon,CRAS Meudon,Público geral ,Cadastro Único 
Masculino,43, Fundamental Incompleto,Meudon, 1,CRAS Meudon,CRAS Meudon,Público geral ,Cadastro Único 
Feminino,53, Fundamental Incompleto,Meudon, 1,CRAS Meudon,CRAS Meudon,Público geral ,Cadastro Único 
Feminino,40, Médio Completo,Meudon, 1,CRAS Meudon,CRAS Meudon,Público geral ,Cadastro Único 
Feminino,52, Fundamental Incompleto,Vale da Revolta , 1,CRAS Meudon,CRAS Meudon,Público geral ,Cadastro Único 
Feminino,52, Fundamental Incompleto,Vale da Revolta , 1,CRAS Meudon,CRAS Meudon,Público geral ,Cadastro Único 
Feminino,66, Fundamental Incompleto,Meudon, 1,CRAS Meudon,CRAS Meudon,Fortalecimento de Vínculos,Atendimento Geral 
Feminino,66, Fundamental Incompleto,Jardim Meudon , 1,CRAS Meudon,CRAS Meudon,Fortalecimento de Vínculos,Atendimento Geral 
Masculino,76, Fundamental Incompleto,Jardim Meudon , 1,CRAS Meudon,CRAS Meudon,Fortalecimento de Vínculos,Atendimento Geral 
Feminino,77, Fundamental Incompleto,Meudon, 1,CRAS Meudon,CRAS Meudon,Fortalecimento de Vínculos,Atendimento Geral 
Feminino,71, Fundamental Incompleto,Meudon, 1,CRAS Meudon,CRAS Meudon,Fortalecimento de Vínculos,Atendimento Geral 
Feminino,67, Fundamental Incompleto,Meudon, 1,CRAS Meudon,CRAS Meudon,Fortalecimento de Vínculos,Atendimento Geral 
Feminino,65, Fundamental Incompleto,Vale da Revolta , 1,CRAS Meudon,CRAS Meudon,Fortalecimento de Vínculos,Atendimento Geral 
Feminino,71, Fundamental Incompleto,Vale da Revolta , 1,CRAS Meudon,CRAS Meudon,Fortalecimento de Vínculos,Atendimento Geral 
Feminino,75, Fundamental Incompleto,Meudon, 1,CRAS Meudon,CRAS Meudon,Fortalecimento de Vínculos,Atendimento Geral 
Feminino,75, Fundamental Incompleto,Meudon, 1,CRAS Meudon,CRAS Meudon,Fortalecimento de Vínculos,Atendimento Geral 
Feminino,69, Fundamental Incompleto,Meudon, 1,CRAS Meudon,CRAS Meudon,Fortalecimento de Vínculos,Atendimento Geral 
Feminino,70, Fundamental Incompleto,Meudon, 1,CRAS Meudon,CRAS Meudon,Fortalecimento de Vínculos,Atendimento Geral 
Feminino,67, Fundamental Incompleto,Meudon, 1,CRAS Meudon,CRAS Meudon,Fortalecimento de Vínculos,Atendimento Geral 
Feminino,85, Fundamental Incompleto,Meudon, 1,CRAS Meudon,CRAS Meudon,Fortalecimento de Vínculos,Atendimento Geral 
Masculino,64, Fundamental Incompleto,Meudon, 1,CRAS Meudon,CRAS Meudon,Fortalecimento de Vínculos,Atendimento Geral 
Feminino,81, Fundamental Incompleto,Vale da Revolta , 1,CRAS Meudon,CRAS Meudon,Fortalecimento de Vínculos,Atendimento Geral 
Feminino,75, Fundamental Incompleto,Jardim Meudon , 1,CRAS Meudon,CRAS Meudon,Fortalecimento de Vínculos,Atendimento Geral 
Feminino,65, Fundamental Incompleto,Meudon, 1,CRAS Meudon,CRAS Meudon,Fortalecimento de Vínculos,Atendimento Geral 
Feminino,73, Fundamental Incompleto,Meudon, 1,CRAS Meudon,CRAS Meudon,Fortalecimento de Vínculos,Atendimento Geral 
Feminino,65, Fundamental Incompleto,Meudon, 1,CRAS Meudon,CRAS Meudon,Fortalecimento de Vínculos,Atendimento Geral 
Feminino,72, Fundamental Incompleto,Meudon, 1,CRAS Meudon,CRAS Meudon,Fortalecimento de Vínculos,Atendimento Geral 
Feminino,72, Fundamental Incompleto,Meudon, 1,CRAS Meudon,CRAS Meudon,Fortalecimento de Vínculos,Atendimento Geral 
Feminino,60, Fundamental Incompleto,Meudon, 1,CRAS Meudon,CRAS Meudon,Fortalecimento de Vínculos,Atendimento Geral 
Masculino,26, Fundamental Incompleto,Fazendinha, 1,CRAS Meudon,CRAS Meudon,PAIF,Não Informado
Masculino,31, Fundamental Incompleto,Meudon, 1,CRAS Meudon,CRAS Meudon,Público Geral,Cadastro Único 
Feminino,36, Fundamental Incompleto,Vale da Revolta , 1,CRAS Meudon,CRAS Meudon,Público Geral,Cadastro Único 
Masculino,49, Fundamental Incompleto,Meudon, 1,CRAS Meudon,CRAS Meudon,Público Geral,Cadastro Único 
Feminino,67, Fundamental Incompleto,Meudon, 1,CRAS Meudon,CRAS Meudon,Público Geral,Cadastro Único 
Feminino,49, Médio Completo,Meudon, 1,CRAS Meudon,CRAS Meudon,Público Geral,Cadastro Único 
Feminino,47, Fundamental Incompleto,Meudon, 1,CRAS Meudon,CRAS Meudon,Público Geral,Cadastro Único 
Feminino,62, Fundamental Incompleto,Jardim Meudon , 1,CRAS Meudon,CRAS Meudon,Público Geral,Cadastro Único 
Feminino,28, Fundamental Incompleto,Jardim Meudon , 1,CRAS Meudon,CRAS Meudon,Público Geral,Cadastro Único 
Feminino,18, Fundamental Incompleto,Meudon, 1,CRAS Meudon,CRAS Meudon,Público Geral,Cadastro Único 
Feminino,50, Fundamental Incompleto,Vale da Revolta , 1,CRAS Meudon,CRAS Meudon,Público Geral,Cadastro Único 
Feminino,44, Fundamental Completo,Meudon, 1,CRAS Meudon,CRAS Meudon,Público Geral,Cadastro Único 
Feminino,34, Fundamental Incompleto,Meudon, 1,CRAS Meudon,CRAS Meudon,Público Geral,Cadastro Único 
Feminino,62, Fundamental Completo,Bom retiro, 1,CRAS Meudon,CRAS Meudon,Público Geral,Assistente Social 
Feminino,44, Fundamental Incompleto,Meudon, 1,CRAS Meudon,CRAS Meudon,Público Geral,Cadastro Único 
Feminino,42, Fundamental Incompleto,Meudon, 1,CRAS Meudon,CRAS Meudon,Público Geral,Cadastro Único 
Feminino,62, Fundamental Incompleto,Jardim Meudon , 1,CRAS Meudon,CRAS Meudon,Público Geral,Cadastro Único 
Feminino,38, Fundamental Incompleto,Meudon, 1,CRAS Meudon,CRAS Meudon,Público Geral,Cadastro Único 
Feminino,59, Fundamental Completo,Meudon, 1,CRAS Meudon,CRAS Meudon,Público Geral,Cadastro Único 
Feminino,60, Fundamental Incompleto,Meudon, 1,CRAS Meudon,CRAS Meudon,Público Geral,Cadastro Único 
Feminino,31, Fundamental Incompleto,Meudon, 1,CRAS Meudon,CRAS Meudon,Público Geral,Cadastro Único 
Masculino,60, Fundamental Incompleto,Meudon, 1,CRAS Meudon,CRAS Meudon,Público Geral,Cadastro Único 
Masculino,70, Fundamental Incompleto,Coreia , 1,CRAS Meudon,CRAS Meudon,Público Geral,Cadastro Único 
Feminino,59, Médio Incompleto,Jardim Meudon , 1,CRAS Meudon,CRAS Meudon,Público Geral,Cadastro Único 
Masculino,16, Fundamental Incompleto,Vale da Revolta , 1,CRAS Meudon,CRAS Meudon,Público Geral,Cadastro Único 
Feminino,41, Fundamental Incompleto,Coreia , 1,CRAS Meudon,CRAS Meudon,Público Geral,Cadastro Único 
Feminino,56, Fundamental Incompleto,Meudon, 1,CRAS Meudon,CRAS Meudon,Público Geral,Cadastro Único 
Feminino,58, Fundamental Incompleto,Jardim Meudon , 1,CRAS Meudon,CRAS Meudon,Público Geral,Cadastro Único 
Feminino,37, Médio Incompleto,Jardim Meudon , 1,CRAS Meudon,CRAS Meudon,Público Geral,Cadastro Único 
Feminino,48, Fundamental Incompleto,Vale da Revolta , 1,CRAS Meudon,CRAS Meudon,Público Geral,Cadastro Único 
Feminino,46, Médio Incompleto,Jardim Meudon , 1,CRAS Meudon,CRAS Meudon,Público Geral,Cadastro Único 
Feminino,52, Fundamental Incompleto,Meudon, 1,CRAS Meudon,CRAS Meudon,Público Geral,Cadastro Único 
Feminino,43, Fundamental Completo,Bom retiro, 1,CRAS Meudon,CRAS Meudon,Público Geral,Cadastro Único 
Feminino,30, Fundamental Incompleto,Meudon, 1,CRAS Meudon,CRAS Meudon,Público Geral,Cadastro Único 
Feminino,30, Médio Incompleto,Meudon, 1,CRAS Meudon,CRAS Meudon,Público Geral,Cadastro Único 
Feminino,27, Fundamental Incompleto,Jardim Meudon , 1,CRAS Meudon,CRAS Meudon,Público Geral,Cadastro Único 
Feminino,34, Fundamental Incompleto,Jardim Meudon , 1,CRAS Meudon,CRAS Meudon,Público Geral,Cadastro Único 
Feminino,22, Fundamental Incompleto,Vale da Revolta , 1,CRAS Meudon,CRAS Meudon,Público Geral,Cadastro Único 
Feminino,50, Fundamental Incompleto,Meudon, 1,CRAS Meudon,CRAS Meudon,Público Geral,Cadastro Único 
Feminino,24, Fundamental Incompleto,Jardim Meudon , 1,CRAS Meudon,CRAS Meudon,Público Geral,Cadastro Único 
Feminino,29, Médio Incompleto,Vale da Revolta , 1,CRAS Meudon,CRAS Meudon,Público Geral,Cadastro Único 
Feminino,66, Médio Incompleto,Bom retiro, 1,CRAS Meudon,CRAS Meudon,Público Geral,Cadastro Único 
Feminino,53, Fundamental Incompleto,Bom retiro, 1,CRAS Meudon,CRAS Meudon,Público Geral,Cadastro Único 
Feminino,37, Médio Incompleto,Meudon, 1,CRAS Meudon,CRAS Meudon,Público Geral,Cadastro Único 
Feminino,22, Fundamental Incompleto,Meudon, 1,CRAS Meudon,CRAS Meudon,Público Geral,Cadastro Único 
Feminino,27, Médio Incompleto,Meudon, 1,CRAS Meudon,CRAS Meudon,Público Geral,Cadastro Único 
Feminino,23, Médio Incompleto,Coreia , 1,CRAS Meudon,CRAS Meudon,Público Geral,Cadastro Único 
Feminino,33, Médio Incompleto,Vale da Revolta , 1,CRAS Meudon,CRAS Meudon,Público Geral,Cadastro Único 
Feminino,35, Médio Completo,Meudon, 1,CRAS Meudon,CRAS Meudon,Público Geral,Cadastro Único 
Feminino,26, Médio Completo,Vale da Revolta , 1,CRAS Meudon,CRAS Meudon,Público Geral,Cadastro Único 
Feminino,32, Médio Completo,Meudon, 1,CRAS Meudon,CRAS Meudon,Público Geral,Cadastro Único 
Feminino,69, Médio Incompleto,Jardim Meudon , 1,CRAS Meudon,CRAS Meudon,Público Geral,Cadastro Único 
Feminino,63, Médio Incompleto,Vale da Revolta , 1,CRAS Meudon,CRAS Meudon,Público Geral,Cadastro Único 
Feminino,50, Médio Completo,Meudon, 1,CRAS Meudon,CRAS Meudon,Público Geral,Cadastro Único 
Feminino,57, Médio Incompleto,Meudon, 1,CRAS Meudon,CRAS Meudon,Público Geral,Cadastro Único 
Masculino,61, Médio Completo,Meudon, 1,CRAS Meudon,CRAS Meudon,Público Geral,Cadastro Único 
Masculino,44, Médio Incompleto,Vale da Revolta , 1,CRAS Meudon,CRAS Meudon,Público Geral,Cadastro Único 
Feminino,30, Médio Incompleto,Jardim Meudon , 1,CRAS Meudon,CRAS Meudon,Público Geral,Cadastro Único 
Feminino,49, Médio Incompleto,Meudon, 1,CRAS Meudon,CRAS Meudon,Público Geral,Cadastro Único 
Feminino,24, Médio Completo,Meudon, 1,CRAS Meudon,CRAS Meudon,Público Geral,Cadastro Único 
Feminino,53, Médio Completo,Meudon, 1,CRAS Meudon,CRAS Meudon,Público Geral,Cadastro Único 
Feminino,57, Médio Completo,Meudon, 1,CRAS Meudon,CRAS Meudon,Público Geral,Cadastro Único 
Feminino,27, Médio Incompleto,Vale da Revolta , 1,CRAS Meudon,CRAS Meudon,Público Geral,Cadastro Único 
Feminino,35, Médio Incompleto,Vale da Revolta , 1,CRAS Meudon,CRAS Meudon,Público Geral,Cadastro Único 
Feminino,38, Médio Completo,Jardim Meudon , 1,CRAS Meudon,CRAS Meudon,Público Geral,Cadastro Único 
Feminino,48, Médio Completo,Vale da Revolta , 1,CRAS Meudon,CRAS Meudon,Público Geral,Cadastro Único 
Feminino,56, Médio Incompleto,Não Informado, 1,CRAS Meudon,CRAS Meudon,Não Informado,Não Informado
Feminino,58, Médio Incompleto,Não Informado, 1,CRAS Meudon,CRAS Meudon,Não Informado,Não Informado
Feminino,54, Médio Completo,Não Informado, 1,CRAS Meudon,CRAS Meudon,Não Informado,Não Informado
Feminino,26, Fundamental Completo,Não Informado, 1,CRAS Meudon,CRAS Meudon,Não Informado,Não Informado
Feminino,28, Médio Completo,Não Informado, 1,CRAS Meudon,CRAS Meudon,Não Informado,Não Informado
Feminino,43, Médio Completo,Não Informado, 1,CRAS Meudon,CRAS Meudon,Não Informado,Não Informado
Feminino,43, Médio Completo,Não Informado, 1,CRAS Meudon,CRAS Meudon,Não Informado,Não Informado
Feminino,45, Médio Incompleto,Não Informado, 1,CRAS Meudon,CRAS Meudon,Não Informado,Não Informado
Feminino,58, Fundamental Incompleto,Não Informado, 1,CRAS Meudon,CRAS Meudon,Não Informado,Não Informado
Feminino,54, Fundamental Incompleto,Não Informado, 1,CRAS Meudon,CRAS Meudon,Não Informado,Não Informado
Feminino,62, Fundamental Incompleto,Não Informado, 1,CRAS Meudon,CRAS Meudon,Não Informado,Não Informado
Masculino,55, Fundamental Incompleto,Não Informado, 1,CRAS Meudon,CRAS Meudon,Não Informado,Não Informado
Feminino,59, Fundamental Incompleto,Meudon, 1,CRAS Meudon,CRAS Meudon,Fortalecimento de Vínculos,Cadastro Único 
Feminino,61, Fundamental Incompleto,Vale da Revolta , 1,CRAS Meudon,CRAS Meudon,Fortalecimento de Vínculos,Cadastro Único 
Feminino,52, Fundamental Incompleto,Meudon, 1,CRAS Meudon,CRAS Meudon,Fortalecimento de Vínculos,Cadastro Único 
Feminino,60, Fundamental Incompleto,Meudon, 1,CRAS Meudon,CRAS Meudon,Fortalecimento de Vínculos,Cadastro Único 
Feminino,65, Médio Incompleto,Meudon, 1,CRAS Meudon,CRAS Meudon,Fortalecimento de Vínculos,Cadastro Único 
Feminino,64, Fundamental Incompleto,Jardim Meudon , 1,CRAS Meudon,CRAS Meudon,Fortalecimento de Vínculos,Cadastro Único 
Feminino,56, Fundamental Completo,Meudon, 1,CRAS Meudon,CRAS Meudon,Fortalecimento de Vínculos,Cadastro Único 
Feminino,59, Fundamental Completo,Dorvalino, 1,CRAS Meudon,CRAS Meudon,Fortalecimento de Vínculos,Cadastro Único 
Feminino,66, Fundamental Incompleto,Meudon, 1,CRAS Meudon,CRAS Meudon,Fortalecimento de Vínculos,Cadastro Único 
Feminino,54, Médio Incompleto,Vale da Revolta , 1,CRAS Meudon,CRAS Meudon,Cadastro Único,Atendimento Geral 
Feminino,74, Médio Incompleto,Meudon, 1,CRAS Meudon,CRAS Meudon,Cadastro Único,Atendimento Geral 
Feminino,62, Médio Incompleto,Jardim Meudon , 1,CRAS Meudon,CRAS Meudon,Cadastro Único,Atendimento Geral 
Feminino,28, Médio Incompleto,Bom retiro, 1,CRAS Meudon,CRAS Meudon,Cadastro Único,Atendimento Geral 
Feminino,50, Médio Incompleto,Meudon, 1,CRAS Meudon,CRAS Meudon,Cadastro Único,Atendimento Geral 
Feminino,57, Fundamental Incompleto,Coreia , 1,CRAS Meudon,CRAS Meudon,Cadastro Único,Atendimento Geral 
Feminino,46, Médio Incompleto,Meudon, 1,CRAS Meudon,CRAS Meudon,Cadastro Único,Atendimento Geral 
Feminino,50, Médio Incompleto,Vale da Revolta , 1,CRAS Meudon,CRAS Meudon,Cadastro Único,Atendimento Geral 
Feminino,42, Superior Incompleto,Meudon, 1,CRAS Meudon,CRAS Meudon,Cadastro Único,Atendimento Geral 
Feminino,50, Fundamental Completo,Meudon, 1,CRAS Meudon,CRAS Meudon,Cadastro Único,Atendimento Geral 
Feminino,33, Médio Completo,Jardim Meudon , 1,CRAS Meudon,CRAS Meudon,Cadastro Único,Atendimento Geral 
Feminino,41, Médio Completo,Jardim Meudon , 1,CRAS Meudon,CRAS Meudon,Cadastro Único,Atendimento Geral 
Feminino,34, Médio Completo,Jardim Meudon , 1,CRAS Meudon,CRAS Meudon,Cadastro Único,Atendimento Geral 
Feminino,65, Médio Incompleto,Meudon, 1,CRAS Meudon,CRAS Meudon,Cadastro Único,Atendimento Geral 
Feminino,27, Médio Completo,Meudon, 1,CRAS Meudon,CRAS Meudon,Cadastro Único,Atendimento Geral 
Masculino,23, Médio Completo,Jardim Meudon , 1,CRAS Meudon,CRAS Meudon,Cadastro Único,Atendimento Geral 
Masculino,70, Médio Incompleto,Jardim Meudon , 1,CRAS Meudon,CRAS Meudon,Cadastro Único,Atendimento Geral 
Feminino,75, Médio Incompleto,Meudon, 1,CRAS Meudon,CRAS Meudon,Cadastro Único,Atendimento Geral 
Feminino,24, Médio Incompleto,Meudon, 1,CRAS Meudon,CRAS Meudon,Cadastro Único,Atendimento Geral 
Masculino,76, Médio Incompleto,Coreia , 1,CRAS Meudon,CRAS Meudon,Cadastro Único,Atendimento Geral 
Masculino,45, Médio Completo,Coreia , 1,CRAS Meudon,CRAS Meudon,Cadastro Único,Atendimento Geral 
Feminino,54, Médio Completo,Meudon, 1,CRAS Meudon,CRAS Meudon,Cadastro Único,Atendimento Geral 
Feminino,53, Médio Incompleto,Bom retiro, 1,CRAS Meudon,CRAS Meudon,Cadastro Único,Atendimento Geral 
Feminino,22, Médio Incompleto,Meudon, 1,CRAS Meudon,CRAS Meudon,Cadastro Único,Atendimento Geral 
Feminino,66, Fundamental Completo,Coreia , 1,CRAS Meudon,CRAS Meudon,Cadastro Único,Atendimento Geral 
Feminino,68, Médio Completo,Meudon, 1,CRAS Meudon,CRAS Meudon,Cadastro Único,Atendimento Geral 
Masculino,67, Médio Completo,Meudon, 1,CRAS Meudon,CRAS Meudon,Cadastro Único,Atendimento Geral 
Feminino,19, Médio Completo,Meudon, 1,CRAS Meudon,CRAS Meudon,Cadastro Único,Atendimento Geral 
Feminino,27, Fundamental Incompleto,Jardim Meudon , 1,CRAS Meudon,CRAS Meudon,Cadastro Único,Atendimento Geral 
Feminino,63, Médio Incompleto,Meudon, 1,CRAS Meudon,CRAS Meudon,Cadastro Único,Atendimento Geral 
Feminino,38, Médio Completo,Meudon, 1,CRAS Meudon,CRAS Meudon,Cadastro Único,Atendimento Geral 
Feminino,45, Médio Incompleto,Meudon, 1,CRAS Meudon,CRAS Meudon,Cadastro Único,Atendimento Geral 
Feminino,25, Médio Completo,Meudon, 1,CRAS Meudon,CRAS Meudon,Cadastro Único,Atendimento Geral 
Feminino,59, Médio Completo,Coreia , 1,CRAS Meudon,CRAS Meudon,Cadastro Único,Atendimento Geral 
Feminino,62, Médio Incompleto,Jardim Meudon , 1,CRAS Meudon,CRAS Meudon,Cadastro Único,Atendimento Geral 
Feminino,40, Médio Completo,Jardim Meudon , 1,CRAS Meudon,CRAS Meudon,Cadastro Único,Atendimento Geral 
Feminino,52, Fundamental Completo,Coreia , 1,CRAS Meudon,CRAS Meudon,Cadastro Único,Atendimento Geral 
Feminino,25, Médio Completo,Bom retiro, 1,CRAS Meudon,CRAS Meudon,Cadastro Único,Atendimento Geral 
Feminino,30, Médio Completo,Bom retiro, 1,CRAS Meudon,CRAS Meudon,Cadastro Único,Atendimento Geral 
Feminino,36, Médio Incompleto,Meudon, 1,CRAS Meudon,CRAS Meudon,Cadastro Único,Atendimento Geral 
Feminino,49, Médio Completo,Vale da Revolta , 1,CRAS Meudon,CRAS Meudon,Cadastro Único,Atendimento Geral 
Feminino,29, Médio Completo,Meudon, 1,CRAS Meudon,CRAS Meudon,Cadastro Único,Atendimento Geral 
Feminino,24, Médio Completo,Meudon, 1,CRAS Meudon,CRAS Meudon,Cadastro Único,Atendimento Geral 
Feminino,52, Médio Incompleto,Meudon, 1,CRAS Meudon,CRAS Meudon,Cadastro Único,Atendimento Geral 
Feminino,33, Médio Completo,Meudon, 1,CRAS Meudon,CRAS Meudon,Cadastro Único,Atendimento Geral 
Feminino,24, Médio Incompleto,Meudon, 1,CRAS Meudon,CRAS Meudon,Cadastro Único,Atendimento Geral 
Feminino,32, Médio Incompleto,Meudon, 1,CRAS Meudon,CRAS Meudon,Cadastro Único,Atendimento Geral 
Feminino,26, Superior Incompleto,Meudon, 1,CRAS Meudon,CRAS Meudon,Cadastro Único,Atendimento Geral 
Feminino,76, Médio Completo,Meudon, 1,CRAS Meudon,CRAS Meudon,Fortalecimento de Vínculos,Atendimento Geral 
Feminino,45, Superior Completo,Meudon, 1,CRAS Meudon,CRAS Meudon,Fortalecimento de Vínculos,Atendimento Geral 
Masculino,45, Fundamental Incompleto,Meudon, 1,CRAS Meudon,CRAS Meudon,Fortalecimento de Vínculos,Atendimento Geral 
Masculino,62, Médio Incompleto,Jardim Meudon , 1,CRAS Meudon,CRAS Meudon,Fortalecimento de Vínculos,Atendimento Geral 
Feminino,60, Médio Incompleto,Jardim Meudon , 1,CRAS Meudon,CRAS Meudon,Fortalecimento de Vínculos,Atendimento Geral 
Feminino,38, Médio Incompleto,Meudon, 1,CRAS Meudon,CRAS Meudon,Fortalecimento de Vínculos,Atendimento Geral 
Feminino,22, Fundamental Completo,Meudon, 1,CRAS Meudon,CRAS Meudon,Fortalecimento de Vínculos,Atendimento Geral 
Feminino,64, Médio Incompleto,Meudon, 1,CRAS Meudon,CRAS Meudon,Fortalecimento de Vínculos,Atendimento Geral 
Feminino,38, Médio Incompleto,Meudon, 1,CRAS Meudon,CRAS Meudon,Fortalecimento de Vínculos,Atendimento Geral 
Feminino,24, Médio Incompleto,Meudon, 1,CRAS Meudon,CRAS Meudon,Fortalecimento de Vínculos,Atendimento Geral 
Masculino,62, Médio Incompleto,Jardim Meudon , 1,CRAS Meudon,CRAS Meudon,Fortalecimento de Vínculos,Atendimento Geral 
Feminino,58, Fundamental Incompleto,Meudon, 1,CRAS Meudon,CRAS Meudon,Fortalecimento de Vínculos,Atendimento Geral 
Feminino,61, Fundamental Incompleto,Meudon, 1,CRAS Meudon,CRAS Meudon,Fortalecimento de Vínculos,Atendimento Geral 
Feminino,54, Fundamental Incompleto,Meudon, 1,CRAS Meudon,CRAS Meudon,Fortalecimento de Vínculos,Atendimento Geral 
Feminino,50, Médio Incompleto,Meudon, 1,CRAS Meudon,CRAS Meudon,Cadastro Único,Atendimento Geral 
Feminino,46, Médio Incompleto,Jardim Meudon , 1,CRAS Meudon,CRAS Meudon,Cadastro Único,Atendimento Geral 
Feminino,65, Médio Incompleto,Bom retiro, 1,CRAS Meudon,CRAS Meudon,Cadastro Único,Atendimento Geral 
Feminino,41, Médio Incompleto,Meudon, 1,CRAS Meudon,CRAS Meudon,Cadastro Único,Atendimento Geral 
Feminino,49, Médio Completo,Coreia , 1,CRAS Meudon,CRAS Meudon,Cadastro Único,Atendimento Geral 
Feminino,22, Médio Completo,Coreia , 1,CRAS Meudon,CRAS Meudon,Cadastro Único,Atendimento Geral 
Masculino,43, Fundamental Incompleto,Meudon, 1,CRAS Meudon,CRAS Meudon,Cadastro Único,Atendimento Geral 
Masculino,60, Médio Incompleto,Meudon, 1,CRAS Meudon,CRAS Meudon,Cadastro Único,Atendimento Geral 
Feminino,37, Médio Completo,Jardim Meudon , 1,CRAS Meudon,CRAS Meudon,Cadastro Único,Atendimento Geral 
Masculino,62, Médio Completo,Bom retiro, 1,CRAS Meudon,CRAS Meudon,Cadastro Único,Atendimento Geral 
Masculino,48, Médio Incompleto,Jardim Meudon , 1,CRAS Meudon,CRAS Meudon,Cadastro Único,Atendimento Geral 
Feminino,48, Médio Incompleto,Meudon, 1,CRAS Meudon,CRAS Meudon,Cadastro Único,Atendimento Geral 
Feminino,73, Médio Incompleto,Meudon, 1,CRAS Meudon,CRAS Meudon,Cadastro Único,Atendimento Geral 
Feminino,31, Superior Completo,Jardim Meudon , 1,CRAS Meudon,CRAS Meudon,Cadastro Único,Atendimento Geral 
Feminino,53, Médio Completo,Coreia , 1,CRAS Meudon,CRAS Meudon,Cadastro Único,Atendimento Geral 
Masculino,55, Médio Incompleto,Bom retiro, 1,CRAS Meudon,CRAS Meudon,Cadastro Único,Atendimento Geral 
Feminino,66, Médio Incompleto,Meudon, 1,CRAS Meudon,CRAS Meudon,Cadastro Único,Atendimento Geral 
Feminino,28, Médio Completo,Bom retiro, 1,CRAS Meudon,CRAS Meudon,Cadastro Único,Atendimento Geral 
Feminino,63, Médio Completo,Meudon, 1,CRAS Meudon,CRAS Meudon,Cadastro Único,Atendimento Geral 
Masculino,36, Médio Completo,Meudon, 1,CRAS Meudon,CRAS Meudon,Cadastro Único,Atendimento Geral 
Feminino,59, Fundamental Completo,Jardim Meudon , 1,CRAS Meudon,CRAS Meudon,Cadastro Único,Atendimento Geral 
Masculino,50, Médio Completo,Jardim Meudon , 1,CRAS Meudon,CRAS Meudon,Cadastro Único,Atendimento Geral 
Feminino,56, Médio Incompleto,Coreia , 1,CRAS Meudon,CRAS Meudon,Cadastro Único,Atendimento Geral 
Feminino,57, Médio Completo,Vale da Revolta , 1,CRAS Meudon,CRAS Meudon,Cadastro Único,Atendimento Geral 
Feminino,21, Médio Completo,Meudon, 1,CRAS Meudon,CRAS Meudon,Cadastro Único,Atendimento Geral 
Feminino,57, Médio Incompleto,Meudon, 1,CRAS Meudon,CRAS Meudon,Cadastro Único,Atendimento Geral 
Masculino,71, Médio Incompleto,Meudon, 1,CRAS Meudon,CRAS Meudon,Cadastro Único,Atendimento Geral 
Feminino,61, Médio Incompleto,Jardim Meudon , 1,CRAS Meudon,CRAS Meudon,Cadastro Único,Atendimento Geral 
Masculino,77, Fundamental Incompleto,Jardim Meudon , 1,CRAS Meudon,CRAS Meudon,Cadastro Único,Atendimento Geral 
Masculino,39, Fundamental Incompleto,Jardim Meudon , 1,CRAS Meudon,CRAS Meudon,Cadastro Único,Atendimento Geral 
Feminino,59, Fundamental Completo,Jardim Meudon , 1,CRAS Meudon,CRAS Meudon,Cadastro Único,Atendimento Geral 
Feminino,50, Fundamental Incompleto,Meudon, 1,CRAS Meudon,CRAS Meudon,Cadastro Único,Atendimento Geral 
Masculino,54, Fundamental Incompleto,Vale da Revolta , 1,CRAS Meudon,CRAS Meudon,Cadastro Único,Atendimento Geral 
Masculino,32, Fundamental Completo,Jardim Meudon , 1,CRAS Meudon,CRAS Meudon,Cadastro Único,Atendimento Geral 
Feminino,57, Médio Completo,Meudon, 1,CRAS Meudon,CRAS Meudon,Cadastro Único,Atendimento Geral 
Feminino,50, Médio Incompleto,Meudon, 1,CRAS Meudon,CRAS Meudon,Cadastro Único,Atendimento Geral 
Masculino,26, Médio Completo,Jardim Meudon , 1,CRAS Meudon,CRAS Meudon,Cadastro Único,Atendimento Geral 
Masculino,33, Médio Completo,Bom retiro, 1,CRAS Meudon,CRAS Meudon,Cadastro Único,Atendimento Geral 
Feminino,39, Fundamental Completo,Coreia , 1,CRAS Meudon,CRAS Meudon,Cadastro Único,Atendimento Geral 
Feminino,62, Médio Incompleto,Vale da Revolta , 1,CRAS Meudon,CRAS Meudon,Cadastro Único,Atendimento Geral 
Feminino,59, Médio Incompleto,Jardim Meudon , 1,CRAS Meudon,CRAS Meudon,Cadastro Único,Atendimento Geral 
Masculino,60, Médio Incompleto,Vale da Revolta , 1,CRAS Meudon,CRAS Meudon,Cadastro Único,Atendimento Geral 
Masculino,65, Médio Incompleto,Jardim Meudon , 1,CRAS Meudon,CRAS Meudon,Cadastro Único,Atendimento Geral 
Feminino,31, Fundamental Incompleto,Jardim Meudon , 1,CRAS Meudon,CRAS Meudon,Cadastro Único,Atendimento Geral 
Feminino,49, Médio Completo,Jardim Meudon , 1,CRAS Meudon,CRAS Meudon,Cadastro Único,Atendimento Geral 
Feminino,48, Fundamental Incompleto,Jardim Meudon , 1,CRAS Meudon,CRAS Meudon,Cadastro Único,Atendimento Geral 
Feminino,47, Fundamental Incompleto,Meudon, 1,CRAS Meudon,CRAS Meudon,Cadastro Único,Atendimento Geral 
Feminino,51, Fundamental Incompleto,Meudon, 1,CRAS Meudon,CRAS Meudon,Cadastro Único,Atendimento Geral 
Feminino,37, Fundamental Completo,Meudon, 1,CRAS Meudon,CRAS Meudon,Cadastro Único,Atendimento Geral 
Feminino,37, Fundamental Incompleto,Jardim Meudon , 1,CRAS Meudon,CRAS Meudon,Cadastro Único,Atendimento Geral 
Feminino,56, Fundamental Incompleto,Meudon, 1,CRAS Meudon,CRAS Meudon,Cadastro Único,Atendimento Geral 
Feminino,28, Médio Completo,Meudon, 1,CRAS Meudon,CRAS Meudon,Cadastro Único,Atendimento Geral 
Feminino,73, Fundamental Incompleto,Meudon, 1,CRAS Meudon,CRAS Meudon,Cadastro Único,Atendimento Geral 
Feminino,56, Médio Incompleto,Meudon, 1,CRAS Meudon,CRAS Meudon,Cadastro Único,Atendimento Geral 
Feminino,38, Fundamental Incompleto,Coreia , 1,CRAS Meudon,CRAS Meudon,Cadastro Único,Atendimento Geral 
Feminino,38, Médio Incompleto,Bom retiro, 1,CRAS Meudon,CRAS Meudon,Cadastro Único,Atendimento Geral 
Feminino,28, Médio Completo,Meudon, 1,CRAS Meudon,CRAS Meudon,Cadastro Único,Atendimento Geral 
Feminino,46, Médio Completo,Vale da Revolta , 1,CRAS Meudon,CRAS Meudon,Cadastro Único,Atendimento Geral 
Feminino,57, Médio Incompleto,Vale da Revolta , 1,CRAS Meudon,CRAS Meudon,Cadastro Único,Atendimento Geral 
Feminino,27, Médio Incompleto,Jardim Meudon , 1,CRAS Meudon,CRAS Meudon,Cadastro Único,Atendimento Geral 
Feminino,21, Médio Completo,Meudon, 1,CRAS Meudon,CRAS Meudon,Cadastro Único,Atendimento Geral 
Feminino,35, Médio Incompleto,Meudon, 1,CRAS Meudon,CRAS Meudon,Cadastro Único,Atendimento Geral 
Feminino,50, Médio Completo,Meudon, 1,CRAS Meudon,CRAS Meudon,Cadastro Único,Atendimento Geral 
Feminino,33, Médio Completo,Meudon, 1,CRAS Meudon,CRAS Meudon,Cadastro Único,Atendimento Geral 
Masculino,80, Médio Incompleto,Meudon, 1,CRAS Meudon,CRAS Meudon,Cadastro Único,Atendimento Geral 
Masculino,25, Superior Completo,Meudon, 1,CRAS Meudon,CRAS Meudon,Cadastro Único,Atendimento Geral 
Feminino,30, Superior Completo,Meudon, 1,CRAS Meudon,CRAS Meudon,Cadastro Único,Atendimento Geral 
Feminino,18, Médio Incompleto,Coreia , 1,CRAS Meudon,CRAS Meudon,Cadastro Único,Atendimento Geral 
Masculino,33, Superior Incompleto,Bom retiro, 1,CRAS Meudon,CRAS Meudon,Cadastro Único,Atendimento Geral 
Feminino,34, Médio Completo,Bom retiro, 1,CRAS Meudon,CRAS Meudon,Cadastro Único,Atendimento Geral 
Feminino,46, Médio Completo,Meudon, 1,CRAS Meudon,CRAS Meudon,Cadastro Único,Atendimento Geral 
Feminino,57, Médio Incompleto,Meudon, 1,CRAS Meudon,CRAS Meudon,Cadastro Único,Atendimento Geral 
Feminino,53, Médio Incompleto,Meudon, 1,CRAS Meudon,CRAS Meudon,Cadastro Único,Atendimento Geral 
Feminino,46, Médio Incompleto,Meudon, 1,CRAS Meudon,CRAS Meudon,Cadastro Único,Atendimento Geral 
Feminino,58, Médio Completo,Meudon, 1,CRAS Meudon,CRAS Meudon,Cadastro Único,Atendimento Geral 
Feminino,51, Médio Incompleto,Meudon, 1,CRAS Meudon,CRAS Meudon,Cadastro Único,Atendimento Geral 
Feminino,30, Médio Completo,Meudon, 1,CRAS Meudon,CRAS Meudon,Cadastro Único,Atendimento Geral 
Feminino,58, Médio Incompleto,Jardim Meudon , 1,CRAS Meudon,CRAS Meudon,Cadastro Único,Atendimento Geral 
Masculino,48, Médio Completo,Vale da Revolta , 1,CRAS Meudon,CRAS Meudon,Cadastro Único,Atendimento Geral 
Masculino,44, Fundamental Incompleto,Jardim Meudon , 1,CRAS Meudon,CRAS Meudon,Cadastro Único,Atendimento Geral 
Feminino,58, Médio Incompleto,Vale da Revolta , 1,CRAS Meudon,CRAS Meudon,Cadastro Único,Atendimento Geral 
Feminino,51, Fundamental Incompleto,Meudon, 1,CRAS Meudon,CRAS Meudon,Cadastro Único,Atendimento Geral 
Masculino,26, Fundamental Incompleto,Fazendinha, 1,CRAS Meudon,CRAS Meudon,Não Informado,Não Informado
Feminino,58, Fundamental Incompleto,Meudon, 1,CRAS Meudon,CRAS Meudon,Não Informado,Cadastro Único 
Feminino,54, Fundamental Incompleto,Meudon, 1,CRAS Meudon,CRAS Meudon,Não Informado,Cadastro Único 
Feminino,62, Fundamental Incompleto,Jardim Meudon , 1,CRAS Meudon,CRAS Meudon,Não Informado,Cadastro Único 
Masculino,55, Fundamental Incompleto,Meudon, 1,CRAS Meudon,CRAS Meudon,Não Informado,Cadastro Único 
Feminino,59, Fundamental Incompleto,Meudon, 1,CRAS Meudon,CRAS Meudon,Não Informado,Cadastro Único 
Feminino,61, Fundamental Incompleto,Vale da Revolta , 1,CRAS Meudon,CRAS Meudon,Não Informado,Cadastro Único 
Feminino,52, Fundamental Incompleto,Meudon, 1,CRAS Meudon,CRAS Meudon,Não Informado,Cadastro Único 
Feminino,60, Fundamental Incompleto,Meudon, 1,CRAS Meudon,CRAS Meudon,Não Informado,Cadastro Único 
Feminino,65, Médio Incompleto,Meudon, 1,CRAS Meudon,CRAS Meudon,Não Informado,Cadastro Único 
Feminino,64, Fundamental Incompleto,Vale da Revolta , 1,CRAS Meudon,CRAS Meudon,Não Informado,Cadastro Único 
Feminino,56, Fundamental Completo,Coreia              , 1,CRAS Meudon,CRAS Meudon,Não Informado,Cadastro Único 
Feminino,59, Fundamental Completo,Jardim Meudon , 1,CRAS Meudon,CRAS Meudon,Não Informado,Cadastro Único 
Feminino,66, Fundamental Incompleto,Meudon, 1,CRAS Meudon,CRAS Meudon,Não Informado,Cadastro Único 
Feminino,66, Fundamental Incompleto,Meudon, 1,CRAS Meudon,CRAS Meudon,Não Informado,Atendimento Geral 
Feminino,66, Fundamental Incompleto,Vale da Revolta , 1,CRAS Meudon,CRAS Meudon,Não Informado,Atendimento Geral 
Masculino,76, Fundamental Incompleto,Meudon, 1,CRAS Meudon,CRAS Meudon,Não Informado,Atendimento Geral 
Feminino,77, Fundamental Incompleto,Meudon, 1,CRAS Meudon,CRAS Meudon,Não Informado,Atendimento Geral 
Feminino,71, Fundamental Incompleto,Coreia              , 1,CRAS Meudon,CRAS Meudon,Não Informado,Atendimento Geral 
Feminino,67, Fundamental Incompleto,Meudon, 1,CRAS Meudon,CRAS Meudon,Não Informado,Atendimento Geral 
Feminino,65, Fundamental Incompleto,Vale da Revolta , 1,CRAS Meudon,CRAS Meudon,Não Informado,Atendimento Geral 
Feminino,71, Fundamental Incompleto,Vale da Revolta , 1,CRAS Meudon,CRAS Meudon,Não Informado,Atendimento Geral 
Feminino,75, Fundamental Incompleto,Meudon, 1,CRAS Meudon,CRAS Meudon,Não Informado,Atendimento Geral 
Feminino,75, Fundamental Incompleto,Meudon, 1,CRAS Meudon,CRAS Meudon,Não Informado,Atendimento Geral 
Feminino,69, Fundamental Incompleto,Meudon, 1,CRAS Meudon,CRAS Meudon,Não Informado,Atendimento Geral 
Feminino,70, Fundamental Incompleto,Meudon, 1,CRAS Meudon,CRAS Meudon,Não Informado,Atendimento Geral 
Feminino,67, Fundamental Incompleto,Meudon, 1,CRAS Meudon,CRAS Meudon,Não Informado,Atendimento Geral 
Feminino,85, Fundamental Incompleto,Meudon, 1,CRAS Meudon,CRAS Meudon,Não Informado,Atendimento Geral 
Masculino,64, Fundamental Incompleto,Meudon, 1,CRAS Meudon,CRAS Meudon,Não Informado,Atendimento Geral 
Feminino,81, Fundamental Incompleto,Vale da Revolta , 1,CRAS Meudon,CRAS Meudon,Não Informado,Atendimento Geral 
Feminino,75, Fundamental Incompleto,Jardim Meudon , 1,CRAS Meudon,CRAS Meudon,Não Informado,Atendimento Geral 
Feminino,65, Fundamental Incompleto,Meudon, 1,CRAS Meudon,CRAS Meudon,Não Informado,Atendimento Geral 
Feminino,73, Fundamental Incompleto,Meudon, 1,CRAS Meudon,CRAS Meudon,Não Informado,Atendimento Geral 
Feminino,65, Fundamental Incompleto,Meudon, 1,CRAS Meudon,CRAS Meudon,Não Informado,Atendimento Geral 
Feminino,72, Fundamental Incompleto,Meudon, 1,CRAS Meudon,CRAS Meudon,Não Informado,Atendimento Geral 
Feminino,72, Fundamental Incompleto,Meudon, 1,CRAS Meudon,CRAS Meudon,Não Informado,Atendimento Geral 
Feminino,60, Fundamental Incompleto,Meudon, 1,CRAS Meudon,CRAS Meudon,Não Informado,Atendimento Geral 
Feminino,60, Fundamental Completo,Meudon, 1,CRAS Meudon,CRAS Meudon,Não Informado,Atendimento Geral 
Feminino,55, Médio Incompleto,Meudon, 1,CRAS Meudon,CRAS Meudon,Não Informado,Atendimento Geral 
Feminino,63, Médio Completo,Meudon, 1,CRAS Meudon,CRAS Meudon,Não Informado,Atendimento Geral 
Feminino,65, Fundamental Incompleto,Meudon, 1,CRAS Meudon,CRAS Meudon,Não Informado,Atendimento Geral 
Feminino,68, Fundamental Incompleto,Meudon, 1,CRAS Meudon,CRAS Meudon,Não Informado,Atendimento Geral 
Feminino,37, Superior Completo,Meudon, 1,CRAS Meudon,CRAS Meudon,Não Informado,Atendimento Geral 
Feminino,32, Médio Completo,Meudon, 1,CRAS Meudon,CRAS Meudon,Não Informado,Atendimento Geral 
Feminino,23, Médio Completo,Jardim Meudon , 1,CRAS Meudon,CRAS Meudon,Não Informado,Atendimento Geral 
Feminino,24, Médio Completo,Jardim Meudon , 1,CRAS Meudon,CRAS Meudon,Não Informado,Atendimento Geral 
Feminino,43, Superior Completo,Meudon, 1,CRAS Meudon,CRAS Meudon,Não Informado,Atendimento Geral 
Feminino,53, Médio Incompleto,Meudon, 1,CRAS Meudon,CRAS Meudon,Não Informado,Atendimento Geral 
Feminino,55, Médio Incompleto,Meudon, 1,CRAS Meudon,CRAS Meudon,Não Informado,Atendimento Geral 
Feminino,32, Fundamental Completo,Vale da Revolta , 1,CRAS Meudon,CRAS Meudon,Não Informado,Atendimento Geral 
Feminino,30, Médio Completo,Meudon, 1,CRAS Meudon,CRAS Meudon,Não Informado,Atendimento Geral 
Feminino,30, Médio Completo,Meudon, 1,CRAS Meudon,CRAS Meudon,Não Informado,Atendimento Geral 
Feminino,65, Médio Incompleto,Jardim Meudon , 1,CRAS Meudon,CRAS Meudon,Não Informado,Atendimento Geral 
Feminino,39, Médio Incompleto,Vale da Revolta , 1,CRAS Meudon,CRAS Meudon,Não Informado,Atendimento Geral 
Feminino,38, Fundamental Incompleto,Meudon, 1,CRAS Meudon,CRAS Meudon,Não Informado,Atendimento Geral 
Feminino,27, Fundamental Incompleto,Meudon, 1,CRAS Meudon,CRAS Meudon,Não Informado,Atendimento Geral 
Feminino,59, Médio Incompleto,Meudon, 1,CRAS Meudon,CRAS Meudon,Não Informado,Atendimento Geral 
Feminino,51, Médio Incompleto,Meudon, 1,CRAS Meudon,CRAS Meudon,Não Informado,Atendimento Geral 
Feminino,36, Médio Incompleto,Meudon, 1,CRAS Meudon,CRAS Meudon,Não Informado,Atendimento Geral 
Masculino,34, Médio Incompleto,Meudon, 1,CRAS Meudon,CRAS Meudon,Não Informado,Atendimento Geral 
Feminino,21, Médio Incompleto,Meudon, 1,CRAS Meudon,CRAS Meudon,Não Informado,Atendimento Geral 
Feminino,37, Médio Completo,Jardim Meudon , 1,CRAS Meudon,CRAS Meudon,Não Informado,Atendimento Geral 
Feminino,36, Fundamental Completo,Jardim Meudon , 1,CRAS Meudon,CRAS Meudon,Não Informado,Atendimento Geral 
Masculino,50, Médio Incompleto,Meudon, 1,CRAS Meudon,CRAS Meudon,Não Informado,Atendimento Geral 
Feminino,26, Médio Incompleto,Meudon, 1,CRAS Meudon,CRAS Meudon,Não Informado,Atendimento Geral 
Feminino,48, Fundamental Completo,Meudon, 1,CRAS Meudon,CRAS Meudon,Não Informado,Atendimento Geral 
Feminino,53, Médio Incompleto,Meudon, 1,CRAS Meudon,CRAS Meudon,Não Informado,Atendimento Geral 
Masculino,43, Médio Incompleto,Jardim Meudon , 1,CRAS Meudon,CRAS Meudon,Não Informado,Atendimento Geral 
Feminino,35, Fundamental Completo,Meudon, 1,CRAS Meudon,CRAS Meudon,Não Informado,Atendimento Geral 
Feminino,50, Médio Incompleto,Vale da Revolta , 1,CRAS Meudon,CRAS Meudon,Não Informado,Atendimento Geral 
Feminino,43, Fundamental Incompleto,Jardim Meudon , 1,CRAS Meudon,CRAS Meudon,Não Informado,Atendimento Geral 
Feminino,34, Médio Completo,Meudon, 1,CRAS Meudon,CRAS Meudon,Não Informado,Atendimento Geral 
Feminino,53, Fundamental Incompleto,Coreia , 1,CRAS Meudon,CRAS Meudon,Não Informado,Atendimento Geral 
Feminino,23, Médio Incompleto,Meudon, 1,CRAS Meudon,CRAS Meudon,Não Informado,Atendimento Geral 
Feminino,62, Médio Incompleto,Jardim Meudon , 1,CRAS Meudon,CRAS Meudon,Não Informado,Atendimento Geral 
Feminino,47, Fundamental Incompleto,Vale da Revolta , 1,CRAS Meudon,CRAS Meudon,Não Informado,Atendimento Geral 
Feminino,50, Fundamental Completo,Meudon, 1,CRAS Meudon,CRAS Meudon,Não Informado,Atendimento Geral 
Masculino,24, Médio Completo,Jardim Meudon , 1,CRAS Meudon,CRAS Meudon,Não Informado,Atendimento Geral 
Masculino,66, Médio Completo,Bom retiro, 1,CRAS Meudon,CRAS Meudon,Não Informado,Atendimento Geral 
Feminino,45, Médio Completo,Jardim Meudon , 1,CRAS Meudon,CRAS Meudon,Não Informado,Atendimento Geral 
Feminino,40, Médio Completo,Bom retiro, 1,CRAS Meudon,CRAS Meudon,Não Informado,Atendimento Geral 
Feminino,30, Médio Completo,Meudon, 1,CRAS Meudon,CRAS Meudon,Não Informado,Atendimento Geral 
Feminino,46, Fundamental Completo,Meudon, 1,CRAS Meudon,CRAS Meudon,Não Informado,Atendimento Geral 
Feminino,40, Médio Completo,Meudon, 1,CRAS Meudon,CRAS Meudon,Não Informado,Atendimento Geral 
Feminino,55, Médio Completo,Meudon, 1,CRAS Meudon,CRAS Meudon,Não Informado,Atendimento Geral 
Feminino,53, Médio Incompleto,Meudon, 1,CRAS Meudon,CRAS Meudon,Não Informado,Atendimento Geral 
Masculino,60, Médio Incompleto,Vale da Revolta , 1,CRAS Meudon,CRAS Meudon,Não Informado,Atendimento Geral 
Feminino,49, Médio Incompleto,Jardim Meudon , 1,CRAS Meudon,CRAS Meudon,Não Informado,Atendimento Geral 
Feminino,27, Médio Incompleto,Jardim Meudon , 1,CRAS Meudon,CRAS Meudon,Não Informado,Atendimento Geral 
Feminino,85, Fundamental Completo,Jardim Meudon , 1,CRAS Meudon,CRAS Meudon,Não Informado,Atendimento Geral 
Feminino,27, Médio Completo,Meudon, 1,CRAS Meudon,CRAS Meudon,Não Informado,Atendimento Geral 
Masculino,44, Médio Incompleto,Meudon, 1,CRAS Meudon,CRAS Meudon,Não Informado,Atendimento Geral 
Feminino,44, Médio Completo,Jardim Meudon , 1,CRAS Meudon,CRAS Meudon,Não Informado,Atendimento Geral 
Feminino,26, Superior Incompleto,Jardim Meudon , 1,CRAS Meudon,CRAS Meudon,Não Informado,Atendimento Geral 
Feminino,62, Médio Incompleto,Meudon, 1,CRAS Meudon,CRAS Meudon,Não Informado,Atendimento Geral 
Feminino,43, Médio Completo,Jardim Meudon , 1,CRAS Meudon,CRAS Meudon,Não Informado,Atendimento Geral 
Feminino,56, Superior Completo,Meudon, 1,CRAS Meudon,CRAS Meudon,Não Informado,Atendimento Geral 
Feminino,54, Médio Completo,Meudon, 1,CRAS Meudon,CRAS Meudon,Não Informado,Atendimento Geral 
Feminino,52, Médio Incompleto,Meudon, 1,CRAS Meudon,CRAS Meudon,Não Informado,Atendimento Geral 
Feminino,34, Médio Completo,Meudon, 1,CRAS Meudon,CRAS Meudon,Não Informado,Atendimento Geral 
Feminino,36, Médio Completo,Meudon, 1,CRAS Meudon,CRAS Meudon,Não Informado,Atendimento Geral 
Feminino,61, Médio Incompleto,Meudon, 1,CRAS Meudon,CRAS Meudon,Não Informado,Atendimento Geral 
Feminino,36, Médio Incompleto,Meudon, 1,CRAS Meudon,CRAS Meudon,Não Informado,Atendimento Geral 
Feminino,72, Médio Incompleto,Meudon, 1,CRAS Meudon,CRAS Meudon,Não Informado,Atendimento Geral 
Feminino,21, Fundamental Incompleto,Meudon, 1,CRAS Meudon,CRAS Meudon,Não Informado,Atendimento Geral 
Feminino,19, Fundamental Incompleto,Vale da Revolta , 1,CRAS Meudon,CRAS Meudon,Não Informado,Atendimento Geral 
Feminino,72, Médio Incompleto,Meudon, 1,CRAS Meudon,CRAS Meudon,Não Informado,Atendimento Geral 
Feminino,32, Médio Incompleto,Meudon, 1,CRAS Meudon,CRAS Meudon,Não Informado,Atendimento Geral 
Feminino,40, Superior Completo,Meudon, 1,CRAS Meudon,CRAS Meudon,Não Informado,Atendimento Geral 
Feminino,26, Médio Completo,Meudon, 1,CRAS Meudon,CRAS Meudon,Não Informado,Atendimento Geral 
Feminino,44, Médio Completo,Jardim Meudon , 1,CRAS Meudon,CRAS Meudon,Não Informado,Atendimento Geral 
Feminino,26, Superior Incompleto,Jardim Meudon , 1,CRAS Meudon,CRAS Meudon,Não Informado,Atendimento Geral 
Masculino,31, Médio Incompleto,Meudon, 1,CRAS Meudon,CRAS Meudon,Não Informado,Atendimento Geral 
Feminino,39, Médio Completo,Meudon, 1,CRAS Meudon,CRAS Meudon,Não Informado,Atendimento Geral 
Feminino,60, Médio Incompleto,Vale da Revolta , 1,CRAS Meudon,CRAS Meudon,Não Informado,Atendimento Geral 
Masculino,58, Fundamental Incompleto,Coreia , 1,CRAS Meudon,CRAS Meudon,Não Informado,Atendimento Geral 
Feminino,71, Fundamental Incompleto,Coreia , 1,CRAS Meudon,CRAS Meudon,Não Informado,Atendimento Geral 
Masculino,24, Médio Incompleto,Jardim Meudon , 1,CRAS Meudon,CRAS Meudon,Não Informado,Atendimento Geral 
Feminino,74, Médio Completo,Meudon, 1,CRAS Meudon,CRAS Meudon,Não Informado,Atendimento Geral 
Masculino,39, Superior Incompleto,Vale da Revolta , 1,CRAS Meudon,CRAS Meudon,Não Informado,Atendimento Geral 
Feminino,39, Médio Completo,Coreia , 1,CRAS Meudon,CRAS Meudon,Não Informado,Atendimento Geral 
Feminino,39, Médio Completo,Meudon, 1,CRAS Meudon,CRAS Meudon,Não Informado,Atendimento Geral 
Feminino,60, Médio Incompleto,Vale da Revolta , 1,CRAS Meudon,CRAS Meudon,Não Informado,Atendimento Geral 
Feminino,58, Médio Incompleto,Vale da Revolta , 1,CRAS Meudon,CRAS Meudon,Não Informado,Atendimento Geral 
Feminino,58, Médio Completo,Vale da Revolta , 1,CRAS Meudon,CRAS Meudon,Não Informado,Atendimento Geral 
Feminino,36, Médio Incompleto,Meudon, 1,CRAS Meudon,CRAS Meudon,Não Informado,Atendimento Geral 
Feminino,31, Médio Completo,Meudon, 1,CRAS Meudon,CRAS Meudon,Não Informado,Atendimento Geral 
Feminino,50, Médio Incompleto,Coreia , 1,CRAS Meudon,CRAS Meudon,Não Informado,Atendimento Geral 
Feminino,20, Médio Incompleto,Jardim Meudon , 1,CRAS Meudon,CRAS Meudon,Não Informado,Atendimento Geral 
Feminino,52, Médio Completo,Coreia , 1,CRAS Meudon,CRAS Meudon,Não Informado,Atendimento Geral 
Feminino,35, Médio Completo,Jardim Meudon , 1,CRAS Meudon,CRAS Meudon,Não Informado,Atendimento Geral 
Feminino,32, Médio Completo,Bom retiro, 1,CRAS Meudon,CRAS Meudon,Não Informado,Atendimento Geral 
Feminino,34, Médio Incompleto,Meudon, 1,CRAS Meudon,CRAS Meudon,Não Informado,Atendimento Geral 
Feminino,58, Médio Incompleto,Meudon, 1,CRAS Meudon,CRAS Meudon,Não Informado,Atendimento Geral 
Feminino,39, Médio Incompleto,Jardim Meudon , 1,CRAS Meudon,CRAS Meudon,Não Informado,Atendimento Geral 
Feminino,69, Fundamental Incompleto,Vale da Revolta , 1,CRAS Meudon,CRAS Meudon,Não Informado,Atendimento Geral 
Feminino,56, Médio Incompleto,Jardim Meudon , 1,CRAS Meudon,CRAS Meudon,Não Informado,Atendimento Geral 
Feminino,34, Fundamental Completo,Coreia , 1,CRAS Meudon,CRAS Meudon,Não Informado,Atendimento Geral 
Feminino,36, Médio Incompleto,Coreia , 1,CRAS Meudon,CRAS Meudon,Não Informado,Atendimento Geral 
Feminino,45, Fundamental Completo,Jardim Meudon , 1,CRAS Meudon,CRAS Meudon,Não Informado,Atendimento Geral 
Feminino,49, Médio Incompleto,Coreia , 1,CRAS Meudon,CRAS Meudon,Não Informado,Atendimento Geral 
Feminino,32, Médio Incompleto,Coreia , 1,CRAS Meudon,CRAS Meudon,Não Informado,Atendimento Geral 
Masculino,56, Médio Incompleto,Coreia  , 1,CRAS Meudon,CRAS Meudon,Não Informado,Atendimento Geral 
Feminino,62, Fundamental Completo,Bom retiro, 1,CRAS Meudon,CRAS Meudon,Não Informado,Atendimento Geral 
Feminino,81, Médio Incompleto,Jardim Meudon , 1,CRAS Meudon,CRAS Meudon,Não Informado,Atendimento Geral 
Feminino,54, Médio Incompleto,Meudon, 1,CRAS Meudon,CRAS Meudon,Não Informado,Atendimento Geral 
Masculino,44, Médio Incompleto,Meudon, 1,CRAS Meudon,CRAS Meudon,Não Informado,Atendimento Geral 
Feminino,47, Médio Incompleto,Meudon, 1,CRAS Meudon,CRAS Meudon,Não Informado,Atendimento Geral 
Feminino,48, Fundamental Incompleto,Meudon, 1,CRAS Meudon,CRAS Meudon,Não Informado,Atendimento Geral 
Feminino,43, Médio Incompleto,Jardim Meudon , 1,CRAS Meudon,CRAS Meudon,Não Informado,Atendimento Geral 
Feminino,40, Médio Incompleto,Jardim Meudon , 1,CRAS Meudon,CRAS Meudon,Não Informado,Atendimento Geral 
Feminino,58, Médio Incompleto,Coreia, 1,CRAS Meudon,CRAS Meudon,Não Informado,Atendimento Geral 
Feminino,42, Médio Completo,Jardim Meudon , 1,CRAS Meudon,CRAS Meudon,Não Informado,Atendimento Geral 
Feminino,22, Médio Completo,Meudon, 1,CRAS Meudon,CRAS Meudon,Não Informado,Atendimento Geral 
Feminino,47, Médio Incompleto,Meudon, 1,CRAS Meudon,CRAS Meudon,Não Informado,Atendimento Geral 
Feminino,21, Médio Completo,Vale da Revolta , 1,CRAS Meudon,CRAS Meudon,Não Informado,Atendimento Geral 
Feminino,72, Médio Incompleto,Jardim Meudon , 1,CRAS Meudon,CRAS Meudon,Não Informado,Atendimento Geral 
Feminino,30, Superior Incompleto,Jardim Meudon , 1,CRAS Meudon,CRAS Meudon,Não Informado,Atendimento Geral 
Feminino,33, Médio Incompleto,Jardim Meudon , 1,CRAS Meudon,CRAS Meudon,Não Informado,Atendimento Geral 
Feminino,32, Fundamental Incompleto,Meudon, 1,CRAS Meudon,CRAS Meudon,Não Informado,Atendimento Geral 
Feminino,19, Médio Incompleto,Jardim Meudon , 1,CRAS Meudon,CRAS Meudon,Não Informado,Atendimento Geral 
Feminino,42, Médio Incompleto,Meudon, 1,CRAS Meudon,CRAS Meudon,Não Informado,Atendimento Geral 
Feminino,37, Médio Incompleto,Vale da Revolta , 1,CRAS Meudon,CRAS Meudon,Não Informado,Atendimento Geral 
Feminino,55, Médio Incompleto,Vale da Revolta , 1,CRAS Meudon,CRAS Meudon,Não Informado,Atendimento Geral 
Feminino,24, Médio Completo,Jardim Meudon , 1,CRAS Meudon,CRAS Meudon,Não Informado,Atendimento Geral 
Feminino,28, Médio Completo,Jardim Meudon , 1,CRAS Meudon,CRAS Meudon,Não Informado,Atendimento Geral 
Feminino,37, Médio Incompleto,Jardim Meudon , 1,CRAS Meudon,CRAS Meudon,Não Informado,Atendimento Geral 
Feminino,54, Médio Incompleto,Meudon, 1,CRAS Meudon,CRAS Meudon,Não Informado,Atendimento Geral 
Feminino,43, Médio Incompleto,Meudon, 1,CRAS Meudon,CRAS Meudon,Não Informado,Atendimento Geral 
Feminino,64, Médio Completo,Vale da Revolta , 1,CRAS Meudon,CRAS Meudon,Não Informado,Atendimento Geral 
Feminino,58, Médio Incompleto,Meudon, 1,CRAS Meudon,CRAS Meudon,Não Informado,Atendimento Geral 
Feminino,32, Médio Incompleto,Vale da Revolta , 1,CRAS Meudon,CRAS Meudon,Não Informado,Atendimento Geral 
Feminino,53, Fundamental Completo,Meudon, 1,CRAS Meudon,CRAS Meudon,Não Informado,Atendimento Geral 
Feminino,27, Médio Completo,Meudon, 1,CRAS Meudon,CRAS Meudon,Não Informado,Atendimento Geral 
Feminino,40, Médio Incompleto,Vale da Revolta , 1,CRAS Meudon,CRAS Meudon,Não Informado,Atendimento Geral 
Feminino,38, Médio Incompleto,Jardim Meudon , 1,CRAS Meudon,CRAS Meudon,Não Informado,Atendimento Geral 
Feminino,80, Médio Incompleto,Jardim Meudon , 1,CRAS Meudon,CRAS Meudon,Não Informado,Atendimento Geral 
Feminino,46, Médio Incompleto,Jardim Meudon , 1,CRAS Meudon,CRAS Meudon,Não Informado,Atendimento Geral 
Feminino,45, Fundamental Incompleto,Jardim Meudon , 1,CRAS Meudon,CRAS Meudon,Não Informado,Atendimento Geral 
Feminino,56, Médio Incompleto,Vale da Revolta , 1,CRAS Meudon,CRAS Meudon,Não Informado,Atendimento Geral 
Masculino,47, Médio Completo,Vale da Revolta , 1,CRAS Meudon,CRAS Meudon,Não Informado,Atendimento Geral 
Masculino,39, Médio Incompleto,Jardim Meudon , 1,CRAS Meudon,CRAS Meudon,Não Informado,Atendimento Geral 
Feminino,28, Médio Incompleto,Meudon, 1,CRAS Meudon,CRAS Meudon,Não Informado,Atendimento Geral 
Feminino,27, Médio Completo,Meudon, 1,CRAS Meudon,CRAS Meudon,Não Informado,Atendimento Geral 
Feminino,77, Fundamental Incompleto,Vale da Revolta , 1,CRAS Meudon,CRAS Meudon,Não Informado,Atendimento Geral 
Feminino,73, Fundamental Incompleto,Meudon, 1,CRAS Meudon,CRAS Meudon,Não Informado,Atendimento Geral 
Feminino,32, Médio Incompleto,Vale da Revolta , 1,CRAS Meudon,CRAS Meudon,Não Informado,Atendimento Geral 
Feminino,55, Médio Incompleto,Vale da Revolta , 1,CRAS Meudon,CRAS Meudon,Não Informado,Atendimento Geral 
Feminino,24, Médio Incompleto,Vale da Revolta , 1,CRAS Meudon,CRAS Meudon,Não Informado,Atendimento Geral 
Feminino,45, Médio Incompleto,Vale da Revolta , 1,CRAS Meudon,CRAS Meudon,Não Informado,Atendimento Geral 
Feminino,35, Médio Completo,Jardim Meudon , 1,CRAS Meudon,CRAS Meudon,Não Informado,Atendimento Geral 
Feminino,27, Médio Incompleto,Jardim Meudon , 1,CRAS Meudon,CRAS Meudon,Não Informado,Atendimento Geral 
Feminino,27, Médio Incompleto,Jardim Meudon , 1,CRAS Meudon,CRAS Meudon,Não Informado,Atendimento Geral 
Feminino,47, Médio Incompleto,Meudon, 1,CRAS Meudon,CRAS Meudon,Não Informado,Atendimento Geral 
Feminino,35, Médio Completo,Coreia , 1,CRAS Meudon,CRAS Meudon,Não Informado,Atendimento Geral 
Feminino,25, Médio Completo,Meudon, 1,CRAS Meudon,CRAS Meudon,Não Informado,Atendimento Geral 
Feminino,46, Médio Completo,Meudon, 1,CRAS Meudon,CRAS Meudon,Não Informado,Atendimento Geral 
Masculino,30, Médio Completo,Jardim Meudon , 1,CRAS Meudon,CRAS Meudon,Não Informado,Atendimento Geral 
Feminino,43, Fundamental Incompleto,Jardim Meudon , 1,CRAS Meudon,CRAS Meudon,Não Informado,Atendimento Geral 
Feminino,43, Médio Incompleto,Vale da Revolta , 1,CRAS Meudon,CRAS Meudon,Não Informado,Atendimento Geral 
Feminino,20, Médio Completo,Meudon, 1,CRAS Meudon,CRAS Meudon,Não Informado,Atendimento Geral 
Feminino,35, Fundamental Incompleto,Meudon, 1,CRAS Meudon,CRAS Meudon,Não Informado,Atendimento Geral 
Feminino,38, Médio Completo,Meudon, 1,CRAS Meudon,CRAS Meudon,Não Informado,Atendimento Geral 
Masculino,55, Médio Incompleto,Vale da Revolta , 1,CRAS Meudon,CRAS Meudon,Não Informado,Atendimento Geral 
Masculino,74, Fundamental Incompleto,Vale da Revolta , 1,CRAS Meudon,CRAS Meudon,Não Informado,Atendimento Geral 
Feminino,40, Fundamental Incompleto,Vale da Revolta , 1,CRAS Meudon,CRAS Meudon,Não Informado,Atendimento Geral 
Feminino,50, Médio Completo,Meudon, 1,CRAS Meudon,CRAS Meudon,Não Informado,Atendimento Geral 
Masculino,16, Médio Incompleto,Vale da Revolta , 1,CRAS Meudon,CRAS Meudon,Não Informado,Atendimento Geral 
Masculino,61, Médio Incompleto,Vale da Revolta , 1,CRAS Meudon,CRAS Meudon,Não Informado,Atendimento Geral 
Feminino,59, Fundamental Incompleto,Vale da Revolta , 1,CRAS Meudon,CRAS Meudon,Não Informado,Atendimento Geral 
Feminino,59, Fundamental Incompleto,Jardim Meudon , 1,CRAS Meudon,CRAS Meudon,Não Informado,Atendimento Geral 
Masculino,78, Fundamental Incompleto,Meudon, 1,CRAS Meudon,CRAS Meudon,Não Informado,Atendimento Geral 
Feminino,46, Fundamental Incompleto,Meudon, 1,CRAS Meudon,CRAS Meudon,Não Informado,Atendimento Geral 
Feminino,54, Fundamental Incompleto,Meudon, 1,CRAS Meudon,CRAS Meudon,Não Informado,Atendimento Geral 
Masculino,47, Médio Completo,Meudon, 1,CRAS Meudon,CRAS Meudon,Não Informado,Atendimento Geral 
Feminino,68, Fundamental Incompleto,Meudon, 1,CRAS Meudon,CRAS Meudon,Não Informado,Atendimento Geral 
Masculino,51, Fundamental Incompleto,Meudon, 1,CRAS Meudon,CRAS Meudon,Não Informado,Atendimento Geral 
Feminino,58, Médio Completo,Meudon, 1,CRAS Meudon,CRAS Meudon,Não Informado,Atendimento Geral 
Masculino,20, Médio Incompleto,Meudon, 1,CRAS Meudon,CRAS Meudon,Não Informado,Atendimento Geral 
Masculino,68, Fundamental Incompleto,Vale da Revolta , 1,CRAS Meudon,CRAS Meudon,Não Informado,Atendimento Geral 
Feminino,41, Médio Incompleto,Vale da Revolta , 1,CRAS Meudon,CRAS Meudon,Não Informado,Atendimento Geral 
Feminino,64, Médio Incompleto,Vale da Revolta , 1,CRAS Meudon,CRAS Meudon,Não Informado,Atendimento Geral 
Feminino,31, Médio Completo,Vale da Revolta , 1,CRAS Meudon,CRAS Meudon,Não Informado,Atendimento Geral 
Feminino,45, Médio Incompleto,Vale da Revolta , 1,CRAS Meudon,CRAS Meudon,Não Informado,Atendimento Geral 
Feminino,68, Médio Incompleto,Jardim Meudon , 1,CRAS Meudon,CRAS Meudon,Não Informado,Atendimento Geral 
Feminino,54, Fundamental Incompleto,Meudon, 1,CRAS Meudon,CRAS Meudon,Não Informado,Atendimento Geral 
Masculino,47, Médio Completo,Meudon, 1,CRAS Meudon,CRAS Meudon,Não Informado,Atendimento Geral 
Feminino,68, Fundamental Incompleto,Meudon, 1,CRAS Meudon,CRAS Meudon,Não Informado,Atendimento Geral 
Masculino,51, Fundamental Incompleto,Meudon, 1,CRAS Meudon,CRAS Meudon,Não Informado,Atendimento Geral 
Feminino,58, Médio Completo,Meudon, 1,CRAS Meudon,CRAS Meudon,Não Informado,Atendimento Geral 
Masculino,20, Médio Completo,Meudon, 1,CRAS Meudon,CRAS Meudon,Não Informado,Atendimento Geral 
Feminino,55, Médio Incompleto,Bom retiro, 1,CRAS Meudon,CRAS Meudon,Não Informado,Atendimento Geral 
Feminino,20, Médio Completo,Meudon, 1,CRAS Meudon,CRAS Meudon,Não Informado,Atendimento Geral 
Feminino,68, Fundamental Incompleto,Jardim Meudon , 1,CRAS Meudon,CRAS Meudon,Não Informado,Atendimento Geral 
Feminino,33, Médio Completo,Meudon, 1,CRAS Meudon,CRAS Meudon,Não Informado,Atendimento Geral 
Feminino,29, Médio Completo,Jardim Meudon , 1,CRAS Meudon,CRAS Meudon,Não Informado,Atendimento Geral 
Masculino,68, Médio Incompleto,Jardim Meudon , 1,CRAS Meudon,CRAS Meudon,Não Informado,Atendimento Geral 
Feminino,82, Médio Completo,Jardim Meudon , 1,CRAS Meudon,CRAS Meudon,Não Informado,Atendimento Geral 
Masculino,30, Médio Incompleto,Jardim Meudon , 1,CRAS Meudon,CRAS Meudon,Não Informado,Atendimento Geral 
Masculino,50, Médio Incompleto,Meudon, 1,CRAS Meudon,CRAS Meudon,Não Informado,Atendimento Geral 
Feminino,48, Médio Incompleto,Meudon, 1,CRAS Meudon,CRAS Meudon,Não Informado,Atendimento Geral 
Feminino,45, Fundamental Incompleto,Meudon, 1,CRAS Meudon,CRAS Meudon,Não Informado,Atendimento Geral 
Feminino,73, Fundamental Incompleto,Meudon, 1,CRAS Meudon,CRAS Meudon,Não Informado,Atendimento Geral 
Feminino,63, Médio Completo,Jardim Meudon , 1,CRAS Meudon,CRAS Meudon,Não Informado,Atendimento Geral 
Feminino,43, Médio Incompleto,Meudon, 1,CRAS Meudon,CRAS Meudon,Não Informado,Atendimento Geral 
Feminino,74, Fundamental Incompleto,Meudon, 1,CRAS Meudon,CRAS Meudon,Não Informado,Atendimento Geral 
Feminino,64, Fundamental Incompleto,Meudon, 1,CRAS Meudon,CRAS Meudon,Não Informado,Atendimento Geral 
Masculino,60, Fundamental Incompleto,Vale da Revolta , 1,CRAS Meudon,CRAS Meudon,Não Informado,Atendimento Geral 
Masculino,71, Fundamental Incompleto,Vale da Revolta , 1,CRAS Meudon,CRAS Meudon,Não Informado,Atendimento Geral 
Feminino,35, Médio Incompleto,Vale da Revolta , 1,CRAS Meudon,CRAS Meudon,Não Informado,Atendimento Geral 
Feminino,55, Fundamental Completo,Meudon, 1,CRAS Meudon,CRAS Meudon,Não Informado,Atendimento Geral 
Feminino,58, Fundamental Incompleto,Meudon, 1,CRAS Meudon,CRAS Meudon,Não Informado,Atendimento Geral 
Feminino,44, Fundamental Completo,Meudon, 1,CRAS Meudon,CRAS Meudon,Não Informado,Atendimento Geral 
Masculino,55, Médio Completo,Meudon, 1,CRAS Meudon,CRAS Meudon,Não Informado,Atendimento Geral 
Masculino,54, Fundamental Incompleto,Jardim Meudon , 1,CRAS Meudon,CRAS Meudon,Não Informado,Atendimento Geral 
Masculino,37, Médio Incompleto,Meudon, 1,CRAS Meudon,CRAS Meudon,Não Informado,Atendimento Geral 
Feminino,71, Fundamental Incompleto,Jardim Meudon , 1,CRAS Meudon,CRAS Meudon,Não Informado,Atendimento Geral 
Masculino,58, Fundamental Incompleto,Meudon, 1,CRAS Meudon,CRAS Meudon,Não Informado,Atendimento Geral 
Feminino,35, Médio Completo,Meudon, 1,CRAS Meudon,CRAS Meudon,Não Informado,Atendimento Geral 
Feminino,37, Médio Incompleto,Meudon, 1,CRAS Meudon,CRAS Meudon,Não Informado,Atendimento Geral 
Feminino,65, Fundamental Incompleto,Vale da Revolta , 1,CRAS Meudon,CRAS Meudon,Não Informado,Atendimento Geral 
Feminino,22, Superior Incompleto,Coreia, 1,CRAS Meudon,CRAS Meudon,Não Informado,Atendimento Geral 
Feminino,30, Médio Incompleto,Meudon, 1,CRAS Meudon,CRAS Meudon,Não Informado,Atendimento Geral 
Masculino,46, Fundamental Incompleto,Meudon, 1,CRAS Meudon,CRAS Meudon,Não Informado,Atendimento Geral 
Masculino,25, Médio Completo,Bom retiro, 1,CRAS Meudon,CRAS Meudon,Não Informado,Atendimento Geral 
Feminino,48, Fundamental Incompleto,Meudon, 1,CRAS Meudon,CRAS Meudon,Não Informado,Atendimento Geral 
Feminino,48, Fundamental Incompleto,Meudon, 1,CRAS Meudon,CRAS Meudon,Não Informado,Atendimento Geral 
Feminino,24, Médio Completo,Meudon, 1,CRAS Meudon,CRAS Meudon,Não Informado,Atendimento Geral 
Feminino,38, Fundamental Incompleto,Meudon, 1,CRAS Meudon,CRAS Meudon,Não Informado,Atendimento Geral 
Feminino,47, Fundamental Incompleto,Meudon, 1,CRAS Meudon,CRAS Meudon,Não Informado,Atendimento Geral 
Masculino,64, Fundamental Incompleto,Bom retiro, 1,CRAS Meudon,CRAS Meudon,Não Informado,Atendimento Geral 
Feminino,29, Médio Completo,Jardim Meudon , 1,CRAS Meudon,CRAS Meudon,Não Informado,Atendimento Geral 
Masculino,54, Fundamental Incompleto,Jardim Meudon , 1,CRAS Meudon,CRAS Meudon,Não Informado,Atendimento Geral 
Masculino,46, Fundamental Incompleto,Meudon, 1,CRAS Meudon,CRAS Meudon,Não Informado,Atendimento Geral 
Feminino,59, Fundamental Incompleto,Meudon, 1,CRAS Meudon,CRAS Meudon,Não Informado,Atendimento Geral 
Feminino,37, Fundamental Incompleto,Coreia , 1,CRAS Meudon,CRAS Meudon,Não Informado,Atendimento Geral 
Feminino,29, Médio Incompleto,Vale da Revolta , 1,CRAS Meudon,CRAS Meudon,Não Informado,Atendimento Geral 
Feminino,29, Fundamental Incompleto,Vale da Revolta , 1,CRAS Meudon,CRAS Meudon,Não Informado,Atendimento Geral 
Feminino,35, Médio Incompleto,Jardim Meudon , 1,CRAS Meudon,CRAS Meudon,Não Informado,Atendimento Geral 
Feminino,43, Fundamental Completo,Meudon, 1,CRAS Meudon,CRAS Meudon,Não Informado,Atendimento Geral 
Masculino,24, Fundamental Incompleto,Meudon, 1,CRAS Meudon,CRAS Meudon,Não Informado,Atendimento Geral 
Feminino,50, Fundamental Incompleto,Meudon, 1,CRAS Meudon,CRAS Meudon,Não Informado,Atendimento Geral 
Feminino,39, Fundamental Incompleto,Meudon, 1,CRAS Meudon,CRAS Meudon,Não Informado,Atendimento Geral 
Feminino,26, Médio Incompleto,Vale da Revolta , 1,CRAS Meudon,CRAS Meudon,Não Informado,Atendimento Geral 
Feminino,53, Fundamental Incompleto,Meudon, 1,CRAS Meudon,CRAS Meudon,Não Informado,Atendimento Geral 
Feminino,23, Médio Incompleto,Meudon, 1,CRAS Meudon,CRAS Meudon,Não Informado,Atendimento Geral 
Feminino,37, Médio Completo,Meudon, 1,CRAS Meudon,CRAS Meudon,Não Informado,Atendimento Geral 
Feminino,45, Médio Incompleto,Meudon, 1,CRAS Meudon,CRAS Meudon,Não Informado,Atendimento Geral 
Feminino,32, Médio Completo,Meudon, 1,CRAS Meudon,CRAS Meudon,Não Informado,Atendimento Geral 
Feminino,48, Médio Completo,Vale da Revolta , 1,CRAS Meudon,CRAS Meudon,Não Informado,Atendimento Geral 
Masculino,44, Fundamental Incompleto,Jardim Meudon , 1,CRAS Meudon,CRAS Meudon,Não Informado,Atendimento Geral 
Feminino,58, Médio Incompleto,Vale da Revolta , 1,CRAS Meudon,CRAS Meudon,Não Informado,Atendimento Geral 
Feminino,51, Fundamental Incompleto,Meudon, 1,CRAS Meudon,CRAS Meudon,Não Informado,Atendimento Geral 
Feminino,22, Fundamental Incompleto,Meudon, 1,CRAS Meudon,CRAS Meudon,Não Informado,Atendimento Geral 
Feminino,35, Médio Completo,Jardim Meudon , 1,CRAS Meudon,CRAS Meudon,Não Informado,Atendimento Geral 
Feminino,61, Fundamental Incompleto,Vale da Revolta , 1,CRAS Meudon,CRAS Meudon,Não Informado,Atendimento Geral 
Feminino,49, Fundamental Incompleto,Meudon, 1,CRAS Meudon,CRAS Meudon,Não Informado,Atendimento Geral 
Feminino,51, Fundamental Incompleto,Jardim Meudon , 1,CRAS Meudon,CRAS Meudon,Não Informado,Atendimento Geral 
Feminino,30, Médio Incompleto,Jardim Meudon , 1,CRAS Meudon,CRAS Meudon,Não Informado,Atendimento Geral 
Feminino,57, Fundamental Incompleto,Meudon, 1,CRAS Meudon,CRAS Meudon,Não Informado,Atendimento Geral 
Feminino,71, Superior Completo,Jardim Meudon , 1,CRAS Meudon,CRAS Meudon,Não Informado,Atendimento Geral 
Masculino,58, Fundamental Incompleto,Jardim Meudon , 1,CRAS Meudon,CRAS Meudon,Não Informado,Atendimento Geral 
Masculino,48, Médio Completo,Vale da Revolta , 1,CRAS Meudon,CRAS Meudon,Não Informado,Atendimento Geral 
Feminino,44, Fundamental Incompleto,Jardim Meudon , 1,CRAS Meudon,CRAS Meudon,Não Informado,Atendimento Geral 
Feminino,56, Médio Incompleto,Vale da Revolta , 1,CRAS Meudon,CRAS Meudon,Não Informado,Atendimento Geral 
Masculino,51, Médio Incompleto,Meudon, 1,CRAS Meudon,CRAS Meudon,Não Informado,Atendimento Geral 
Feminino,55, Médio Incompleto,Jardim Meudon , 1,CRAS Meudon,CRAS Meudon,Não Informado,Atendimento Geral 
Feminino,61, Médio Incompleto,Bom retiro, 1,CRAS Meudon,CRAS Meudon,Não Informado,Atendimento Geral 
Feminino,50, Fundamental Incompleto,Vale da Revolta , 1,CRAS Meudon,CRAS Meudon,Não Informado,Atendimento Geral 
Feminino,60, Médio Incompleto,Meudon, 1,CRAS Meudon,CRAS Meudon,Não Informado,Atendimento Geral 
Feminino,45, Fundamental Incompleto,Jardim Meudon , 1,CRAS Meudon,CRAS Meudon,Não Informado,Atendimento Geral 
Feminino,25, Médio Completo,Vale da Revolta , 1,CRAS Meudon,CRAS Meudon,Não Informado,Atendimento Geral 
Feminino,34, Médio Incompleto,Meudon, 1,CRAS Meudon,CRAS Meudon,Não Informado,Atendimento Geral 
Feminino,67, Fundamental Incompleto,Vale da Revolta , 1,CRAS Meudon,CRAS Meudon,Não Informado,Atendimento Geral 
Masculino,65, Fundamental Completo,Meudon, 1,CRAS Meudon,CRAS Meudon,Não Informado,Atendimento Geral 
Feminino,61, Médio Incompleto,Meudon, 1,CRAS Meudon,CRAS Meudon,Não Informado,Atendimento Geral 
Masculino,80, Médio Incompleto,Meudon, 1,CRAS Meudon,CRAS Meudon,Não Informado,Atendimento Geral 
Masculino,75, Médio Incompleto,Meudon, 1,CRAS Meudon,CRAS Meudon,Não Informado,Atendimento Geral 
Feminino,42, Médio Completo,Meudon, 1,CRAS Meudon,CRAS Meudon,Não Informado,Atendimento Geral 
Feminino,43, Fundamental Incompleto,Meudon, 1,CRAS Meudon,CRAS Meudon,Não Informado,Atendimento Geral 
Feminino,44, Fundamental Incompleto,Vale da Revolta , 1,CRAS Meudon,CRAS Meudon,Não Informado,Atendimento Geral 
Feminino,29, Médio Incompleto,Bom retiro, 1,CRAS Meudon,CRAS Meudon,Não Informado,Atendimento Geral 
Feminino,30, Fundamental Completo,Meudon, 1,CRAS Meudon,CRAS Meudon,Não Informado,Atendimento Geral 
Feminino,58, Médio Incompleto,Meudon, 1,CRAS Meudon,CRAS Meudon,Não Informado,Atendimento Geral 
Masculino,63, Médio Incompleto,Jardim Meudon , 1,CRAS Meudon,CRAS Meudon,Não Informado,Atendimento Geral 
Feminino,66, Médio Incompleto,Meudon, 1,CRAS Meudon,CRAS Meudon,Não Informado,Atendimento Geral 
Feminino,43, Fundamental Completo,Meudon, 1,CRAS Meudon,CRAS Meudon,Não Informado,Atendimento Geral 
Feminino,44, Fundamental Incompleto,Meudon, 1,CRAS Meudon,CRAS Meudon,Não Informado,Atendimento Geral 
Feminino,25, Médio Incompleto,Bom retiro, 1,CRAS Meudon,CRAS Meudon,Não Informado,Atendimento Geral 
Feminino,45, Médio Incompleto,Meudon, 1,CRAS Meudon,CRAS Meudon,Não Informado,Atendimento Geral 
Feminino,65, Fundamental Incompleto,Meudon, 1,CRAS Meudon,CRAS Meudon,Não Informado,Atendimento Geral 
Feminino,17, Fundamental Incompleto,Meudon, 1,CRAS Meudon,CRAS Meudon,Não Informado,Atendimento Geral 
Feminino,39, Fundamental Incompleto,Jardim Meudon , 1,CRAS Meudon,CRAS Meudon,Não Informado,Atendimento Geral 
Feminino,46, Fundamental Incompleto,Meudon, 1,CRAS Meudon,CRAS Meudon,Não Informado,Atendimento Geral 
Masculino,30, Médio Incompleto,Jardim Meudon , 1,CRAS Meudon,CRAS Meudon,Não Informado,Atendimento Geral 
Feminino,70, Superior Completo,Jardim Meudon , 1,CRAS Meudon,CRAS Meudon,Não Informado,Atendimento Geral 
Feminino,31, Médio Completo,Jardim Meudon , 1,CRAS Meudon,CRAS Meudon,Não Informado,Atendimento Geral 
Feminino,31, Médio Completo,Vale da Revolta , 1,CRAS Meudon,CRAS Meudon,Não Informado,Atendimento Geral 
Feminino,60, Médio Incompleto,Jardim Meudon , 1,CRAS Meudon,CRAS Meudon,Não Informado,Atendimento Geral 
Feminino,64, Fundamental Incompleto,Meudon, 1,CRAS Meudon,CRAS Meudon,Não Informado,Atendimento Geral 
Masculino,38, Fundamental Completo,Meudon, 1,CRAS Meudon,CRAS Meudon,Não Informado,Atendimento Geral 
Feminino,45, Fundamental Completo,Meudon, 1,CRAS Meudon,CRAS Meudon,Não Informado,Atendimento Geral 
Feminino,53, Fundamental Incompleto,Meudon, 1,CRAS Meudon,CRAS Meudon,Não Informado,Atendimento Geral 
Feminino,60, Fundamental Completo,Meudon, 1,CRAS Meudon,CRAS Meudon,Não Informado,Atendimento Geral 
Feminino,64, Médio Incompleto,Jardim Meudon , 1,CRAS Meudon,CRAS Meudon,Não Informado,Atendimento Geral 
Feminino,30, Médio Completo,Meudon, 1,CRAS Meudon,CRAS Meudon,Não Informado,Atendimento Geral 
Feminino,70, Fundamental Completo,Meudon, 1,CRAS Meudon,CRAS Meudon,Não Informado,Atendimento Geral 
Feminino,31, Médio Incompleto,Meudon, 1,CRAS Meudon,CRAS Meudon,Não Informado,Atendimento Geral 
Feminino,34, Fundamental Completo,Vale da Revolta , 1,CRAS Meudon,CRAS Meudon,Não Informado,Atendimento Geral 
Feminino,60, Fundamental Incompleto,Vale da Revolta , 1,CRAS Meudon,CRAS Meudon,Não Informado,Atendimento Geral 
Feminino,64, Fundamental Incompleto,Meudon, 1,CRAS Meudon,CRAS Meudon,Não Informado,Atendimento Geral 
Feminino,29, Médio Completo,Jardim Meudon , 1,CRAS Meudon,CRAS Meudon,Não Informado,Atendimento Geral 
Feminino,46, Médio Completo,Meudon, 1,CRAS Meudon,CRAS Meudon,Não Informado,Atendimento Geral 
Feminino,29, Médio Incompleto,Jardim Meudon , 1,CRAS Meudon,CRAS Meudon,Não Informado,Atendimento Geral 
Feminino,40, Médio Completo,Jardim Meudon , 1,CRAS Meudon,CRAS Meudon,Não Informado,Atendimento Geral 
Feminino,76, Fundamental Completo,Jardim Meudon , 1,CRAS Meudon,CRAS Meudon,Não Informado,Atendimento Geral 
Feminino,51, Superior Incompleto,Meudon, 1,CRAS Meudon,CRAS Meudon,Não Informado,Atendimento Geral 
Feminino,30, Fundamental Completo,Meudon, 1,CRAS Meudon,CRAS Meudon,Não Informado,Atendimento Geral 
Feminino,53, Fundamental Completo,Meudon, 1,CRAS Meudon,CRAS Meudon,Não Informado,Atendimento Geral 
Feminino,30, Fundamental Incompleto,Meudon, 1,CRAS Meudon,CRAS Meudon,Não Informado,Atendimento Geral 
Feminino,67, Fundamental Incompleto,Jardim Meudon , 1,CRAS Meudon,CRAS Meudon,Não Informado,Atendimento Geral 
Feminino,71, Médio Completo,Bom retiro , 1,CRAS Meudon,CRAS Meudon,Cadastro Único,Atendimento Geral 
Feminino,21, Fundamental Incompleto,Meudon, 1,CRAS Meudon,CRAS Meudon,Cadastro Único,Atendimento Geral 
Masculino,51, Médio Incompleto,Meudon, 1,CRAS Meudon,CRAS Meudon,Cadastro Único,Atendimento Geral 
Feminino,24, Médio Incompleto,Meudon, 1,CRAS Meudon,CRAS Meudon,Cadastro Único,Atendimento Geral 
Masculino,22, Médio Completo,Meudon, 1,CRAS Meudon,CRAS Meudon,Cadastro Único,Atendimento Geral 
Feminino,51, Fundamental Completo,Bom retiro , 1,CRAS Meudon,CRAS Meudon,Cadastro Único,Atendimento Geral 
Masculino,81, Fundamental Incompleto,Vale da Revolta , 1,CRAS Meudon,CRAS Meudon,Cadastro Único,Atendimento Geral 
Feminino,42, Fundamental Incompleto,Coreia , 1,CRAS Meudon,CRAS Meudon,Cadastro Único,Atendimento Geral 
Feminino,48, Fundamental Completo,Meudon, 1,CRAS Meudon,CRAS Meudon,Cadastro Único,Atendimento Geral 
Feminino,52, Fundamental Completo,Meudon, 1,CRAS Meudon,CRAS Meudon,Cadastro Único,Atendimento Geral 
Feminino,48, Fundamental Incompleto,Coreia , 1,CRAS Meudon,CRAS Meudon,Cadastro Único,Atendimento Geral 
Masculino,61, Fundamental Incompleto,Meudon, 1,CRAS Meudon,CRAS Meudon,Cadastro Único,Atendimento Geral 
Feminino,46, Fundamental Incompleto,Meudon, 1,CRAS Meudon,CRAS Meudon,Cadastro Único,Atendimento Geral 
Feminino,30, Médio Completo,Meudon, 1,CRAS Meudon,CRAS Meudon,Cadastro Único,Atendimento Geral 
Feminino,34, Médio Completo,Meudon, 1,CRAS Meudon,CRAS Meudon,Cadastro Único,Atendimento Geral 
Feminino,38, Fundamental Incompleto,Vale da Revolta , 1,CRAS Meudon,CRAS Meudon,Cadastro Único,Atendimento Geral 
Feminino,42, Fundamental Incompleto,Vale da Revolta , 1,CRAS Meudon,CRAS Meudon,Cadastro Único,Atendimento Geral 
Feminino,46, Fundamental Incompleto,Meudon, 1,CRAS Meudon,CRAS Meudon,Cadastro Único,Atendimento Geral 
Feminino,27, Fundamental Incompleto,Vale da Revolta , 1,CRAS Meudon,CRAS Meudon,Cadastro Único,Atendimento Geral 
Feminino,24, Fundamental Completo,Meudon, 1,CRAS Meudon,CRAS Meudon,Cadastro Único,Atendimento Geral 
Feminino,30, Fundamental Completo,Meudon, 1,CRAS Meudon,CRAS Meudon,Cadastro Único,Atendimento Geral 
Feminino,38, Médio Completo,Meudon, 1,CRAS Meudon,CRAS Meudon,Cadastro Único,Atendimento Geral 
Feminino,31, Médio Incompleto,Meudon, 1,CRAS Meudon,CRAS Meudon,Cadastro Único,Atendimento Geral 
Feminino,74, Fundamental Incompleto,Meudon, 1,CRAS Meudon,CRAS Meudon,Cadastro Único,Atendimento Geral 
Feminino,38, Fundamental Incompleto,Meudon, 1,CRAS Meudon,CRAS Meudon,Cadastro Único,Atendimento Geral 
Feminino,52, Fundamental Incompleto,Meudon, 1,CRAS Meudon,CRAS Meudon,Cadastro Único,Atendimento Geral 
Feminino,64, Médio Incompleto,Jardim Meudon , 1,CRAS Meudon,CRAS Meudon,Cadastro Único,Atendimento Geral 
Feminino,45, Médio Completo,Meudon, 1,CRAS Meudon,CRAS Meudon,Cadastro Único,Atendimento Geral 
Feminino,45, Médio Incompleto,Meudon, 1,CRAS Meudon,CRAS Meudon,Cadastro Único,Atendimento Geral 
Feminino,32, Médio Completo,Vale da Revolta , 1,CRAS Meudon,CRAS Meudon,Cadastro Único,Atendimento Geral 
Feminino,24, Médio Incompleto,Vale da Revolta , 1,CRAS Meudon,CRAS Meudon,Cadastro Único,Atendimento Geral 
Feminino,32, Médio Completo,Vale da Revolta , 1,CRAS Meudon,CRAS Meudon,Cadastro Único,Atendimento Geral 
Feminino,72, Fundamental Incompleto,Jardim Meudon , 1,CRAS Meudon,CRAS Meudon,Cadastro Único,Atendimento Geral 
Feminino,56, Médio Incompleto,Meudon, 1,CRAS Meudon,CRAS Meudon,Cadastro Único,Atendimento Geral 
Feminino,63, Fundamental Incompleto,Meudon, 1,CRAS Meudon,CRAS Meudon,Cadastro Único,Atendimento Geral 
Feminino,44, Médio Completo,Meudon, 1,CRAS Meudon,CRAS Meudon,Cadastro Único,Atendimento Geral 
Feminino,58, Fundamental Incompleto,Meudon, 1,CRAS Meudon,CRAS Meudon,Cadastro Único,Atendimento Geral 
Feminino,42, Superior Incompleto,Jardim Meudon , 1,CRAS Meudon,CRAS Meudon,Cadastro Único,Atendimento Geral 
Masculino,28, Médio Completo,Meudon, 1,CRAS Meudon,CRAS Meudon,Cadastro Único,Atendimento Geral 
Feminino,26, Médio Incompleto,Meudon, 1,CRAS Meudon,CRAS Meudon,Cadastro Único,Atendimento Geral 
Feminino,45, Médio Completo,Jardim Meudon , 1,CRAS Meudon,CRAS Meudon,Cadastro Único,Atendimento Geral 
Feminino,44, Médio Completo,Vale da Revolta , 1,CRAS Meudon,CRAS Meudon,Cadastro Único,Atendimento Geral 
Feminino,40, Médio Incompleto,Meudon, 1,CRAS Meudon,CRAS Meudon,Cadastro Único,Atendimento Geral 
Feminino,58, Médio Incompleto,Meudon, 1,CRAS Meudon,CRAS Meudon,Cadastro Único,Atendimento Geral 
Feminino,41, Médio Incompleto,Vale da Revolta , 1,CRAS Meudon,CRAS Meudon,Cadastro Único,Atendimento Geral 
Masculino,67, Fundamental Incompleto,Jardim Meudon , 1,CRAS Meudon,CRAS Meudon,Cadastro Único,Atendimento Geral 
Feminino,83, Fundamental Incompleto,Meudon, 1,CRAS Meudon,CRAS Meudon,Cadastro Único,Atendimento Geral 
Feminino,49, Médio Incompleto,Meudon, 1,CRAS Meudon,CRAS Meudon,Cadastro Único,Atendimento Geral 
Feminino,57, Fundamental Incompleto,Meudon, 1,CRAS Meudon,CRAS Meudon,Cadastro Único,Atendimento Geral 
Masculino,56, Fundamental Incompleto,Meudon, 1,CRAS Meudon,CRAS Meudon,Cadastro Único,Atendimento Geral 
Feminino,71, Fundamental Incompleto,Meudon, 1,CRAS Meudon,CRAS Meudon,Cadastro Único,Atendimento Geral 
Feminino,30, Médio Incompleto,Meudon, 1,CRAS Meudon,CRAS Meudon,Cadastro Único,Atendimento Geral 
Masculino,56, Médio Completo,Meudon, 1,CRAS Meudon,CRAS Meudon,Cadastro Único,Atendimento Geral 
Feminino,58, Médio Incompleto,Vale da Revolta , 1,CRAS Meudon,CRAS Meudon,Cadastro Único,Atendimento Geral 
Feminino,53, Fundamental Incompleto,Meudon, 1,CRAS Meudon,CRAS Meudon,Cadastro Único,Atendimento Geral 
Feminino,19, Médio Completo,Meudon, 1,CRAS Meudon,CRAS Meudon,Cadastro Único,Atendimento Geral 
Feminino,71, Fundamental Incompleto,Meudon, 1,CRAS Meudon,CRAS Meudon,Cadastro Único,Atendimento Geral 
Feminino,50, Médio Incompleto,Jardim Meudon , 1,CRAS Meudon,CRAS Meudon,Cadastro Único,Atendimento Geral 
Feminino,46, Médio Completo,Jardim Meudon , 1,CRAS Meudon,CRAS Meudon,Cadastro Único,Atendimento Geral 
Feminino,72, Fundamental Incompleto,Jardim Meudon , 1,CRAS Meudon,CRAS Meudon,Cadastro Único,Atendimento Geral 
Feminino,23, Médio Completo,Meudon, 1,CRAS Meudon,CRAS Meudon,Cadastro Único,Atendimento Geral 
Masculino,25, Médio Incompleto,Jardim Meudon , 1,CRAS Meudon,CRAS Meudon,Cadastro Único,Atendimento Geral 
Masculino,58, Médio Incompleto,Meudon, 1,CRAS Meudon,CRAS Meudon,Cadastro Único,Atendimento Geral 
Feminino,24, Médio Completo,Meudon, 1,CRAS Meudon,CRAS Meudon,Cadastro Único,Atendimento Geral 
Feminino,52, Médio Incompleto,Vale da Revolta , 1,CRAS Meudon,CRAS Meudon,Cadastro Único,Atendimento Geral 
Feminino,47, Médio Completo,Meudon, 1,CRAS Meudon,CRAS Meudon,Cadastro Único,Atendimento Geral 
Feminino,67, Médio Incompleto,Coreia , 1,CRAS Meudon,CRAS Meudon,Cadastro Único,Atendimento Geral 
Feminino,75, Médio Incompleto,Meudon, 1,CRAS Meudon,CRAS Meudon,Cadastro Único,Atendimento Geral 
Feminino,27, Médio Incompleto,Jardim Meudon , 1,CRAS Meudon,CRAS Meudon,Cadastro Único,Atendimento Geral 
Feminino,54, Médio Completo,Meudon, 1,CRAS Meudon,CRAS Meudon,Cadastro Único,Atendimento Geral 
Feminino,35, Médio Completo,Jardim Meudon , 1,CRAS Meudon,CRAS Meudon,Cadastro Único,Atendimento Geral 
Feminino,17, Médio Incompleto,Jardim Meudon , 1,CRAS Meudon,CRAS Meudon,Cadastro Único,Atendimento Geral 
Feminino,18, Médio Completo,Coreia , 1,CRAS Meudon,CRAS Meudon,Cadastro Único,Atendimento Geral 
Feminino,45, Fundamental Incompleto,Meudon, 1,CRAS Meudon,CRAS Meudon,Cadastro Único,Atendimento Geral 
Feminino,70, Fundamental Incompleto,Jardim Meudon , 1,CRAS Meudon,CRAS Meudon,Cadastro Único,Atendimento Geral 
Feminino,61, Fundamental Incompleto,Vale da Revolta , 1,CRAS Meudon,CRAS Meudon,Cadastro Único,Atendimento Geral 
Feminino,45, Médio Completo,Vale da Revolta , 1,CRAS Meudon,CRAS Meudon,Cadastro Único,Atendimento Geral 
Masculino,32, Médio Completo,Vale da Revolta , 1,CRAS Meudon,CRAS Meudon,Cadastro Único,Atendimento Geral 
Masculino,52, Fundamental Incompleto,Vale da Revolta , 1,CRAS Meudon,CRAS Meudon,Cadastro Único,Atendimento Geral 
Feminino,56, Médio Incompleto,Jardim Meudon , 1,CRAS Meudon,CRAS Meudon,Cadastro Único,Atendimento Geral 
Feminino,40, Médio Incompleto,Meudon, 1,CRAS Meudon,CRAS Meudon,Cadastro Único,Atendimento Geral 
Feminino,59, Médio Incompleto,Bom retiro , 1,CRAS Meudon,CRAS Meudon,Cadastro Único,Atendimento Geral 
Feminino,30, Fundamental Incompleto,Meudon, 1,CRAS Meudon,CRAS Meudon,Cadastro Único,Atendimento Geral 
Feminino,45, Fundamental Incompleto,Meudon, 1,CRAS Meudon,CRAS Meudon,Cadastro Único,Atendimento Geral 
Feminino,59, Fundamental Incompleto,Vale da Revolta , 1,CRAS Meudon,CRAS Meudon,Cadastro Único,Atendimento Geral 
Feminino,40, Médio Incompleto,Meudon, 1,CRAS Meudon,CRAS Meudon,Cadastro Único,Atendimento Geral 
Masculino,65, Médio Incompleto,Meudon, 1,CRAS Meudon,CRAS Meudon,Cadastro Único,Atendimento Geral 
Feminino,23, Médio Incompleto,Jardim Meudon , 1,CRAS Meudon,CRAS Meudon,Cadastro Único,Atendimento Geral 
Feminino,23, Médio Completo,Meudon, 1,CRAS Meudon,CRAS Meudon,Cadastro Único,Atendimento Geral 
Feminino,68, Fundamental Incompleto,Jardim Meudon , 1,CRAS Meudon,CRAS Meudon,Cadastro Único,Atendimento Geral 
Feminino,29, Fundamental Incompleto,Meudon, 1,CRAS Meudon,CRAS Meudon,Cadastro Único,Atendimento Geral 
Feminino,59, Fundamental Incompleto,Jardim Meudon , 1,CRAS Meudon,CRAS Meudon,Cadastro Único,Atendimento Geral 
Feminino,52, Fundamental Incompleto,Vale da Revolta , 1,CRAS Meudon,CRAS Meudon,Cadastro Único,Atendimento Geral 
Feminino,17, Fundamental Completo,Meudon, 1,CRAS Meudon,CRAS Meudon,Cadastro Único,Atendimento Geral 
Feminino,35, Médio Completo,Meudon, 1,CRAS Meudon,CRAS Meudon,Cadastro Único,Atendimento Geral 
Feminino,30, Médio Incompleto,Meudon, 1,CRAS Meudon,CRAS Meudon,Cadastro Único,Atendimento Geral 
Feminino,66, Fundamental Incompleto,Vale da Revolta , 1,CRAS Meudon,CRAS Meudon,Cadastro Único,Atendimento Geral 
Feminino,57, Fundamental Incompleto,Meudon, 1,CRAS Meudon,CRAS Meudon,Cadastro Único,Atendimento Geral 
Feminino,30, Médio Completo,Meudon, 1,CRAS Meudon,CRAS Meudon,Cadastro Único,Atendimento Geral 
Feminino,41, Médio Completo,Meudon, 1,CRAS Meudon,CRAS Meudon,Cadastro Único,Atendimento Geral 
Feminino,61, Fundamental Incompleto,Meudon, 1,CRAS Meudon,CRAS Meudon,Cadastro Único,Atendimento Geral 
Feminino,46, Médio Completo,Jardim Meudon , 1,CRAS Meudon,CRAS Meudon,Cadastro Único,Atendimento Geral 
Feminino,59, Fundamental Incompleto,Meudon, 1,CRAS Meudon,CRAS Meudon,Cadastro Único,Atendimento Geral 
Feminino,60, Fundamental Incompleto,Jardim Meudon , 1,CRAS Meudon,CRAS Meudon,Cadastro Único,Atendimento Geral 
Feminino,61, Médio Incompleto,Meudon, 1,CRAS Meudon,CRAS Meudon,Cadastro Único,Atendimento Geral 
Feminino,43, Médio Completo,Vale da Revolta , 1,CRAS Meudon,CRAS Meudon,Cadastro Único,Atendimento Geral 
Feminino,45, Fundamental Incompleto,Meudon, 1,CRAS Meudon,CRAS Meudon,Cadastro Único,Atendimento Geral 
Feminino,62, Fundamental Incompleto,Meudon, 1,CRAS Meudon,CRAS Meudon,Cadastro Único,Atendimento Geral 
Feminino,68, Fundamental Incompleto,Jardim Meudon , 1,CRAS Meudon,CRAS Meudon,Cadastro Único,Atendimento Geral 
Feminino,64, Médio Incompleto,Meudon, 1,CRAS Meudon,CRAS Meudon,Cadastro Único,Atendimento Geral 
Feminino,40, Médio Incompleto,Coreia , 1,CRAS Meudon,CRAS Meudon,Cadastro Único,Atendimento Geral 
Feminino,62, Fundamental Incompleto,Jardim Meudon , 1,CRAS Meudon,CRAS Meudon,Cadastro Único,Atendimento Geral 
Feminino,66, Fundamental Incompleto,Jardim Meudon , 1,CRAS Meudon,CRAS Meudon,Cadastro Único,Atendimento Geral 
Feminino,33, Médio Completo,Vale da Revolta , 1,CRAS Meudon,CRAS Meudon,Cadastro Único,Atendimento Geral 
Masculino,53, Fundamental Incompleto,Coreia , 1,CRAS Meudon,CRAS Meudon,Cadastro Único,Atendimento Geral 
Masculino,25, Médio Completo,Jardim Meudon , 1,CRAS Meudon,CRAS Meudon,Cadastro Único,Atendimento Geral 
Feminino,34, Fundamental Completo,Meudon, 1,CRAS Meudon,CRAS Meudon,Cadastro Único,Atendimento Geral 
Feminino,35, Médio Completo,Meudon, 1,CRAS Meudon,CRAS Meudon,Cadastro Único,Atendimento Geral 
Feminino,40, Médio Completo,Meudon, 1,CRAS Meudon,CRAS Meudon,Cadastro Único,Atendimento Geral 
Feminino,41, Médio Completo,Meudon, 1,CRAS Meudon,CRAS Meudon,Cadastro Único,Atendimento Geral 
Feminino,32, Médio Completo,Jardim Meudon , 1,CRAS Meudon,CRAS Meudon,Cadastro Único,Atendimento Geral 
Feminino,59, Fundamental Incompleto,Coreia , 1,CRAS Meudon,CRAS Meudon,Cadastro Único,Atendimento Geral 
Feminino,57, Fundamental Incompleto,Meudon, 1,CRAS Meudon,CRAS Meudon,Cadastro Único,Atendimento Geral 
Feminino,32, Médio Incompleto,Meudon, 1,CRAS Meudon,CRAS Meudon,Cadastro Único,Atendimento Geral 
Feminino,36, Médio Completo,Jardim Meudon , 1,CRAS Meudon,CRAS Meudon,Cadastro Único,Atendimento Geral 
Feminino,18, Médio Incompleto,Meudon, 1,CRAS Meudon,CRAS Meudon,Cadastro Único,Atendimento Geral 
Feminino,44, Médio Incompleto,Meudon, 1,CRAS Meudon,CRAS Meudon,Cadastro Único,Atendimento Geral 
Feminino,23, Médio Incompleto,Jardim Meudon , 1,CRAS Meudon,CRAS Meudon,Cadastro Único,Atendimento Geral 
Feminino,60, Fundamental Completo,Meudon, 1,CRAS Meudon,CRAS Meudon,Cadastro Único,Atendimento Geral 
Masculino,59, Fundamental Incompleto,Jardim Meudon , 1,CRAS Meudon,CRAS Meudon,Cadastro Único,Atendimento Geral 
Feminino,44, Médio Completo,Jardim Meudon , 1,CRAS Meudon,CRAS Meudon,Cadastro Único,Atendimento Geral 
Masculino,74, Fundamental Incompleto,Vale da Revolta , 1,CRAS Meudon,CRAS Meudon,Cadastro Único,Atendimento Geral 
Feminino,46, Médio Incompleto,Meudon, 1,CRAS Meudon,CRAS Meudon,Cadastro Único,Atendimento Geral 
Feminino,46, Fundamental Incompleto,Meudon, 1,CRAS Meudon,CRAS Meudon,Cadastro Único,Atendimento Geral 
Masculino,40, Médio Incompleto,Meudon, 1,CRAS Meudon,CRAS Meudon,Cadastro Único,Atendimento Geral 
Feminino,47, Médio Completo,Meudon, 1,CRAS Meudon,CRAS Meudon,Cadastro Único,Atendimento Geral 
Feminino,39, Médio Completo,Jardim Meudon , 1,CRAS Meudon,CRAS Meudon,Cadastro Único,Atendimento Geral 
Feminino,26, Médio Incompleto,Jardim Meudon , 1,CRAS Meudon,CRAS Meudon,Cadastro Único,Atendimento Geral 
Feminino,65, Médio Incompleto,Meudon, 1,CRAS Meudon,CRAS Meudon,Cadastro Único,Atendimento Geral 
Feminino,34, Médio Incompleto,Vale da Revolta , 1,CRAS Meudon,CRAS Meudon,Cadastro Único,Atendimento Geral 
Feminino,43, Médio Completo,Jardim Meudon , 1,CRAS Meudon,CRAS Meudon,Cadastro Único,Atendimento Geral 
Feminino,41, Fundamental Incompleto,Meudon, 1,CRAS Meudon,CRAS Meudon,Cadastro Único,Atendimento Geral 
Feminino,44, Fundamental Incompleto,Jardim Meudon , 1,CRAS Meudon,CRAS Meudon,Cadastro Único,Atendimento Geral 
Feminino,41, Médio Completo,Meudon, 1,CRAS Meudon,CRAS Meudon,Cadastro Único,Atendimento Geral 
Feminino,19, Fundamental Incompleto,Coreia , 1,CRAS Meudon,CRAS Meudon,Cadastro Único,Atendimento Geral 
Feminino,47, Fundamental Completo,Meudon, 1,CRAS Meudon,CRAS Meudon,Cadastro Único,Atendimento Geral 
Masculino,32, Médio Incompleto,Vale da Revolta , 1,CRAS Meudon,CRAS Meudon,Cadastro Único,Atendimento Geral 
Feminino,28, Médio Completo,Meudon, 1,CRAS Meudon,CRAS Meudon,Cadastro Único,Atendimento Geral 
Feminino,32, Médio Completo,Jardim Meudon , 1,CRAS Meudon,CRAS Meudon,Cadastro Único,Atendimento Geral 
Feminino,32, Médio Completo,Meudon, 1,CRAS Meudon,CRAS Meudon,Cadastro Único,Atendimento Geral 
Feminino,25, Médio Completo,Meudon, 1,CRAS Meudon,CRAS Meudon,Cadastro Único,Atendimento Geral 
Feminino,35, Médio Completo,Meudon, 1,CRAS Meudon,CRAS Meudon,Cadastro Único,Atendimento Geral 
Feminino,56, Fundamental Completo,Coreia , 1,CRAS Meudon,CRAS Meudon,Cadastro Único,Atendimento Geral 
Feminino,30, Médio Incompleto,Meudon, 1,CRAS Meudon,CRAS Meudon,Cadastro Único,Atendimento Geral 
Feminino,43, Médio Completo,Jardim Meudon , 1,CRAS Meudon,CRAS Meudon,Cadastro Único,Atendimento Geral 
Masculino,57, Fundamental Incompleto,Vale da Revolta , 1,CRAS Meudon,CRAS Meudon,Cadastro Único,Atendimento Geral 
Masculino,50, Fundamental Incompleto,Meudon, 1,CRAS Meudon,CRAS Meudon,Cadastro Único,Atendimento Geral 
Feminino,38, Médio Completo,Vale da Revolta , 1,CRAS Meudon,CRAS Meudon,Cadastro Único,Atendimento Geral 
Feminino,65, Fundamental Incompleto,Meudon, 1,CRAS Meudon,CRAS Meudon,Cadastro Único,Atendimento Geral 
Feminino,25, Médio Incompleto,Jardim Meudon , 1,CRAS Meudon,CRAS Meudon,Cadastro Único,Atendimento Geral 
Feminino,39, Fundamental Completo,Vale da Revolta , 1,CRAS Meudon,CRAS Meudon,Cadastro Único,Atendimento Geral 
Feminino,46, Médio Completo,Vale da Revolta , 1,CRAS Meudon,CRAS Meudon,Cadastro Único,Atendimento Geral 
Masculino,70, Fundamental Incompleto,Vale da Revolta , 1,CRAS Meudon,CRAS Meudon,Cadastro Único,Atendimento Geral 
Feminino,63, Médio Incompleto,Meudon, 1,CRAS Meudon,CRAS Meudon,Cadastro Único,Atendimento Geral 
Feminino,62, Fundamental Incompleto,Jardim Meudon , 1,CRAS Meudon,CRAS Meudon,Cadastro Único,Atendimento Geral 
Feminino,66, Médio Incompleto,Meudon, 1,CRAS Meudon,CRAS Meudon,Cadastro Único,Atendimento Geral 
Feminino,69, Fundamental Incompleto,Vale da Revolta , 1,CRAS Meudon,CRAS Meudon,Cadastro Único,Atendimento Geral 
Masculino,23, Médio Incompleto,Jardim Meudon , 1,CRAS Meudon,CRAS Meudon,Cadastro Único,Atendimento Geral 
Feminino,45, Médio Completo,Meudon, 1,CRAS Meudon,CRAS Meudon,Cadastro Único,Atendimento Geral 
Feminino,57, Fundamental Incompleto,Meudon, 1,CRAS Meudon,CRAS Meudon,Cadastro Único,Atendimento Geral 
Feminino,38, Médio Completo,Meudon, 1,CRAS Meudon,CRAS Meudon,Cadastro Único,Atendimento Geral 
Feminino,44, Médio Completo,Meudon, 1,CRAS Meudon,CRAS Meudon,Cadastro Único,Atendimento Geral 
Feminino,31, Médio Incompleto,Jardim Meudon , 1,CRAS Meudon,CRAS Meudon,Cadastro Único,Atendimento Geral 
Feminino,37, Médio Incompleto,Vale da Revolta , 1,CRAS Meudon,CRAS Meudon,Cadastro Único,Atendimento Geral 
Feminino,61, Fundamental Incompleto,Jardim Meudon , 1,CRAS Meudon,CRAS Meudon,Cadastro Único,Atendimento Geral 
Masculino,30, Médio Incompleto,Meudon, 1,CRAS Meudon,CRAS Meudon,Cadastro Único,Atendimento Geral 
Feminino,49, Médio Incompleto,Meudon, 1,CRAS Meudon,CRAS Meudon,Cadastro Único,Atendimento Geral 
Feminino,26, Fundamental Incompleto,Vale da Revolta , 1,CRAS Meudon,CRAS Meudon,Cadastro Único,Atendimento Geral 
Masculino,54, Médio Completo,Jardim Meudon , 1,CRAS Meudon,CRAS Meudon,Cadastro Único,Atendimento Geral 
Feminino,36, Médio Incompleto,Meudon, 1,CRAS Meudon,CRAS Meudon,Cadastro Único,Atendimento Geral 
Feminino,65, Médio Incompleto,Meudon, 1,CRAS Meudon,CRAS Meudon,Cadastro Único,Atendimento Geral 
Masculino,62, Fundamental Incompleto,Vale da Revolta , 1,CRAS Meudon,CRAS Meudon,Cadastro Único,Atendimento Geral 
Masculino,57, Médio Incompleto,Vale da Revolta , 1,CRAS Meudon,CRAS Meudon,Cadastro Único,Atendimento Geral 
Feminino,57, Médio Incompleto,Jardim Meudon , 1,CRAS Meudon,CRAS Meudon,Cadastro Único,Atendimento Geral 
Feminino,34, Médio Incompleto,Meudon, 1,CRAS Meudon,CRAS Meudon,Cadastro Único,Atendimento Geral 
Masculino,41, Médio Incompleto,Jardim Meudon , 1,CRAS Meudon,CRAS Meudon,Cadastro Único,Atendimento Geral 
Masculino,50, Médio Completo,Meudon, 1,CRAS Meudon,CRAS Meudon,Cadastro Único,Atendimento Geral 
Feminino,62, Médio Incompleto,Jardim Meudon , 1,CRAS Meudon,CRAS Meudon,Cadastro Único,Atendimento Geral 
Feminino,45, Médio Completo,Não Informado, 1,CRAS Meudon,CRAS Meudon,Cadastro Único,Atendimento Geral 
Masculino,20, Superior Completo,Meudon, 1,CRAS Meudon,CRAS Meudon,Cadastro Único,Atendimento Geral 
Feminino,50, Médio Completo,Meudon, 1,CRAS Meudon,CRAS Meudon,Cadastro Único,Atendimento Geral 
Feminino,18, Médio Completo,Meudon, 1,CRAS Meudon,CRAS Meudon,Cadastro Único,Atendimento Geral 
Feminino,24, Médio Incompleto,Meudon, 1,CRAS Meudon,CRAS Meudon,Cadastro Único,Atendimento Geral 
Feminino,69, Médio Incompleto,Meudon, 1,CRAS Meudon,CRAS Meudon,Cadastro Único,Atendimento Geral 
Feminino,68, Médio Completo,Meudon, 1,CRAS Meudon,CRAS Meudon,Cadastro Único,Atendimento Geral 
Feminino,30, Médio Incompleto,Vale da Revolta , 1,CRAS Meudon,CRAS Meudon,Cadastro Único,Atendimento Geral 
Feminino,47, Médio Incompleto,Meudon, 1,CRAS Meudon,CRAS Meudon,Cadastro Único,Atendimento Geral 
Feminino,38, Médio Completo,Meudon, 1,CRAS Meudon,CRAS Meudon,Cadastro Único,Atendimento Geral 
Feminino,35, Médio Incompleto,Meudon, 1,CRAS Meudon,CRAS Meudon,Cadastro Único,Atendimento Geral 
Feminino,75, Médio Incompleto,Meudon, 1,CRAS Meudon,CRAS Meudon,Cadastro Único,Atendimento Geral 
Feminino,70, Fundamental Incompleto,Meudon, 1,CRAS Meudon,CRAS Meudon,Cadastro Único,Atendimento Geral 
Feminino,54, Fundamental Incompleto,Meudon, 1,CRAS Meudon,CRAS Meudon,Cadastro Único,Atendimento Geral 
Feminino,42, Superior Completo,Vale da Revolta , 1,CRAS Meudon,CRAS Meudon,Cadastro Único,Atendimento Geral 
Masculino,22, Médio Completo,Jardim Meudon , 1,CRAS Meudon,CRAS Meudon,Cadastro Único,Atendimento Geral 
Feminino,17, Fundamental Completo,Meudon, 1,CRAS Meudon,CRAS Meudon,Cadastro Único,Atendimento Geral 
Feminino,42, Fundamental Incompleto,Vale da Revolta , 1,CRAS Meudon,CRAS Meudon,Cadastro Único,Atendimento Geral 
Feminino,25, Fundamental Completo,Meudon, 1,CRAS Meudon,CRAS Meudon,Cadastro Único,Atendimento Geral 
Feminino,38, Médio Completo,Meudon, 1,CRAS Meudon,CRAS Meudon,Cadastro Único,Atendimento Geral 
Feminino,24, Médio Completo,Jardim Meudon , 1,CRAS Meudon,CRAS Meudon,Cadastro Único,Atendimento Geral 
Feminino,64, Fundamental Incompleto,Jardim Meudon , 1,CRAS Meudon,CRAS Meudon,Cadastro Único,Atendimento Geral 
Feminino,34, Médio Completo,Meudon, 1,CRAS Meudon,CRAS Meudon,Cadastro Único,Atendimento Geral 
Feminino,62, Fundamental Incompleto,Meudon, 1,CRAS Meudon,CRAS Meudon,Cadastro Único,Atendimento Geral 
Feminino,79, Fundamental Incompleto,Meudon, 1,CRAS Meudon,CRAS Meudon,Cadastro Único,Atendimento Geral 
Feminino,33, Médio Completo,Jardim Meudon , 1,CRAS Meudon,CRAS Meudon,Cadastro Único,Atendimento Geral 
Feminino,29, Médio Completo,Jardim Meudon , 1,CRAS Meudon,CRAS Meudon,Cadastro Único,Atendimento Geral 
Feminino,26, Médio Completo,Coreia , 1,CRAS Meudon,CRAS Meudon,Cadastro Único,Atendimento Geral 
Feminino,61, Fundamental Incompleto,Vale da Revolta , 1,CRAS Meudon,CRAS Meudon,Cadastro Único,Atendimento Geral 
Feminino,71, Fundamental Incompleto,Jardim Meudon , 1,CRAS Meudon,CRAS Meudon,Cadastro Único,Atendimento Geral 
Masculino,31, Fundamental Incompleto,Meudon, 1,CRAS Meudon,CRAS Meudon,Cadastro Único,Atendimento Geral 
Masculino,27, Médio Completo,Jardim Meudon , 1,CRAS Meudon,CRAS Meudon,Cadastro Único,Atendimento Geral 
Feminino,25, Médio Completo,Meudon, 1,CRAS Meudon,CRAS Meudon,Cadastro Único,Atendimento Geral 
Masculino,32, Superior Incompleto,Jardim Meudon , 1,CRAS Meudon,CRAS Meudon,Cadastro Único,Atendimento Geral 
Masculino,47, Fundamental Completo,Coreia , 1,CRAS Meudon,CRAS Meudon,Cadastro Único,Atendimento Geral 
Feminino,81, Fundamental Incompleto,Jardim Meudon , 1,CRAS Meudon,CRAS Meudon,Cadastro Único,Atendimento Geral 
Feminino,46, Fundamental Incompleto,Vale da Revolta , 1,CRAS Meudon,CRAS Meudon,Cadastro Único,Atendimento Geral 
Feminino,50, Médio Completo,Vale da Revolta , 1,CRAS Meudon,CRAS Meudon,Cadastro Único,Atendimento Geral 
Feminino,35, Médio Incompleto,Meudon, 1,CRAS Meudon,CRAS Meudon,Cadastro Único,Atendimento Geral 
Feminino,32, Médio Incompleto,Meudon, 1,CRAS Meudon,CRAS Meudon,Cadastro Único,Atendimento Geral 
Feminino,23, Médio Incompleto,Jardim Meudon , 1,CRAS Meudon,CRAS Meudon,Cadastro Único,Atendimento Geral 
Feminino,44, Médio Completo,Meudon, 1,CRAS Meudon,CRAS Meudon,Cadastro Único,Atendimento Geral 
Feminino,27, Médio Completo,Jardim Meudon , 1,CRAS Meudon,CRAS Meudon,Cadastro Único,Atendimento Geral 
Feminino,60, Médio Incompleto,Vale da Revolta , 1,CRAS Meudon,CRAS Meudon,Cadastro Único,Atendimento Geral 
Feminino,66, Médio Incompleto,Meudon, 1,CRAS Meudon,CRAS Meudon,Cadastro Único,Atendimento Geral 
Feminino,27, Médio Incompleto,Meudon, 1,CRAS Meudon,CRAS Meudon,Cadastro Único,Atendimento Geral 
Feminino,41, Superior Completo,Meudon, 1,CRAS Meudon,CRAS Meudon,Cadastro Único,Atendimento Geral 
Feminino,23, Médio Completo,Vale da Revolta , 1,CRAS Meudon,CRAS Meudon,Cadastro Único,Atendimento Geral 
Feminino,48, Médio Incompleto,Coreia , 1,CRAS Meudon,CRAS Meudon,Cadastro Único,Atendimento Geral 
Feminino,33, Médio Completo,Meudon, 1,CRAS Meudon,CRAS Meudon,Cadastro Único,Atendimento Geral 
Masculino,25, Médio Completo,Meudon, 1,CRAS Meudon,CRAS Meudon,Cadastro Único,Atendimento Geral 
Feminino,38, Fundamental Incompleto,Coreia , 1,CRAS Meudon,CRAS Meudon,Cadastro Único,Atendimento Geral 
Feminino,44, Médio Completo,Jardim Meudon , 1,CRAS Meudon,CRAS Meudon,Cadastro Único,Atendimento Geral 
Feminino,48, Médio Completo,Vale da Revolta , 1,CRAS Meudon,CRAS Meudon,Cadastro Único,Atendimento Geral 
Feminino,27, Fundamental Completo,Vale da Revolta , 1,CRAS Meudon,CRAS Meudon,Cadastro Único,Atendimento Geral 