Sexo,Idade,Escolaridade,Bairro de Origem,Distrito,Referência,Local de Atendimento,Programa Vinculado,Tipo de Atendimento
Masculino,54,Fundamental Incompleto,Pessegueiros ,2,CRAS Prata,CRAS Prata,Público Geral,Cadastro Ùnico
Feminino,53,Fundamental Incompleto,Fazenda Ermitage,1,CRAS Prata,CRAS Prata,Público Geral,Cadastro Ùnico
Masculino,49,Fundamental Incompleto,Pessegueiros ,2,CRAS Prata,CRAS Prata,Público Geral,Cadastro Ùnico
Feminino,76,Não Escolarizado,Ponte Nova ,2,CRAS Prata,CRAS Prata,Público Geral,Cadastro Ùnico
Masculino,65,Fundamental Incompleto,Três Córregos ,2,CRAS Prata,CRAS Prata,Público Geral,Cadastro Ùnico
Feminino,57,Fundamental Incompleto,Biquinha ,2,CRAS Prata,CRAS Prata,Público Geral,Cadastro Ùnico
Feminino,30,Médio Completo,Serra do Capim,2,CRAS Prata,CRAS Prata,Público Geral,Cadastro Ùnico
Masculino,62,Não Escolarizado,Santa Rita,2,CRAS Prata,CRAS Prata,Público Geral,Cadastro Ùnico
Feminino,58,Fundamental Incompleto,Santa Rita,2,CRAS Prata,CRAS Prata,Público Geral,Cadastro Ùnico
Masculino,52,Fundamental Incompleto,Fonte Santa ,1,CRAS Prata,CRAS Prata,Público Geral,Cadastro Ùnico
Masculino,64,Não Escolarizado,Fonte Santa ,1,CRAS Prata,CRAS Prata,Público Geral,Cadastro Ùnico
Masculino,64,Fundamental Incompleto,Quinta Lebrão,1,CRAS Prata,CRAS Prata,Público Geral,Cadastro Ùnico
Feminino,60,Fundamental Incompleto,Três Córregos ,2,CRAS Prata,CRAS Prata,Público Geral,Cadastro Ùnico
Feminino,42,Fundamental Incompleto,Brejal,,CRAS Prata,CRAS Prata,PAIF,Cadastro Ùnico
Feminino,71,Fundamental Incompleto,Fonte Santa ,1,CRAS Prata,CRAS Prata,Público Geral,Cadastro Ùnico
Masculino,63,Fundamental Incompleto,Granja Mafra ,2,CRAS Prata,CRAS Prata,Público Geral,Cadastro Ùnico
Feminino,61,Fundamental Incompleto,Providência ,2,CRAS Prata,CRAS Prata,Público Geral,Cadastro Ùnico
Masculino,80,Não Escolarizado,Fazenda Ermitage,1,CRAS Prata,CRAS Prata,Público Geral,Cadastro Ùnico
Feminino,26,Médio Incompleto,Fazenda Ermitage,1,CRAS Prata,CRAS Prata,Público Geral,Cadastro Ùnico
Feminino,65,Fundamental Incompleto,Pessegueiros ,2,CRAS Prata,CRAS Prata,Público Geral,Cadastro Ùnico
Masculino,51,Fundamental Incompleto,Quinta Lebrão,1,CRAS Prata,CRAS Prata,Público Geral,Cadastro Ùnico
Masculino,64,Médio Completo,Santa Rita,2,CRAS Prata,CRAS Prata,Público Geral,Cadastro Ùnico
Feminino,59,Fundamental Incompleto,Biquinha ,2,CRAS Prata,CRAS Prata,Público Geral,Cadastro Ùnico
Masculino,74,Fundamental Incompleto,Fonte Santa ,1,CRAS Prata,CRAS Prata,Público Geral,Cadastro Ùnico
Feminino,63,Fundamental Incompleto,Fonte Santa ,1,CRAS Prata,CRAS Prata,Público Geral,Cadastro Ùnico
Feminino,41,Fundamental Incompleto,Fonte Santa ,1,CRAS Prata,CRAS Prata,Público Geral,Cadastro Ùnico
Masculino,64,Fundamental Incompleto,Fonte Santa ,1,CRAS Prata,CRAS Prata,Público Geral,Cadastro Ùnico
Masculino,38,Fundamental Incompleto,Fonte Santa ,1,CRAS Prata,CRAS Prata,Público Geral,Cadastro Ùnico
Feminino,63,Fundamental Incompleto,Fonte Santa ,1,CRAS Prata,CRAS Prata,Público Geral,Cadastro Ùnico
Feminino,61,Médio Incompleto,Fazenda Ermitage,1,CRAS Prata,CRAS Prata,Público Geral,Cadastro Ùnico
Feminino,50,Médio Incompleto,Água Quente ,2,CRAS Prata,CRAS Prata,Público Geral,Cadastro Ùnico
Masculino,21,Fundamental Incompleto,Granja Mafra ,2,CRAS Prata,CRAS Prata,Público Geral,Cadastro Ùnico
Feminino,65,Fundamental Incompleto,Brejal,2,CRAS Prata,CRAS Prata,Público Geral,Cadastro Ùnico
Feminino,31,Médio Completo,Água Quente ,2,CRAS Prata,CRAS Prata,Público Geral,Cadastro Ùnico
Feminino,33,Médio Completo,Água Quente ,2,CRAS Prata,CRAS Prata,Público Geral,Cadastro Ùnico
Feminino,46,Médio Incompleto,Água Quente ,2,CRAS Prata,CRAS Prata,Público Geral,Cadastro Ùnico
Feminino,36,Médio Completo,Fischer,1,CRAS Prata,CRAS Prata,Público Geral,Cadastro Ùnico
Masculino,41,Médio Completo,Fazenda Ermitage,1,CRAS Prata,CRAS Prata,Público Geral,Cadastro Ùnico
Feminino,30,Fundamental Incompleto,Providência ,2,CRAS Prata,CRAS Prata,Público Geral,Cadastro Ùnico
Feminino,25,Médio Incompleto,Prata,2,CRAS Prata,CRAS Prata,Público Geral,Cadastro Ùnico
Masculino,76,Fundamental Incompleto,Cruzeiro,2,CRAS Prata,CRAS Prata,Público Geral,Cadastro Ùnico
Masculino,59,Não Escolarizado,Pessegueiros ,2,CRAS Prata,CRAS Prata,Público Geral,Cadastro Ùnico
Feminino,56,Médio Completo,Água Quente ,2,CRAS Prata,CRAS Prata,Público Geral,Cadastro Ùnico
Feminino,37,Fundamental Incompleto,Fonte Santa ,1,CRAS Prata,CRAS Prata,Público Geral,Cadastro Ùnico
Masculino,55,Fundamental Incompleto,Fazenda Ermitage,1,CRAS Prata,CRAS Prata,Público Geral,Cadastro Ùnico
Feminino,53,Fundamental Incompleto,Quinta Lebrão,1,CRAS Prata,CRAS Prata,Público Geral,Cadastro Ùnico
Masculino,64,Médio Completo,Fonte Santa ,1,CRAS Prata,CRAS Prata,Público Geral,Cadastro Ùnico
Masculino,63,Fundamental Incompleto,Pessegueiros ,2,CRAS Prata,CRAS Prata,Público Geral,Cadastro Ùnico
Feminino,63,Fundamental Incompleto,Três Córregos ,2,CRAS Prata,CRAS Prata,Público Geral,Cadastro Ùnico
Feminino,61,Fundamental Incompleto,Santa Rita,2,CRAS Prata,CRAS Prata,Público Geral,Cadastro Ùnico
Feminino,75,Fundamental Incompleto,Santa Rita,2,CRAS Prata,CRAS Prata,Público Geral,Cadastro Ùnico
Feminino,23,Médio Incompleto,Quinta Lebrão,1,CRAS Prata,CRAS Prata,Público Geral,Cadastro Ùnico
Feminino,70,Fundamental Incompleto,Fischer,1,CRAS Prata,CRAS Prata,Público Geral,Cadastro Ùnico
Masculino,44,Fundamental Completo,Fonte Santa ,1,CRAS Prata,CRAS Prata,Público Geral,Cadastro Ùnico
Feminino,32,Médio Completo,Quinta Lebrão,1,CRAS Prata,CRAS Prata,Público Geral,Cadastro Ùnico
Masculino,36,Médio Completo,Barra do Imbuí,1,CRAS Barra,CRAS Prata,Público Geral,Cadastro Ùnico
Feminino,28,Médio Incompleto,Poço dos Peixes ,2,CRAS Prata,CRAS Prata,Público Geral,Cadastro Ùnico
Feminino,58,Fundamental Incompleto,Santa Rita,2,CRAS Prata,CRAS Prata,Público Geral,Cadastro Ùnico
Feminino,43,Fundamental Completo,Cruzeiro,2,CRAS Prata,CRAS Prata,Público Geral,Cadastro Ùnico
Feminino,31,Fundamental Incompleto,Água Quente ,2,CRAS Prata,CRAS Prata,Público Geral,Cadastro Ùnico
Feminino,39,Fundamental Incompleto,Fazenda Alpina ,2,CRAS Prata,CRAS Prata,Público Geral,Cadastro Ùnico
Feminino,65,Fundamental Incompleto,Brejal,2,CRAS Prata,CRAS Prata,Público Geral,Cadastro Ùnico
Feminino,55,Fundamental Incompleto,Fonte Santa ,1,CRAS Prata,CRAS Prata,Público Geral,Cadastro Ùnico
Masculino,58,Fundamental Incompleto,Quinta Lebrão,1,CRAS Prata,CRAS Prata,Público Geral,Cadastro Ùnico
Feminino,53,Fundamental Incompleto,Quinta Lebrão,1,CRAS Prata,CRAS Prata,Público Geral,Cadastro Ùnico
Masculino,73,Fundamental Incompleto,Cruzeiro,2,CRAS Prata,CRAS Prata,Público Geral,Cadastro Ùnico
Feminino,46,Fundamental Incompleto,Fischer,1,CRAS Prata,CRAS Prata,Público Geral,Cadastro Ùnico
Feminino,67,Fundamental Incompleto,Providência ,2,CRAS Prata,CRAS Prata,Público Geral,Cadastro Ùnico
Feminino,26,Médio Completo,Três Córregos ,2,CRAS Prata,CRAS Prata,Público Geral,Cadastro Ùnico
Feminino,51,Médio Completo,Fonte Santa ,1,CRAS Prata,CRAS Prata,Público Geral,Cadastro Ùnico
Masculino,53,Fundamental Incompleto,Quinta Lebrão,1,CRAS Prata,CRAS Prata,Público Geral,Cadastro Ùnico
Feminino,44,Fundamental Incompleto,Fazenda Ermitage,1,CRAS Prata,CRAS Prata,Público Geral,Cadastro Ùnico
Masculino,38,Fundamental Incompleto,Fischer,1,CRAS Prata,CRAS Prata,Público Geral,Cadastro Ùnico
Feminino,64,Fundamental Incompleto ,Fischer,1,CRAS Prata,CRAS Prata,Público Geral,Cadastro Ùnico
Feminino,78,Não Escolarizado,Fonte Santa ,1,CRAS Prata,CRAS Prata,Público Geral,Cadastro Ùnico
Feminino,40,Fundamental Incompleto,Fonte Santa ,1,CRAS Prata,CRAS Prata,Público Geral,Cadastro Ùnico
Masculino,72,Fundamental Incompleto,Quinta Lebrão,1,CRAS Prata,CRAS Prata,Público Geral,Cadastro Ùnico
Masculino,57,Fundamental Incompleto,Quinta Lebrão,1,CRAS Prata,CRAS Prata,Público Geral,Cadastro Ùnico
Feminino,37,Fundamental Incompleto,Três Córregos ,2,CRAS Prata,CRAS Prata,Público Geral,Cadastro Ùnico
Feminino,40,Fundamental Incompleto,Três Córregos ,2,CRAS Prata,CRAS Prata,Público Geral,Cadastro Ùnico
Feminino,56,Médio Completo,Três Córregos ,2,CRAS Prata,CRAS Prata,Público Geral,Cadastro Ùnico
Masculino,57,Não Informado,Não Informado,Não Informado,CRAS Prata,CRAS Prata,Público Geral,Cadastro Ùnico
Feminino,40,Fundamental Incompleto,Três Córregos ,2,CRAS Prata,CRAS Prata,Público Geral,Cadastro Ùnico
Masculino,63,Fundamental Incompleto,Granja Mafra ,2,CRAS Prata,CRAS Prata,Público Geral,Cadastro Ùnico
Feminino,76,Não Escolarizado,Ponte Nova,2,CRAS Prata,CRAS Prata,Público Geral,Cadastro Ùnico
Feminino,39,Fundamental Incompleto,Pessegueiros ,2,CRAS Prata,CRAS Prata,Público Geral,Cadastro Ùnico
Feminino,29,Fundamental Incompleto,Quinta Lebrão,1,CRAS Prata,CRAS Prata,Público Geral,Cadastro Ùnico
Feminino,56,Não Escolarizado,Fonte Santa ,1,CRAS Prata,CRAS Prata,Público Geral,Cadastro Ùnico
Feminino,29,Fundamental Incompleto,Fazenda Ermitage,1,CRAS Prata,CRAS Prata,Público Geral,Cadastro Ùnico
Masculino,56,Fundamental Incompleto,Quinta Lebrão,1,CRAS Prata,CRAS Prata,Público Geral,Cadastro Ùnico
Feminino,64,Fundamental Incompleto,Quinta Lebrão,1,CRAS Prata,CRAS Prata,Público Geral,Cadastro Ùnico
Masculino,57,Fundamental Incompleto,Fazenda Ermitage,1,CRAS Prata,CRAS Prata,Público Geral,Cadastro Ùnico
Masculino,67,Fundamental Incompleto,Fazenda Ermitage,1,CRAS Prata,CRAS Prata,Público Geral,Cadastro Ùnico
Feminino,61,Não Escolarizado,Fischer,1,CRAS Prata,CRAS Prata,Público Geral,Cadastro Ùnico
Masculino,65,Não Escolarizado,Fazenda Ermitage,1,CRAS Prata,CRAS Prata,Público Geral,Cadastro Ùnico
Feminino,33,Fundamental Incompleto,Fazenda Ermitage,1,CRAS Prata,CRAS Prata,Público Geral,Cadastro Ùnico
Feminino,27,Médio Completo,Quinta Lebrão,1,CRAS Prata,CRAS Prata,Público Geral,Cadastro Ùnico
Feminino,42,Fundamental Incompleto,Quinta Lebrão,,CRAS Prata,CRAS Prata,PAIF,Cadastro Ùnico
Feminino,36,Médio Completo,Fazenda Ermitage,1,CRAS Prata,CRAS Prata,Público Geral,Cadastro Ùnico
Feminino,47,Fundamental Incompleto,Quinta Lebrão,1,CRAS Prata,CRAS Prata,Público Geral,Cadastro Ùnico
Feminino,68,Fundamental Incompleto,Fazenda Ermitage,1,CRAS Prata,CRAS Prata,Público Geral,Cadastro Ùnico
Masculino,47,Fundamental Incompleto,Santa Rita,2,CRAS Prata,CRAS Prata,Público Geral,Cadastro Ùnico
Masculino,73,Fundamental Incompleto,Quinta Lebrão,1,CRAS Prata,CRAS Prata,Público Geral,Cadastro Ùnico
Feminino,39,Fundamental Incompleto,Prata,2,CRAS Prata,CRAS Prata,Público Geral,Cadastro Ùnico
Feminino,39,Fundamental Incompleto,Prata,2,CRAS Prata,CRAS Prata,Público Geral,Cadastro Ùnico
Masculino,56,Médio Completo,Fischer,1,CRAS Prata,CRAS Prata,Público Geral,Cadastro Ùnico
Feminino,21,Médio Completo,Quinta Lebrão,1,CRAS Prata,CRAS Prata,Público Geral,Cadastro Ùnico
Feminino,61,Médio Completo,Prata,2,CRAS Prata,CRAS Prata,Público Geral,Cadastro Ùnico
Feminino,48,Fundamental Incompleto,Fazenda Ermitage,1,CRAS Prata,CRAS Prata,Público Geral,Cadastro Ùnico
Masculino,80,Não Escolarizado,Fischer,1,CRAS Prata,CRAS Prata,Público Geral,Cadastro Ùnico
Feminino,42,Médio Completo,Parque Boa União ,2,CRAS Prata,CRAS Prata,Público Geral,Cadastro Ùnico
Feminino,56,Médio Completo,Fonte Santa ,1,CRAS Prata,CRAS Prata,Público Geral,Cadastro Ùnico
Feminino,36,Médio Completo,Fonte Santa ,1,CRAS Prata,CRAS Prata,Público Geral,Cadastro Ùnico
Feminino,30,Médio Completo,Fonte Santa ,1,CRAS Prata,CRAS Prata,Público Geral,Cadastro Ùnico
Feminino,30,Médio Completo,Fischer,1,CRAS Prata,CRAS Prata,Público Geral,Cadastro Ùnico
Feminino,73,Fundamental Incompleto,Fonte Santa ,1,CRAS Prata,CRAS Prata,Público Geral,Cadastro Ùnico
Feminino,65,Fundamental Incompleto,Pessegueiros ,2,CRAS Prata,CRAS Prata,Público Geral,Cadastro Ùnico
Feminino,55,Fundamental Incompleto,Fazenda Ermitage,1,CRAS Prata,CRAS Prata,Público Geral,Cadastro Ùnico
Feminino,23,Médio Completo,Quinta Lebrão,1,CRAS Prata,CRAS Prata,Público Geral,Cadastro Ùnico
Feminino,23,Médio Completo,Quinta Lebrão,1,CRAS Prata,CRAS Prata,Público Geral,Cadastro Ùnico
Feminino,64,Não Escolarizado,Fazenda Ermitage,1,CRAS Prata,CRAS Prata,Público Geral,Cadastro Ùnico
Feminino,22,Médio Completo,Fonte Santa ,1,CRAS Prata,CRAS Prata,Público Geral,Cadastro Ùnico
Feminino,40,Médio Completo,Fonte Santa ,1,CRAS Prata,CRAS Prata,Público Geral,Cadastro Ùnico
Masculino,42,Fundamental Incompleto,Água Quente ,2,CRAS Prata,CRAS Prata,Público Geral,Cadastro Ùnico
Feminino,24,Médio Completo,Fonte Santa ,1,CRAS Prata,CRAS Prata,Público Geral,Cadastro Ùnico
Feminino,50,Fundamental Incompleto,Fonte Santa ,1,CRAS Prata,CRAS Prata,Público Geral,Cadastro Ùnico
Feminino,50,Fundamental Incompleto,Fonte Santa ,1,CRAS Prata,CRAS Prata,Público Geral,Cadastro Ùnico
Masculino,25,Médio Incompleto,Quinta Lebrão,1,CRAS Prata,CRAS Prata,Público Geral,Cadastro Ùnico
Feminino,58,Fundamental Incompleto,Quinta Lebrão,1,CRAS Prata,CRAS Prata,Público Geral,Cadastro Ùnico
Feminino,26,Fundamental Incompleto,Fonte Santa ,1,CRAS Prata,CRAS Prata,Público Geral,Cadastro Ùnico
Masculino,61,Fundamental Incompleto,Quinta Lebrão,,CRAS Prata,CRAS Prata,PAIF,Cadastro Ùnico
Feminino,50,Fundamental Incompleto,Quinta Lebrão,1,CRAS Prata,CRAS Prata,Público Geral,Cadastro Ùnico
Feminino,20,Fundamental Completo,Fonte Santa ,1,CRAS Prata,CRAS Prata,Público Geral,Cadastro Ùnico
Feminino,61,Fundamental Incompleto,Três Córregos ,2,CRAS Prata,CRAS Prata,Público Geral,Cadastro Ùnico
Masculino,80,Não Escolarizado,Fazenda Ermitage,1,CRAS Prata,CRAS Prata,Público Geral,Cadastro Ùnico
Feminino,57,Fundamental Incompleto,Fazenda Alpina ,2,CRAS Prata,CRAS Prata,Público Geral,Cadastro Ùnico
Feminino,30,Médio Completo,Fonte Santa ,1,CRAS Prata,CRAS Prata,Público Geral,Cadastro Ùnico
Feminino,44,Fundamental Incompleto,Andradas,2,CRAS Prata,CRAS Prata,Público Geral,Cadastro Ùnico
Feminino,37,Médio Incompleto,Fonte Santa ,1,CRAS Prata,CRAS Prata,Público Geral,Cadastro Ùnico
Feminino,35,Médio Incompleto,Fonte Santa ,1,CRAS Prata,CRAS Prata,Público Geral,Cadastro Ùnico
Masculino,76,Fundamental Incompleto,Fazenda Ermitage,1,CRAS Prata,CRAS Prata,Público Geral,Cadastro Ùnico
Masculino,33,Fundamental Incompleto,Fonte Santa ,1,CRAS Prata,CRAS Prata,Público Geral,Cadastro Ùnico
Feminino,62,Fundamental Incompleto,Brejal,2,CRAS Prata,CRAS Prata,Público Geral,Cadastro Ùnico
Feminino,67,Fundamental Incompleto,Quinta Lebrão,1,CRAS Prata,CRAS Prata,Público Geral,Cadastro Ùnico
Feminino,46,Fundamental Incompleto,Fonte Santa ,1,CRAS Prata,CRAS Prata,Público Geral,Cadastro Ùnico
Feminino,34,Não Informado,Não Informado,Não Informado,CRAS Prata,CRAS Prata,Público Geral,Cadastro Ùnico
Feminino,51,Fundamental Incompleto,Pessegueiros ,2,CRAS Prata,CRAS Prata,Público Geral,Cadastro Ùnico
Feminino,36,Médio Completo,Fonte Santa ,1,CRAS Prata,CRAS Prata,Público Geral,Cadastro Ùnico
Feminino,48,Fundamental Incompleto,Fonte Santa ,1,CRAS Prata,CRAS Prata,Público Geral,Cadastro Ùnico
Feminino,60,Fundamental Incompleto,Fazenda Ermitage,1,CRAS Prata,CRAS Prata,Público Geral,Cadastro Ùnico
Feminino,42,Médio Completo,Poço dos Peixes ,2,CRAS Prata,CRAS Prata,Público Geral,Cadastro Ùnico
Feminino,56,Fundamental Incompleto,Fazenda Ermitage,1,CRAS Prata,CRAS Prata,Público Geral,Cadastro Ùnico
Feminino,70,Fundamental Incompleto,Fonte Santa ,1,CRAS Prata,CRAS Prata,Público Geral,Cadastro Ùnico
Feminino,46,Médio Completo,Providência ,2,CRAS Prata,CRAS Prata,Público Geral,Cadastro Ùnico
Masculino,68,Fundamental Incompleto,Três Córregos ,2,CRAS Prata,CRAS Prata,Público Geral,Cadastro Ùnico
Feminino,62,Fundamental Incompleto,Fonte Santa ,1,CRAS Prata,CRAS Prata,Público Geral,Cadastro Ùnico
Feminino,43,Fundamental Incompleto,Pessegueiros ,2,CRAS Prata,CRAS Prata,Público Geral,Cadastro Ùnico
Feminino,43,Fundamental Incompleto,Quinta Lebrão,1,CRAS Prata,CRAS Prata,Público Geral,Cadastro Ùnico
Feminino,28,Médio Incompleto,Andradas ,2,CRAS Prata,CRAS Prata,Público Geral,Cadastro Ùnico
Feminino,26,Fundamental Completo,Água Quente ,2,CRAS Prata,CRAS Prata,Público Geral,Cadastro Ùnico
Feminino,79,Fundamental Incompleto,Fonte Santa ,1,CRAS Prata,CRAS Prata,Público Geral,Cadastro Ùnico
Feminino,53,Não Escolarizado,Cruzeiro ,2,CRAS Prata,CRAS Prata,Público Geral,Cadastro Ùnico
Masculino,53,Não Escolarizado,Santa Rita,2,CRAS Prata,CRAS Prata,Público Geral,Cadastro Ùnico
Feminino,18,Médio Completo,Andradas ,2,CRAS Prata,CRAS Prata,Público Geral,Cadastro Ùnico
Feminino,32,Médio Completo,Quinta Lebrão,1,CRAS Prata,CRAS Prata,Público Geral,Cadastro Ùnico
Feminino,73,Fundamental Incompleto,Fazenda Ermitage,1,CRAS Prata,CRAS Prata,Público Geral,Cadastro Ùnico
Feminino,56,Fundamental Incompleto,Pessegueiros ,2,CRAS Prata,CRAS Prata,Público Geral,Cadastro Ùnico
Feminino,28,Fundamental Incompleto,Providência ,2,CRAS Prata,CRAS Prata,Público Geral,Cadastro Ùnico
Feminino,53,Médio Incompleto,Fonte Santa ,1,CRAS Prata,CRAS Prata,Público Geral,Cadastro Ùnico
Feminino,65,Médio Completo,Fazenda Ermitage,1,CRAS Prata,CRAS Prata,Público Geral,Cadastro Ùnico
Feminino,26,Médio Completo,Quinta Lebrão,1,CRAS Prata,CRAS Prata,Público Geral,Cadastro Ùnico
Masculino,26,Médio Incompleto,Quinta Lebrão,1,CRAS Prata,CRAS Prata,Público Geral,Cadastro Ùnico
Feminino,39,Fundamental Incompleto,Quinta Lebrão,1,CRAS Prata,CRAS Prata,Público Geral,Cadastro Ùnico
Feminino,27,Fundamental Incompleto,Fischer,1,CRAS Prata,CRAS Prata,Público Geral,Cadastro Ùnico
Masculino,37,Fundamental Incompleto,Fischer,1,CRAS Prata,CRAS Prata,Público Geral,Cadastro Ùnico
Feminino,33,Fundamental Incompleto,Quinta Lebrão,1,CRAS Prata,CRAS Prata,Público Geral,Cadastro Ùnico
Feminino,33,Fundamental Incompleto,Fischer,1,CRAS Prata,CRAS Prata,Público Geral,Cadastro Ùnico
Feminino,42,Médio Completo,Quinta Lebrão,1,CRAS Prata,CRAS Prata,Público Geral,Cadastro Ùnico
Masculino,33,Fundamental Incompleto,Fazenda Ermitage,1,CRAS Prata,CRAS Prata,Público Geral,Cadastro Ùnico
Feminino,38,Médio Completo,Fazenda Ermitage,1,CRAS Prata,CRAS Prata,Público Geral,Cadastro Ùnico
Feminino,51,Médio Completo,Fazenda Ermitage,1,CRAS Prata,CRAS Prata,Público Geral,Cadastro Ùnico
Feminino,31,Fundamental Incompleto,Fonte Santa ,1,CRAS Prata,CRAS Prata,Público Geral,Cadastro Ùnico
Feminino,39,Médio Completo,Fischer,1,CRAS Prata,CRAS Prata,Público Geral,Cadastro Ùnico
Feminino,28,Médio Incompleto,Fonte Santa ,1,CRAS Prata,CRAS Prata,Público Geral,Cadastro Ùnico
Feminino,54,Não Informado,Não Informado,Não Informado,CRAS Prata,CRAS Prata,Público Geral,Cadastro Ùnico
Masculino,57,Fundamental Incompleto,Fazenda Ermitage,1,CRAS Prata,CRAS Prata,Público Geral,Cadastro Ùnico
Feminino,28,Fundamental Incompleto,Fonte Santa ,1,CRAS Prata,CRAS Prata,Público Geral,Cadastro Ùnico
Feminino,38,Médio Incompleto,Fonte Santa ,1,CRAS Prata,CRAS Prata,Público Geral,Cadastro Ùnico
Masculino,53,Não Informado,Não Informado,Não Informado,CRAS Prata,CRAS Prata,Público Geral,Cadastro Ùnico
Masculino,43,Não Informado,Não Informado,Não Informado,CRAS Prata,CRAS Prata,Público Geral,Cadastro Ùnico
Masculino,26,Não Informado,Não Informado,Não Informado,CRAS Prata,CRAS Prata,Público Geral,Cadastro Ùnico
Masculino,58,Não Informado,Não Informado,Não Informado,CRAS Prata,CRAS Prata,Público Geral,Cadastro Ùnico
Feminino,79,Não Informado,Não Informado,Não Informado,CRAS Prata,CRAS Prata,Público Geral,Cadastro Ùnico
Feminino,56,Não Informado,Não Informado,Não Informado,CRAS Prata,CRAS Prata,Público Geral,Cadastro Ùnico
Feminino,68,Não Informado,Não Informado,Não Informado,CRAS Prata,CRAS Prata,Público Geral,Cadastro Ùnico
Feminino,64,Não Informado,Não Informado,Não Informado,CRAS Prata,CRAS Prata,Público Geral,Cadastro Ùnico
Feminino,58,Não Informado,Não Informado,Não Informado,CRAS Prata,CRAS Prata,Público Geral,Cadastro Ùnico
Feminino,58,Não Informado,Não Informado,Não Informado,CRAS Prata,CRAS Prata,Público Geral,Cadastro Ùnico
Feminino,61,Não Informado,Não Informado,Não Informado,CRAS Prata,CRAS Prata,Público Geral,Cadastro Ùnico
Feminino,59,Não Informado,Não Informado,Não Informado,CRAS Prata,CRAS Prata,Público Geral,Cadastro Ùnico
Feminino,65,Não Informado,Não Informado,Não Informado,CRAS Prata,CRAS Prata,Público Geral,Cadastro Ùnico
Feminino,34,Não Informado,Não Informado,Não Informado,CRAS Prata,CRAS Prata,Público Geral,Cadastro Ùnico
Feminino,31,Não Informado,Não Informado,Não Informado,CRAS Prata,CRAS Prata,Público Geral,Cadastro Ùnico
Feminino,69,Não Informado,Não Informado,Não Informado,CRAS Prata,CRAS Prata,Público Geral,Cadastro Ùnico
Feminino,37,Não Informado,Cruzeiro ,,CRAS Prata,CRAS Prata,PAIF,Cadastro Ùnico
Feminino,81,Não Informado,Não Informado,Não Informado,CRAS Prata,CRAS Prata,Público Geral,Cadastro Ùnico
Masculino,49,Não Informado,Não Informado,Não Informado,CRAS Prata,CRAS Prata,Público Geral,Cadastro Ùnico
Feminino,63,Não Informado,Não Informado,Não Informado,CRAS Prata,CRAS Prata,Público Geral,Cadastro Ùnico
Feminino,74,Não Informado,Fazenda Ermitage,,CRAS Prata,CRAS Prata,PAIF,Cadastro Ùnico
Masculino,45,Não Informado,Não Informado,Não Informado,CRAS Prata,CRAS Prata,Público Geral,Cadastro Ùnico
Masculino,56,Não Informado,Não Informado,Não Informado,CRAS Prata,CRAS Prata,Público Geral,Cadastro Ùnico
Feminino,21,Não Informado,Não Informado,Não Informado,CRAS Prata,CRAS Prata,Público Geral,Cadastro Ùnico
Feminino,48,Não Informado,Não Informado,Não Informado,CRAS Prata,CRAS Prata,Público Geral,Cadastro Ùnico
Feminino,29,Não Informado,Não Informado,Não Informado,CRAS Prata,CRAS Prata,Público Geral,Cadastro Ùnico
Feminino,43,Não Informado,Não Informado,Não Informado,CRAS Prata,CRAS Prata,Público Geral,Cadastro Ùnico
Feminino,40,Não Informado,Fonte Santa ,1,CRAS Prata,PAIF,Público Geral,Cadastro Ùnico
Feminino,66,Não Informado,Fonte Santa ,1,CRAS Prata,PAIF,Público Geral,Cadastro Ùnico
Feminino,40,Não Informado,Não Informado,Não Informado,CRAS Prata,CRAS Prata,Público Geral,Cadastro Ùnico
Masculino,37,Não Informado,Fischer,1,CRAS Prata,PAIF,Público Geral,Cadastro Ùnico
Masculino,37,Não Informado,Fischer,1,CRAS Prata,PAIF,Público Geral,Cadastro Ùnico
Feminino,46,Não Informado,Não Informado,Não Informado,CRAS Prata,CRAS Prata,Público Geral,Cadastro Ùnico
Masculino,46,Não Informado,Não Informado,Não Informado,CRAS Prata,CRAS Prata,Público Geral,Cadastro Ùnico
Feminino,61,Não Informado,Não Informado,Não Informado,CRAS Prata,CRAS Prata,Público Geral,Cadastro Ùnico
Feminino,55,Não Informado,Não Informado,Não Informado,CRAS Prata,CRAS Prata,Público Geral,Cadastro Ùnico
Feminino,84,Não Informado,Não Informado,Não Informado,CRAS Prata,CRAS Prata,Público Geral,Cadastro Ùnico
Feminino,27,Não Informado,Não Informado,Não Informado,CRAS Prata,CRAS Prata,Público Geral,Cadastro Ùnico
Feminino,61,Não Informado,Não Informado,Não Informado,CRAS Prata,CRAS Prata,Público Geral,Cadastro Ùnico
Feminino,26,Não Informado,Fonte Santa ,1,CRAS Prata,CRAS Prata,Público Geral,Cadastro Ùnico
Feminino,40,Não Informado,Não Informado,Não Informado,CRAS Prata,CRAS Prata,Público Geral,Cadastro Ùnico
Feminino,62,Não Informado,Não Informado,Não Informado,CRAS Prata,CRAS Prata,Público Geral,Cadastro Ùnico
Feminino,64,Não Informado,Prata,2,CRAS Prata,CRAS Prata,Público Geral,Cadastro Ùnico
Feminino,53,Não Informado,Não Informado,Não Informado,CRAS Prata,CRAS Prata,Público Geral,Cadastro Ùnico
Feminino,56,Não Informado,Não Informado,Não Informado,CRAS Prata,CRAS Prata,Público Geral,Cadastro Ùnico
Masculino,56,Não Informado,Não Informado,Não Informado,CRAS Prata,CRAS Prata,Público Geral,Cadastro Ùnico
Feminino,56,Não Informado,Não Informado,Não Informado,CRAS Prata,CRAS Prata,Público Geral,Cadastro Ùnico
Masculino,19,Não Informado,Não Informado,Não Informado,CRAS Prata,CRAS Prata,Público Geral,Cadastro Ùnico
Feminino,22,Não Informado,Santa Rita,2,CRAS Prata,CRAS Prata,Público Geral,Cadastro Ùnico
Feminino,26,Não Informado,Fonte Santa ,1,CRAS Prata,CRAS Prata,Público Geral,Cadastro Ùnico
Feminino,63,Não Informado,Fonte Santa ,1,CRAS Prata,CRAS Prata,Público Geral,Cadastro Ùnico
Feminino,56,Não Informado,Não Informado,Não Informado,CRAS Prata,CRAS Prata,Público Geral,Cadastro Ùnico
Feminino,40,Não Informado,Não Informado,Não Informado,CRAS Prata,CRAS Prata,Público Geral,Cadastro Ùnico
Feminino,62,Não Informado,Não Informado,Não Informado,CRAS Prata,CRAS Prata,Público Geral,Cadastro Ùnico
Feminino,31,Não Informado,Não Informado,Não Informado,CRAS Prata,CRAS Prata,Público Geral,Cadastro Ùnico
Feminino,34,Não Informado,Não Informado,Não Informado,CRAS Prata,CRAS Prata,Público Geral,Cadastro Ùnico
Feminino,34,Não Informado,Não Informado,Não Informado,CRAS Prata,CRAS Prata,Público Geral,Cadastro Ùnico
Feminino,31,Não Informado,Não Informado,Não Informado,CRAS Prata,CRAS Prata,Público Geral,Cadastro Ùnico
Feminino,38,Não Informado,Não Informado,Não Informado,CRAS Prata,CRAS Prata,Público Geral,Cadastro Ùnico
Feminino,79,Não Informado,Não Informado,Não Informado,CRAS Prata,CRAS Prata,Público Geral,Cadastro Ùnico
Feminino,45,Não Informado,Não Informado,Não Informado,CRAS Prata,CRAS Prata,Público Geral,Cadastro Ùnico
Feminino,64,Não Informado,Não Informado,Não Informado,CRAS Prata,CRAS Prata,Público Geral,Cadastro Ùnico
Feminino,64,Não Informado,Não Informado,Não Informado,CRAS Prata,CRAS Prata,Público Geral,Cadastro Ùnico
Feminino,60,Não Informado,Fazenda Ermitage,1,CRAS Prata,CRAS Prata,Público Geral,Cadastro Ùnico
Masculino,56,Não Informado,Não Informado,Não Informado,CRAS Prata,CRAS Prata,Público Geral,Cadastro Ùnico
Feminino,41,Não Informado,Não Informado,Não Informado,CRAS Prata,CRAS Prata,Público Geral,Cadastro Ùnico
Feminino,56,Não Informado,Não Informado,Não Informado,CRAS Prata,CRAS Prata,Público Geral,Cadastro Ùnico
Feminino,63,Não Informado,Não Informado,Não Informado,CRAS Prata,CRAS Prata,Público Geral,Cadastro Ùnico
Feminino,60,Não Informado,Não Informado,Não Informado,CRAS Prata,CRAS Prata,Público Geral,Cadastro Ùnico
Feminino,63,Não Informado,Não Informado,Não Informado,CRAS Prata,CRAS Prata,Público Geral,Cadastro Ùnico
Feminino,43,Não Informado,Não Informado,Não Informado,CRAS Prata,CRAS Prata,Público Geral,Cadastro Ùnico
Masculino,24,Não Informado,Fonte Santa ,,CRAS Prata,CRAS Prata,PAIF,Cadastro Ùnico
Feminino,41,Não Informado,Não Informado,Não Informado,CRAS Prata,CRAS Prata,Público Geral,Cadastro Ùnico
Feminino,34,Não Informado,Não Informado,Não Informado,CRAS Prata,CRAS Prata,Público Geral,Cadastro Ùnico
Masculino,66,Não Informado,Pessegueiros ,2,CRAS Prata,CRAS Prata,Público Geral,Cadastro Ùnico
Masculino,41,Não Informado,Não Informado,Não Informado,CRAS Prata,CRAS Prata,Público Geral,Cadastro Ùnico
Feminino,29,Não Informado,Quinta Lebrão,1,CRAS Prata,CRAS Prata,Público Geral,Cadastro Ùnico
Feminino,40,Não Informado,Não Informado,Não Informado,CRAS Prata,CRAS Prata,Público Geral,Cadastro Ùnico
Feminino,30,Não Informado,Não Informado,Não Informado,CRAS Prata,CRAS Prata,Público Geral,Cadastro Ùnico
Feminino,75,Não Informado,Não Informado,Não Informado,CRAS Prata,CRAS Prata,Público Geral,Cadastro Ùnico
Feminino,38,Não Informado,Não Informado,Não Informado,CRAS Prata,CRAS Prata,Público Geral,Cadastro Ùnico
Masculino,56,Não Informado,Não Informado,Não Informado,CRAS Prata,CRAS Prata,Público Geral,Cadastro Ùnico
Feminino,67,Não Informado,Fonte Santa ,,CRAS Prata,CRAS Prata,PAIF,Cadastro Ùnico
Feminino,63,Não Informado,Não Informado,Não Informado,CRAS Prata,CRAS Prata,Público Geral,Cadastro Ùnico
Feminino,40,Não Informado,Não Informado,Não Informado,CRAS Prata,CRAS Prata,Público Geral,Cadastro Ùnico
Masculino,37,Não Informado,Não Informado,Não Informado,CRAS Prata,CRAS Prata,Público Geral,Cadastro Ùnico
Masculino,25,Não Informado,Quinta Lebrão,1,CRAS Prata,CRAS Prata,Público Geral,Cadastro Ùnico
Feminino,58,Não Informado,Não Informado,Não Informado,CRAS Prata,CRAS Prata,Público Geral,Cadastro Ùnico
Feminino,29,Não Informado,Não Informado,Não Informado,CRAS Prata,CRAS Prata,Público Geral,Cadastro Ùnico
Masculino,36,Não Informado,Não Informado,Não Informado,CRAS Prata,CRAS Prata,Público Geral,Cadastro Ùnico
Feminino,57,Não Informado,Quinta Lebrão,1,CRAS Prata,CRAS Prata,Público Geral,Cadastro Ùnico
Masculino,35,Não Informado,Não Informado,Não Informado,CRAS Prata,CRAS Prata,Público Geral,Cadastro Ùnico
Masculino,46,Não Informado,Não Informado,Não Informado,CRAS Prata,CRAS Prata,Público Geral,Cadastro Ùnico
Feminino,35,Não Informado,Não Informado,Não Informado,CRAS Prata,CRAS Prata,Público Geral,Cadastro Ùnico
Masculino,45,Não Informado,Vale Paraíso,1,CRAS Prata,CRAS Prata,Público Geral,Cadastro Ùnico
Feminino,57,Não Informado,Não Informado,Não Informado,CRAS Prata,CRAS Prata,Público Geral,Cadastro Ùnico
Masculino,43,Não Informado,Não Informado,Não Informado,CRAS Prata,CRAS Prata,Público Geral,Cadastro Ùnico
Feminino,46,Não Informado,Quinta Lebrão,1,CRAS Prata,CRAS Prata,Público Geral,Cadastro Ùnico
Masculino,34,Não Informado,Não Informado,Não Informado,CRAS Prata,CRAS Prata,Público Geral,Cadastro Ùnico
Feminino,44,Não Informado,Não Informado,Não Informado,CRAS Prata,CRAS Prata,Público Geral,Cadastro Ùnico
Masculino,76,Não Informado,Não Informado,Não Informado,CRAS Prata,CRAS Prata,Público Geral,Cadastro Ùnico
Feminino,30,Não Informado,Fischer,,CRAS Prata,CRAS Prata,PAIF,Cadastro Ùnico
Masculino,43,Não Informado,Não Informado,Não Informado,CRAS Prata,CRAS Prata,Público Geral,Cadastro Ùnico
Feminino,46,Não Informado,Não Informado,Não Informado,CRAS Prata,CRAS Prata,Público Geral,Cadastro Ùnico
Feminino,30,Não Informado,Não Informado,Não Informado,CRAS Prata,CRAS Prata,Público Geral,Cadastro Ùnico
Masculino,43,Não Informado,Fazenda Ermitage,1,CRAS Prata,CRAS Prata,Público Geral,Cadastro Ùnico
Feminino,75,Não Informado,Não Informado,Não Informado,CRAS Prata,CRAS Prata,Público Geral,Cadastro Ùnico
Feminino,44,Não Informado,Fazenda Ermitage,1,CRAS Prata,CRAS Prata,Público Geral,Cadastro Ùnico
Feminino,52,Não Informado,Não Informado,Não Informado,CRAS Prata,CRAS Prata,Público Geral,Cadastro Ùnico
Masculino,47,Não Informado,Fonte Santa ,1,CRAS Prata,CRAS Prata,Público Geral,Cadastro Ùnico
Feminino,46,Não Informado,Arrieiro,,CRAS Prata,CRAS Prata,PAIF,Cadastro Ùnico
Feminino,43,Não Informado,Fonte Santa ,1,CRAS Prata,CRAS Prata,Público Geral,Cadastro Ùnico
Feminino,60,Não Informado,Fazenda Ermitage,1,CRAS Prata,CRAS Prata,Público Geral,Cadastro Ùnico
Masculino,63,Não Informado,Não Informado,Não Informado,CRAS Prata,CRAS Prata,Público Geral,Cadastro Ùnico
Feminino,30,Não Informado,Fonte Santa ,1,CRAS Prata,CRAS Prata,Público Geral,Cadastro Ùnico
Feminino,75,Não Informado,Providência ,2,CRAS Prata,CRAS Prata,Público Geral,Cadastro Ùnico
Feminino,23,Não Informado,Prata,2,CRAS Prata,CRAS Prata,Público Geral,Cadastro Ùnico
Feminino,58,Não Informado,Não Informado,Não Informado,CRAS Prata,CRAS Prata,Público Geral,Cadastro Ùnico
Feminino,52,Não Informado,Fonte Santa ,1,CRAS Prata,CRAS Prata,Público Geral,Cadastro Ùnico
Feminino,43,Não Informado,Não Informado,Não Informado,CRAS Prata,CRAS Prata,Público Geral,Cadastro Ùnico
Masculino,36,Não Informado,Não Informado,Não Informado,CRAS Prata,CRAS Prata,Público Geral,Cadastro Ùnico
Feminino,43,Não Informado,Brejal,2,CRAS Prata,CRAS Prata,Público Geral,Cadastro Ùnico
Feminino,30,Não Informado,Não Informado,Não Informado,CRAS Prata,CRAS Prata,Público Geral,Cadastro Ùnico
Feminino,41,Não Informado,Não Informado,Não Informado,CRAS Prata,CRAS Prata,Público Geral,Cadastro Ùnico
Feminino,43,Não Informado,Não Informado,Não Informado,CRAS Prata,CRAS Prata,Público Geral,Cadastro Ùnico
Feminino,23,Não Informado,Quinta Lebrão,1,CRAS Prata,CRAS Prata,Público Geral,Cadastro Ùnico
Feminino,38,Não Informado,Vargem Grande ,3,CRAS Bonsucesso,CRAS Prata,Público Geral,Cadastro Ùnico
Feminino,48,Não Informado,Não Informado,Não Informado,CRAS Prata,CRAS Prata,Público Geral,Cadastro Ùnico
Masculino,41,Não Informado,Serra do Capim,2,CRAS Prata,CRAS Prata,Público Geral,Cadastro Ùnico
Masculino,58,Não Informado,Não Informado,Não Informado,CRAS Prata,CRAS Prata,Público Geral,Cadastro Ùnico
Feminino,52,Não Informado,Não Informado,Não Informado,CRAS Prata,CRAS Prata,Público Geral,Cadastro Ùnico
Feminino,52,Não Informado,Não Informado,Não Informado,CRAS Prata,CRAS Prata,Público Geral,Cadastro Ùnico
Feminino,64,Não Informado,Não Informado,Não Informado,CRAS Prata,CRAS Prata,Público Geral,Cadastro Ùnico
Feminino,30,Não Informado,Não Informado,Não Informado,CRAS Prata,CRAS Prata,Público Geral,Cadastro Ùnico
Feminino,41,Não Informado,Não Informado,Não Informado,CRAS Prata,CRAS Prata,Público Geral,Cadastro Ùnico
Feminino,36,Não Informado,Fischer,,CRAS Prata,CRAS Prata,PAIF,Cadastro Ùnico
Feminino,60,Não Informado,Não Informado,Não Informado,CRAS Prata,CRAS Prata,Público Geral,Cadastro Ùnico
Feminino,44,Não Informado,Não Informado,Não Informado,CRAS Prata,CRAS Prata,Público Geral,Cadastro Ùnico
Feminino,32,Não Informado,Não Informado,Não Informado,CRAS Prata,CRAS Prata,Público Geral,Cadastro Ùnico
Masculino,21,Não Informado,Não Informado,Não Informado,CRAS Prata,CRAS Prata,Público Geral,Cadastro Ùnico
Feminino,31,Não Informado,Não Informado,Não Informado,CRAS Prata,CRAS Prata,Público Geral,Cadastro Ùnico
Masculino,59,Não Informado,Não Informado,Não Informado,CRAS Prata,CRAS Prata,Público Geral,Cadastro Ùnico
Feminino,33,Não Informado,Gamboa,2,CRAS Prata,CRAS Prata,Público Geral,Cadastro Ùnico
Feminino,25,Não Informado,Não Informado,Não Informado,CRAS Prata,CRAS Prata,Público Geral,Cadastro Ùnico
Feminino,56,Não Informado,Não Informado,Não Informado,CRAS Prata,CRAS Prata,Público Geral,Cadastro Ùnico
Feminino,37,Não Informado,Não Informado,Não Informado,CRAS Prata,CRAS Prata,Público Geral,Cadastro Ùnico
Feminino,56,Não Informado,Não Informado,Não Informado,CRAS Prata,CRAS Prata,Público Geral,Cadastro Ùnico
Feminino,26,Não Informado,Não Informado,Não Informado,CRAS Prata,CRAS Prata,Público Geral,Cadastro Ùnico
Feminino,59,Não Informado,Não Informado,Não Informado,CRAS Prata,CRAS Prata,Público Geral,Cadastro Ùnico
Feminino,43,Não Informado,Não Informado,Não Informado,CRAS Prata,CRAS Prata,Público Geral,Cadastro Ùnico
Feminino,36,Não Informado,Não Informado,Não Informado,CRAS Prata,CRAS Prata,Público Geral,Cadastro Ùnico
Feminino,47,Não Informado,Não Informado,Não Informado,CRAS Prata,CRAS Prata,Público Geral,Cadastro Ùnico
Feminino,33,Não Informado,Não Informado,Não Informado,CRAS Prata,CRAS Prata,Público Geral,Cadastro Ùnico
Feminino,46,Não Informado,Não Informado,Não Informado,CRAS Prata,CRAS Prata,Público Geral,Cadastro Ùnico
Feminino,56,Não Informado,Não Informado,Não Informado,CRAS Prata,CRAS Prata,Público Geral,Cadastro Ùnico
Feminino,39,Não Informado,Brejal,2,CRAS Prata,CRAS Prata,Público Geral,Cadastro Ùnico
Feminino,71,Não Informado,Não Informado,Não Informado,CRAS Prata,CRAS Prata,Público Geral,Cadastro Ùnico
Masculino,24,Não Informado,Não Informado,Não Informado,CRAS Prata,CRAS Prata,Público Geral,Cadastro Ùnico
Masculino,53,Não Informado,Não Informado,Não Informado,CRAS Prata,CRAS Prata,Público Geral,Cadastro Ùnico
Masculino,64,Não Informado,Não Informado,Não Informado,CRAS Prata,CRAS Prata,Público Geral,Cadastro Ùnico
Masculino,58,Não Informado,Não Informado,Não Informado,CRAS Prata,CRAS Prata,Público Geral,Cadastro Ùnico
Feminino,60,Não Informado,Não Informado,Não Informado,CRAS Prata,CRAS Prata,Público Geral,Cadastro Ùnico
Feminino,40,Não Informado,Não Informado,Não Informado,CRAS Prata,CRAS Prata,Público Geral,Cadastro Ùnico
Feminino,51,Não Informado,Não Informado,Não Informado,CRAS Prata,CRAS Prata,Público Geral,Cadastro Ùnico
Feminino,60,Não Informado,Não Informado,Não Informado,CRAS Prata,CRAS Prata,Público Geral,Cadastro Ùnico
Masculino,68,Não Informado,Não Informado,Não Informado,CRAS Prata,CRAS Prata,Público Geral,Cadastro Ùnico
Feminino,44,Não Informado,Andradas ,2,CRAS Prata,CRAS Prata,Público Geral,Cadastro Ùnico
Feminino,55,Não Informado,Não Informado,Não Informado,CRAS Prata,CRAS Prata,Público Geral,Cadastro Ùnico
Masculino,56,Não Informado,Não Informado,Não Informado,CRAS Prata,CRAS Prata,Público Geral,Cadastro Ùnico
Feminino,73,Não Informado,Não Informado,Não Informado,CRAS Prata,CRAS Prata,Público Geral,Cadastro Ùnico
Feminino,43,Não Informado,Não Informado,Não Informado,CRAS Barra,CRAS Prata,Público Geral,Cadastro Ùnico
Feminino,40,Não Informado,Não Informado,Não Informado,CRAS Prata,CRAS Prata,Público Geral,Cadastro Ùnico
Feminino,41,Não Informado,Não Informado,Não Informado,CRAS Prata,CRAS Prata,Público Geral,Cadastro Ùnico
Feminino,31,Não Informado,Não Informado,Não Informado,CRAS Prata,CRAS Prata,Público Geral,Cadastro Ùnico
Masculino,21,Não Informado,Não Informado,Não Informado,CRAS Prata,CRAS Prata,Público Geral,Cadastro Ùnico
Masculino,56,Não Informado,Não Informado,Não Informado,CRAS Prata,CRAS Prata,Público Geral,Cadastro Ùnico
Feminino,66,Não Informado,Não Informado,Não Informado,CRAS Prata,CRAS Prata,Público Geral,Cadastro Ùnico
Feminino,40,Não Informado,Não Informado,Não Informado,CRAS Prata,CRAS Prata,Público Geral,Cadastro Ùnico
Feminino,51,Não Informado,Não Informado,Não Informado,CRAS Prata,CRAS Prata,Público Geral,Cadastro Ùnico
Feminino,20,Não Informado,Fonte Santa ,1,CRAS Prata,CRAS Prata,Público Geral,Cadastro Ùnico
Feminino,30,Não Informado,Fonte Santa ,1,CRAS Prata,CRAS Prata,Público Geral,Cadastro Ùnico
Feminino,47,Não Informado,Cruzeiro,2,CRAS Prata,CRAS Prata,Público Geral,Cadastro Ùnico
Feminino,66,Não Informado,Não Informado,Não Informado,CRAS Prata,CRAS Prata,Público Geral,Cadastro Ùnico
Feminino,30,Não Informado,Não Informado,Não Informado,CRAS Prata,CRAS Prata,Público Geral,Cadastro Ùnico
Masculino,24,Não Informado,Fonte Santa ,,CRAS Prata,CRAS Prata,PAIF,Cadastro Ùnico
Masculino,24,Não Informado,Fonte Santa ,,CRAS Prata,CRAS Prata,PAIF,Cadastro Ùnico
Masculino,50,Não Informado,Não Informado,Não Informado,CRAS Prata,CRAS Prata,Público Geral,Cadastro Ùnico
Feminino,49,Não Informado,Não Informado,Não Informado,CRAS Prata,CRAS Prata,Público Geral,Cadastro Ùnico
Feminino,53,Não Informado,Não Informado,Não Informado,CRAS Prata,CRAS Prata,Público Geral,Cadastro Ùnico
Feminino,53,Médio Completo,Quinta Lebrão,1,CRAS Prata,CRAS Prata,Público Geral,Cadastro Ùnico
Feminino,60,Não Informado,Não Informado,Não Informado,CRAS Prata,CRAS Prata,Público Geral,Cadastro Ùnico
Feminino,41,Não Informado,Não Informado,Não Informado,CRAS Prata,CRAS Prata,Público Geral,Cadastro Ùnico
Feminino,56,Não Informado,Não Informado,Não Informado,CRAS Prata,CRAS Prata,Público Geral,Cadastro Ùnico
Feminino,36,Não Informado,Não Informado,Não Informado,CRAS Prata,CRAS Prata,Público Geral,Cadastro Ùnico
Feminino,45,Não Informado,Não Informado,Não Informado,CRAS Prata,CRAS Prata,Público Geral,Cadastro Ùnico
Masculino,60,Não Informado,Não Informado,Não Informado,CRAS Prata,CRAS Prata,Público Geral,Cadastro Ùnico
Feminino,50,Não Informado,Não Informado,Não Informado,CRAS Prata,CRAS Prata,Público Geral,Cadastro Ùnico
Feminino,88,Não Informado,Não Informado,Não Informado,CRAS Prata,CRAS Prata,Público Geral,Cadastro Ùnico
Masculino,56,Não Informado,Não Informado,Não Informado,CRAS Prata,CRAS Prata,Público Geral,Cadastro Ùnico
Feminino,45,Não Informado,Não Informado,Não Informado,CRAS Prata,CRAS Prata,Público Geral,Cadastro Ùnico
Feminino,49,Não Informado,Não Informado,Não Informado,CRAS Prata,CRAS Prata,Público Geral,Cadastro Ùnico
Feminino,49,Não Informado,Não Informado,Não Informado,CRAS Prata,CRAS Prata,Público Geral,Cadastro Ùnico
Feminino,56,Não Informado,Não Informado,Não Informado,CRAS Prata,CRAS Prata,Público Geral,Cadastro Ùnico
Feminino,51,Não Informado,Fonte Santa ,1,CRAS Prata,CRAS Prata,Público Geral,Cadastro Ùnico
Feminino,51,Não Informado,Fonte Santa ,1,CRAS Prata,CRAS Prata,Público Geral,Cadastro Ùnico
Feminino,53,Não Informado,Não Informado,Não Informado,CRAS Prata,CRAS Prata,Público Geral,Cadastro Ùnico
Feminino,56,Não Informado,Não Informado,Não Informado,CRAS Prata,CRAS Prata,Público Geral,Cadastro Ùnico
Feminino,56,Não Informado,Não Informado,Não Informado,CRAS Prata,CRAS Prata,Público Geral,Cadastro Ùnico
Feminino,23,Não Informado,Fonte Santa ,1,CRAS Prata,CRAS Prata,Público Geral,Cadastro Ùnico
Feminino,21,Não Informado,Quinta Lebrão,1,CRAS Prata,CRAS Prata,Público Geral,Cadastro Ùnico
Feminino,33,Não Informado,Não Informado,Não Informado,CRAS Prata,CRAS Prata,Público Geral,Cadastro Ùnico
Feminino,23,Não Informado,Fonte Santa ,1,CRAS Prata,CRAS Prata,Público Geral,Cadastro Ùnico
Feminino,56,Não Informado,Não Informado,Não Informado,CRAS Prata,CRAS Prata,Público Geral,Cadastro Ùnico
Feminino,53,Não Informado,Não Informado,Não Informado,CRAS Prata,CRAS Prata,Público Geral,Cadastro Ùnico
Feminino,20,Não Informado,Santa Rita,2,CRAS Prata,CRAS Prata,Público Geral,Cadastro Ùnico
Feminino,20,Não Informado,Santa Rita,2,CRAS Prata,CRAS Prata,Público Geral,Cadastro Ùnico
Feminino,49,Não Informado,Quinta Lebrão,1,CRAS Prata,CRAS Prata,Público Geral,Cadastro Ùnico
Feminino,56,Não Informado,Não Informado,Não Informado,CRAS Prata,CRAS Prata,Público Geral,Cadastro Ùnico
Feminino,29,Não Informado,Gamboa,2,CRAS Prata,CRAS Prata,Público Geral,Cadastro Ùnico
Feminino,51,Não Informado,Andradas ,2,CRAS Prata,CRAS Prata,Público Geral,Cadastro Ùnico
Feminino,32,Não Informado,Não Informado,Não Informado,CRAS Prata,CRAS Prata,Público Geral,Cadastro Ùnico
Feminino,65,Não Informado,Não Informado,Não Informado,CRAS Prata,CRAS Prata,Público Geral,Cadastro Ùnico
Feminino,65,Não Informado,Não Informado,Não Informado,CRAS Prata,CRAS Prata,Público Geral,Cadastro Ùnico
Feminino,65,Não Informado,Não Informado,Não Informado,CRAS Prata,CRAS Prata,Público Geral,Cadastro Ùnico
Masculino,65,Não Informado,Não Informado,Não Informado,CRAS Prata,CRAS Prata,Público Geral,Cadastro Ùnico
Masculino,65,Não Informado,Não Informado,Não Informado,CRAS Prata,CRAS Prata,Público Geral,Cadastro Ùnico
Feminino,53,Não Informado,Não Informado,Não Informado,CRAS Prata,CRAS Prata,Público Geral,Cadastro Ùnico
Masculino,38,Não Informado,Não Informado,Não Informado,CRAS Prata,CRAS Prata,Público Geral,Cadastro Ùnico
Feminino,32,Não Informado,Não Informado,Não Informado,CRAS Prata,CRAS Prata,Público Geral,Cadastro Ùnico
Feminino,19,Não Informado,Não Informado,Não Informado,CRAS Prata,CRAS Prata,Público Geral,Cadastro Ùnico
Feminino,19,Não Informado,Não Informado,Não Informado,CRAS Prata,CRAS Prata,Público Geral,Cadastro Ùnico
Feminino,53,Não Informado,Não Informado,Não Informado,CRAS Prata,CRAS Prata,Público Geral,Cadastro Ùnico
Feminino,44,Não Informado,Quinta Lebrão,1,CRAS Prata,CRAS Prata,Público Geral,Cadastro Ùnico
Masculino,66,Não Informado,Pessegueiros ,2,CRAS Prata,CRAS Prata,Público Geral,Cadastro Ùnico
Masculino,35,Não Informado,Não Informado,Não Informado,CRAS Prata,CRAS Prata,Público Geral,Cadastro Ùnico
Feminino,71,Não Informado,Não Informado,Não Informado,CRAS Prata,CRAS Prata,Público Geral,Cadastro Ùnico
Feminino,28,Não Informado,Cruzeiro,2,CRAS Prata,CRAS Prata,Público Geral,Cadastro Ùnico
Feminino,28,Não Informado,Fonte Santa ,1,CRAS Prata,CRAS Prata,Público Geral,Cadastro Ùnico
Feminino,49,Não Informado,Não Informado,Não Informado,CRAS Prata,CRAS Prata,Público Geral,Cadastro Ùnico
Feminino,48,Não Informado,Três Córregos ,2,CRAS Prata,CRAS Prata,Público Geral,Cadastro Ùnico
Feminino,48,Não Informado,Três Córregos ,2,CRAS Prata,CRAS Prata,Público Geral,Cadastro Ùnico
Feminino,44,Não Informado,Quinta Lebrão,1,CRAS Prata,CRAS Prata,Público Geral,Cadastro Ùnico
Feminino,28,Não Informado,Não Informado,Não Informado,CRAS Prata,CRAS Prata,Público Geral,Cadastro Ùnico
Masculino,42,Não Informado,Não Informado,Não Informado,CRAS Prata,CRAS Prata,Público Geral,Cadastro Ùnico
Feminino,21,Não Informado,Não Informado,Não Informado,CRAS Prata,CRAS Prata,Público Geral,Cadastro Ùnico
Masculino,56,Não Informado,Não Informado,Não Informado,CRAS Prata,CRAS Prata,Público Geral,Cadastro Ùnico
Masculino,49,Não Informado,Não Informado,Não Informado,CRAS Prata,CRAS Prata,Público Geral,Cadastro Ùnico
Feminino,56,Não Informado,Não Informado,Não Informado,CRAS Prata,CRAS Prata,Público Geral,Cadastro Ùnico
Feminino,21,Não Informado,Fonte Santa ,1,CRAS Prata,CRAS Prata,Público Geral,Cadastro Ùnico
Feminino,46,Não Informado,Fazenda Ermitage,1,CRAS Prata,CRAS Prata,Público Geral,Cadastro Ùnico
Feminino,46,Não Informado,Fazenda Ermitage,1,CRAS Prata,CRAS Prata,Público Geral,Cadastro Ùnico
Feminino,31,Não Informado,Não Informado,Não Informado,CRAS Prata,CRAS Prata,Público Geral,Cadastro Ùnico
Feminino,37,Não Informado,Não Informado,Não Informado,CRAS Prata,CRAS Prata,Público Geral,Cadastro Ùnico
Feminino,63,Não Informado,Não Informado,Não Informado,CRAS Prata,CRAS Prata,Público Geral,Cadastro Ùnico
Feminino,25,Não Informado,Não Informado,Não Informado,CRAS Prata,CRAS Prata,Público Geral,Cadastro Ùnico
Feminino,28,Não Informado,Não Informado,Não Informado,CRAS Prata,CRAS Prata,Público Geral,Cadastro Ùnico
Feminino,40,Não Informado,Não Informado,Não Informado,CRAS Prata,CRAS Prata,Público Geral,Cadastro Ùnico
Feminino,44,Não Informado,Não Informado,Não Informado,CRAS Prata,CRAS Prata,Público Geral,Cadastro Ùnico
Feminino,35,Não Informado,Não Informado,Não Informado,CRAS Prata,CRAS Prata,Público Geral,Cadastro Ùnico
Masculino,69,Não Informado,Não Informado,Não Informado,CRAS Prata,CRAS Prata,Público Geral,Cadastro Ùnico
Masculino,40,Não Informado,Não Informado,Não Informado,CRAS Prata,CRAS Prata,Público Geral,Cadastro Ùnico
Feminino,41,Não Informado,Não Informado,Não Informado,CRAS Prata,CRAS Prata,Público Geral,Cadastro Ùnico
Feminino,19,Não Informado,Não Informado,Não Informado,CRAS Prata,CRAS Prata,Público Geral,Cadastro Ùnico
Masculino,82,Não Informado,Não Informado,Não Informado,CRAS Prata,CRAS Prata,Público Geral,Cadastro Ùnico
Feminino,33,Não Informado,Não Informado,Não Informado,CRAS Prata,CRAS Prata,Público Geral,Cadastro Ùnico
Feminino,56,Não Informado,Não Informado,Não Informado,CRAS Prata,CRAS Prata,Público Geral,Cadastro Ùnico
Masculino,82,Não Informado,Não Informado,Não Informado,CRAS Prata,CRAS Prata,Público Geral,Cadastro Ùnico
Feminino,47,Não Informado,Não Informado,Não Informado,CRAS Prata,CRAS Prata,Público Geral,Cadastro Ùnico
Feminino,43,Não Informado,Não Informado,Não Informado,CRAS Prata,CRAS Prata,Público Geral,Cadastro Ùnico
Feminino,58,Não Informado,Não Informado,Não Informado,CRAS Prata,CRAS Prata,Público Geral,Cadastro Ùnico
Feminino,58,Não Informado,Não Informado,Não Informado,CRAS Prata,CRAS Prata,Público Geral,Cadastro Ùnico
Feminino,44,Não Informado,Não Informado,Não Informado,CRAS Prata,CRAS Prata,Público Geral,Cadastro Ùnico
Feminino,29,Não Informado,Não Informado,Não Informado,CRAS Prata,CRAS Prata,Público Geral,Cadastro Ùnico
Feminino,57,Não Informado,Não Informado,Não Informado,CRAS Prata,CRAS Prata,Público Geral,Cadastro Ùnico
Feminino,40,Não Informado,Três Córregos ,2,CRAS Prata,CRAS Prata,Público Geral,Cadastro Ùnico
Masculino,59,Não Informado,Não Informado,Não Informado,CRAS Prata,CRAS Prata,Público Geral,Cadastro Ùnico
Feminino,58,Não Informado,Não Informado,Não Informado,CRAS Prata,CRAS Prata,Público Geral,Cadastro Ùnico
Feminino,64,Não Informado,Não Informado,Não Informado,CRAS Prata,CRAS Prata,Público Geral,Cadastro Ùnico
Feminino,61,Não Informado,Não Informado,Não Informado,CRAS Prata,CRAS Prata,Público Geral,Cadastro Ùnico
Masculino,47,Não Informado,Não Informado,Não Informado,CRAS Prata,CRAS Prata,Público Geral,Cadastro Ùnico
Feminino,29,Não Informado,Holliday,2,CRAS Prata,CRAS Prata,Público Geral,Cadastro Ùnico
Feminino,60,Não Informado,Não Informado,Não Informado,CRAS Prata,CRAS Prata,Público Geral,Cadastro Ùnico
Feminino,56,Não Informado,Não Informado,Não Informado,CRAS Prata,CRAS Prata,Público Geral,Cadastro Ùnico
Feminino,39,Não Informado,Não Informado,Não Informado,CRAS Prata,CRAS Prata,Público Geral,Cadastro Ùnico
Masculino,63,Não Informado,Fischer,1,CRAS Prata,CRAS Prata,Público Geral,Cadastro Ùnico
Masculino,63,Não Informado,Fischer,1,CRAS Prata,CRAS Prata,Público Geral,Cadastro Ùnico
Masculino,56,Não Informado,Não Informado,Não Informado,CRAS Prata,CRAS Prata,Público Geral,Cadastro Ùnico
Feminino,65,Não Informado,Quinta Lebrão,1,CRAS Prata,CRAS Prata,Público Geral,Cadastro Ùnico
Feminino,45,Não Informado,Água Quente ,2,CRAS Prata,CRAS Prata,Público Geral,Cadastro Ùnico
Feminino,45,Não Informado,Água Quente ,2,CRAS Prata,CRAS Prata,Público Geral,Cadastro Ùnico
Masculino,52,Não Informado,Não Informado,Não Informado,CRAS Prata,CRAS Prata,Público Geral,Cadastro Ùnico
Feminino,73,Não Informado,Não Informado,Não Informado,CRAS Prata,CRAS Prata,Público Geral,Cadastro Ùnico
Masculino,57,Não Informado,Não Informado,Não Informado,CRAS Prata,CRAS Prata,Público Geral,Cadastro Ùnico
Feminino,53,Não Informado,Não Informado,Não Informado,CRAS Prata,CRAS Prata,Público Geral,Cadastro Ùnico
Feminino,28,Não Informado,Quinta Lebrão,1,CRAS Prata,CRAS Prata,Público Geral,Cadastro Ùnico
Feminino,28,Não Informado,Quinta Lebrão,1,CRAS Prata,CRAS Prata,Público Geral,Cadastro Ùnico
Masculino,53,Não Informado,Não Informado,Não Informado,CRAS Prata,CRAS Prata,Público Geral,Cadastro Ùnico
Masculino,53,Não Informado,Não Informado,Não Informado,CRAS Prata,CRAS Prata,Público Geral,Cadastro Ùnico
Feminino,24,Não Informado,Não Informado,Não Informado,CRAS Prata,CRAS Prata,Público Geral,Cadastro Ùnico
Feminino,20,Não Informado,Não Informado,Não Informado,CRAS Prata,CRAS Prata,Público Geral,Cadastro Ùnico
Feminino,24,Não Informado,Não Informado,Não Informado,CRAS Prata,CRAS Prata,Público Geral,Cadastro Ùnico
Feminino,56,Não Informado,Não Informado,Não Informado,CRAS Prata,CRAS Prata,Público Geral,Cadastro Ùnico
Masculino,56,Não Informado,Não Informado,Não Informado,CRAS Prata,CRAS Prata,Público Geral,Cadastro Ùnico
Feminino,62,Não Informado,Não Informado,Não Informado,CRAS Prata,CRAS Prata,Público Geral,Cadastro Ùnico
Masculino,66,Não Informado,Pessegueiros ,2,CRAS Prata,CRAS Prata,Público Geral,Cadastro Ùnico
Feminino,36,Não Informado,Quinta Lebrão,1,CRAS Prata,CRAS Prata,Público Geral,Cadastro Ùnico
Feminino,41,Não Informado,Não Informado,Não Informado,CRAS Prata,CRAS Prata,Público Geral,Cadastro Ùnico
Masculino,71,Não Informado,Não Informado,Não Informado,CRAS Prata,CRAS Prata,Público Geral,Cadastro Ùnico
Feminino,58,Não Informado,Não Informado,Não Informado,CRAS Prata,CRAS Prata,Público Geral,Cadastro Ùnico
Feminino,68,Não Informado,Não Informado,Não Informado,CRAS Prata,CRAS Prata,Público Geral,Cadastro Ùnico
Feminino,22,Não Informado,Não Informado,Não Informado,CRAS Prata,CRAS Prata,Público Geral,Cadastro Ùnico
Feminino,56,Não Informado,Água Quente ,2,CRAS Prata,CRAS Prata,Público Geral,Cadastro Ùnico
Feminino,33,Não Informado,Não Informado,Não Informado,CRAS Prata,CRAS Prata,Público Geral,Cadastro Ùnico
Feminino,30,Não Informado,Não Informado,Não Informado,CRAS Prata,CRAS Prata,Público Geral,Cadastro Ùnico
Feminino,41,Não Informado,Não Informado,Não Informado,CRAS Prata,CRAS Prata,Público Geral,Cadastro Ùnico
Feminino,41,Não Informado,Não Informado,Não Informado,CRAS Prata,CRAS Prata,Público Geral,Cadastro Ùnico
Feminino,53,Não Informado,Não Informado,Não Informado,CRAS Prata,CRAS Prata,Público Geral,Cadastro Ùnico
Feminino,44,Não Informado,Não Informado,Não Informado,CRAS Prata,CRAS Prata,Público Geral,Cadastro Ùnico
Feminino,39,Não Informado,Não Informado,Não Informado,CRAS Prata,CRAS Prata,Público Geral,Cadastro Ùnico
Feminino,50,Não Informado,Não Informado,Não Informado,CRAS Prata,CRAS Prata,Público Geral,Cadastro Ùnico
Feminino,65,Não Informado,Não Informado,Não Informado,CRAS Prata,CRAS Prata,Público Geral,Cadastro Ùnico
Feminino,59,Não Informado,Não Informado,Não Informado,CRAS Prata,CRAS Prata,Público Geral,Cadastro Ùnico
Feminino,47,Não Informado,Não Informado,Não Informado,CRAS Prata,CRAS Prata,Público Geral,Cadastro Ùnico
Masculino,39,Não Informado,Não Informado,Não Informado,CRAS Prata,CRAS Prata,Público Geral,Cadastro Ùnico
Feminino,61,Não Informado,Não Informado,Não Informado,CRAS Prata,CRAS Prata,Público Geral,Cadastro Ùnico
Feminino,40,Não Informado,Não Informado,Não Informado,CRAS Prata,CRAS Prata,Público Geral,Cadastro Ùnico
Feminino,23,Não Informado,Não Informado,Não Informado,CRAS Prata,CRAS Prata,Público Geral,Cadastro Ùnico
Feminino,45,Não Informado,Não Informado,Não Informado,CRAS Prata,CRAS Prata,Público Geral,Cadastro Ùnico
Feminino,63,Não Informado,Não Informado,Não Informado,CRAS Prata,CRAS Prata,Público Geral,Cadastro Ùnico
Feminino,42,Não Informado,Não Informado,Não Informado,CRAS Prata,CRAS Prata,Público Geral,Cadastro Ùnico
Feminino,54,Não Informado,Não Informado,Não Informado,CRAS Prata,CRAS Prata,Público Geral,Cadastro Ùnico
Feminino,45,Não Informado,Não Informado,Não Informado,CRAS Prata,CRAS Prata,Público Geral,Cadastro Ùnico
Feminino,46,Não Informado,Não Informado,Não Informado,CRAS Prata,CRAS Prata,Público Geral,Cadastro Ùnico
Feminino,42,Não Informado,Não Informado,Não Informado,CRAS Prata,CRAS Prata,Público Geral,Cadastro Ùnico
Masculino,36,Não Informado,Não Informado,Não Informado,CRAS Prata,CRAS Prata,Público Geral,Cadastro Ùnico
Feminino,24,Não Informado,Não Informado,Não Informado,CRAS Prata,CRAS Prata,Público Geral,Cadastro Ùnico
Feminino,57,Não Informado,Não Informado,Não Informado,CRAS Prata,CRAS Prata,Público Geral,Cadastro Ùnico
Feminino,31,Não Informado,Não Informado,Não Informado,CRAS Prata,CRAS Prata,Público Geral,Cadastro Ùnico
Feminino,56,Não Informado,Água Quente ,2,CRAS Prata,CRAS Prata,Público Geral,Cadastro Ùnico
Feminino,56,Não Informado,Água Quente ,2,CRAS Prata,CRAS Prata,Público Geral,Cadastro Ùnico
Feminino,18,Não Informado,Água Quente ,2,CRAS Prata,CRAS Prata,Público Geral,Cadastro Ùnico
Feminino,46,Médio Completo,Não Informado,Não Informado,CRAS Prata,CRAS Prata,Público Geral,Cadastro Ùnico
Feminino,26,Não Informado,Fazenda Alpina ,2,CRAS Prata,CRAS Prata,Público Geral,Cadastro Ùnico
Masculino,65,Não Informado,Fonte Santa ,,CRAS Prata,CRAS Prata,PAIF,Cadastro Ùnico
Feminino,53,Não Informado,Fonte Santa ,1,CRAS Prata,CRAS Prata,Público Geral,Cadastro Ùnico
Feminino,53,Não Informado,Fonte Santa ,1,CRAS Prata,CRAS Prata,Público Geral,Cadastro Ùnico
Feminino,18,Não Informado,Providência ,2,CRAS Prata,CRAS Prata,Público Geral,Cadastro Ùnico
Feminino,18,Não Informado,Providência ,2,CRAS Prata,CRAS Prata,Público Geral,Cadastro Ùnico
Feminino,27,Não Informado,Não Informado,Não Informado,CRAS Prata,CRAS Prata,Público Geral,Cadastro Ùnico
Feminino,55,Não Informado,Não Informado,Não Informado,CRAS Prata,CRAS Prata,Público Geral,Cadastro Ùnico
Feminino,34,Não Informado,Não Informado,Não Informado,CRAS Prata,CRAS Prata,Público Geral,Cadastro Ùnico
Feminino,62,Não Informado,Não Informado,Não Informado,CRAS Prata,CRAS Prata,Público Geral,Cadastro Ùnico
Feminino,72,Não Informado,Não Informado,Não Informado,CRAS Prata,CRAS Prata,Público Geral,Cadastro Ùnico
Feminino,46,Não Informado,Não Informado,Não Informado,CRAS Prata,CRAS Prata,Público Geral,Cadastro Ùnico
Feminino,19,Não Informado,Não Informado,Não Informado,CRAS Prata,CRAS Prata,Público Geral,Cadastro Ùnico
Feminino,47,Não Informado,Não Informado,Não Informado,CRAS Prata,CRAS Prata,Público Geral,Cadastro Ùnico
Feminino,24,Não Informado,Não Informado,Não Informado,CRAS Prata,CRAS Prata,Público Geral,Cadastro Ùnico
Feminino,60,Não Informado,Não Informado,Não Informado,CRAS Prata,CRAS Prata,Público Geral,Cadastro Ùnico
Feminino,44,Não Informado,Não Informado,Não Informado,CRAS Prata,CRAS Prata,Público Geral,Cadastro Ùnico
Masculino,49,Não Informado,Não Informado,Não Informado,CRAS Prata,CRAS Prata,Público Geral,Cadastro Ùnico
Feminino,27,Não Informado,Água Quente ,2,CRAS Prata,CRAS Prata,Público Geral,Cadastro Ùnico
Feminino,51,Não Informado,Não Informado,Não Informado,CRAS Prata,CRAS Prata,Público Geral,Cadastro Ùnico
Feminino,43,Não Informado,Quinta Lebrão,1,CRAS Prata,CRAS Prata,Público Geral,Cadastro Ùnico
Feminino,55,Não Informado,Não Informado,Não Informado,CRAS Prata,CRAS Prata,Público Geral,Cadastro Ùnico
Feminino,47,Não Informado,Não Informado,Não Informado,CRAS Prata,CRAS Prata,Público Geral,Cadastro Ùnico
Feminino,56,Não Informado,Não Informado,Não Informado,CRAS Prata,CRAS Prata,Público Geral,Cadastro Ùnico
Feminino,64,Não Informado,Não Informado,Não Informado,CRAS Prata,CRAS Prata,Público Geral,Cadastro Ùnico
Feminino,62,Não Informado,Não Informado,Não Informado,CRAS Prata,CRAS Prata,Público Geral,Cadastro Ùnico
Feminino,35,Não Informado,Não Informado,Não Informado,CRAS Prata,CRAS Prata,Público Geral,Cadastro Ùnico
Feminino,61,Não Informado,Não Informado,Não Informado,CRAS Prata,CRAS Prata,Público Geral,Cadastro Ùnico
Masculino,47,Não Informado,Fonte Santa ,1,CRAS Prata,CRAS Prata,Público Geral,Cadastro Ùnico
Masculino,77,Não Informado,Não Informado,Não Informado,CRAS Prata,CRAS Prata,Público Geral,Cadastro Ùnico
Feminino,62,Não Informado,Não Informado,Não Informado,CRAS Prata,CRAS Prata,Público Geral,Cadastro Ùnico
Feminino,46,Fundamental Incompleto,Fazenda Ermitage,1,CRAS Prata,CRAS Prata,Público Geral,Cadastro Ùnico
Feminino,65,Não Informado,Fazenda Ermitage,1,CRAS Prata,CRAS Prata,Público Geral,Cadastro Ùnico
Masculino,56,Não Informado,Não Informado,Não Informado,CRAS Prata,CRAS Prata,Público Geral,Cadastro Ùnico
Feminino,56,Não Informado,Não Informado,Não Informado,CRAS Prata,CRAS Prata,Público Geral,Cadastro Ùnico
Masculino,65,Não Informado,Pessegueiros ,,CRAS Prata,CRAS Prata,PAIF,Cadastro Ùnico
Masculino,65,Não Informado,Pessegueiros ,,CRAS Prata,CRAS Prata,PAIF,Cadastro Ùnico
Masculino,62,Não Informado,Não Informado,Não Informado,CRAS Prata,CRAS Prata,Público Geral,Cadastro Ùnico
Feminino,56,Não Informado,Não Informado,Não Informado,CRAS Prata,CRAS Prata,Público Geral,Cadastro Ùnico
Feminino,52,Não Informado,Não Informado,Não Informado,CRAS Prata,CRAS Prata,Público Geral,Cadastro Ùnico
Feminino,70,Não Informado,Não Informado,Não Informado,CRAS Prata,CRAS Prata,Público Geral,Cadastro Ùnico
Masculino,51,Não Informado,Não Informado,Não Informado,CRAS Prata,CRAS Prata,Público Geral,Cadastro Ùnico
Feminino,27,Não Informado,Não Informado,Não Informado,CRAS Prata,CRAS Prata,Público Geral,Cadastro Ùnico
Feminino,34,Não Informado,Não Informado,Não Informado,CRAS Prata,CRAS Prata,Público Geral,Cadastro Ùnico
Feminino,47,Não Informado,Não Informado,Não Informado,CRAS Prata,CRAS Prata,Público Geral,Cadastro Ùnico
Feminino,30,Não Informado,Não Informado,Não Informado,CRAS Prata,CRAS Prata,Público Geral,Cadastro Ùnico
Feminino,29,Não Informado,Não Informado,Não Informado,CRAS Prata,CRAS Prata,Público Geral,Cadastro Ùnico
Masculino,57,Não Informado,Não Informado,Não Informado,CRAS Prata,CRAS Prata,Público Geral,Cadastro Ùnico
Masculino,51,Fundamental Incompleto,Quinta Lebrão,1,CRAS Prata,CRAS Prata,Público Geral,Cadastro Ùnico
Feminino,47,Não Informado,Fazenda Ermitage,1,CRAS Prata,CRAS Prata,Público Geral,Cadastro Ùnico
Feminino,47,Não Informado,Fazenda Ermitage,1,CRAS Prata,CRAS Prata,Público Geral,Cadastro Ùnico
Feminino,47,Não Informado,Fazenda Ermitage,1,CRAS Prata,CRAS Prata,Público Geral,Cadastro Ùnico
Feminino,53,Não Informado,Não Informado,Não Informado,CRAS Prata,CRAS Prata,Público Geral,Cadastro Ùnico
Feminino,46,Não Informado,Cruzeiro,2,CRAS Prata,CRAS Prata,Público Geral,Cadastro Ùnico
Feminino,46,Não Informado,Cruzeiro,2,CRAS Prata,CRAS Prata,Público Geral,Cadastro Ùnico
Feminino,27,Não Informado,Não Informado,Não Informado,CRAS Prata,CRAS Prata,Público Geral,Cadastro Ùnico
Feminino,71,Não Informado,Fonte Santa ,,CRAS Prata,CRAS Prata,PAIF,Cadastro Ùnico
Feminino,20,Não Informado,Não Informado,Não Informado,CRAS Prata,CRAS Prata,Público Geral,Cadastro Ùnico
Feminino,47,Não Informado,Não Informado,Não Informado,CRAS Prata,CRAS Prata,Público Geral,Cadastro Ùnico
Feminino,68,Não Informado,Não Informado,Não Informado,CRAS Prata,CRAS Prata,Público Geral,Cadastro Ùnico
Feminino,59,Não Informado,Quinta Lebrão,,CRAS Prata,CRAS Prata,PAIF,Cadastro Ùnico
Feminino,59,Não Informado,Quinta Lebrão,,CRAS Prata,CRAS Prata,PAIF,Cadastro Ùnico
Feminino,34,Não Informado,Fonte Santa ,1,CRAS Prata,CRAS Prata,Público Geral,Cadastro Ùnico
Feminino,34,Não Informado,Fonte Santa ,1,CRAS Prata,CRAS Prata,Público Geral,Cadastro Ùnico
Feminino,39,Não Informado,Não Informado,Não Informado,CRAS Prata,CRAS Prata,Público Geral,Cadastro Ùnico
Feminino,70,Não Informado,Não Informado,Não Informado,CRAS Prata,CRAS Prata,Público Geral,Cadastro Ùnico
Feminino,33,Não Informado,Não Informado,Não Informado,CRAS Prata,CRAS Prata,Público Geral,Cadastro Ùnico
Feminino,40,Não Informado,Não Informado,Não Informado,CRAS Prata,CRAS Prata,Público Geral,Cadastro Ùnico
Feminino,61,Não Informado,Não Informado,Não Informado,CRAS Prata,CRAS Prata,Público Geral,Cadastro Ùnico
Feminino,29,Não Informado,Não Informado,Não Informado,CRAS Prata,CRAS Prata,Público Geral,Cadastro Ùnico
Feminino,74,Não Informado,Não Informado,Não Informado,CRAS Prata,CRAS Prata,Público Geral,Cadastro Ùnico
Feminino,35,Não Informado,Fischer,,CRAS Prata,CRAS Prata,PAIF,Cadastro Ùnico
Feminino,22,Não Informado,Não Informado,Não Informado,CRAS Prata,CRAS Prata,Público Geral,Cadastro Ùnico
Feminino,70,Não Informado,Não Informado,Não Informado,CRAS Prata,CRAS Prata,Público Geral,Cadastro Ùnico
Masculino,31,Não Informado,Não Informado,Não Informado,CRAS Prata,CRAS Prata,Público Geral,Cadastro Ùnico
Feminino,32,Não Informado,Não Informado,Não Informado,CRAS Prata,CRAS Prata,Público Geral,Cadastro Ùnico
Feminino,35,Não Informado,Não Informado,Não Informado,CRAS Prata,CRAS Prata,Público Geral,Cadastro Ùnico
Feminino,39,Não Informado,Não Informado,Não Informado,CRAS Prata,CRAS Prata,Público Geral,Cadastro Ùnico
Feminino,27,Não Informado,Não Informado,Não Informado,CRAS Prata,CRAS Prata,Público Geral,Cadastro Ùnico
Feminino,45,Não Informado,Não Informado,Não Informado,CRAS Prata,CRAS Prata,Público Geral,Cadastro Ùnico
Feminino,51,Não Informado,Prata,2,CRAS Prata,CRAS Prata,Público Geral,SCFV
Masculino,57,Não Escolarizado,Quinta Lebrão,1,CRAS Prata,CRAS Prata,Público Geral,SCFV
Feminino,59,Não Informado,Quinta Lebrão,1,CRAS Prata,CRAS Prata,Público Geral,SCFV
Feminino,45,Não Informado,Prata,2,CRAS Prata,CRAS Prata,Público Geral,SCFV
Feminino,23,Não Informado,Prata,2,CRAS Prata,CRAS Prata,Público Geral,SCFV
Feminino,46,Fundamental Incompleto,Fazenda Ermitage,1,CRAS Prata,CRAS Prata,Público Geral,SCFV
Feminino,69,Não Escolarizado,Imbiu,3,CRAS Prata,CRAS Prata,Público Geral,SCFV
Feminino,70,Não Escolarizado,Quinta Lebrão,1,CRAS Prata,CRAS Prata,Público Geral,SCFV
Feminino,65,Não Informado,Quinta Lebrão,1,CRAS Prata,CRAS Prata,Público Geral,SCFV
Feminino,73,Não Informado,Fonte Santa ,1,CRAS Prata,CRAS Prata,Público Geral,SCFV
Feminino,62,Fundamental Incompleto,Fonte Santa ,1,CRAS Prata,CRAS Prata,Público Geral,Cadastro Ùnico
Masculino,71,Médio Incompleto,Fonte Santa ,1,CRAS Prata,CRAS Prata,Público Geral,Assistente Social 
Feminino,23,Médio Completo,Serra do Capim,2,CRAS Prata,CRAS Prata,Público Geral,Assistente Social 
Feminino,47,Médio Completo,Fazenda Ermitage,1,CRAS Prata,CRAS Prata,Público Geral,Cadastro Ùnico
Feminino,38,Médio Incompleto,Água Quente ,2,CRAS Prata,CRAS Prata,Público Geral,Assistente Social 
Feminino,44,Fundamental Incompleto,Fonte Santa ,1,CRAS Prata,CRAS Prata,Público Geral,Cadastro Ùnico
Feminino,23,Médio Completo,Serra do Capim,2,CRAS Prata,CRAS Prata,Público Geral,Cadastro Ùnico
Masculino,67,Fundamental Incompleto,Fischer,1,CRAS Prata,CRAS Prata,Público Geral,Cadastro Ùnico
Feminino,43,Fundamental Incompleto,Água Quente ,2,CRAS Prata,CRAS Prata,Público Geral,Assistente Social 
Feminino,44,Médio Incompleto,Fonte Santa ,1,CRAS Prata,CRAS Prata,Público Geral,Cadastro Ùnico
Feminino,53,Médio Completo,Quinta Lebrão,1,CRAS Prata,CRAS Prata,Público Geral,Assistente Social 
Feminino,44,Médio Completo,Fonte Santa ,1,CRAS Prata,CRAS Prata,Público Geral,Assistente Social 
Feminino,39,Fundamental Incompleto,Fischer,1,CRAS Prata,CRAS Prata,Público Geral,Cadastro Ùnico
Feminino,56,Fundamental Incompleto,Quinta Lebrão,1,CRAS Prata,CRAS Prata,Público Geral,Assistente Social 
Feminino,41,Médio Incompleto,Quinta Lebrão,1,CRAS Prata,CRAS Prata,Público Geral,Assistente Social 
Feminino,56,Fundamental Incompleto,Fazenda Ermitage,1,CRAS Prata,CRAS Prata,Público Geral,Cadastro Ùnico
Feminino,26,Médio Completo,Água Quente ,2,CRAS Prata,CRAS Prata,Público Geral,Cadastro Ùnico
Feminino,34,Fundamental Incompleto,Fonte Santa ,1,CRAS Prata,CRAS Prata,Público Geral,Cadastro Ùnico
Feminino,25,Médio Completo,Quinta Lebrão,1,CRAS Prata,CRAS Prata,Público Geral,Cadastro Ùnico
Feminino,25,Médio Completo,Quinta Lebrão,1,CRAS Prata,CRAS Prata,Público Geral,Assistente Social 
Feminino,38,Fundamental Incompleto,Água Quente ,2,CRAS Prata,CRAS Prata,Público Geral,Cadastro Ùnico
Feminino,43,Fundamental Incompleto,Andradas ,2,CRAS Prata,CRAS Prata,Público Geral,Assistente Social 
Feminino,32,Médio Completo,Fonte Santa ,1,CRAS Prata,CRAS Prata,Público Geral,Cadastro Ùnico
Feminino,47,Fundamental Incompleto,Quinta Lebrão,1,CRAS Prata,CRAS Prata,Público Geral,Cadastro Ùnico
Feminino,32,Médio Completo,Fonte Santa ,1,CRAS Prata,CRAS Prata,Público Geral,Assistente Social 
Feminino,27,Médio Completo,Prata,2,CRAS Prata,CRAS Prata,Público Geral,Cadastro Ùnico
Feminino,38,Fundamental Incompleto,Água Quente ,2,CRAS Prata,CRAS Prata,Público Geral,Assistente Social 
Feminino,32,Fundamental Incompleto,Quinta Lebrão,1,CRAS Prata,CRAS Prata,Público Geral,Cadastro Ùnico
Masculino,45,Fundamental Incompleto,Água Quente ,2,CRAS Prata,CRAS Prata,Público Geral,Cadastro Ùnico
Feminino,50,Fundamental Incompleto,Andradas ,2,CRAS Prata,CRAS Prata,Público Geral,Assistente Social 
Masculino,67,Fundamental Incompleto,Fazenda Ermitage,1,CRAS Prata,CRAS Prata,Público Geral,Cadastro Ùnico
Masculino,70,Fundamental Incompleto,Fonte Santa ,1,CRAS Prata,CRAS Prata,Público Geral,Cadastro Ùnico
Feminino,57,Fundamental Incompleto,Holliday,2,CRAS Prata,CRAS Prata,Público Geral,Assistente Social 
Feminino,26,Médio Completo,Parque São Luiz ,1,CRAS Alto,CRAS Alto,Público Geral,Assistente Social 
Masculino,56,Fundamental Incompleto,Fazenda Ermitage,1,CRAS Prata,CRAS Prata,Público Geral,Cadastro Ùnico
Feminino,51,Médio Completo,Fonte Santa ,1,CRAS Prata,CRAS Prata,Público Geral,Cadastro Ùnico
Feminino,18,Médio Completo,Andradas ,2,CRAS Prata,CRAS Prata,Público Geral,Cadastro Ùnico
Feminino,23,Fundamental Incompleto,Fonte Santa ,1,CRAS Prata,CRAS Prata,Público Geral,Cadastro Ùnico
Feminino,18,Médio Completo,Andradas ,2,CRAS Prata,CRAS Prata,Público Geral,Cadastro Ùnico
Masculino,61,Fundamental Incompleto,Bonsucesso ,3,CRAS Prata,CRAS Prata,Público Geral,Cadastro Ùnico
Masculino,40,Fundamental Incompleto,Fazenda Ermitage,1,CRAS Prata,CRAS Prata,Público Geral,Cadastro Ùnico
Masculino,62,Fundamental Incompleto,Fazenda Ermitage,1,CRAS Prata,CRAS Prata,Público Geral,Cadastro Ùnico
Feminino,49,Fundamental Incompleto,Fazenda Ermitage,1,CRAS Prata,CRAS Prata,Público Geral,Cadastro Ùnico
Feminino,33,Fundamental Incompleto,Fonte Santa ,1,CRAS Prata,CRAS Prata,Público Geral,Cadastro Ùnico
Masculino,68,Fundamental Incompleto,Fonte Santa ,1,CRAS Prata,CRAS Prata,Público Geral,Cadastro Ùnico
Feminino,59,Fundamental Incompleto,Pessegueiros ,2,CRAS Prata,CRAS Prata,Público Geral,Cadastro Ùnico
Feminino,43,Fundamental Incompleto,Quinta Lebrão,1,CRAS Prata,CRAS Prata,Público Geral,Cadastro Ùnico
Masculino,56,Fundamental Incompleto,Fazenda Ermitage,1,CRAS Prata,CRAS Prata,Público Geral,Cadastro Ùnico
Feminino,70,Fundamental Incompleto,Brejal,2,CRAS Prata,CRAS Prata,Público Geral,Cadastro Ùnico
Feminino,29,Médio Completo,Granja Mafra ,2,CRAS Prata,CRAS Prata,Público Geral,Assistente Social 
Feminino,46,Médio Completo,Fonte Santa ,1,CRAS Prata,CRAS Prata,Público Geral,Cadastro Ùnico
Masculino,49,Fundamental Incompleto,Pessegueiros ,2,CRAS Prata,CRAS Prata,Público Geral,Cadastro Ùnico
Feminino,56,Fundamental Incompleto,Fonte Santa ,1,CRAS Prata,CRAS Prata,Público Geral,Assistente Social 
Feminino,32,Fundamental Incompleto,Fonte Santa ,1,CRAS Prata,CRAS Prata,Público Geral,Cadastro Ùnico
Feminino,67,Fundamental Incompleto,Quinta Lebrão,1,CRAS Prata,CRAS Prata,Público Geral,Cadastro Ùnico
Feminino,51,Fundamental Incompleto,Fazenda Ermitage,1,CRAS Prata,CRAS Prata,Público Geral,Cadastro Ùnico
Feminino,55,Fundamental Incompleto,Quinta Lebrão,1,CRAS Prata,CRAS Prata,Público Geral,Cadastro Ùnico
Feminino,30,Fundamental Completo,Água Quente ,2,CRAS Prata,CRAS Prata,Público Geral,Cadastro Ùnico
Feminino,55,Fundamental Incompleto,Fazenda Ermitage,1,CRAS Prata,CRAS Prata,Público Geral,Cadastro Ùnico
Feminino,59,Fundamental Incompleto,Três Córregos ,2,CRAS Prata,CRAS Prata,Público Geral,Cadastro Ùnico
Feminino,49,Fundamental Incompleto,Fonte Santa ,1,CRAS Prata,CRAS Prata,Público Geral,Cadastro Ùnico
Masculino,56,Fundamental Incompleto,Fonte Santa ,1,CRAS Prata,CRAS Prata,Público Geral,Cadastro Ùnico
Feminino,57,Médio Completo,Poço dos Peixes ,2,CRAS Prata,CRAS Prata,Público Geral,Assistente Social 
Feminino,57,Fundamental Incompleto,Prata,2,CRAS Prata,CRAS Prata,Público Geral,Cadastro Ùnico
Masculino,56,Médio Completo,Três Córregos ,2,CRAS Prata,CRAS Prata,Público Geral,Cadastro Ùnico
Feminino,57,Médio Completo,Poço dos Peixes ,2,CRAS Prata,CRAS Prata,Público Geral,Cadastro Ùnico
Feminino,42,Fundamental Incompleto,Providência ,2,CRAS Prata,CRAS Prata,Público Geral,Cadastro Ùnico
Feminino,33,Fundamental Incompleto,Caleme,1,CRAS Barra,CRAS Barra,Público Geral,Cadastro Ùnico
Feminino,53,Fundamental Incompleto,Quinta Lebrão,1,CRAS Prata,CRAS Prata,Público Geral,Cadastro Ùnico
Feminino,49,Fundamental Incompleto,Quinta Lebrão,1,CRAS Prata,CRAS Prata,Público Geral,Cadastro Ùnico
Feminino,51,Fundamental Incompleto,Pessegueiros ,2,CRAS Prata,CRAS Prata,Público Geral,Cadastro Ùnico
Masculino,40,Fundamental Incompleto,Fazenda Ermitage,1,CRAS Prata,CRAS Prata,Público Geral,Cadastro Ùnico
Feminino,39,Médio Completo,Pessegueiros ,2,CRAS Prata,CRAS Prata,Público Geral,Cadastro Ùnico
Feminino,39,Fundamental Incompleto,Pessegueiros ,2,CRAS Prata,CRAS Prata,Público Geral,Cadastro Ùnico
Feminino,28,Médio Incompleto,Poço dos Peixes ,2,CRAS Prata,CRAS Prata,Público Geral,Assistente Social 
Masculino,38,Fundamental Incompleto,Fazenda Alpina ,2,CRAS Prata,CRAS Prata,Público Geral,Cadastro Ùnico
Masculino,21,Fundamental Incompleto,Fischer,1,CRAS Prata,CRAS Prata,Público Geral,Cadastro Ùnico
Feminino,19,Médio Completo,Poço dos Peixes ,2,CRAS Prata,CRAS Prata,Público Geral,Assistente Social 
Feminino,31,Fundamental Completo,Fonte Santa ,1,CRAS Prata,CRAS Prata,Público Geral,Assistente Social 
Feminino,46,Médio Completo,Fonte Santa ,1,CRAS Prata,CRAS Prata,Público Geral,Assistente Social 
Feminino,62,Médio Completo,Fonte Santa ,1,CRAS Prata,CRAS Prata,Público Geral,Cadastro Ùnico
Feminino,56,Médio Completo,Cruzeiro,2,CRAS Prata,CRAS Prata,Público Geral,Cadastro Ùnico
Masculino,60,Fundamental Incompleto,Quinta Lebrão,1,CRAS Prata,CRAS Prata,Público Geral,Cadastro Ùnico
Feminino,19,Médio Completo,Pião,2,CRAS Prata,CRAS Prata,Público Geral,Assistente Social 
Feminino,40,Médio Completo,Fazenda Ermitage,1,CRAS Prata,CRAS Prata,Público Geral,Cadastro Ùnico
Feminino,32,Fundamental Incompleto,Fonte Santa ,1,CRAS Prata,CRAS Prata,Público Geral,Cadastro Ùnico
Feminino,41,Fundamental Incompleto,Pessegueiros ,2,CRAS Prata,CRAS Prata,Público Geral,Cadastro Ùnico
Feminino,62,Fundamental Incompleto,Pessegueiros ,2,CRAS Prata,CRAS Prata,Público Geral,Cadastro Ùnico
Feminino,47,Fundamental Incompleto,Fazenda Ermitage,1,CRAS Prata,CRAS Prata,Público Geral,Cadastro Ùnico
Feminino,54,Fundamental Incompleto,Quinta Lebrão,1,CRAS Prata,CRAS Prata,Público Geral,Cadastro Ùnico
Feminino,51,Médio Completo,Fonte Santa ,1,CRAS Prata,CRAS Prata,Público Geral,Cadastro Ùnico
Feminino,18,Médio Completo,Água Quente ,2,CRAS Prata,CRAS Prata,Público Geral,Assistente Social 
Feminino,51,Médio Completo,Fonte Santa ,1,CRAS Prata,CRAS Prata,Público Geral,Assistente Social 
Feminino,68,Médio Incompleto,Fazenda Ermitage,1,CRAS Prata,CRAS Prata,Público Geral,Cadastro Ùnico
Feminino,39,Fundamental Incompleto,Pessegueiros ,2,CRAS Prata,CRAS Prata,Público Geral,Cadastro Ùnico
Feminino,65,Fundamental Incompleto,Fonte Santa ,1,CRAS Prata,CRAS Prata,Público Geral,Cadastro Ùnico
Masculino,30,Superior Completo,Fazenda Ermitage,1,CRAS Prata,CRAS Prata,Público Geral,Cadastro Ùnico
Masculino,31,Fundamental Incompleto,Fischer,1,CRAS Prata,CRAS Prata,Público Geral,Assistente Social 
Feminino,65,Fundamental Incompleto,Fonte Santa ,1,CRAS Prata,CRAS Prata,Público Geral,Assistente Social 
Feminino,18,Médio Completo,Andradas ,2,CRAS Prata,CRAS Prata,Público Geral,Assistente Social 
Feminino,49,Fundamental Incompleto,Fazenda Ermitage,1,CRAS Prata,CRAS Prata,Público Geral,Assistente Social 
Feminino,39,Médio Incompleto,Prata,2,CRAS Prata,CRAS Prata,Público Geral,Assistente Social 
Feminino,43,Fundamental Incompleto,Prata,2,CRAS Prata,CRAS Prata,Público Geral,Cadastro Ùnico
Feminino,42,Fundamental Incompleto,Fonte Santa ,1,CRAS Prata,CRAS Prata,Público Geral,Cadastro Ùnico
Feminino,56,Fundamental Incompleto,Fonte Santa ,1,CRAS Prata,CRAS Prata,Público Geral,Cadastro Ùnico
Feminino,28,Fundamental Incompleto,Fonte Santa ,1,CRAS Prata,CRAS Prata,Público Geral,Assistente Social 
Masculino,27,Médio Completo,Meudon,1,CRAS Meudom,CRAS Meudom,Público Geral,Assistente Social 
Feminino,74,Não Escolarizado,Santa Rita,2,CRAS Prata,CRAS Prata,Público Geral,Cadastro Ùnico
Feminino,36,Médio Completo,Fonte Santa ,1,CRAS Prata,CRAS Prata,Público Geral,Cadastro Ùnico
Feminino,40,Fundamental Incompleto,Fonte Santa ,1,CRAS Prata,CRAS Prata,Público Geral,Cadastro Ùnico
Feminino,47,Fundamental Incompleto, Cruzeiro ,2,CRAS Prata,CRAS Prata,Público Geral,Assistente Social 
Masculino,56,Fundamental Incompleto,Quinta Lebrão,1,CRAS Prata,CRAS Prata,Público Geral,Cadastro Ùnico
Feminino,29,Fundamental Incompleto,Campo Limpo,2,CRAS Prata,CRAS Prata,Público Geral,Cadastro Ùnico
Feminino,56,Médio Completo,Fischer,1,CRAS Prata,CRAS Prata,Público Geral,Cadastro Ùnico
Feminino,56,Médio Completo,Fischer,1,CRAS Prata,CRAS Prata,Público Geral,Assistente Social 
Masculino,79,Fundamental Incompleto,Serra Do Capim,2,CRAS Prata,CRAS Prata,Público Geral,Cadastro Ùnico
Feminino,36,Fundamental Incompleto,Quinta Lebrão,1,CRAS Prata,CRAS Prata,Público Geral,Cadastro Ùnico
Feminino,17,Fundamental Incompleto,Fischer,1,CRAS Prata,CRAS Prata,Público Geral,Cadastro Ùnico
Feminino,43,Fundamental Incompleto,Prata,2,CRAS Prata,CRAS Prata,Público Geral,Assistente Social 
Feminino,59,Não Escolarizado,Santa Rita,2,CRAS Prata,CRAS Prata,Público Geral,Cadastro Ùnico
Masculino,58,Não Escolarizado,Fazenda Ermitage,1,CRAS Prata,CRAS Prata,Público Geral,Cadastro Ùnico
Feminino,65,Fundamental Incompleto,Santa Rita,2,CRAS Prata,CRAS Prata,Público Geral,Assistente Social 
Feminino,33,Médio Completo,Fazenda Ermitage,1,CRAS Prata,CRAS Prata,Público Geral,Cadastro Ùnico
Feminino,18,Médio Completo,Andradas ,2,CRAS Prata,CRAS Prata,Público Geral,Assistente Social 
Masculino,56,Fundamental Incompleto,Quinta Lebrão,1,CRAS Prata,CRAS Prata,Público Geral,Cadastro Ùnico
Feminino,47,Médio Incompleto,Fazenda Ermitage,1,CRAS Prata,CRAS Prata,Público Geral,Cadastro Ùnico
Feminino,58,Fundamental Incompleto,Fazenda Ermitage,1,CRAS Prata,CRAS Prata,Público Geral,Cadastro Ùnico
Feminino,40,Médio Incompleto,Andradas,2,CRAS Prata,CRAS Prata,Público Geral,Cadastro Ùnico
Masculino,61,Fundamental Incompleto,Quinta Lebrão,,CRAS Prata,CRAS Prata,PAIF,Assistente Social 
Feminino,71,Fundamental Incompleto,Fazenda Ermitage,1,CRAS Prata,CRAS Prata,Público Geral,Cadastro Ùnico
Masculino,55,Fundamental Incompleto,Meudon,1,CRAS Meudom,CRAS Meudom,Público Geral,Cadastro Ùnico
Feminino,59,Fundamental Incompleto,Quinta Lebrão,1,CRAS Prata,CRAS Prata,Público Geral,Cadastro Ùnico
Feminino,30,Médio Completo,Quinta Lebrão,1,CRAS Prata,CRAS Prata,Público Geral,Cadastro Ùnico
Feminino,40,Médio Incompleto,Andradas ,2,CRAS Prata,CRAS Prata,Público Geral,Assistente Social 
Feminino,57,Fundamental Incompleto,Quinta Lebrão,1,CRAS Prata,CRAS Prata,Público Geral,Cadastro Ùnico
Feminino,64,Não Escolarizado,Fazenda Ermitage,1,CRAS Prata,CRAS Prata,Público Geral,Cadastro Ùnico
Feminino,18,Fundamental Incompleto,Ponte Nova,2,CRAS Prata,CRAS Prata,Público Geral,Cadastro Ùnico
Feminino,80,Médio Incompleto,Quinta Lebrão,1,CRAS Prata,CRAS Prata,Público Geral,Cadastro Ùnico
Feminino,40,Fundamental Incompleto,Água Quente ,2,CRAS Prata,CRAS Prata,Público Geral,Cadastro Ùnico
Feminino,77,Médio Completo,Várzea ,1,CRAS Alto,CRAS Alto,Público Geral,Cadastro Ùnico
Feminino,65,Fundamental Incompleto,Fazenda Ermitage,1,CRAS Prata,CRAS Prata,Público Geral,Assistente Social 
Feminino,39,Fundamental Incompleto,Providência ,2,CRAS Prata,CRAS Prata,Público Geral,Cadastro Ùnico
Feminino,41,Médio Completo,Fazenda Ermitage,1,CRAS Prata,CRAS Prata,Público Geral,Cadastro Ùnico
Feminino,58,Fundamental Incompleto,Quinta Lebrão,1,CRAS Prata,CRAS Prata,Público Geral,Cadastro Ùnico
Feminino,28,Superior Completo,Jardim Meudon ,1,CRAS Meudom,CRAS Meudom,Público Geral,Cadastro Ùnico
Feminino,57,Fundamental Incompleto,Fonte Santa ,1,CRAS Prata,CRAS Prata,Público Geral,Cadastro Ùnico
Feminino,22,Médio Incompleto,Santa Rita,2,CRAS Prata,CRAS Prata,Público Geral,Cadastro Ùnico
Feminino,20,Médio Completo,Campo Limpo,2,CRAS Prata,CRAS Prata,Público Geral,Cadastro Ùnico
Feminino,20,Médio Completo,Campo Limpo,2,CRAS Prata,CRAS Prata,Público Geral,Assistente Social 
Feminino,58,Fundamental Incompleto,Três Córregos ,2,CRAS Prata,CRAS Prata,Público Geral,Cadastro Ùnico
Feminino,30,Médio Incompleto,Fonte Santa ,1,CRAS Prata,CRAS Prata,Público Geral,Cadastro Ùnico
Feminino,53,Fundamental Incompleto,Quinta Lebrão,1,CRAS Prata,CRAS Prata,Público Geral,Cadastro Ùnico
Feminino,59,Fundamental Incompleto,Fonte Santa ,1,CRAS Prata,CRAS Prata,Público Geral,Cadastro Ùnico
Masculino,25,Fundamental Incompleto,Fischer,1,CRAS Prata,CRAS Prata,Público Geral,Cadastro Ùnico
Feminino,30,Médio Completo,Campo Limpo,2,CRAS Prata,CRAS Prata,Público Geral,Cadastro Ùnico
Masculino,50,Fundamental Incompleto,Fonte Santa ,1,CRAS Prata,CRAS Prata,Público Geral,Cadastro Ùnico
Feminino,62,Fundamental Incompleto,Fazenda Ermitage,1,CRAS Prata,CRAS Prata,Público Geral,Cadastro Ùnico
Feminino,48,Fundamental Incompleto,Fonte Santa ,1,CRAS Prata,CRAS Prata,Público Geral,Cadastro Ùnico
Feminino,63,Não Escolarizado,Fonte Santa ,1,CRAS Prata,CRAS Prata,Público Geral,Cadastro Ùnico
Feminino,58,Fundamental Incompleto,Três Córregos ,2,CRAS Prata,CRAS Prata,Público Geral,Psicólogo
Feminino,53,Fundamental Incompleto,Quinta Lebrão,1,CRAS Prata,CRAS Prata,Público Geral,Cadastro Ùnico
Masculino,59,Fundamental Incompleto,Fonte Santa ,1,CRAS Prata,CRAS Prata,Público Geral,Cadastro Ùnico
Feminino,32,Médio Completo,Campo Limpo,2,CRAS Prata,CRAS Prata,Público Geral,Assistente Social 
Feminino,57,Fundamental Incompleto,Pessegueiros ,2,CRAS Prata,CRAS Prata,Público Geral,Assistente Social 
Feminino,46,Fundamental Incompleto,Fischer,1,CRAS Prata,CRAS Prata,Público Geral,Cadastro Ùnico
Feminino,65,Fundamental Incompleto,Fischer,1,CRAS Prata,CRAS Prata,Público Geral,Psicólogo
Feminino,25,Fundamental Incompleto,Providência ,2,CRAS Prata,CRAS Prata,Público Geral,Cadastro Ùnico
Feminino,35,Fundamental Incompleto,Três Córregos ,2,CRAS Prata,CRAS Prata,Público Geral,Psicólogo
Feminino,43,Fundamental Incompleto,Água Quente ,2,CRAS Prata,CRAS Prata,Público Geral,Cadastro Ùnico
Feminino,55,Fundamental Incompleto,Pessegueiros ,2,CRAS Prata,CRAS Prata,Público Geral,Assistente Social 
Feminino,45,Fundamental Incompleto,Cruzeiro,2,CRAS Prata,CRAS Prata,Público Geral,Cadastro Ùnico
Feminino,42,Fundamental Incompleto,Prata,2,CRAS Prata,CRAS Prata,Público Geral,Assistente Social 
Feminino,40,Fundamental Incompleto,Fonte Santa ,1,CRAS Prata,CRAS Prata,Público Geral,Assistente Social 
Feminino,18,Fundamental Incompleto,Três Córregos ,2,CRAS Prata,CRAS Prata,Público Geral,Assistente Social 
Masculino,38,Fundamental Incompleto,Fazenda Ermitage,1,CRAS Prata,CRAS Prata,Público Geral,Cadastro Ùnico
Feminino,51,Fundamental Incompleto,Quinta Lebrão,1,CRAS Prata,CRAS Prata,Público Geral,Assistente Social 
Feminino,43,Fundamental Incompleto,Brejal ,2,CRAS Prata,CRAS Prata,Público Geral,Assistente Social 
Masculino,55,Médio Completo,Fonte Santa ,1,CRAS Prata,CRAS Prata,Público Geral,Assistente Social 
Feminino,19,Médio Completo,Fonte Santa ,1,CRAS Prata,CRAS Prata,Público Geral,Assistente Social 
Feminino,19,Médio Incompleto,Santa Rita,2,CRAS Prata,CRAS Prata,Público Geral,Assistente Social 
Feminino,53,Fundamental Incompleto,Quinta Lebrão,1,CRAS Prata,CRAS Prata,Público Geral,Assistente Social 
Feminino,29,Fundamental Incompleto,Quinta Lebrão,1,CRAS Prata,CRAS Prata,Público Geral,Cadastro Ùnico
Feminino,19,Médio Completo,Fonte Santa ,1,CRAS Prata,CRAS Prata,Público Geral,Cadastro Ùnico
Feminino,45,Não Escolarizado,Ponte Nova,2,CRAS Prata,CRAS Prata,Público Geral,Cadastro Ùnico
Feminino,46,Fundamental Incompleto,Fonte Santa ,1,CRAS Prata,CRAS Prata,Público Geral,Assistente Social 
Feminino,60,Fundamental Incompleto,Cruzeiro,2,CRAS Prata,CRAS Prata,Público Geral,Cadastro Ùnico
Feminino,36,Médio Incompleto,Quinta Lebrão,1,CRAS Prata ,CRAS Prata ,Público Geral,Cadastro Ùnico
Feminino,37,Fundamental Incompleto,Três Córregos ,2,CRAS Prata ,CRAS Prata ,Público Geral,Cadastro Ùnico
Masculino,81,Não Escolarizado,Providência ,2,CRAS Prata ,CRAS Prata ,Público Geral,Cadastro Ùnico
Masculino,42,Médio Incompleto,Fazenda Alpina ,2,CRAS Prata ,CRAS Prata ,Público Geral,Cadastro Ùnico
Masculino,44,Fundamental Incompleto,Fischer,1,CRAS Prata ,CRAS Prata ,Público Geral,Cadastro Ùnico
Feminino,37,Fundamental Incompleto,Três Córregos ,2,CRAS Prata ,CRAS Prata ,Público Geral,Psicólogo
Masculino,61,Fundamental Incompleto,Quinta Lebrão,1,CRAS Prata ,CRAS Prata ,Público Geral,Assistente Social 
Feminino,45,Fundamental Incompleto,Fonte Santa ,1,CRAS Prata ,CRAS Prata ,Público Geral,Cadastro Ùnico
Feminino,33,Médio Incompleto,Prata,2,CRAS Prata ,CRAS Prata ,Público Geral,Cadastro Ùnico
Masculino,34,Fundamental Incompleto,Fonte Santa ,1,CRAS Prata ,CRAS Prata ,Público Geral,Cadastro Ùnico
Feminino,42,Fundamental Incompleto,Providência ,2,CRAS Prata,CRAS Prata,Público Geral,Cadastro Ùnico
Feminino,54,Não Escolarizado,Fazenda Ermitage,1,CRAS Prata,CRAS Prata,Público Geral,Assistente Social 
Feminino,32,Fundamental Incompleto,Fonte Santa ,1,CRAS Prata,CRAS Prata,Público Geral,Cadastro Ùnico
Feminino,41,Fundamental Incompleto,Quinta Lebrão,1,CRAS Prata,CRAS Prata,Público Geral,Cadastro Ùnico
Masculino,37,Fundamental Incompleto,Arrieiro,2,CRAS Prata,CRAS Prata,Público Geral,Cadastro Ùnico
Feminino,29,Médio Completo,Quinta Lebrão,1,CRAS Prata,CRAS Prata,Público Geral,Cadastro Ùnico
Feminino,32,Fundamental Incompleto,Fischer,1,CRAS Prata,CRAS Prata,Público Geral,Cadastro Ùnico
Feminino,28,Médio Completo,Prata,2,CRAS Prata,CRAS Prata,Público Geral,Assistente Social 
Feminino,46,Fundamental Incompleto,Arrieiro,2,CRAS Prata,CRAS Prata,Público Geral,Cadastro Ùnico
Feminino,28,Médio Completo,Quinta Lebrão,1,CRAS Prata,CRAS Prata,Público Geral,Assistente Social 
Feminino,47,Médio Completo,Fonte Santa ,1,CRAS Prata,CRAS Prata,Público Geral,Psicólogo
Masculino,45,Fundamental Incompleto,Soledade ,3,CRAS Bonsucesso ,CRAS Bonsucesso ,Público Geral,Psicólogo
Masculino,45,Fundamental Incompleto,Soledade ,3,CRAS Bonsucesso ,CRAS Bonsucesso ,Público Geral,Psicólogo
Feminino,43,Fundamental Incompleto,Fonte Santa ,1,CRAS Prata,CRAS Prata,Público Geral,Assistente Social 
Feminino,27,Médio Completo,Fonte Santa ,1,CRAS Prata,CRAS Prata,Público Geral,Assistente Social 
Feminino,54,Não Escolarizado,Fazenda Ermitage,1,CRAS Prata,CRAS Prata,Público Geral,Cadastro Ùnico
Feminino,41,Fundamental Incompleto,Quinta Lebrão,1,CRAS Prata,CRAS Prata,Público Geral,Cadastro Ùnico
Feminino,41,Fundamental Incompleto,Fischer,1,CRAS Prata,CRAS Prata,Público Geral,Assistente Social 
Masculino,44,Fundamental Incompleto,Fischer,1,CRAS Prata ,CRAS Prata ,Público Geral,Cadastro Ùnico
Feminino,24,Médio Completo,Pião,2,CRAS Prata ,CRAS Prata ,Público Geral,Cadastro Ùnico
Masculino,47,Fundamental Incompleto,Quinta Lebrão,1,CRAS Prata ,CRAS Prata ,Público Geral,Assistente Social 
Feminino,65,Fundamental Incompleto,Água Quente ,2,CRAS Prata ,CRAS Prata ,Público Geral,Assistente Social 
Feminino,41,Fundamental Incompleto,Água Quente ,2,CRAS Prata ,CRAS Prata ,Público Geral,Cadastro Ùnico
Feminino,59,Fundamental Incompleto,Quinta Lebrão,1,CRAS Prata ,CRAS Prata ,Público Geral,Cadastro Ùnico
Masculino,46,Fundamental Incompleto,Água Quente ,2,CRAS Prata ,CRAS Prata ,Público Geral,Assistente Social 
Feminino,66,Fundamental Incompleto,Fonte Santa ,1,CRAS Prata ,CRAS Prata ,Público Geral,Assistente Social 
Masculino,43,Superior Completo,Três Córregos ,2,CRAS Prata ,CRAS Prata ,Público Geral,Cadastro Ùnico
Feminino,48,Fundamental Incompleto,Fonte Santa ,1,CRAS Prata ,CRAS Prata ,Público Geral,Cadastro Ùnico
Feminino,35,Médio Completo,Fazenda Ermitage,1,CRAS Prata ,CRAS Prata ,Público Geral,Cadastro Ùnico
Feminino,46,Fundamental Incompleto,Fonte Santa ,1,CRAS Prata,CRAS Prata,Público Geral,Psicólogo
Masculino,48,Fundamental Incompleto,Santa Rita,2,CRAS Prata,CRAS Prata,Público Geral,Cadastro Ùnico
Feminino,46,Fundamental Incompleto,Fonte Santa ,1,CRAS Prata,CRAS Prata,Público Geral,Assistente Social 
Feminino,39,Fundamental Incompleto,Fonte Santa ,1,CRAS Prata,CRAS Prata,Público Geral,Assistente Social 
Feminino,39,Médio Incompleto,Fonte Santa ,1,CRAS Prata,CRAS Prata,Público Geral,Assistente Social 
Feminino,46,Fundamental Incompleto,Fonte Santa ,1,CRAS Prata,CRAS Prata,Público Geral,Assistente Social 
Feminino,35,Fundamental Incompleto,Fischer,1,CRAS Prata,CRAS Prata,Público Geral,Assistente Social 
Feminino,36,Fundamental Incompleto,Fischer,1,CRAS Prata,CRAS Prata,Público Geral,Assistente Social 
Feminino,31,Fundamental Incompleto,Fischer,1,CRAS Prata,CRAS Prata,Público Geral,Assistente Social 
Feminino,50,Fundamental Incompleto,Quinta Lebrão,1,CRAS Prata,CRAS Prata,Público Geral,Assistente Social 
Feminino,45,Médio Completo,Fonte Santa ,1,CRAS Prata,CRAS Prata,Público Geral,Assistente Social 
Feminino,45,Fundamental Incompleto,Fonte Santa ,1,CRAS Prata,CRAS Prata,Público Geral,Assistente Social 
Feminino,43,Fundamental Incompleto,Fonte Santa ,1,CRAS Prata,CRAS Prata,Público Geral,Assistente Social 
Feminino,37,Fundamental Incompleto,Fischer,1,CRAS Prata ,CRAS Prata ,Público Geral,Cadastro Ùnico
Feminino,43,Médio Completo,Fonte Santa ,1,CRAS Prata ,CRAS Prata ,Público Geral,Cadastro Ùnico
Feminino,44,Fundamental Incompleto,Fonte Santa ,1,CRAS Prata ,CRAS Prata ,Público Geral,Assistente Social 
Feminino,68,Fundamental Incompleto,Fazenda Ermitage,1,CRAS Prata ,CRAS Prata ,Público Geral,Cadastro Ùnico
Feminino,65,Fundamental Incompleto,Quinta Lebrão,1,CRAS Prata ,CRAS Prata ,Público Geral,Assistente Social 
Feminino,39,Fundamental Incompleto,Água Quente ,2,CRAS Prata ,CRAS Prata ,Público Geral,Cadastro Ùnico
Feminino,44,Fundamental Incompleto,Fonte Santa ,1,CRAS Prata ,CRAS Prata ,Público Geral,Cadastro Ùnico
Feminino,57,Não Escolarizado,Fazenda Ermitage,1,CRAS Prata ,CRAS Prata ,Público Geral,Cadastro Ùnico
Feminino,33,Médio Incompleto,Fazenda Ermitage,1,CRAS Prata ,CRAS Prata ,Público Geral,Cadastro Ùnico
Feminino,61,Fundamental Incompleto,Fazenda Ermitage,1,CRAS Prata ,CRAS Prata ,Público Geral,Cadastro Ùnico
Feminino,48,Fundamental Incompleto,Boa União ,2,CRAS Prata ,CRAS Prata ,Público Geral,Cadastro Ùnico
Feminino,65,Fundamental Incompleto,Fischer,1,CRAS Prata ,CRAS Prata ,Público Geral,Cadastro Ùnico
Feminino,68,Fundamental Incompleto,Fazenda Ermitage,1,CRAS Prata ,CRAS Prata ,Público Geral,Cadastro Ùnico
Feminino,56,Fundamental Incompleto,Quinta Lebrão,1,CRAS Prata ,CRAS Prata ,Público Geral,Assistente Social 
Feminino,43,Médio Completo,Quinta Lebrão,1,CRAS Prata ,CRAS Prata ,Público Geral,Cadastro Ùnico
Feminino,66,Fundamental Incompleto,Fazenda Ermitage,1,CRAS Prata ,CRAS Prata ,Público Geral,Cadastro Ùnico
Feminino,47,Fundamental Incompleto,Fonte Santa ,1,CRAS Prata ,CRAS Prata ,Público Geral,Cadastro Ùnico
Feminino,62,Médio Completo,Fonte Santa ,1,CRAS Prata ,CRAS Prata ,Público Geral,Cadastro Ùnico
Feminino,30,Médio Incompleto,Prata ,2,CRAS Prata ,CRAS Prata ,Público Geral,Cadastro Ùnico
Feminino,40,Fundamental Incompleto,Cruzeiro ,2,CRAS Prata ,CRAS Prata ,Público Geral,Cadastro Ùnico
Feminino,Não Informado,Médio Completo,Serra do Capim,2,CRAS Prata,CRAS Prata,Público Geral,Cadastro Ùnico
Feminino,33,Médio Incompleto,Fazenda Ermitage,1,CRAS Prata ,CRAS Prata ,Público Geral,Cadastro Ùnico
Feminino,56,Médio Completo,Fazenda Ermitage,1,CRAS Prata ,CRAS Prata ,Público Geral,Cadastro Ùnico
Feminino,51,Médio Completo,Vale Paraíso,1,CRAS Alto,CRAS Alto,Público Geral,Cadastro Ùnico
Feminino,56,Médio Incompleto,Fonte Santa ,1,CRAS Prata ,CRAS Prata ,Público Geral,Cadastro Ùnico
Feminino,45,Fundamental Incompleto,Quinta Lebrão,1,CRAS Prata ,CRAS Prata ,Público Geral,Cadastro Ùnico
Feminino,20,Médio Incompleto,Fischer,1,CRAS Prata ,CRAS Prata ,Público Geral,Cadastro Ùnico
Feminino,23,Médio Completo,Quinta Lebrão,1,CRAS Prata ,CRAS Prata ,Público Geral,Cadastro Ùnico
Feminino,41,Fundamental Incompleto,Fazenda Ermitage,1,CRAS Prata ,CRAS Prata ,Público Geral,Cadastro Ùnico
Masculino,61,Fundamental Incompleto,Fonte Santa ,,CRAS Prata,CRAS Prata,PAIF,Assistente Social 
Feminino,65,Fundamental Incompleto,Fonte Santa ,1,CRAS Prata,CRAS Prata,Público Geral,Assistente Social 
Feminino,56,Médio Completo,Fazenda Ermitage,1,CRAS Prata,CRAS Prata,Público Geral,Psicólogo
Feminino,26,Médio Completo,Arrieiro,2,CRAS Prata ,CRAS Prata ,Público Geral,Assistente Social 
Feminino,51,Médio Completo,Fonte Santa ,1,CRAS Prata,CRAS Prata,Público Geral,Assistente Social 
Feminino,46,Fundamental Incompleto,Quinta Lebrão,1,CRAS Prata,CRAS Prata,Público Geral,Assistente Social 
Feminino,46,Fundamental Incompleto,Fazenda Ermitage,1,CRAS Prata,CRAS Prata,Público Geral,Assistente Social 
Feminino,43,Fundamental Incompleto,Fonte Santa ,1,CRAS Prata,CRAS Prata,Público Geral,Assistente Social 
Feminino,56,Fundamental Incompleto,Serra do Capim,2,CRAS Prata,CRAS Prata,Público Geral,Assistente Social 
Feminino,31,Fundamental Incompleto,Fonte Santa ,1,CRAS Prata ,CRAS Prata ,Público Geral,Cadastro Ùnico
Feminino,51,Fundamental Incompleto,Fonte Santa ,1,CRAS Prata ,CRAS Prata ,Público Geral,Cadastro Ùnico
Feminino,35,Médio Incompleto,Água Quente ,2,CRAS Prata ,CRAS Prata ,Público Geral,Cadastro Ùnico
Feminino,51,Médio Completo,Fonte Santa ,1,CRAS Prata ,CRAS Prata ,Público Geral,Cadastro Ùnico
Feminino,23,Fundamental Incompleto,Três Córregos ,2,CRAS Prata ,CRAS Prata ,Público Geral,Cadastro Ùnico
Feminino,52,Médio Completo,Fazenda Ermitage,1,CRAS Prata ,CRAS Prata ,Público Geral,Assistente Social 
Feminino,29,Fundamental Incompleto,Quinta Lebrão,1,CRAS Prata,CRAS Prata,Público Geral,Assistente Social 
Feminino,67,Fundamental Incompleto,Providência ,2,CRAS Prata,CRAS Prata,Público Geral,Assistente Social 
Masculino,56,Fundamental Incompleto,Fonte Santa ,1,CRAS Prata,CRAS Prata,Público Geral,Cadastro Ùnico
Feminino,24,Médio Completo,Quinta Lebrão,1,CRAS Prata ,CRAS Prata ,Público Geral,Assistente Social 
Feminino,42,Médio Incompleto,Quinta Lebrão,1,CRAS Prata ,CRAS Prata ,Público Geral,Cadastro Ùnico
Feminino,Não Informado,Médio Completo,Não Informado,Não Informado,CRAS Prata ,CRAS Prata ,Público Geral,Assistente Social 
Feminino,34,Médio Incompleto,Fonte Santa ,1,CRAS Prata ,CRAS Prata ,Público Geral,Cadastro Ùnico
Feminino,23,Fundamental Incompleto,Três Córregos ,2,CRAS Prata ,CRAS Prata ,Público Geral,Assistente Social 
Feminino,64,Fundamental Incompleto,Quinta Lebrão,1,CRAS Prata ,CRAS Prata ,Público Geral,Cadastro Ùnico
Feminino,71,Fundamental Incompleto,Fonte Santa ,1,CRAS Prata ,CRAS Prata ,Público Geral,Assistente Social 
Feminino,32,Médio Completo,Água Quente ,2,CRAS Prata ,CRAS Prata ,Público Geral,Assistente Social 
Feminino,82,Fundamental Incompleto,Prata ,2,CRAS Prata ,CRAS Prata ,Público Geral,Cadastro Ùnico
Feminino,43,Fundamental Incompleto,Fonte Santa ,1,CRAS Prata ,CRAS Prata ,Público Geral,Cadastro Ùnico
Feminino,64,Fundamental Incompleto,Quinta Lebrão,1,CRAS Prata ,CRAS Prata ,Público Geral,Assistente Social 
Feminino,37,Fundamental Completo,Brejal ,2,CRAS Prata ,CRAS Prata ,Público Geral,Assistente Social 
Feminino,42,Médio Completo,Três Córregos ,2,CRAS Prata ,CRAS Prata ,Público Geral,Cadastro Ùnico
Feminino,53,Fundamental Incompleto,Quinta Lebrão,1,CRAS Prata ,CRAS Prata ,Público Geral,Cadastro Ùnico
Feminino,28,Fundamental Incompleto,Fonte Santa ,1,CRAS Prata ,CRAS Prata ,Público Geral,Assistente Social 
Feminino,56,Superior Completo,Fazenda Alpina ,2,CRAS Prata ,CRAS Prata ,Público Geral,Cadastro Ùnico
Feminino,20,Médio Completo,Fonte Santa ,1,CRAS Prata ,CRAS Prata ,Público Geral,Assistente Social 
Feminino,24,Fundamental Incompleto,Fonte Santa ,1,CRAS Prata ,CRAS Prata ,Público Geral,Assistente Social 
Feminino,31,Fundamental Incompleto,Fonte Santa ,1,CRAS Prata ,CRAS Prata ,Público Geral,Assistente Social 
Feminino,43,Fundamental Incompleto,Fonte Santa ,1,CRAS Prata ,CRAS Prata ,Público Geral,Cadastro Ùnico
Masculino,63,Fundamental Incompleto,Fonte Santa ,1,CRAS Prata ,CRAS Prata ,Público Geral,Assistente Social 
Feminino,44,Fundamental Incompleto,Fonte Santa ,1,CRAS Prata ,CRAS Prata ,Público Geral,Cadastro Ùnico
Feminino,56,Médio Completo,Fonte Santa ,1,CRAS Prata ,CRAS Prata ,Público Geral,Cadastro Ùnico
Feminino,56,Médio Incompleto,Três Córregos ,2,CRAS Prata ,CRAS Prata ,Público Geral,Cadastro Ùnico
Feminino,50,Fundamental Incompleto,Cruzeiro ,2,CRAS Prata ,CRAS Prata ,Público Geral,Cadastro Ùnico
Feminino,67,Fundamental Incompleto,Fazenda Ermitage,1,CRAS Prata ,CRAS Prata ,Público Geral,Cadastro Ùnico
Feminino,43,Fundamental Incompleto,Fonte Santa ,1,CRAS Prata ,CRAS Prata ,Público Geral,Assistente Social 
Masculino,61,Fundamental Incompleto,Fazenda Ermitage,1,CRAS Prata ,CRAS Prata ,Público Geral,Cadastro Ùnico
Masculino,61,Não Escolarizado,Quinta Lebrão,1,CRAS Prata ,CRAS Prata ,Público Geral,Cadastro Ùnico
Feminino,52,Fundamental Incompleto,Quinta Lebrão,1,CRAS Prata ,CRAS Prata ,Público Geral,Cadastro Ùnico
Feminino,27,Médio Incompleto,Quinta Lebrão,1,CRAS Prata ,CRAS Prata ,Público Geral,Cadastro Ùnico
Feminino,27,Médio Incompleto,Quinta Lebrão,1,CRAS Prata ,CRAS Prata ,Público Geral,Assistente Social 
Masculino,51,Fundamental Incompleto,Quinta Lebrão,1,CRAS Prata ,CRAS Prata ,Público Geral,Assistente Social 
Feminino,59,Fundamental Incompleto,Fazenda Ermitage,1,CRAS Prata ,CRAS Prata ,Público Geral,Cadastro Ùnico
Feminino,60,Fundamental Incompleto,Cruzeiro ,2,CRAS Prata ,CRAS Prata ,Público Geral,Cadastro Ùnico
Masculino,28,Fundamental Incompleto,Santa Rita,2,CRAS Prata ,CRAS Prata ,Público Geral,Assistente Social 
Feminino,41,Médio Completo,Quinta Lebrão,1,CRAS Prata ,CRAS Prata ,Público Geral,Assistente Social 
Masculino,61,Médio Incompleto,Fazenda Ermitage,1,CRAS Prata ,CRAS Prata ,Público Geral,Assistente Social 
Masculino,65,Não Escolarizado,Fazenda Ermitage,1,CRAS Prata ,CRAS Prata ,Público Geral,Assistente Social 
Feminino,56,Fundamental Incompleto,Providência ,2,CRAS Prata ,CRAS Prata ,Público Geral,Assistente Social 
Masculino,60,Não Escolarizado,Fonte Santa ,1,CRAS Prata ,CRAS Prata ,Público Geral,Cadastro Ùnico
Feminino,25,Médio Completo,Fonte Santa ,1,CRAS Prata ,CRAS Prata ,Público Geral,Cadastro Ùnico
Feminino,36,Fundamental Incompleto,Fonte Santa ,1,CRAS Prata ,CRAS Prata ,Público Geral,Cadastro Ùnico
Masculino,63,Fundamental Incompleto,Fonte Santa ,1,CRAS Prata ,CRAS Prata ,Público Geral,Assistente Social 
Feminino,63,Não Escolarizado,Fonte Santa ,1,CRAS Prata,CRAS Prata,Público Geral,Assistente Social 
Feminino,36,Médio Incompleto,Água Quente ,2,CRAS Prata,CRAS Prata,Público Geral,Assistente Social 
Feminino,29,Médio Completo,Providência ,2,CRAS Prata ,CRAS Prata ,Público Geral,Cadastro Ùnico
Feminino,45,Não Escolarizado,Pessegueiros ,2,CRAS Prata ,CRAS Prata ,Público Geral,Assistente Social 
Feminino,26,Fundamental Incompleto,Fonte Santa ,1,CRAS Prata ,CRAS Prata ,Público Geral,Assistente Social 
Feminino,37,Médio Incompleto,Fonte Santa ,1,CRAS Prata ,CRAS Prata ,Público Geral,Cadastro Ùnico
Feminino,32,Fundamental Incompleto,Fischer,1,CRAS Prata,CRAS Prata,Público Geral,Cadastro Ùnico
Feminino,71,Fundamental Incompleto,Vale da Revolta ,1,CRAS Meudom ,CRAS Meudom ,Público Geral,Assistente Social 
Feminino,29,Fundamental Incompleto,Quinta Lebrão,1,CRAS Prata ,CRAS Prata ,Público Geral,Assistente Social 
Feminino,34,Médio Completo,Quinta Lebrão,1,CRAS Prata ,CRAS Prata ,Público Geral,Cadastro Ùnico
Feminino,39,Fundamental Incompleto,Fazenda Alpina ,,CRAS Prata ,CRAS Prata ,PAIF ,Assistente Social 
Feminino,43,Fundamental Incompleto,Fazenda Ermitage,,CRAS Prata ,CRAS Prata ,PAIF ,Assistente Social 
Feminino,46,Fundamental Incompleto,Arrieiro,,CRAS Prata,CRAS Prata,PAIF ,Assistente Social 
Feminino,34,Não Informado,Santa Rita,,CRAS Prata,CRAS Prata,PAIF ,Assistente Social 
Feminino,61,Fundamental Incompleto,Fazenda Ermitage,1,CRAS Prata,CRAS Prata,Público Geral,Assistente Social 
Feminino,37,Fundamental Completo,Santa Rita,,CRAS Prata,CRAS Prata,PAIF ,Assistente Social 
Feminino,65,Fundamental Incompleto,Fazenda Ermitage,1,CRAS Prata,CRAS Prata,Público Geral,Assistente Social 
Feminino,65,Fundamental Incompleto,Fazenda Ermitage,1,CRAS Prata,CRAS Prata,Público Geral,Assistente Social 
Feminino,64,Fundamental Incompleto,Santa Rita,,CRAS Prata,CRAS Prata,PAIF ,Assistente Social 
Feminino,92,Não Escolarizado,Fazenda Ermitage,1,CRAS Prata,CRAS Prata,Público Geral,Assistente Social 
Feminino,38,Fundamental Incompleto,Fischer,,CRAS Prata,CRAS Prata,PAIF ,Assistente Social 
Feminino,30,Fundamental Incompleto,Fischer,,CRAS Prata,CRAS Prata,PAIF ,Assistente Social 
Feminino,92,Não Escolarizado,Fazenda Ermitage,1,CRAS Prata,CRAS Prata,Público Geral,Assistente Social 
Masculino,66,Fundamental Incompleto,Pessegueiros ,,CRAS Prata,CRAS Prata,Não Informado,Não Informado
Masculino,65,Não Escolarizado,Fazenda Ermitage,1,CRAS Prata ,CRAS Prata ,Público Geral,Assistente Social 
Masculino,60,Fundamental Incompleto,Fazenda Ermitage,1,CRAS Prata ,CRAS Prata ,Público Geral,Cadastro Ùnico
Feminino,51,Médio Completo,Três Córregos ,2,CRAS Prata ,CRAS Prata ,Público Geral,Cadastro Ùnico
Feminino,65,Fundamental Incompleto,Quinta Lebrão,1,CRAS Prata,CRAS Prata,Público Geral,Psicólogo
Feminino,26,Fundamental Incompleto,Fonte Santa ,1,CRAS Prata,CRAS Prata,Público Geral,Psicólogo
Feminino,51,Médio Completo,Água Quente ,2,CRAS Prata,CRAS Prata,Público Geral,Cadastro Ùnico
Feminino,44,Médio Completo,Fazenda Ermitage,1,CRAS Prata,CRAS Prata,Público Geral,Cadastro Ùnico
Masculino,48,Fundamental Incompleto,Fischer,1,CRAS Prata,CRAS Prata,Público Geral,Cadastro Ùnico
Feminino,65,Fundamental Incompleto,Fischer,1,CRAS Prata,CRAS Prata,Público Geral,SCFV
Feminino,65,Fundamental Incompleto,Quinta Lebrão,1,CRAS Prata,CRAS Prata,Público Geral,SCFV
Feminino,66,Fundamental Incompleto,Três Córregos ,2,CRAS Prata,CRAS Prata,Público Geral,SCFV
Feminino,65,Fundamental Incompleto,Santa Rita,2,CRAS Prata,CRAS Prata,Público Geral,SCFV
Feminino,64,Fundamental Incompleto,Quinta Lebrão,1,CRAS Prata,CRAS Prata,Público Geral,SCFV
Masculino,82,Fundamental Incompleto,Prata,2,CRAS Prata,CRAS Prata,Público Geral,SCFV
Feminino,73,Fundamental Incompleto,Fonte Santa ,1,CRAS Prata,CRAS Prata,Público Geral,SCFV
Feminino,64,Fundamental Incompleto,Fonte Santa ,1,CRAS Prata,CRAS Prata,Público Geral,SCFV
Feminino,71,Fundamental Incompleto,Prata,,CRAS Prata,CRAS Prata,PAIF,SCFV
Feminino,33,Médio Completo,Água Quente ,2,CRAS Prata,CRAS Prata,Público Geral,SCFV
Feminino,23,Médio Incompleto,Quinta Lebrão,1,CRAS Prata,CRAS Prata,Público Geral,SCFV
Feminino,51,Fundamental Incompleto,Prata,2,CRAS Prata,CRAS Prata,Público Geral,SCFV
Feminino,45,Fundamental Incompleto,Prata,2,CRAS Prata,CRAS Prata,Público Geral,SCFV
Feminino,23,Médio Incompleto,Prata,2,CRAS Prata,CRAS Prata,Público Geral,SCFV
Feminino,46,Fundamental Incompleto,Fazenda Ermitage,1,CRAS Prata,CRAS Prata,Público Geral,SCFV
Feminino,23,Não Informado,Serra Do Capim ,2,CRAS Prata ,CRAS Prata ,Público Geral,Assistente Social 
Masculino,52,Não Informado,Fazenda Ermitage,1,CRAS Prata ,CRAS Prata ,Público Geral,Cadastro Ùnico
Masculino,63,Fundamental Incompleto,Fonte Santa ,1,CRAS Prata ,CRAS Prata ,Público Geral,Assistente Social 
Masculino,65,Não Informado,Fazenda Ermitage,1,CRAS Prata ,CRAS Prata ,Público Geral,Assistente Social 
Masculino,Não Informado,Não Informado,Não Informado,Não Informado,CRAS Prata ,CRAS Prata ,Público Geral,Cadastro Ùnico
Feminino,29,Não Informado,Providência ,2,CRAS Prata ,CRAS Prata ,Público Geral,Assistente Social 
Feminino,33,Não Informado,Água Quente ,2,CRAS Prata ,CRAS Prata ,Público Geral,Assistente Social 
Feminino,53,Não Informado,Cruzeiro ,2,CRAS Prata ,CRAS Prata ,Público Geral,Cadastro Ùnico
Feminino,Não Informado,Não Informado,Não Informado,Não Informado,CRAS Prata ,CRAS Prata ,Público Geral,Cadastro Ùnico
Feminino,56,Não Informado,Fazenda Ermitage,1,CRAS Prata ,CRAS Prata ,Público Geral,Cadastro Ùnico
Feminino,66,Não Informado,Fonte Santa ,1,CRAS Prata ,CRAS Prata ,Público Geral,Cadastro Ùnico
Feminino,48,Não Informado,Fazenda Ermitage,1,CRAS Prata ,CRAS Prata ,Público Geral,Cadastro Ùnico
Feminino,63,Não Informado,Fonte Santa ,1,CRAS Prata ,CRAS Prata ,Público Geral,Cadastro Ùnico
Feminino,59,Não Informado,Fonte Santa ,1,CRAS Prata ,CRAS Prata ,Público Geral,Cadastro Ùnico
Feminino,51,Não Informado,Prata,2,CRAS Prata ,CRAS Prata ,Público Geral,Assistente Social 
Feminino,63,Não Informado,Quinta Lebrão,1,CRAS Prata ,CRAS Prata ,Público Geral,Cadastro Ùnico
Feminino,41,Não Informado,Quinta Lebrão,1,CRAS Prata ,CRAS Prata ,Público Geral,Cadastro Ùnico
Feminino,62,Não Informado,Fazenda Ermitage,1,CRAS Prata ,CRAS Prata ,Público Geral,Cadastro Ùnico
Feminino,Não Informado,Não Informado,Várzea ,1,CRAS Alto ,CRAS Alto ,Público Geral,Assistente Social 
Masculino,75,Fundamental Incompleto,Quinta Lebrão,1,CRAS Prata ,CRAS Prata ,Público Geral,Cadastro Ùnico
Masculino,44,Fundamental Incompleto,Fazenda Ermitage,1,CRAS Prata ,CRAS Prata ,Público Geral,Cadastro Ùnico
Masculino,73,Não Escolarizado,Fazenda Ermitage,1,CRAS Prata ,CRAS Prata ,Público Geral,Cadastro Ùnico
Feminino,34,Médio Completo,Fazenda Ermitage,1,CRAS Prata ,CRAS Prata ,Público Geral,Cadastro Ùnico
Feminino,63,Fundamental Incompleto,Santa Rita,2,CRAS Prata ,CRAS Prata ,Público Geral,Assistente Social 
Feminino,60,Não Informado,Granja Mafra,2,CRAS Prata ,CRAS Prata ,Público Geral,Cadastro Ùnico
Masculino,39,Não Informado,Não Informado,Não Informado,CRAS Prata ,CRAS Prata ,Público Geral,Cadastro Ùnico
Feminino,34,Não Informado,Fonte Santa ,1,CRAS Prata ,CRAS Prata ,Público Geral,Cadastro Ùnico
Masculino,73,Não Escolarizado,Fazenda Ermitage,1,CRAS Prata ,CRAS Prata ,Público Geral,Assistente Social 
Feminino,34,Não Informado,Pessegueiros ,2,CRAS Prata ,CRAS Prata ,Público Geral,Assistente Social 
Feminino,25,Não Informado,Fazenda Ermitage,1,CRAS Prata ,CRAS Prata ,Público Geral,Cadastro Ùnico
Feminino,34,Não Informado,Fonte Santa ,1,CRAS Prata ,CRAS Prata ,Público Geral,Assistente Social 
Feminino,25,Não Informado,Fazenda Ermitage,1,CRAS Prata ,CRAS Prata ,Público Geral,Assistente Social 
Feminino,31,Fundamental Incompleto,Fischer,1,CRAS Prata ,CRAS Prata ,Público Geral,Cadastro Ùnico
Masculino,24,Não Informado,Fonte Santa ,1,CRAS Prata ,CRAS Prata ,Público Geral,Cadastro Ùnico
Masculino,62,Não Informado,Fazenda Ermitage,1,CRAS Prata ,CRAS Prata ,Público Geral,Assistente Social 
Masculino,45,Não Informado,Quinta Lebrão,1,CRAS Prata ,CRAS Prata ,Público Geral,Cadastro Ùnico
Feminino,Não Informado,Não Informado,Providência ,2,CRAS Prata ,CRAS Prata ,Público Geral,Cadastro Ùnico
Feminino,Não Informado,Não Informado,Providência ,2,CRAS Prata ,CRAS Prata ,Público Geral,Assistente Social 
Feminino,47,Não Informado,Iúcas,1,CRAS Alto ,CRAS Alto ,Público Geral,Cadastro Ùnico
Masculino,29,Não Informado,Andradas,2,CRAS Prata ,CRAS Prata ,Público Geral,Cadastro Ùnico
Feminino,53,Não Informado,Fazenda Ermitage,1,CRAS Prata ,CRAS Prata ,Público Geral,Cadastro Ùnico
Feminino,56,Fundamental Incompleto,Água Quente ,2,CRAS Prata ,CRAS Prata ,Público Geral,Cadastro Ùnico
Feminino,44,Médio Completo,Quinta Lebrão,1,CRAS Prata ,CRAS Prata ,Público Geral,Cadastro Ùnico
Masculino,34,Não Informado,Fonte Santa ,1,CRAS Prata ,CRAS Prata ,Público Geral,Cadastro Ùnico
Feminino,23,Não Informado,Serra do Capim,2,CRAS Prata ,CRAS Prata ,Público Geral,Cadastro Ùnico
Feminino,58,Não Informado,Pessegueiros ,2,CRAS Prata ,CRAS Prata ,Público Geral,Cadastro Ùnico
Feminino,62,Não Informado,Fazenda Ermitage,1,CRAS Prata ,CRAS Prata ,Público Geral,Cadastro Ùnico
Masculino,63,Superior Incompleto,Não Informado,Não Informado,CRAS Prata ,CRAS Prata ,Público Geral,Cadastro Ùnico
Feminino,23,Não Informado,Pimentel,1,CRAS Prata ,CRAS Prata ,Público Geral,Cadastro Ùnico
Feminino,50,Não Informado,Fazenda Ermitage,1,CRAS Prata ,CRAS Prata ,Público Geral,Cadastro Ùnico
Feminino,25,Não Informado,Fischer,1,CRAS Prata ,CRAS Prata ,Público Geral,Cadastro Ùnico
Feminino,68,Não Informado,Fazenda Ermitage,1,CRAS Prata ,CRAS Prata ,Público Geral,Cadastro Ùnico
Feminino,42,Não Informado,Serra do Capim ,2,CRAS Prata ,CRAS Prata ,Público Geral,Assistente Social 
Feminino,32,Não Informado,Quinta Lebrão,1,CRAS Prata ,CRAS Prata ,Público Geral,Cadastro Ùnico
Feminino,42,Não Informado,Campo Limpo,2,CRAS Prata ,CRAS Prata ,Público Geral,Cadastro Ùnico
Feminino,38,Não Informado,Andradas ,2,CRAS Prata ,CRAS Prata ,Público Geral,Cadastro Ùnico
Masculino,52,Não Informado,Quinta Lebrão,1,CRAS Prata ,CRAS Prata ,Público Geral,Cadastro Ùnico
Feminino,35,Não Informado,Quinta Lebrão,1,CRAS Prata ,CRAS Prata ,Público Geral,Cadastro Ùnico
Feminino,33,Não Informado,Meudon,1,CRAS Meudon,CRAS Meudon,Público Geral,Cadastro Ùnico
Feminino,28,Não Informado,Cruzeiro,2,CRAS Prata ,CRAS Prata ,Público Geral,Assistente Social 
Feminino,34,Não Informado,Fonte Santa ,1,CRAS Prata ,CRAS Prata ,Público Geral,Cadastro Ùnico
Feminino,64,Não Informado,Granja Mafra ,2,CRAS Prata ,CRAS Prata ,Público Geral,Cadastro Ùnico
Feminino,Não Informado,Não Informado,Fischer,1,CRAS Prata ,CRAS Prata ,Público Geral,Cadastro Ùnico
Feminino,40,Não Informado,Fonte Santa ,1,CRAS Prata ,CRAS Prata ,Público Geral,Cadastro Ùnico
Feminino,72,Não Informado,Fazenda Ermitage,1,CRAS Prata ,CRAS Prata ,Público Geral,Cadastro Ùnico
Feminino,79,Não Informado,Fischer,1,CRAS Prata ,CRAS Prata ,Público Geral,Cadastro Ùnico
Feminino,22,Não Informado,Fazenda Ermitage,1,CRAS Prata ,CRAS Prata ,Público Geral,Cadastro Ùnico
Feminino,71,Não Informado,Fazenda Ermitage,1,CRAS Prata ,CRAS Prata ,Público Geral,Cadastro Ùnico
Feminino,69,Não Informado,Quinta Lebrão,1,CRAS Prata ,CRAS Prata ,Público Geral,Cadastro Ùnico
Feminino,43,Não Informado,Fazenda Ermitage,1,CRAS Prata ,CRAS Prata ,Público Geral,Cadastro Ùnico
Feminino,48,Não Informado,Fazenda Ermitage,1,CRAS Prata ,CRAS Prata ,Público Geral,Cadastro Ùnico
Feminino,74,Não Informado,Fazenda Ermitage,1,CRAS Prata ,CRAS Prata ,Público Geral,Cadastro Ùnico
Feminino,66,Não Informado,Pessegueiros ,2,CRAS Prata ,CRAS Prata ,Público Geral,Cadastro Ùnico
Feminino,57,Não Informado,Três Córregos ,2,CRAS Prata ,CRAS Prata ,Público Geral,Cadastro Ùnico
Feminino,35,Não Informado,Parque São Luiz,1,CRAS Alto ,CRAS Alto ,Público Geral,Cadastro Ùnico
Feminino,45,Não Informado,Três Córregos ,2,CRAS Prata ,CRAS Prata ,Público Geral,Cadastro Ùnico
Feminino,35,Não Informado,Água Quente ,2,CRAS Prata ,CRAS Prata ,Público Geral,Cadastro Ùnico
Feminino,65,Não Informado,Fonte Santa ,1,CRAS Prata ,CRAS Prata ,Público Geral,Cadastro Ùnico
Feminino,66,Não Informado,Três Córregos ,2,CRAS Prata ,CRAS Prata ,Público Geral,Cadastro Ùnico
Feminino,46,Não Informado,Fazenda Ermitage,1,CRAS Prata ,CRAS Prata ,Público Geral,Cadastro Ùnico
Feminino,48,Não Informado,Fischer,1,CRAS Prata ,CRAS Prata ,Público Geral,Cadastro Ùnico
Feminino,45,Não Informado,Água Quente ,2,CRAS Prata ,CRAS Prata ,Público Geral,Cadastro Ùnico
Feminino,28,Não Informado,Fazenda Ermitage,1,CRAS Prata ,CRAS Prata ,Público Geral,Cadastro Ùnico
Feminino,33,Não Informado,Pessegueiros ,2,CRAS Prata ,CRAS Prata ,Público Geral,Cadastro Ùnico
Feminino,48,Não Informado,Quinta Lebrão,1,CRAS Prata ,CRAS Prata ,Público Geral,Cadastro Ùnico
Feminino,Não Informado,Não Informado,Não Informado,Não Informado,CRAS Prata ,CRAS Prata ,Público Geral,Cadastro Ùnico
Feminino,31,Não Informado,Fischer,1,CRAS Prata ,CRAS Prata ,Público Geral,Cadastro Ùnico
Feminino,59,Não Informado,Quinta Lebrão,1,CRAS Prata ,CRAS Prata ,Público Geral,Cadastro Ùnico
Feminino,51,Não Informado,Campo Limpo,2,CRAS Prata ,CRAS Prata ,Público Geral,Cadastro Ùnico
Feminino,60,Não Informado,Fazenda Ermitage,1,CRAS Prata ,CRAS Prata ,Público Geral,Cadastro Ùnico
Feminino,47,Não Informado,Quinta Lebrão,1,CRAS Prata ,CRAS Prata ,Público Geral,Cadastro Ùnico
Feminino,48,Não Informado,Quinta Lebrão,1,CRAS Prata ,CRAS Prata ,Público Geral,Cadastro Ùnico
Feminino,Não Informado,Não Informado,Não Informado,Não Informado,CRAS Prata ,CRAS Prata ,Público Geral,Cadastro Ùnico
Masculino,Não Informado,Não Informado,Não Informado,Não Informado,CRAS Prata ,CRAS Prata ,Público Geral,Cadastro Ùnico
Feminino,29,Não Informado,Quinta Lebrão,1,CRAS Prata ,CRAS Prata ,Público Geral,Cadastro Ùnico
Feminino,37,Não Informado,Barra do Imbuí,1,CRAS Barra,CRAS Barra,Público Geral,Cadastro Ùnico
Masculino,Não Informado,Fundamental Incompleto,Não Informado,Não Informado,CRAS Prata ,CRAS Prata ,Público Geral,Cadastro Ùnico
Feminino,77,Não Informado,Fazenda Ermitage,1,CRAS Prata ,CRAS Prata ,Público Geral,Cadastro Ùnico
Feminino,87,Não Informado,Quinta Lebrão,1,CRAS Prata ,CRAS Prata ,Público Geral,Cadastro Ùnico
Feminino,46,Não Informado,Três Córregos ,2,CRAS Prata ,CRAS Prata ,Público Geral,Cadastro Ùnico
Masculino,44,Não Informado,Quinta Lebrão,1,CRAS Prata ,CRAS Prata ,Público Geral,Cadastro Ùnico
Feminino,57,Não Informado,Fazenda Ermitage,1,CRAS Prata ,CRAS Prata ,Público Geral,Cadastro Ùnico
Masculino,24,Fundamental Incompleto,Não Informado,Não Informado,CRAS Prata ,CRAS Prata ,Público Geral,Cadastro Ùnico
Feminino,18,Não Informado,Rosário,1,CRAS São Pedro ,CRAS São Pedro ,Público Geral,Assistente Social 
Feminino,65,Não Informado,Fonte Santa ,1,CRAS Prata ,CRAS Prata ,Público Geral,Assistente Social 
Feminino,45,Não Informado,Fonte Santa ,1,CRAS Prata ,CRAS Prata ,Público Geral,Cadastro Ùnico
Masculino,24,Fundamental Incompleto,Cruzeiro,2,CRAS Prata ,CRAS Prata ,Público Geral,Assistente Social 
Feminino,39,Não Informado,Fonte Santa ,1,CRAS Prata ,CRAS Prata ,Público Geral,Cadastro Ùnico
Feminino,60,Não Informado,Jardim Meudon ,1,CRAS Meudon,CRAS Meudon,Público Geral,Assistente Social 
Feminino,25,Não Informado,Quinta Lebrão,1,CRAS Prata ,CRAS Prata ,Público Geral,Assistente Social 
Masculino,65,Não Informado,Quinta Lebrão,1,CRAS Prata ,CRAS Prata ,Público Geral,Assistente Social 
Masculino,69,Não Informado,Providência ,2,CRAS Prata ,CRAS Prata ,Público Geral,Cadastro Ùnico
Feminino,23,Não Informado,Serra do Capim ,2,CRAS Prata ,CRAS Prata ,Público Geral,Assistente Social 
Feminino,Não Informado,Não Informado,Não Informado,Não Informado,CRAS Prata ,CRAS Prata ,Público Geral,Cadastro Ùnico
Masculino,44,Não Informado,Fonte Santa ,1,CRAS Prata ,CRAS Prata ,Público Geral,Cadastro Ùnico
Feminino,46,Não Informado,Vieira ,3,CRAS Bonsucesso ,CRAS Bonsucesso ,Público Geral,Cadastro Ùnico
Masculino,73,Não Escolarizado,Fazenda Ermitage,1,CRAS Prata ,CRAS Prata ,Público Geral,Cadastro Ùnico
Feminino,64,Fundamental Incompleto,Santa Rita,2,CRAS Prata ,CRAS Prata ,Público Geral,Cadastro Ùnico
Feminino,59,Fundamental Incompleto,Cruzeiro ,2,CRAS Prata ,CRAS Prata ,Público Geral,Cadastro Ùnico
Feminino,41,Fundamental Incompleto,Fonte Santa ,1,CRAS Prata ,CRAS Prata ,Público Geral,Cadastro Ùnico
Feminino,39,Fundamental Incompleto,Fonte Santa ,1,CRAS Prata ,CRAS Prata ,Público Geral,Cadastro Ùnico
Feminino,45,Fundamental Incompleto,Quinta Lebrão,1,CRAS Prata ,CRAS Prata ,Público Geral,Cadastro Ùnico
Feminino,59,Fundamental Incompleto,Fischer,1,CRAS Prata ,CRAS Prata ,Público Geral,Cadastro Ùnico
Feminino,63,Fundamental Incompleto,Providência ,2,CRAS Prata ,CRAS Prata ,Público Geral,Cadastro Ùnico
Feminino,49,Não Informado,Fonte Santa ,1,CRAS Prata ,CRAS Prata ,Público Geral,Assistente Social 
Feminino,63,Fundamental Incompleto,Providência ,2,CRAS Prata ,CRAS Prata ,Público Geral,Assistente Social 
Feminino,41,Fundamental Incompleto,Fonte Santa ,1,CRAS Prata ,CRAS Prata ,Público Geral,Assistente Social 
Feminino,24,Médio Completo,Não Informado,Não Informado,CRAS Prata ,CRAS Prata ,Público Geral,Cadastro Ùnico
Feminino,65,Fundamental Incompleto,Fonte Santa ,1,CRAS Prata ,CRAS Prata ,Público Geral,Assistente Social 
Masculino,23,Médio Incompleto,Fischer,1,CRAS Prata ,CRAS Prata ,Público Geral,Cadastro Ùnico
Feminino,20,Médio Incompleto,Fischer,1,CRAS Prata ,CRAS Prata ,Público Geral,Assistente Social 
Feminino,Não Informado,Não Informado,Não Informado,Não Informado,CRAS Prata ,CRAS Prata ,Público Geral,Cadastro Ùnico
Feminino,49,Não Informado,Santa Rita,2,CRAS Prata ,CRAS Prata ,Público Geral,Cadastro Ùnico
Feminino,25,Não Informado,Fischer,1,CRAS Prata ,CRAS Prata ,Público Geral,Cadastro Ùnico
Masculino,35,Não Informado,Fonte Santa ,1,CRAS Prata ,CRAS Prata ,Público Geral,Cadastro Ùnico
Feminino,26,Não Informado,Fischer,1,CRAS Prata ,CRAS Prata ,Público Geral,Assistente Social 
Masculino,54,Não Informado,Não Informado,Não Informado,CRAS Prata ,CRAS Prata ,Público Geral,Cadastro Ùnico
Feminino,21,Não Informado,Prata,2,CRAS Prata ,CRAS Prata ,Público Geral,Cadastro Ùnico
Feminino,44,Não Informado,Quinta Lebrão,1,CRAS Prata ,CRAS Prata ,Público Geral,Assistente Social 
Feminino,20,Não Informado,Água Quente ,2,CRAS Prata ,CRAS Prata ,Público Geral,Cadastro Ùnico
Feminino,22,Não Informado,Quinta Lebrão,1,CRAS Prata ,CRAS Prata ,Público Geral,Cadastro Ùnico
Feminino,Não Informado,Fundamental Incompleto,Não Informado,Não Informado,CRAS Prata ,CRAS Prata ,Público Geral,Cadastro Ùnico
Feminino,25,Não Informado,Fischer,1,CRAS Prata ,CRAS Prata ,Público Geral,Cadastro Ùnico
Masculino,31,Não Informado,Fischer,1,CRAS Prata ,CRAS Prata ,Público Geral,Cadastro Ùnico
Feminino,39,Não Informado,Fonte Santa ,1,CRAS Prata ,CRAS Prata ,Público Geral,Cadastro Ùnico
Feminino,40,Não Informado,Fonte Santa ,1,CRAS Prata ,CRAS Prata ,Público Geral,Cadastro Ùnico
Feminino,21,Não Informado,Prata ,2,CRAS Prata ,CRAS Prata ,Público Geral,Cadastro Ùnico
Feminino,40,Não Informado,Água Quente ,2,CRAS Prata ,CRAS Prata ,Público Geral,Cadastro Ùnico
Masculino,Não Informado,Não Informado,Não Informado,Não Informado,CRAS Prata ,CRAS Prata ,Público Geral,Assistente Social 
Masculino,Não Informado,Não Informado,Não Informado,Não Informado,CRAS Prata ,CRAS Prata ,Público Geral,Assistente Social 
Masculino,31,Não Informado,Fischer,1,CRAS Prata ,CRAS Prata ,Público Geral,Assistente Social 
Feminino,24,Não Informado,Três Córregos ,2,CRAS Prata ,CRAS Prata ,Público Geral,Cadastro Ùnico
Masculino,Não Informado,Não Informado,Não Informado,Não Informado,CRAS Prata ,CRAS Prata ,Público Geral,Assistente Social 
Masculino,Não Informado,Não Informado,Não Informado,Não Informado,CRAS Prata ,CRAS Prata ,Público Geral,Assistente Social 
Masculino,48,Não Informado,Fischer,1,CRAS Prata ,CRAS Prata ,Público Geral,Assistente Social 
Feminino,31,Não Informado,Fischer,1,CRAS Prata ,CRAS Prata ,Público Geral,Assistente Social 
Masculino,Não Informado,Não Informado,Não Informado,Não Informado,CRAS Prata ,CRAS Prata ,Público Geral,Assistente Social 
Feminino,26,Não Informado,Fischer,1,CRAS Prata ,CRAS Prata ,Público Geral,Assistente Social 
Masculino,23,Não Informado,Fischer,1,CRAS Prata ,CRAS Prata ,Público Geral,Assistente Social 
Feminino,23,Não Informado,Fischer,1,CRAS Prata ,CRAS Prata ,Público Geral,Assistente Social 
Masculino,45,Não Informado,Fonte Santa ,1,CRAS Prata ,CRAS Prata ,Público Geral,Cadastro Ùnico
Masculino,40,Não Informado,Agriões ,1,CRAS Alto ,CRAS Alto ,Público Geral,Assistente Social 
Feminino,63,Não Informado,Fischer,1,CRAS Prata ,CRAS Prata ,Público Geral,Assistente Social 
Feminino,34,Não Informado,Fischer,1,CRAS Prata ,CRAS Prata ,Público Geral,Assistente Social 
Feminino,28,Não Informado,Fischer,1,CRAS Prata ,CRAS Prata ,Público Geral,Assistente Social 
Feminino,26,Não Informado,Fischer,1,CRAS Prata ,CRAS Prata ,Público Geral,Assistente Social 
Feminino,31,Não Informado,Fischer,1,CRAS Prata ,CRAS Prata ,Público Geral,Assistente Social 
Feminino,25,Não Informado,Fischer,1,CRAS Prata ,CRAS Prata ,Público Geral,Assistente Social 
Feminino,24,Não Informado,Fischer,1,CRAS Prata ,CRAS Prata ,Público Geral,Assistente Social 
Feminino,Não Informado,Não Informado,Não Informado,Não Informado,CRAS Prata ,CRAS Prata ,Público Geral,Assistente Social 
Feminino,32,Não Informado,Fischer,1,CRAS Prata ,CRAS Prata ,Público Geral,Assistente Social 
Masculino,53,Não Informado,Água Quente ,2,CRAS Prata ,CRAS Prata ,Público Geral,Cadastro Ùnico
Feminino,59,Fundamental Incompleto,Fischer,1,CRAS Prata ,CRAS Prata ,Público Geral,Assistente Social 
Feminino,29,Não Informado,Fazenda Ermitage,1,CRAS Prata ,CRAS Prata ,Público Geral,Cadastro Ùnico
Feminino,30,Não Informado,Fischer,1,CRAS Prata ,CRAS Prata ,Público Geral,Assistente Social 
Feminino,47,Não Informado,Fazenda Ermitage,1,CRAS Prata ,CRAS Prata ,Público Geral,Cadastro Ùnico
Feminino,45,Fundamental Incompleto,Quinta Lebrão,1,CRAS Prata ,CRAS Prata ,Público Geral,Assistente Social 
Feminino,25,Não Informado,Fazenda Ermitage,1,CRAS Prata ,CRAS Prata ,Público Geral,Assistente Social 
Feminino,40,Não Informado,Fischer,1,CRAS Prata ,CRAS Prata ,Público Geral,Assistente Social 
Feminino,33,Não Informado,Não Informado,Não Informado,CRAS Prata ,CRAS Prata ,Público Geral,Assistente Social 
Feminino,42,Não Informado,Fonte Santa ,1,CRAS Prata ,CRAS Prata ,Público Geral,Cadastro Ùnico
Feminino,33,Não Informado,Fischer,1,CRAS Prata ,CRAS Prata ,Público Geral,Assistente Social 
Masculino,56,Não Informado,Não Informado,Não Informado,CRAS Prata ,CRAS Prata ,Público Geral,Cadastro Ùnico
Masculino,44,Não Informado,Fonte Santa ,1,CRAS Prata ,CRAS Prata ,Público Geral,Assistente Social 
Masculino,Não Informado,Não Informado,Não Informado,Não Informado,CRAS Prata ,CRAS Prata ,Público Geral,Assistente Social 
Masculino,45,Não Informado,Soberbo ,1,CRAS Alto ,CRAS Alto ,Público Geral,Assistente Social 
Masculino,81,Não Informado,Vale da Revolta ,1,CRAS  Meudon,CRAS  Meudon,Público Geral,Assistente Social 
Masculino,Não Informado,Não Informado,Não Informado,Não Informado,CRAS Prata ,CRAS Prata ,Público Geral,Assistente Social 
Masculino,Não Informado,Não Informado,Não Informado,Não Informado,CRAS Prata ,CRAS Prata ,Público Geral,Assistente Social 
Masculino,81,Não Escolarizado,Água Quente ,2,CRAS Prata,CRAS Prata,Público Geral,Assistente Social 
Feminino,37,Médio Completo,Fischer,1,CRAS Prata,CRAS Prata,Público Geral,Cadastro Ùnico
Masculino,65,Fundamental Incompleto,Fazenda Ermitage,1,CRAS Prata,CRAS Prata,Público Geral,Assistente Social 
Feminino,61,Fundamental Incompleto,Jardim Meudon ,1,CRAS Meudon,CRAS Meudon,Público Geral,Cadastro Ùnico
Feminino,61,Fundamental Incompleto,Jardim Meudon ,1,CRAS Meudon,CRAS Meudon,Público Geral,Assistente Social 
Feminino,45,Fundamental Incompleto,Fonte Santa ,1,CRAS Prata,CRAS Prata,Público Geral,Cadastro Ùnico
Feminino,56,Médio Completo,Ermitage,1,CRAS Prata,CRAS Prata,Público Geral,Cadastro Ùnico
Masculino,53,Fundamental Incompleto,Fazenda Ermitage,1,CRAS Prata,CRAS Prata,Público Geral,Cadastro Ùnico
Feminino,63,Fundamental Incompleto,Quinta Lebrão,1,CRAS Prata,CRAS Prata,Público Geral,Assistente Social 
Feminino,63,Fundamental Incompleto,Fazenda Ermitage,1,CRAS Prata,CRAS Prata,Público Geral,Cadastro Ùnico
Feminino,26,Fundamental Incompleto,Brejal,2,CRAS Prata,CRAS Prata,Público Geral,Cadastro Ùnico
Feminino,19,Médio Completo,Cruzeiro,2,CRAS Prata,CRAS Prata,Público Geral,Cadastro Ùnico
Feminino,38,Fundamental Incompleto,Fonte Santa ,1,CRAS Prata,CRAS Prata,Público Geral,Cadastro Ùnico
Feminino,42,Fundamental Incompleto,Brejal,2,CRAS Prata,CRAS Prata,Público Geral,Assistente Social 
Feminino,63,Fundamental Incompleto,Fazenda Ermitage,1,CRAS Prata,CRAS Prata,Público Geral,Assistente Social 
Feminino,47,Médio Completo,Fazenda Ermitage,1,CRAS Prata,CRAS Prata,Público Geral,Assistente Social 
Feminino,59,Fundamental Incompleto,Ponte Nova,2,CRAS Prata,CRAS Prata,Público Geral,Cadastro Ùnico
Feminino,65,Fundamental Incompleto,Fonte Santa ,1,CRAS Prata,CRAS Prata,Público Geral,Cadastro Ùnico
Masculino,40,Médio Incompleto,Quinta Lebrão,1,CRAS Prata,CRAS Prata,Público Geral,Cadastro Ùnico
Feminino,58,Não Escolarizado,Quinta Lebrão,1,CRAS Prata,CRAS Prata,Público Geral,Assistente Social 
Masculino,84,Não Escolarizado,Cruzeiro,2,CRAS Prata,CRAS Prata,Público Geral,Cadastro Ùnico
Feminino,46,Fundamental Incompleto,Fazenda Ermitage,1,CRAS Prata,CRAS Prata,Público Geral,Cadastro Ùnico
Masculino,57,Fundamental Incompleto,Pessegueiros ,2,CRAS Prata,CRAS Prata,Público Geral,Assistente Social 
Feminino,58,Não Escolarizado,Quinta Lebrão,1,CRAS Prata,CRAS Prata,Público Geral,Cadastro Ùnico
Masculino,65,Fundamental Incompleto,Pessegueiros ,2,CRAS Prata,CRAS Prata,Público Geral,Assistente Social 
Feminino,50,Fundamental Incompleto,Fonte Santa ,1,CRAS Prata,CRAS Prata,Público Geral,Cadastro Ùnico
Masculino,65,Fundamental Incompleto,Pessegueiros ,2,CRAS Prata,CRAS Prata,Público Geral,Cadastro Ùnico
Feminino,53,Fundamental Incompleto,Fonte Santa ,1,CRAS Prata,CRAS Prata,Público Geral,Cadastro Ùnico
Feminino,21,Médio Incompleto,Quinta Lebrão,1,CRAS Prata,CRAS Prata,Público Geral,Cadastro Ùnico
Feminino,19,Médio Completo,Cruzeiro ,2,CRAS Prata,CRAS Prata,Público Geral,Cadastro Ùnico
Feminino,21,Médio Incompleto,Quinta Lebrão,1,CRAS Prata,CRAS Prata,Público Geral,Assistente Social 
Feminino,19,Médio Completo,Cruzeiro ,2,CRAS Prata,CRAS Prata,Público Geral,Assistente Social 
Feminino,27,Médio Completo,Prata,2,CRAS Prata,CRAS Prata,Público Geral,Cadastro Ùnico
Masculino,65,Fundamental Incompleto,Pessegueiros ,2,CRAS Prata,CRAS Prata,Público Geral,Assistente Social 
Feminino,45,Fundamental Incompleto,Fazenda Ermitage,1,CRAS Prata,CRAS Prata,Público Geral,Cadastro Ùnico
Feminino,26,Médio Completo,Quinta Lebrão,1,CRAS Prata,CRAS Prata,Público Geral,Cadastro Ùnico
Feminino,62,Fundamental Incompleto,Brejal,2,CRAS Prata,CRAS Prata,Público Geral,Cadastro Ùnico
Feminino,36,Fundamental Incompleto,Fazenda Ermitage,1,CRAS Prata,CRAS Prata,Público Geral,Cadastro Ùnico
Feminino,65,Não Escolarizado,Fazenda Ermitage,1,CRAS Prata,CRAS Prata,Público Geral,Assistente Social 
Masculino,38,Médio Incompleto,Prata,2,CRAS Prata,CRAS Prata,Público Geral,Assistente Social 
Feminino,65,Não Escolarizado,Fazenda Ermitage,1,CRAS Prata,CRAS Prata,Público Geral,Assistente Social 
Feminino,23,Médio Completo,Fonte Santa ,1,CRAS Prata,CRAS Prata,Público Geral,Cadastro Ùnico
Feminino,23,Médio Completo,Fonte Santa ,1,CRAS Prata,CRAS Prata,Público Geral,Assistente Social 
Feminino,65,Fundamental Incompleto,Fazenda Ermitage,1,CRAS Prata,CRAS Prata,Público Geral,Assistente Social 
Feminino,27,Fundamental Incompleto,Quinta Lebrão,1,CRAS Prata,CRAS Prata,Público Geral,Assistente Social 
Feminino,27,Fundamental Incompleto,Quinta Lebrão,1,CRAS Prata,CRAS Prata,Público Geral,Cadastro Ùnico
Feminino,47,Fundamental Incompleto,Quinta Lebrão,1,CRAS Prata,CRAS Prata,Público Geral,Assistente Social 
Feminino,47,Fundamental Incompleto,Quinta Lebrão,1,CRAS Prata,CRAS Prata,Público Geral,Cadastro Ùnico
Masculino,54,Fundamental Incompleto,Quinta Lebrão,1,CRAS Prata,CRAS Prata,Público Geral,Cadastro Ùnico
Masculino,52,Fundamental Incompleto,Fazenda Ermitage,1,CRAS Prata,CRAS Prata,Público Geral,Cadastro Ùnico
Feminino,19,Médio Completo,Granja Mafra,2,CRAS Prata,CRAS Prata,Público Geral,Assistente Social 
Feminino,48,Fundamental Incompleto,Quinta Lebrão,1,CRAS Prata,CRAS Prata,Público Geral,Assistente Social 
Feminino,48,Fundamental Incompleto,Quinta Lebrão,1,CRAS Prata,CRAS Prata,Público Geral,Cadastro Ùnico
Masculino,72,Não Escolarizado,Pessegueiros ,2,CRAS Prata,CRAS Prata,Público Geral,Cadastro Ùnico
Feminino,69,Médio Completo,Fazenda Ermitage,1,CRAS Prata,CRAS Prata,Público Geral,Cadastro Ùnico
Masculino,72,Não Escolarizado,Pessegueiros ,2,CRAS Prata,CRAS Prata,Público Geral,Assistente Social 
Feminino,38,Fundamental Incompleto,Quinta Lebrão,1,CRAS Prata,CRAS Prata,Público Geral,Assistente Social 
Feminino,19,Médio Completo,Providência ,2,CRAS Prata,CRAS Prata,Público Geral,Assistente Social 
Feminino,38,Fundamental Incompleto,Quinta Lebrão,1,CRAS Prata,CRAS Prata,Público Geral,Cadastro Ùnico
Feminino,69,Médio Completo,Fazenda Ermitage,1,CRAS Prata,CRAS Prata,Público Geral,Assistente Social 
Feminino,38,Fundamental Incompleto,Pessegueiros ,2,CRAS Prata,CRAS Prata,Público Geral,Assistente Social 
Feminino,38,Fundamental Incompleto,Pessegueiros ,2,CRAS Prata,CRAS Prata,Público Geral,Cadastro Ùnico
Feminino,65,Fundamental Incompleto,Quinta Lebrão,1,CRAS Prata,CRAS Prata,Público Geral,Assistente Social 
Feminino,71,Fundamental Incompleto,Fazenda Ermitage,1,CRAS Prata,CRAS Prata,Público Geral,Cadastro Ùnico
Feminino,19,Médio Completo,Providência ,2,CRAS Prata,CRAS Prata,Público Geral,Cadastro Ùnico
Feminino,31,Fundamental Incompleto,Quinta Lebrão,1,CRAS Prata,CRAS Prata,Público Geral,Cadastro Ùnico
Feminino,67,Fundamental Incompleto,Santa Rita,2,CRAS Prata,CRAS Prata,Público Geral,Cadastro Ùnico
Feminino,48,Médio Incompleto,Fonte Santa ,1,CRAS Prata,CRAS Prata,Público Geral,Cadastro Ùnico
Masculino,56,Fundamental Incompleto,Água Quente ,2,CRAS Prata,CRAS Prata,Público Geral,Assistente Social 
Feminino,67,Fundamental Incompleto,Santa Rita,2,CRAS Prata,CRAS Prata,Público Geral,Assistente Social 
Masculino,30,Fundamental Incompleto,Fonte Santa ,1,CRAS Prata,CRAS Prata,Público Geral,Assistente Social 
Feminino,44,Fundamental Incompleto,Fazenda Ermitage,1,CRAS Prata,CRAS Prata,Público Geral,Cadastro Ùnico
Feminino,31,Fundamental Incompleto,Quinta Lebrão,1,CRAS Prata,CRAS Prata,Público Geral,Assistente Social 
Feminino,33,Fundamental Incompleto,Quinta Lebrão,1,CRAS Prata,CRAS Prata,Público Geral,Assistente Social 
Feminino,65,Fundamental Incompleto,Quinta Lebrão,1,CRAS Prata,CRAS Prata,Público Geral,Assistente Social 
Feminino,44,Fundamental Incompleto,Quinta Lebrão,1,CRAS Prata,CRAS Prata,Público Geral,Assistente Social 
Feminino,47,Médio Completo,Quinta Lebrão,1,CRAS Prata,CRAS Prata,Público Geral,Cadastro Ùnico
Feminino,25,Médio Completo,Quinta Lebrão,1,CRAS Prata,CRAS Prata,Público Geral,Cadastro Ùnico
Feminino,55,Fundamental Incompleto,Quinta Lebrão,1,CRAS Prata,CRAS Prata,Público Geral,Assistente Social 
Feminino,52,Médio Incompleto,Pessegueiros ,2,CRAS Prata,CRAS Prata,Público Geral,Cadastro Ùnico
Masculino,53,Médio Completo,Pessegueiros ,2,CRAS Prata,CRAS Prata,Público Geral,Cadastro Ùnico
Feminino,60,Fundamental Incompleto,Fazenda Ermitage,1,CRAS Prata,CRAS Prata,Público Geral,Cadastro Ùnico
Feminino,22,Fundamental Incompleto,Quinta Lebrão,1,CRAS Prata,CRAS Prata,Público Geral,Assistente Social 
Feminino,43,Médio Completo,Fazenda Ermitage,1,CRAS Prata,CRAS Prata,Público Geral,Cadastro Ùnico
Feminino,34,Fundamental Incompleto,Água Quente ,2,CRAS Prata,CRAS Prata,Público Geral,Cadastro Ùnico
Feminino,30,Fundamental Incompleto,Pessegueiros ,2,CRAS Prata,CRAS Prata,Público Geral,Cadastro Ùnico
Masculino,47,Fundamental Incompleto,Andradas,2,CRAS Prata,CRAS Prata,Público Geral,Cadastro Ùnico
Feminino,35,Médio Incompleto,Fischer,1,CRAS Prata,CRAS Prata,Público Geral,Cadastro Ùnico
Feminino,56,Fundamental Incompleto,Santa Rita,2,CRAS Prata,CRAS Prata,Público Geral,Cadastro Ùnico
Feminino,38,Fundamental Incompleto,Fazenda Ermitage,1,CRAS Prata,CRAS Prata,Público Geral,Cadastro Ùnico
Feminino,33,Médio Incompleto,Três Córregos ,2,CRAS Prata,CRAS Prata,Público Geral,Cadastro Ùnico
Feminino,79,Fundamental Incompleto,Fischer,1,CRAS Prata,CRAS Prata,Público Geral,Cadastro Ùnico
Feminino,35,Médio Completo,Quinta Lebrão,1,CRAS Prata,CRAS Prata,Público Geral,Cadastro Ùnico
Masculino,66,Médio Incompleto,Tijuca,1,CRAS Alto,CRAS Alto,Público Geral,Cadastro Ùnico
Feminino,74,Não Escolarizado,Fazenda Ermitage,1,CRAS Prata,CRAS Prata,Público Geral,Cadastro Ùnico
Feminino,65,Fundamental Incompleto,Fonte Santa ,1,CRAS Prata,CRAS Prata,Público Geral,Cadastro Ùnico
Feminino,62,Fundamental Incompleto,Ponte Nova,2,CRAS Prata,CRAS Prata,Público Geral,Cadastro Ùnico
Feminino,39,Fundamental Incompleto,Fazenda Ermitage,1,CRAS Prata,CRAS Prata,Público Geral,Cadastro Ùnico
Feminino,18,Fundamental Incompleto,Ponte Nova,2,CRAS Prata,CRAS Prata,Público Geral,Cadastro Ùnico
Feminino,45,Fundamental Incompleto,Fazenda Ermitage,1,CRAS Prata,CRAS Prata,Público Geral,Cadastro Ùnico
Feminino,32,Fundamental Incompleto,Quinta Lebrão,1,CRAS Prata,CRAS Prata,Público Geral,Assistente Social 
Feminino,33,Fundamental Incompleto,Fischer,1,CRAS Prata,CRAS Prata,Público Geral,Cadastro Ùnico
Masculino,70,Fundamental Incompleto,Pessegueiros ,2,CRAS Prata,CRAS Prata,Público Geral,Cadastro Ùnico
Feminino,43,Fundamental Incompleto,Brejal,2,CRAS Prata,CRAS Prata,Público Geral,Cadastro Ùnico
Feminino,54,Fundamental Incompleto,Fonte Santa ,1,CRAS Prata,CRAS Prata,Público Geral,Assistente Social 
Feminino,68,Fundamental Incompleto,Quinta Lebrão,1,CRAS Prata,CRAS Prata,Público Geral,Cadastro Ùnico
Feminino,39,Médio Incompleto,Fonte Santa ,1,CRAS Prata,CRAS Prata,Público Geral,Assistente Social 
Feminino,54,Fundamental Incompleto,Fonte Santa ,1,CRAS Prata,CRAS Prata,Público Geral,Cadastro Ùnico
Feminino,41,Fundamental Incompleto,Fonte Santa ,1,CRAS Prata,CRAS Prata,Público Geral,Assistente Social 
Feminino,56,Não Escolarizado,Fonte Santa ,1,CRAS Prata,CRAS Prata,Público Geral,Cadastro Ùnico
Feminino,58,Fundamental Incompleto,Providência ,2,CRAS Prata,CRAS Prata,Público Geral,Cadastro Ùnico
Feminino,48,Fundamental Incompleto,Quinta Lebrão,1,CRAS Prata,CRAS Prata,Público Geral,Assistente Social 
Feminino,48,Fundamental Incompleto,Quinta Lebrão,1,CRAS Prata,CRAS Prata,Público Geral,Cadastro Ùnico
Feminino,51,Médio Incompleto,Gamboa,2,CRAS Prata,CRAS Prata,Público Geral,Cadastro Ùnico
Feminino,51,Médio Incompleto,Gamboa,2,CRAS Prata,CRAS Prata,Público Geral,Assistente Social 
Feminino,47,Fundamental Incompleto,Fonte Santa ,1,CRAS Prata,CRAS Prata,Público Geral,Cadastro Ùnico
Feminino,65,Fundamental Incompleto,Fonte Santa ,1,CRAS Prata,CRAS Prata,Público Geral,Cadastro Ùnico
Feminino,19,Fundamental Completo,Cruzeiro,2,CRAS Prata,CRAS Prata,Público Geral,Cadastro Ùnico
Feminino,39,Médio Completo,Santa Rita,2,CRAS Prata,CRAS Prata,Público Geral,Cadastro Ùnico
Masculino,52,Fundamental Incompleto,Quinta Lebrão,1,CRAS Prata,CRAS Prata,Público Geral,Cadastro Ùnico
Feminino,61,Fundamental Incompleto,Fazenda Ermitage,1,CRAS Prata,CRAS Prata,Público Geral,Cadastro Ùnico
Feminino,61,Fundamental Incompleto,Fazenda Ermitage,1,CRAS Prata,CRAS Prata,Público Geral,Assistente Social 
Feminino,44,Fundamental Incompleto,Fazenda Ermitage,1,CRAS Prata,CRAS Prata,Público Geral,Cadastro Ùnico
Feminino,44,Fundamental Incompleto,Fazenda Ermitage,1,CRAS Prata,CRAS Prata,Público Geral,Assistente Social 
Feminino,37,Fundamental Incompleto,Arrieiro,2,CRAS Prata,CRAS Prata,Público Geral,Cadastro Ùnico
Feminino,38,Fundamental Incompleto,Fazenda Ermitage,1,CRAS Prata,CRAS Prata,Público Geral,Cadastro Ùnico
Feminino,20,Médio Incompleto,Fazenda Alpina ,2,CRAS Prata,CRAS Prata,Público Geral,Cadastro Ùnico
Feminino,44,Fundamental Incompleto,Fazenda Ermitage,1,CRAS Prata,CRAS Prata,Público Geral,Cadastro Ùnico
Feminino,19,Médio Completo,Granja Mafra,2,CRAS Prata,CRAS Prata,Público Geral,Cadastro Ùnico
Feminino,26,Fundamental Incompleto,Quinta Lebrão,1,CRAS Prata,CRAS Prata,Público Geral,Cadastro Ùnico
Masculino,54,Fundamental Incompleto,Fonte Santa ,1,CRAS Prata,CRAS Prata,Público Geral,Cadastro Ùnico
Feminino,55,Fundamental Incompleto,Quinta Lebrão,1,CRAS Prata,CRAS Prata,Público Geral,Assistente Social 
Feminino,59,Médio Incompleto,Quinta Lebrão,1,CRAS Prata,CRAS Prata,Público Geral,Assistente Social 
Feminino,56,Médio Incompleto,Campo Limpo ,2,CRAS Prata,CRAS Prata,Público Geral,Cadastro Ùnico
Feminino,31,Médio Completo,Água Quente ,2,CRAS Prata,CRAS Prata,Público Geral,Cadastro Ùnico
Feminino,57,Fundamental Incompleto,Pessegueiros ,2,CRAS Prata,CRAS Prata,Público Geral,Assistente Social 
Feminino,57,Fundamental Incompleto,Pessegueiros ,2,CRAS Prata,CRAS Prata,Público Geral,Cadastro Ùnico
Feminino,55,Fundamental Incompleto,Pessegueiros ,2,CRAS Prata,CRAS Prata,Público Geral,Assistente Social 
Feminino,34,Fundamental Incompleto,Cruzeiro ,2,CRAS Prata,CRAS Prata,Público Geral,Assistente Social 
Feminino,70,Fundamental Incompleto,Fazenda Ermitage,1,CRAS Prata,CRAS Prata,Público Geral,Cadastro Ùnico
Masculino,42,Fundamental Incompleto,Campo Limpo,2,CRAS Prata,CRAS Prata,Público Geral,Cadastro Ùnico
Feminino,24,Fundamental Completo,Quinta Lebrão,1,CRAS Prata,CRAS Prata,Público Geral,Cadastro Ùnico
Masculino,56,Fundamental Incompleto,Água Quente ,2,CRAS Prata,CRAS Prata,Público Geral,Assistente Social 
Feminino,21,Médio Completo,Pessegueiros ,2,CRAS Prata,CRAS Prata,Público Geral,Cadastro Ùnico
Feminino,22,Médio Incompleto,Quinta Lebrão,1,CRAS Prata,CRAS Prata,Público Geral,Assistente Social 
Feminino,30,Fundamental Incompleto,Água Quente ,2,CRAS Prata,CRAS Prata,Público Geral,Cadastro Ùnico
Feminino,60,Fundamental Incompleto,Fazenda Ermitage,1,CRAS Prata,CRAS Prata,Público Geral,Assistente Social 
Feminino,60,Fundamental Incompleto,Fonte Santa ,1,CRAS Prata,CRAS Prata,Público Geral,Assistente Social 
Feminino,18,Médio Incompleto,Quinta Lebrão,1,CRAS Prata,CRAS Prata,Público Geral,Cadastro Ùnico
Feminino,59,Fundamental Incompleto,Água Quente ,2,CRAS Prata,CRAS Prata,Público Geral,Cadastro Ùnico
Feminino,59,Fundamental Incompleto,Água Quente ,2,CRAS Prata,CRAS Prata,Público Geral,Cadastro Ùnico
Feminino,63,Não Escolarizado,Fonte Santa ,1,CRAS Prata,CRAS Prata,Público Geral,Cadastro Ùnico
Feminino,39,Médio Incompleto,Quinta Lebrão,1,CRAS Prata,CRAS Prata,Público Geral,Assistente Social 
Feminino,28,Médio Incompleto,Fazenda Ermitage,1,CRAS Prata,CRAS Prata,Público Geral,Cadastro Ùnico
Feminino,56,Fundamental Incompleto,Quinta Lebrão,1,CRAS Prata,CRAS Prata,Público Geral,Cadastro Ùnico
Feminino,39,Médio Incompleto,Quinta Lebrão,1,CRAS Prata,CRAS Prata,Público Geral,Cadastro Ùnico
Feminino,34,Médio Incompleto,Quinta Lebrão,1,CRAS Prata,CRAS Prata,Público Geral,Assistente Social 
Feminino,54,Fundamental Incompleto,Três Córregos ,2,CRAS Prata,CRAS Prata,Público Geral,Cadastro Ùnico
Feminino,54,Fundamental Incompleto,Três Córregos ,2,Não Informado,Não Informado,Público Geral,Assistente Social 
Feminino,32,Fundamental Incompleto,Pessegueiros ,2,CRAS Prata,CRAS Prata,Público Geral,Cadastro Ùnico
Feminino,65,Fundamental Incompleto,Fonte Santa ,1,CRAS Prata,CRAS Prata,Público Geral,Cadastro Ùnico
Feminino,19,Médio Completo,Granja Mafra ,2,CRAS Prata,CRAS Prata,Público Geral,Cadastro Ùnico
Feminino,19,Médio Completo,Granja Mafra,2,CRAS Prata,CRAS Prata,Público Geral,Cadastro Ùnico
Feminino,19,Médio Completo,Cruzeiro ,2,CRAS Prata,CRAS Prata,Público Geral,Assistente Social 
Feminino,65,Não Escolarizado,Brejal,2,CRAS Prata,CRAS Prata,Público Geral,Cadastro Ùnico
Masculino,65,Não Escolarizado,Fischer,1,CRAS Prata,CRAS Prata,Público Geral,Assistente Social 
Feminino,63,Não Escolarizado,Fonte Santa ,1,CRAS Prata,CRAS Prata,Público Geral,Cadastro Ùnico
Feminino,28,Médio Completo,Fazenda Ermitage,1,CRAS Prata,CRAS Prata,Público Geral,Assistente Social 
Feminino,36,Fundamental Incompleto,Serra do Capim,2,CRAS Prata,CRAS Prata,Público Geral,Cadastro Ùnico
Feminino,42,Médio Incompleto,Quinta Lebrão,1,CRAS Prata,CRAS Prata,Público Geral,Cadastro Ùnico
Feminino,32,Fundamental Incompleto,Pessegueiros ,2,CRAS Prata,CRAS Prata,Público Geral,Cadastro Ùnico
Feminino,63,Fundamental Incompleto,Três Córregos ,2,CRAS Prata,CRAS Prata,Público Geral,Cadastro Ùnico
Feminino,33,Fundamental Incompleto,Ponte Nova,2,CRAS Prata,CRAS Prata,Público Geral,Cadastro Ùnico
Feminino,19,Médio Completo,Cruzeiro,2,CRAS Prata,CRAS Prata,Público Geral,Cadastro Ùnico
Feminino,28,Médio Incompleto,Água Quente ,2,CRAS Prata,CRAS Prata,Público Geral,Cadastro Ùnico
Masculino,27,Fundamental Incompleto,Andradas,2,CRAS Prata,CRAS Prata,Público Geral,Cadastro Ùnico
Feminino,43,Fundamental Incompleto,Fonte Santa ,1,CRAS Prata,CRAS Prata,Público Geral,Cadastro Ùnico
Feminino,71,Fundamental Incompleto,Quinta Lebrão,1,CRAS Prata,CRAS Prata,Público Geral,Cadastro Ùnico
Feminino,81,Fundamental Incompleto,Fazenda Ermitage,1,CRAS Prata,CRAS Prata,Público Geral,Cadastro Ùnico
Feminino,84,Não Escolarizado,Fazenda Ermitage,1,CRAS Prata,CRAS Prata,Público Geral,Cadastro Ùnico
Feminino,45,Fundamental Incompleto,Prata,2,CRAS Prata,CRAS Prata,Público Geral,Cadastro Ùnico
Masculino,65,Fundamental Incompleto,Fazenda Ermitage,1,CRAS Prata,CRAS Prata,Público Geral,Cadastro Ùnico
Feminino,33,Fundamental Incompleto,Ponte Nova ,2,CRAS Prata,CRAS Prata,Público Geral,Cadastro Ùnico
Feminino,51,Médio Incompleto,Fonte Santa ,1,CRAS Prata,CRAS Prata,Público Geral,Cadastro Ùnico
Feminino,71,Fundamental Incompleto,Quinta Lebrão,1,CRAS Prata,CRAS Prata,Público Geral,Cadastro Ùnico
Feminino,51,Médio Incompleto,Quinta Lebrão,1,CRAS Prata,CRAS Prata,Público Geral,Cadastro Ùnico
Feminino,47,Médio Completo,Ponte Nova ,2,CRAS Prata,CRAS Prata,Público Geral,Cadastro Ùnico
Feminino,23,Fundamental Incompleto,Fonte Santa ,1,CRAS Prata,CRAS Prata,Público Geral,Assistente Social 
Feminino,39,Fundamental Completo,Quinta Lebrão,1,CRAS Prata,CRAS Prata,Público Geral,Assistente Social 
Feminino,64,Fundamental Incompleto,Fazenda Ermitage,1,CRAS Prata,CRAS Prata,Público Geral,Cadastro Ùnico
Feminino,37,Médio Completo,Fonte Santa ,1,CRAS Prata,CRAS Prata,Público Geral,Assistente Social 
Feminino,32,Médio Incompleto,Quinta Lebrão,1,CRAS Prata,CRAS Prata,Público Geral,Cadastro Ùnico
Feminino,25,Fundamental Incompleto,Serra do Capim ,2,CRAS Prata,CRAS Prata,Público Geral,Cadastro Ùnico
Feminino,71,Fundamental Incompleto,Quinta Lebrão,1,CRAS Prata,CRAS Prata,Público Geral,Cadastro Ùnico
Masculino,47,Médio Completo,Ponte Nova ,2,CRAS Prata,CRAS Prata,Público Geral,Cadastro Ùnico
Feminino,64,Não Escolarizado,Fazenda Ermitage,1,CRAS Prata,CRAS Prata,Público Geral,Assistente Social 
Masculino,53,Médio Incompleto,Fazenda Ermitage,1,CRAS Prata,CRAS Prata,Público Geral,Cadastro Ùnico
Feminino,41,Fundamental Incompleto,Fazenda Ermitage,1,CRAS Prata,CRAS Prata,Público Geral,Cadastro Ùnico
Feminino,25,Fundamental Incompleto,Fonte Santa ,1,CRAS Prata,CRAS Prata,Público Geral,Cadastro Ùnico
Feminino,27,Fundamental Incompleto,Quinta Lebrão,1,CRAS Prata,CRAS Prata,Público Geral,Cadastro Ùnico
Feminino,27,Fundamental Incompleto,Quinta Lebrão,1,CRAS Prata,CRAS Prata,Público Geral,Assistente Social 
Feminino,40,Médio Completo,Campo Limpo ,2,CRAS Prata,CRAS Prata,Público Geral,Cadastro Ùnico
Feminino,38,Médio Incompleto,Quinta Lebrão,1,CRAS Prata,CRAS Prata,Público Geral,Cadastro Ùnico
Masculino,65,Fundamental Incompleto,Fazenda Ermitage,1,CRAS Prata,CRAS Prata,Público Geral,Cadastro Ùnico
Feminino,28,Médio Completo,Quinta Lebrão,1,CRAS Prata,CRAS Prata,Público Geral,Cadastro Ùnico
Feminino,51,Médio Incompleto,Fonte Santa ,1,CRAS Prata,CRAS Prata,Público Geral,Cadastro Ùnico
Feminino,31,Fundamental Incompleto,Providência ,2,CRAS Prata,CRAS Prata,Público Geral,Cadastro Ùnico
Feminino,37,Fundamental Incompleto,Portelinha ,1,CRAS Prata,CRAS Prata,Público Geral,Cadastro Ùnico
Feminino,27,Fundamental Incompleto,Pessegueiros ,2,CRAS Prata,CRAS Prata,Público Geral,Cadastro Ùnico
Feminino,60,Fundamental Incompleto,Fazenda Ermitage,1,CRAS Prata,CRAS Prata,Público Geral,Cadastro Ùnico
Feminino,24,Médio Incompleto,Fonte Santa ,1,CRAS Prata,CRAS Prata,Público Geral,Cadastro Ùnico
Feminino,36,Fundamental Incompleto,Quinta Lebrão,1,CRAS Prata,CRAS Prata,Público Geral,Cadastro Ùnico
Feminino,37,Médio Completo,Quinta Lebrão,1,CRAS Prata,CRAS Prata,Público Geral,Cadastro Ùnico
Feminino,74,Médio Completo,Fonte Santa ,1,CRAS Prata,CRAS Prata,Público Geral,Cadastro Ùnico
Feminino,36,Médio Incompleto,Pessegueiros ,2,CRAS Prata,CRAS Prata,Público Geral,Cadastro Ùnico
Feminino,37,Fundamental Incompleto,Vargem Grande ,3,CRAS Prata,CRAS Prata,Público Geral,Cadastro Ùnico
Feminino,69,Fundamental Incompleto,Fischer,1,CRAS Prata,CRAS Prata,Público Geral,Assistente Social 
Feminino,34,Médio Completo,Providência ,2,CRAS Prata,CRAS Prata,Público Geral,Assistente Social 
Masculino,30,Médio Completo,Fonte Santa ,1,CRAS Prata,CRAS Prata,Público Geral,Cadastro Ùnico
Feminino,57,Fundamental Incompleto,Fonte Santa ,1,CRAS Prata,CRAS Prata,Público Geral,Cadastro Ùnico
Feminino,35,Médio Completo,Quinta Lebrão,1,CRAS Prata,CRAS Prata,Público Geral,Assistente Social 
Feminino,33,Fundamental Completo,Providência ,2,CRAS Prata,CRAS Prata,Público Geral,Cadastro Ùnico
Feminino,24,Médio Incompleto,Fonte Santa ,1,CRAS Prata,CRAS Prata,Público Geral,Assistente Social 
Masculino,30,Médio Completo,Fonte Santa ,1,CRAS Prata,CRAS Prata,Público Geral,Assistente Social 
Feminino,47,Fundamental Incompleto,Fonte Santa ,1,CRAS Prata,CRAS Prata,Público Geral,Cadastro Ùnico
Feminino,31,Fundamental Incompleto,Fonte Santa ,1,CRAS Prata,CRAS Prata,Público Geral,Assistente Social 
Feminino,24,Médio Incompleto,Fonte Santa ,1,CRAS Prata,CRAS Prata,Público Geral,Cadastro Ùnico
Feminino,34,Médio Completo,Fonte Santa ,1,CRAS Prata,CRAS Prata,Público Geral,Assistente Social 
Masculino,30,Médio Completo,Fonte Santa ,1,CRAS Prata,CRAS Prata,Público Geral,Cadastro Ùnico
Feminino,51,Médio Incompleto,Fonte Santa ,1,CRAS Prata,CRAS Prata,Público Geral,Assistente Social 
Feminino,57,Médio Incompleto,Fazenda Ermitage,1,CRAS Prata,CRAS Prata,Público Geral,Cadastro Ùnico
Feminino,69,Fundamental Incompleto,Fonte Santa ,1,CRAS Prata,CRAS Prata,Público Geral,Cadastro Ùnico
Feminino,24,Médio Incompleto,Fonte Santa ,1,CRAS Prata,CRAS Prata,Público Geral,Cadastro Ùnico
Feminino,52,Fundamental Incompleto,Fonte Santa ,1,CRAS Prata,CRAS Prata,Público Geral,Assistente Social 
Feminino,22,Fundamental Incompleto,Brejal,2,CRAS Prata,CRAS Prata,Público Geral,Cadastro Ùnico
Feminino,56,Fundamental Incompleto,Fonte Santa ,1,CRAS Prata,CRAS Prata,Público Geral,Assistente Social 
Feminino,22,Fundamental Incompleto,Brejal,2,CRAS Prata,CRAS Prata,Público Geral,Assistente Social 
Feminino,40,Médio Completo,Fonte Santa ,1,CRAS Prata,CRAS Prata,Público Geral,Cadastro Ùnico
Feminino,31,Fundamental Incompleto,Brejal ,2,CRAS Prata,CRAS Prata,Público Geral,Cadastro Ùnico
Feminino,45,Fundamental Incompleto,Quinta Lebrão,1,CRAS Prata,CRAS Prata,Público Geral,Cadastro Ùnico
Feminino,27,Médio Incompleto,Quinta Lebrão,1,CRA Prata,CRA Prata,Público Geral,Cadastro Ùnico
Feminino,56,Fundamental Incompleto,Fonte Santa ,1,CRAS Prata,CRAS Prata,Público Geral,Cadastro Ùnico
Masculino,69,Fundamental Incompleto,Fonte Santa ,1,CRAS Prata,CRAS Prata,Público Geral,Assistente Social 
Masculino,65,Não Escolarizado,Fazenda Ermitage,1,CRAS Prata,CRAS Prata,Público Geral,Assistente Social 
Feminino,50,Fundamental Incompleto,Fazenda Ermitage,1,CRAS Prata,CRAS Prata,Público Geral,Assistente Social 
Feminino,27,Médio Completo,Quinta Lebrão,1,CRAS Prata,CRAS Prata,Público Geral,Cadastro Ùnico
Feminino,62,Fundamental Incompleto,Fonte Santa ,1,CRAS Prata,CRAS Prata,Público Geral,Cadastro Ùnico
Masculino,40,Médio Completo,Fonte Santa ,1,CRAS Prata,CRAS Prata,Público Geral,Assistente Social 
Feminino,45,Fundamental Incompleto,Água Quente ,2,CRAS Prata,CRAS Prata,Público Geral,Assistente Social 
Masculino,21,Fundamental Incompleto,Água Quente ,2,CRAS Prata,CRAS Prata,Público Geral,Assistente Social 
Masculino,37,Médio Completo,Granja Mafra,2,CRAS Prata,CRAS Prata,Público Geral,Cadastro Ùnico
Masculino,21,Fundamental Incompleto,Fischer,1,CRAS Prata,CRAS Prata,Público Geral,Cadastro Ùnico
Masculino,23,Médio Completo,Fazenda Alpina ,2,CRAS Prata,CRAS Prata,Público Geral,Assistente Social 
Feminino,48,Médio Incompleto,Fazenda Ermitage,1,CRAS Prata,CRAS Prata,Público Geral,Cadastro Ùnico
Feminino,28,Médio Incompleto,Três Córregos ,2,CRAS Prata,CRAS Prata,Público Geral,Cadastro Ùnico
Feminino,38,Fundamental Incompleto,Fonte Santa ,1,CRAS Prata,CRAS Prata,Público Geral,Assistente Social 
Masculino,37,Fundamental Incompleto,Fonte Santa ,1,CRAS Prata,CRAS Prata,Público Geral,Assistente Social 
Feminino,58,Fundamental Incompleto,Biquinha,2,CRAS Prata,CRAS Prata,Público Geral,Cadastro Ùnico
Masculino,37,Fundamental Incompleto,Fonte Santa ,1,CRAS Prata,CRAS Prata,Público Geral,Cadastro Ùnico
Masculino,37,Fundamental Incompleto,Fonte Santa ,1,CRAS Prata,CRAS Prata,Público Geral,Assistente Social 
Feminino,19,Médio Completo,Santa Rita,2,CRAS Prata,CRAS Prata,Público Geral,Cadastro Ùnico
Feminino,61,Fundamental Incompleto,Caleme,1,CRAS Prata,CRAS Prata,Público Geral,Cadastro Ùnico
Feminino,18,Médio Completo,Providência ,2,CRAS Prata,CRAS Prata,Público Geral,Cadastro Ùnico
Feminino,67,Fundamental Incompleto,Caleme,1,CRAS Barra,CRAS Barra,Público Geral,Cadastro Ùnico
Feminino,19,Médio Completo,Santa Rita,2,CRAS Prata,CRAS Prata,Público Geral,Assistente Social 
Feminino,29,Médio Incompleto,Granja Mafra ,2,CRAS Prata,CRAS Prata,Público Geral,Cadastro Ùnico
Feminino,18,Médio Completo,Providência ,2,CRAS Prata,CRAS Prata,Público Geral,Assistente Social 
Feminino,40,Médio Incompleto,Poço dos Peixes ,2,CRAS Prata,CRAS Prata,Público Geral,Cadastro Ùnico
Feminino,34,Médio Incompleto,Fonte Santa ,1,CRAS Prata,CRAS Prata,Público Geral,Cadastro Ùnico
Feminino,52,Fundamental Incompleto,Fonte Santa ,1,CRAS Prata,CRAS Prata,Público Geral,Cadastro Ùnico
Feminino,35,Fundamental Incompleto,Fonte Santa ,1,CRA Prata,CRA Prata,Público Geral,Cadastro Ùnico
Feminino,57,Médio Completo,Quinta Lebrão,1,CRAS Prata,CRAS Prata,Público Geral,Cadastro Ùnico
Feminino,25,Médio Completo,Quinta Lebrão,1,CRAS Prata,CRAS Prata,Público Geral,Cadastro Ùnico
Feminino,20,Médio Incompleto,Prata,2,CRAS Prata,CRAS Prata,Público Geral,Cadastro Ùnico
Feminino,69,Fundamental Incompleto,Fazenda Ermitage,1,CRAS Prata,CRAS Prata,Público Geral,Cadastro Ùnico
Masculino,65,Fundamental Incompleto,Fazenda Alpina ,2,CRAS Prata,CRAS Prata,Público Geral,Cadastro Ùnico
Feminino,69,Fundamental Incompleto,Quinta Lebrão,1,CRAS Prata,CRAS Prata,Público Geral,Cadastro Ùnico
Masculino,73,Fundamental Incompleto,Pessegueiros ,2,CRAS Prata,CRAS Prata,Público Geral,Cadastro Ùnico
Feminino,64,Fundamental Incompleto,Fazenda Ermitage,1, CRAS Prata, CRAS Prata,Público Geral,Cadastro Ùnico
Masculino,55,Médio Completo,Pessegueiros ,2,CRAS Prata,CRAS Prata,Público Geral,Cadastro Ùnico
Masculino,71,Fundamental Incompleto,Fazenda Ermitage,1, CRAS Prata, CRAS Prata,Público Geral,Cadastro Ùnico
Feminino,66,Não Escolarizado,Fazenda Ermitage,1, CRAS Prata, CRAS Prata,Público Geral,Cadastro Ùnico
Feminino,52,Fundamental Incompleto,Fonte Santa ,1, CRAS Prata, CRAS Prata,Público Geral,Cadastro Ùnico
Feminino,64,Fundamental Incompleto,Fazenda Ermitage,1,Não Informado,Não Informado,Público Geral,Cadastro Ùnico
Masculino,65,Fundamental Incompleto,Fazenda Ermitage,1, CRAS Prata, CRAS Prata,Público Geral,Cadastro Ùnico
Feminino,62,Não Escolarizado,Fazenda Ermitage,1, CRAS Prata, CRAS Prata,Público Geral,Cadastro Ùnico
Masculino,55,Médio Completo,Pessegueiros ,2, CRAS Prata, CRAS Prata,Público Geral,Cadastro Ùnico
Feminino,64,Fundamental Incompleto,Fazenda Ermitage,1, CRAS Prata, CRAS Prata,Público Geral,Cadastro Ùnico
Feminino,41,Fundamental Incompleto,Quinta Lebrão,1, CRAS Prata, CRAS Prata,Público Geral,Cadastro Ùnico
Feminino,46,Fundamental Incompleto,Água Quente ,2, CRAS Prata, CRAS Prata,Público Geral,Cadastro Ùnico
Feminino,65,Não Escolarizado,Fazenda Ermitage,1, CRAS Prata, CRAS Prata,Público Geral,Cadastro Ùnico
Feminino,62,Não Escolarizado,Fazenda Ermitage,1, CRAS Prata, CRAS Prata,Público Geral,Cadastro Ùnico
Masculino,71,Fundamental Incompleto,Fazenda Ermitage,1, CRAS Prata, CRAS Prata,Público Geral,Cadastro Ùnico
Feminino,49,Fundamental Incompleto,Água Quente ,2, CRAS Prata, CRAS Prata,Público Geral,Cadastro Ùnico
Feminino,46,Fundamental Incompleto,Água Quente ,2, CRAS Prata, CRAS Prata,Público Geral,Assistente Social 
Feminino,65,Médio Incompleto,Fazenda Ermitage,1, CRAS Prata, CRAS Prata,Público Geral,Cadastro Ùnico
Feminino,65,Médio Incompleto,Fazenda Ermitage,1, CRAS Prata, CRAS Prata,Público Geral,Cadastro Ùnico
Feminino,21,Médio Completo,Fazenda Ermitage,1, CRAS Prata, CRAS Prata,Público Geral,Cadastro Ùnico
Feminino,33,Fundamental Incompleto,Ponte Nova,2, CRAS Prata, CRAS Prata,Público Geral,Cadastro Ùnico
Feminino,21,Médio Completo,Fonte Santa ,1, CRAS Prata, CRAS Prata,Público Geral,Cadastro Ùnico
Feminino,58,Fundamental Incompleto,Fazenda Ermitage,1, CRAS Prata, CRAS Prata,Público Geral,Cadastro Ùnico
Feminino,63,Fundamental Incompleto,Fonte Santa ,1, CRAS Prata, CRAS Prata,Público Geral,Cadastro Ùnico
Masculino,46,Fundamental Incompleto,Jardim Meudon ,1,CRAS Meudon,CRAS Meudon,Público Geral,Cadastro Ùnico
Feminino,42,Médio Completo,Água Quente ,2, CRAS Prata, CRAS Prata,Público Geral,Cadastro Ùnico
Feminino,44,Médio Completo,Três Córregos ,2, CRAS Prata, CRAS Prata,Público Geral,Cadastro Ùnico
Feminino,28,Fundamental Incompleto,Arrieiro,2, CRAS Prata, CRAS Prata,Público Geral,Cadastro Ùnico
Masculino,63,Fundamental Incompleto,Fonte Santa ,1, CRAS Prata, CRAS Prata,Público Geral,Cadastro Ùnico
Masculino,46,Fundamental Incompleto,Jardim Meudon ,1, CRAS Prata, CRAS Prata,Público Geral,Cadastro Ùnico
Feminino,42,Médio Incompleto,Água Quente ,2, CRAS Prata, CRAS Prata,Público Geral,Cadastro Ùnico
Feminino,44,Médio Incompleto,Três Córregos ,2, CRAS Prata, CRAS Prata,Público Geral,Cadastro Ùnico
Feminino,28,Fundamental Incompleto,Arrieiro,2, CRAS Prata, CRAS Prata,Público Geral,Cadastro Ùnico
Feminino,21,Médio Completo,Providência ,2, CRAS Prata, CRAS Prata,Público Geral,Cadastro Ùnico
Feminino,49,Médio Incompleto,Fonte Santa ,1, CRAS Prata, CRAS Prata,Público Geral,Cadastro Ùnico
Feminino,60,Fundamental Incompleto,Quinta Lebrão,1, CRAS Prata, CRAS Prata,Público Geral,Cadastro Ùnico
Masculino,53,Fundamental Incompleto,Pessegueiros ,2, CRAS Prata, CRAS Prata,Público Geral,Assistente Social 
Masculino,68,Fundamental Incompleto,Fonte Santa ,1, CRAS Prata, CRAS Prata,Público Geral,Cadastro Ùnico
Masculino,39,Fundamental Incompleto,Fischer,1, CRAS Prata, CRAS Prata,Público Geral,Assistente Social 
Masculino,22,Fundamental Incompleto,Quinta Lebrão,1, CRAS Prata, CRAS Prata,Público Geral,Cadastro Ùnico
Feminino,59,Médio Incompleto,Quinta Lebrão,1, CRAS Prata, CRAS Prata,Público Geral,Cadastro Ùnico
Feminino,47,Fundamental Incompleto,Prata,2, CRAS Prata, CRAS Prata,Público Geral,Cadastro Ùnico
Feminino,25,Médio Completo,Quinta Lebrão,1, CRAS Prata, CRAS Prata,Público Geral,Cadastro Ùnico
Feminino,52,Fundamental Incompleto,Fazenda Ermitage,1, CRAS Prata, CRAS Prata,Público Geral,Cadastro Ùnico
Feminino,53,Médio Incompleto,Fazenda Ermitage,1, CRAS Prata, CRAS Prata,Público Geral,Assistente Social 
Feminino,53,Fundamental Incompleto,Fazenda Ermitage,1, CRAS Prata, CRAS Prata,Público Geral,Assistente Social 
Feminino,44,Fundamental Incompleto,Fazenda Ermitage,1, CRAS Prata, CRAS Prata,Público Geral,Psicólogo
Feminino,25,Médio Completo,Quinta Lebrão,1, CRAS Prata, CRAS Prata,Público Geral,Assistente Social 
Masculino,63,Não Informado,Pessegueiros ,2, CRAS Prata, CRAS Prata,Público Geral,Assistente Social 
Feminino,61,Fundamental Incompleto,Quinta Lebrão,1, CRAS Prata, CRAS Prata,Público Geral,Assistente Social 
Feminino,40,Fundamental Incompleto,Fischer,1, CRAS Prata, CRAS Prata,Público Geral,Assistente Social 
Feminino,77,Não Escolarizado, Brejal,2, CRAS Prata, CRAS Prata,Público Geral,Cadastro Ùnico
Masculino,40,Fundamental Incompleto,Fazenda Ermitage,1, CRAS Prata, CRAS Prata,Público Geral,Cadastro Ùnico
Feminino,64,Fundamental Incompleto,Fazenda Ermitage,1, CRAS Prata, CRAS Prata,Público Geral,Cadastro Ùnico
Masculino,Não Informado,Médio Completo,Fazenda Ermitage,1, CRAS Prata, CRAS Prata,Público Geral,Assistente Social 
Feminino,40,Fundamental Incompleto,Fischer,1, CRAS Prata, CRAS Prata,Público Geral,Cadastro Ùnico
Masculino,45,Fundamental Incompleto,Fazenda Ermitage,1, CRAS Prata, CRAS Prata,Público Geral,Cadastro Ùnico
Masculino,58,Fundamental Incompleto,Santa Rita,2, CRAS Prata, CRAS Prata,Público Geral,Cadastro Ùnico
Masculino,68,Fundamental Incompleto,Fonte Santa ,1, CRAS Prata, CRAS Prata,Público Geral,Cadastro Ùnico
Feminino,32,Fundamental Incompleto,Boa União,2, CRAS Prata, CRAS Prata,Público Geral,Cadastro Ùnico
Feminino,Não Informado,Fundamental Incompleto,Pessegueiros ,2, CRAS Prata, CRAS Prata,Público Geral,Cadastro Ùnico
Feminino,37,Médio Incompleto,Quinta Lebrão,1, CRAS Prata, CRAS Prata,Público Geral,Cadastro Ùnico
Feminino,37,Fundamental Incompleto,Quinta Lebrão,1, CRAS Prata, CRAS Prata,Público Geral,Cadastro Ùnico
Masculino,63,Fundamental Incompleto,Santa Rita,2, CRAS Prata, CRAS Prata,Público Geral,Cadastro Ùnico
Masculino,68,Fundamental Incompleto,Fonte Santa ,1, CRAS Prata, CRAS Prata,Público Geral,Cadastro Ùnico
Masculino,72,Fundamental Incompleto,Fischer,1, CRAS Prata, CRAS Prata,Público Geral,Cadastro Ùnico
Masculino,58,Não Escolarizado,Fonte Santa ,1, CRAS Prata, CRAS Prata,Público Geral,Assistente Social 
Feminino,63,Fundamental Incompleto,Santa Rita,2, CRAS Prata, CRAS Prata,Público Geral,Assistente Social 
Masculino,58,Fundamental Incompleto,Santa Rita,2, CRAS Prata, CRAS Prata,Público Geral,Cadastro Ùnico
Feminino,44,Não Informado,Fazenda Ermitage,1, CRAS Prata, CRAS Prata,Público Geral,Assistente Social 
Feminino,51,Fundamental Incompleto,Três Córregos ,2, CRAS Prata, CRAS Prata,Público Geral,Assistente Social 
Feminino,39,Fundamental Incompleto,Três Córregos ,2, CRAS Prata, CRAS Prata,Público Geral,Assistente Social 
Feminino,54,Fundamental Incompleto,Quinta Lebrão,1, CRAS Prata, CRAS Prata,Público Geral,Assistente Social 
Feminino,37,Médio Incompleto,Quinta Lebrão,1, CRAS Prata, CRAS Prata,Público Geral,Assistente Social 
Feminino,49,Fundamental Incompleto,Quinta Lebrão,1, CRAS Prata, CRAS Prata,Público Geral,Cadastro Ùnico
Feminino,48,Fundamental Incompleto,Prata,2, CRAS Prata, CRAS Prata,Público Geral,Assistente Social 
Feminino,41,Fundamental Incompleto,Água Quente ,2, CRAS Prata, CRAS Prata,Público Geral,Cadastro Ùnico
Feminino,29,Médio Completo,Água Quente ,2, CRAS Prata, CRAS Prata,Público Geral,Cadastro Ùnico
Masculino,54,Fundamental Incompleto,Quinta Lebrão,1, CRAS Prata, CRAS Prata,Público Geral,Cadastro Ùnico
Feminino,37,Médio Incompleto,Quinta Lebrão,1, CRAS Prata, CRAS Prata,Público Geral,Cadastro Ùnico
Masculino,49,Fundamental Incompleto,Quinta Lebrão,1, CRAS Prata, CRAS Prata,Público Geral,Cadastro Ùnico
Feminino,48,Fundamental Incompleto,Prata,2, CRAS Prata, CRAS Prata,Público Geral,Cadastro Ùnico
Masculino,41,Fundamental Incompleto,Água Quente ,2, CRAS Prata, CRAS Prata,Público Geral,Cadastro Ùnico
Feminino,29,Médio Completo,Água Quente ,2, CRAS Prata, CRAS Prata,Público Geral,Cadastro Ùnico
Feminino,65,Fundamental Incompleto,Água Quente ,2, CRAS Prata, CRAS Prata,Público Geral,Cadastro Ùnico
Feminino,46,Médio Incompleto,Quinta Lebrão,1, CRAS Prata, CRAS Prata,Público Geral,Assistente Social 
Feminino,39,Fundamental Incompleto,Três Córregos ,2, CRAS Prata, CRAS Prata,Público Geral,Cadastro Ùnico
Feminino,26,Fundamental Incompleto,Brejal,2, CRAS Prata, CRAS Prata,Público Geral,Assistente Social 
Feminino,28,Médio Completo,Cruzeiro,2, CRAS Prata, CRAS Prata,Público Geral,Cadastro Ùnico
Feminino,40,Médio Incompleto,Fischer,1, CRAS Prata, CRAS Prata,Público Geral,Assistente Social 
Feminino,46,Fundamental Incompleto,Quinta Lebrão,1, CRAS Prata, CRAS Prata,Público Geral,Cadastro Ùnico
Masculino,34,Médio Incompleto,Fonte Santa ,1, CRAS Prata, CRAS Prata,Público Geral,Cadastro Ùnico
Feminino,35,Fundamental Incompleto,Fonte Santa ,1, CRAS Prata, CRAS Prata,Público Geral,Cadastro Ùnico
Feminino,57,Médio Incompleto,Quinta Lebrão,1, CRAS Prata, CRAS Prata,Público Geral,Cadastro Ùnico
Feminino,25,Médio Completo,Quinta Lebrão,1, CRAS Prata, CRAS Prata,Público Geral,Cadastro Ùnico
Feminino,33,Médio Incompleto,Santa Rita,2, CRAS Prata, CRAS Prata,Público Geral,Cadastro Ùnico
Feminino,Não Informado,Fundamental Incompleto,Pessegueiros ,2, CRAS Prata, CRAS Prata,Público Geral,Cadastro Ùnico
Feminino,37,Médio Incompleto,Biquinha,2, CRAS Prata, CRAS Prata,Público Geral,Cadastro Ùnico
Feminino,39,Superior Completo,Fazenda Ermitage,1, CRAS Prata, CRAS Prata,Público Geral,Cadastro Ùnico
Feminino,61,Fundamental Incompleto,Pessegueiros ,2, CRAS Meudon, CRAS Meudon,Público Geral,Cadastro Ùnico
Feminino,44,Fundamental Incompleto,Cruzeiro,2, CRAS Prata, CRAS Prata,Público Geral,Cadastro Ùnico
Feminino,19,Médio Completo,Ponte Nova,2, CRAS Prata, CRAS Prata,Público Geral,Cadastro Ùnico
Feminino,45,Médio Completo,Cruzeiro,2, CRAS Prata, CRAS Prata,Público Geral,Cadastro Ùnico
Masculino,57,Fundamental Incompleto,Cruzeiro,2, CRAS Prata, CRAS Prata,Público Geral,Cadastro Ùnico
Feminino,45,Médio Completo,Cruzeiro,2, CRAS Prata, CRAS Prata,Público Geral,Cadastro Ùnico
Masculino,62,Não Informado,Prata,2, CRAS Prata, CRAS Prata,Público Geral,Cadastro Ùnico
Masculino,49,Médio Completo,Fischer,1, CRAS Prata, CRAS Prata,Público Geral,Cadastro Ùnico
Masculino,49,Fundamental Incompleto,Quinta Lebrão,1, CRAS Prata, CRAS Prata,Público Geral,Cadastro Ùnico
Feminino,Não Informado,Médio Completo,Fonte Santa ,1, CRAS Prata, CRAS Prata,Público Geral,Cadastro Ùnico
Feminino,56,Fundamental Incompleto,Quinta Lebrão,1, CRAS Prata, CRAS Prata,Público Geral,Cadastro Ùnico
Feminino,64,Médio Completo,Quinta Lebrão,1, CRAS Prata, CRAS Prata,Público Geral,Cadastro Ùnico
Feminino,21,Fundamental Incompleto,Providência ,2, CRAS Prata, CRAS Prata,Público Geral,Cadastro Ùnico
Masculino,64,Fundamental Incompleto,Pessegueiros ,2, CRAS Prata, CRAS Prata,Público Geral,Cadastro Ùnico
Feminino,37,Fundamental Incompleto,Quinta Lebrão,1, CRAS Prata, CRAS Prata,Público Geral,Cadastro Ùnico
Feminino,51,Fundamental Incompleto,Fischer,1, CRAS Prata, CRAS Prata,Público Geral,Cadastro Ùnico
Masculino,70,Fundamental Incompleto,Pessegueiros ,2, CRAS Prata, CRAS Prata,Público Geral,Cadastro Ùnico
Feminino,Não Informado,Fundamental Incompleto,Água Quente ,2, CRAS Prata, CRAS Prata,Público Geral,Cadastro Ùnico
Feminino,46,Fundamental Incompleto,Fazenda Ermitage,1, CRAS Prata, CRAS Prata,Público Geral,Cadastro Ùnico
Feminino,56,Médio Completo,Quinta Lebrão,1, CRAS Prata, CRAS Prata,Público Geral,Cadastro Ùnico
Feminino,56,Médio Completo,Vieira,3, CRAS Prata, CRAS Prata,Público Geral,Cadastro Ùnico
Feminino,41,Médio Completo,Fonte Santa ,1, CRAS Prata, CRAS Prata,Público Geral,Cadastro Ùnico
Feminino,36,Médio Completo,Quinta Lebrão,1, CRAS Prata, CRAS Prata,Público Geral,Cadastro Ùnico
Feminino,29,Médio Completo,Quinta Lebrão,1, CRAS Prata, CRAS Prata,Público Geral,Cadastro Ùnico
Feminino,68,Fundamental Incompleto,Fazenda Ermitage,1, CRAS Prata, CRAS Prata,Público Geral,Cadastro Ùnico
Feminino,31,Superior Completo,Três Córregos ,2, CRAS Prata, CRAS Prata,Público Geral,Cadastro Ùnico
Masculino,78,Fundamental Incompleto,Três Córregos ,2, CRAS Prata, CRAS Prata,Público Geral,Cadastro Ùnico
Feminino,39,Médio Incompleto,Fonte Santa ,1, CRAS Prata, CRAS Prata,Público Geral,Cadastro Ùnico
Feminino,37,Fundamental Incompleto,Quinta Lebrão,1, CRAS Prata, CRAS Prata,Público Geral,Cadastro Ùnico
Feminino,64,Fundamental Incompleto,Cruzeiro ,2, CRAS Prata, CRAS Prata,Público Geral,Cadastro Ùnico
Feminino,42,Fundamental Incompleto,Providência ,2, CRAS Prata, CRAS Prata,Público Geral,Cadastro Ùnico
Feminino,41,Fundamental Incompleto,Fonte Santa ,1, CRAS Prata, CRAS Prata,Público Geral,Cadastro Ùnico
Feminino,59,Médio Completo,Quinta Lebrão,1, CRAS Prata, CRAS Prata,Público Geral,Cadastro Ùnico
Feminino,54,Não Escolarizado,Fazenda Ermitage,1, CRAS Prata, CRAS Prata,Público Geral,Cadastro Ùnico
Feminino,66,Fundamental Incompleto,Fonte Santa ,1, CRAS Prata, CRAS Prata,Público Geral,Cadastro Ùnico
Feminino,66,Fundamental Incompleto,Pessegueiros ,2, CRAS Prata, CRAS Prata,Público Geral,Cadastro Ùnico
Feminino,45,Fundamental Incompleto,Quinta Lebrão,1, CRAS Prata, CRAS Prata,Público Geral,Cadastro Ùnico
Feminino,50,Não Escolarizado,Quinta Lebrão,1, CRAS Prata, CRAS Prata,Público Geral,Cadastro Ùnico
Feminino,30,Fundamental Incompleto,Fischer,1, CRAS Prata, CRAS Prata,Público Geral,Cadastro Ùnico
Feminino,24,Médio Incompleto,Fischer,1, CRAS Prata, CRAS Prata,Público Geral,Cadastro Ùnico
Masculino,47,Fundamental Incompleto,Fischer,1, CRAS Prata, CRAS Prata,Público Geral,Cadastro Ùnico
Masculino,82,Fundamental Incompleto,Prata,2, CRAS Prata, CRAS Prata,Público Geral,Cadastro Ùnico
Feminino,42,Fundamental Incompleto,Prata ,2, CRAS Prata, CRAS Prata,Público Geral,Cadastro Ùnico
Feminino,51,Fundamental Incompleto,Quinta Lebrão,1, CRAS Prata, CRAS Prata,Público Geral,Cadastro Ùnico
Feminino,53,Médio Completo,Fazenda Ermitage,1, CRAS Prata, CRAS Prata,Público Geral,Cadastro Ùnico
Feminino,37,Fundamental Incompleto,Não Informado,Não Informado, CRAS Prata, CRAS Prata,Público Geral,Cadastro Ùnico
Feminino,56,Não Informado,Não Informado,Não Informado, CRAS Prata, CRAS Prata,Público Geral,Cadastro Ùnico
Feminino,43,Fundamental Incompleto,Fazenda Ermitage,1, CRAS Prata, CRAS Prata,Público Geral,Cadastro Ùnico
Feminino,47,Médio Completo,Fazenda Ermitage,1, CRAS Prata, CRAS Prata,Público Geral,Cadastro Ùnico
Feminino,33,Médio Incompleto,Andradas ,2, CRAS Prata, CRAS Prata,Público Geral,Cadastro Ùnico
Feminino,43,Fundamental Incompleto,Fonte Santa ,1, CRAS Prata, CRAS Prata,Público Geral,Cadastro Ùnico
Feminino,46,Fundamental Incompleto,Fonte Santa ,1, CRAS Prata, CRAS Prata,Público Geral,Cadastro Ùnico
Feminino,45,Fundamental Incompleto,Fonte Santa ,1, CRAS Prata, CRAS Prata,Público Geral,Cadastro Ùnico
Masculino,24,Fundamental Incompleto,Fonte Santa ,1, CRAS Prata, CRAS Prata,Público Geral,Cadastro Ùnico
Feminino,43,Fundamental Incompleto,Fazenda Ermitage,1, CRAS Prata, CRAS Prata,Público Geral,Cadastro Ùnico
Feminino,40,Fundamental Incompleto,Fonte Santa ,1, CRAS Prata, CRAS Prata,Público Geral,Cadastro Ùnico
Feminino,29,Médio Completo,Prata ,2, CRAS Prata, CRAS Prata,Público Geral,Cadastro Ùnico
Feminino,39,Médio Completo,Fischer,1, CRAS Prata, CRAS Prata,Público Geral,Cadastro Ùnico
Feminino,46,Médio Completo,Fonte Santa ,1, CRAS Prata, CRAS Prata,Público Geral,Cadastro Ùnico
Feminino,47,Fundamental Incompleto,Arrieiro,2, CRAS Prata, CRAS Prata,Público Geral,Cadastro Ùnico
Feminino,42,Fundamental Incompleto,Fazenda Ermitage,1, CRAS Prata, CRAS Prata,Público Geral,Cadastro Ùnico
Feminino,31,Fundamental Incompleto,Pessegueiros ,2, CRAS Prata, CRAS Prata,Público Geral,Cadastro Ùnico
Feminino,41,Médio Completo,Fonte Santa ,1, CRAS Prata, CRAS Prata,Público Geral,Cadastro Ùnico
Masculino,51,Fundamental Incompleto,Fazenda Ermitage,1, CRAS Prata, CRAS Prata,Público Geral,Cadastro Ùnico
Feminino,65,Fundamental Incompleto,Quinta Lebrão,1, CRAS Prata, CRAS Prata,Público Geral,Cadastro Ùnico
Feminino,70,Não Escolarizado,Quinta Lebrão,1, CRAS Prata, CRAS Prata,Público Geral,Cadastro Ùnico
Feminino,69,Fundamental Incompleto,Fazenda Ermitage,1, CRAS Prata, CRAS Prata,Público Geral,Cadastro Ùnico
Feminino,61,Fundamental Incompleto,Fazenda Ermitage,1, CRAS Prata, CRAS Prata,Público Geral,Cadastro Ùnico
Masculino,36,Fundamental Incompleto,Fazenda Ermitage,1, CRAS Prata, CRAS Prata,Público Geral,Cadastro Ùnico
Feminino,68,Fundamental Incompleto,Campo limpo,2, CRAS Prata, CRAS Prata,Público Geral,Cadastro Ùnico
Masculino,56,Fundamental Incompleto,Providência ,2, CRAS Prata, CRAS Prata,Público Geral,Cadastro Ùnico
Feminino,23,Médio Completo,Fonte Santa ,1, CRAS Prata, CRAS Prata,Público Geral,Assistente Social 
Feminino,58,Médio Incompleto,Fonte Santa ,1, CRAS Prata, CRAS Prata,Público Geral,Cadastro Ùnico
Feminino,24,Médio Completo,Quinta Lebrão,1, CRAS Prata, CRAS Prata,Público Geral,Assistente Social 
Masculino,19,Médio Incompleto,Fonte Santa ,1, CRAS Prata, CRAS Prata,Público Geral,Assistente Social 
Feminino,65,Fundamental Incompleto,Fischer,1, CRAS Prata, CRAS Prata,Público Geral,Cadastro Ùnico
Feminino,63,Não Escolarizado,Fonte Santa ,1, CRAS Prata, CRAS Prata,Público Geral,Assistente Social 
Feminino,19,Médio Incompleto,Fonte Santa ,1, CRAS Prata, CRAS Prata,Público Geral,Cadastro Ùnico
Masculino,58,Não Escolarizado,Quinta Lebrão,1, CRAS Prata, CRAS Prata,Público Geral,Cadastro Ùnico
Feminino,62,Fundamental Incompleto,Quinta Lebrão,1, CRAS Prata, CRAS Prata,Público Geral,Cadastro Ùnico
Feminino,27,Médio Incompleto,Fonte Santa ,1, CRAS Prata, CRAS Prata,Público Geral,Assistente Social 
Masculino,66,Não Escolarizado,Fazenda Ermitage,1, CRAS Prata, CRAS Prata,Público Geral,Assistente Social 
Feminino,23,Médio Completo,Fonte Santa ,1, CRAS Prata, CRAS Prata,Público Geral,Cadastro Ùnico
Masculino,66,Não Escolarizado,Fazenda Ermitage,1, CRAS Prata, CRAS Prata,Público Geral,Assistente Social 
Feminino,23,Médio Completo,Fonte Santa ,1, CRAS Prata, CRAS Prata,Público Geral,Cadastro Ùnico
Feminino,27,Médio Incompleto,Fonte Santa ,1, CRAS Prata, CRAS Prata,Público Geral,Cadastro Ùnico
Feminino,56,Fundamental Incompleto,Pessegueiros ,2, CRAS Prata, CRAS Prata,Público Geral,Cadastro Ùnico
Feminino,24,Médio Incompleto,Quinta Lebrão,1, CRAS Prata, CRAS Prata,Público Geral,Cadastro Ùnico
Feminino,65,Fundamental Incompleto,Fazenda Ermitage,1, CRAS Prata, CRAS Prata,Público Geral,Cadastro Ùnico
Feminino,61,Fundamental Incompleto,Vale Paraíso,1, CRAS Alto, CRAS Alto,Público Geral,Cadastro Ùnico
Feminino,46,Médio Incompleto,Fonte Santa ,1, CRAS Prata, CRAS Prata,Público Geral,Cadastro Ùnico
Feminino,47,Médio Completo,Cruzeiro,2, CRAS Prata, CRAS Prata,Público Geral,Cadastro Ùnico
Feminino,45,Fundamental Incompleto,Ponte Nova,2, CRAS Prata, CRAS Prata,Público Geral,Cadastro Ùnico
Feminino,32,Fundamental Incompleto,Fonte Santa ,1, CRAS Prata, CRAS Prata,Público Geral,Assistente Social 
Feminino,42,Médio Completo,Fonte Santa ,1, CRAS Prata, CRAS Prata,Público Geral,Cadastro Ùnico
Masculino,42,Fundamental Incompleto,Água Quente ,2, CRAS Prata, CRAS Prata,Público Geral,Cadastro Ùnico
Feminino,24,Médio Incompleto,Brejal,2, CRAS Prata, CRAS Prata,Público Geral,Cadastro Ùnico
Feminino,63,Fundamental Incompleto,Fischer,1, CRAS Prata, CRAS Prata,Público Geral,Cadastro Ùnico
Feminino,57,Fundamental Incompleto,Quinta Lebrão,1, CRAS Prata, CRAS Prata,Público Geral,Cadastro Ùnico
Feminino,61,Não Escolarizado,Fazenda Ermitage,1, CRAS Prata, CRAS Prata,Público Geral,Cadastro Ùnico
Feminino,44,Fundamental Incompleto,Fonte Santa ,1, CRAS Prata, CRAS Prata,Público Geral,Cadastro Ùnico
Feminino,26,Fundamental Incompleto,Fischer,1, CRAS Prata, CRAS Prata,Público Geral,Cadastro Ùnico
Feminino,59,Fundamental Incompleto,Pessegueiros ,2, CRAS Prata, CRAS Prata,Público Geral,Cadastro Ùnico
Feminino,23,Médio Completo,Fischer,1, CRAS Prata, CRAS Prata,Público Geral,Cadastro Ùnico
Feminino,32,Fundamental Incompleto,Fonte Santa ,1, CRAS Prata, CRAS Prata,Público Geral,Cadastro Ùnico
Feminino,50,Fundamental Incompleto,Quinta Lebrão,1, CRAS Prata, CRAS Prata,Público Geral,Cadastro Ùnico
Feminino,24,Fundamental Incompleto,Santa Rita,2, CRAS Prata, CRAS Prata,Público Geral,Cadastro Ùnico
Masculino,19,Médio Incompleto,Quinta Lebrão,1, CRAS Prata, CRAS Prata,Público Geral,Assistente Social 
Masculino,63,Médio Completo,Pessegueiros ,2, CRAS Prata, CRAS Prata,Público Geral,Cadastro Ùnico
Masculino,63,Médio Completo,Pessegueiros ,2, CRAS Prata, CRAS Prata,Público Geral,Assistente Social 
Feminino,54,Médio Incompleto,Fonte Santa ,1, CRAS Prata, CRAS Prata,Público Geral,Assistente Social 
Feminino,29,Médio Incompleto,Fonte Santa ,1, CRAS Prata, CRAS Prata,Público Geral,Cadastro Ùnico
Feminino,23,Fundamental Incompleto,Santa Rita,2, CRAS Prata, CRAS Prata,Público Geral,Cadastro Ùnico
Feminino,60,Fundamental Incompleto,Três Córregos ,2, CRAS Prata, CRAS Prata,Público Geral,Assistente Social 
Masculino,19,Médio Incompleto,Quinta Lebrão,1, CRAS Prata, CRAS Prata,Público Geral,Assistente Social 
Feminino,34,Fundamental Incompleto,Quinta Lebrão,1, CRAS Prata, CRAS Prata,Público Geral,Assistente Social 
Feminino,50,Fundamental Incompleto,Quinta Lebrão,1, CRAS Prata, CRAS Prata,Público Geral,Cadastro Ùnico
Feminino,68,Não Escolarizado,Fazenda Ermitage,1, CRAS Prata, CRAS Prata,Público Geral,Assistente Social 
Feminino,63,Fundamental Incompleto,Fischer,1, CRAS Prata, CRAS Prata,Público Geral,Cadastro Ùnico
Feminino,58,Fundamental Incompleto,Água Quente ,2, CRAS Prata, CRAS Prata,Público Geral,Cadastro Ùnico
Masculino,32,Fundamental Incompleto,Quinta Lebrão,1, CRAS Prata, CRAS Prata,Público Geral,Assistente Social 
Masculino,58,Não Escolarizado,Quinta Lebrão,1, CRAS Prata, CRAS Prata,Público Geral,Cadastro Ùnico
Feminino,65,Fundamental Incompleto,Três Córregos ,2, CRAS Prata, CRAS Prata,Público Geral,Cadastro Ùnico
Masculino,40,Fundamental Incompleto,Não Informado,Não Informado, CRAS Prata, CRAS Prata,Público Geral,Cadastro Ùnico
Feminino,63,Fundamental Incompleto,Fonte Santa ,1, CRAS Prata, CRAS Prata,Público Geral,Cadastro Ùnico
Feminino,64,Fundamental Incompleto,Água Quente ,2, CRAS Prata, CRAS Prata,Público Geral,Cadastro Ùnico
Feminino,45,Médio Completo,Quinta Lebrão,1, CRAS Prata, CRAS Prata,Público Geral,Cadastro Ùnico
Feminino,45,Fundamental Incompleto,Quinta Lebrão,1, CRAS Prata, CRAS Prata,Público Geral,Cadastro Ùnico
Feminino,32,Fundamental Incompleto,Água Quente ,2, CRAS Prata, CRAS Prata,Público Geral,Cadastro Ùnico
Feminino,28,Médio Incompleto,Fonte Santa ,1, CRAS Prata, CRAS Prata,Público Geral,Assistente Social 
Feminino,28,Médio Incompleto,Brejal,2, CRAS Prata, CRAS Prata,Público Geral,Cadastro Ùnico
Feminino,50,Médio Completo,Fonte Santa ,1, CRAS Prata, CRAS Prata,Público Geral,Cadastro Ùnico
Feminino,60,Fundamental Incompleto,Cruzeiro,2, CRAS Prata, CRAS Prata,Público Geral,Cadastro Ùnico
Feminino,59,Fundamental Incompleto,Quinta Lebrão,1, CRAS Prata, CRAS Prata,Público Geral,Cadastro Ùnico
Masculino,26,Fundamental Incompleto,Quinta Lebrão,1, CRAS Prata, CRAS Prata,Público Geral,Cadastro Ùnico
Masculino,62,Médio Completo,Prata,2, CRAS Prata, CRAS Prata,Público Geral,Cadastro Ùnico
Feminino,19,Médio Completo,Fonte Santa ,1, CRAS Prata, CRAS Prata,Público Geral,Assistente Social 
Feminino,39,Fundamental Incompleto,Fazenda Ermitage,1, CRAS Prata, CRAS Prata,Público Geral,Assistente Social 
Masculino,32,Fundamental Incompleto,Quinta Lebrão,1, CRAS Prata, CRAS Prata,Público Geral,Cadastro Ùnico
Feminino,74,Médio Incompleto,Fonte Santa ,1, CRAS Prata, CRAS Prata,Público Geral,Cadastro Ùnico
Feminino,71,Fundamental Incompleto,Quinta Lebrão,1, CRAS Prata, CRAS Prata,Público Geral,Assistente Social 
Feminino,22,Médio Incompleto,Fonte Santa ,1, CRAS Prata, CRAS Prata,Público Geral,Cadastro Ùnico
Feminino,19,Médio Completo,Fonte Santa ,1, CRAS Prata, CRAS Prata,Público Geral,Cadastro Ùnico
Feminino,22,Fundamental Incompleto,Quinta Lebrão,1, CRAS Prata, CRAS Prata,Público Geral,Assistente Social 
Feminino,57,Fundamental Incompleto,Três Córregos ,2, CRAS Prata, CRAS Prata,Público Geral,Cadastro Ùnico
Masculino,40,Fundamental Incompleto,Quinta Lebrão,1, CRAS Prata, CRAS Prata,Público Geral,Cadastro Ùnico
Feminino,53,Médio Completo,Fazenda Ermitage,1, CRAS Prata, CRAS Prata,Público Geral,Cadastro Ùnico
Masculino,60,Não Escolarizado,Fonte Santa ,1, CRAS Prata, CRAS Prata,Público Geral,Cadastro Ùnico
Feminino,20,Médio Completo,Pessegueiros ,2, CRAS Prata, CRAS Prata,Público Geral,Cadastro Ùnico
Feminino,80,Fundamental Incompleto,Fazenda Ermitage,1, CRAS Prata, CRAS Prata,Público Geral,Cadastro Ùnico
Masculino,68,Superior Incompleto,Albuquerque,1, CRAS Alto, CRAS Alto,Público Geral,Cadastro Ùnico
Feminino,64,Fundamental Incompleto,Cruzeiro,2, CRAS Prata, CRAS Prata,Público Geral,Assistente Social 
Feminino,32,Fundamental Incompleto,Fischer,1, CRAS Prata, CRAS Prata,Público Geral,Cadastro Ùnico
Masculino,33,Fundamental Completo,Quinta Lebrão,1, CRAS Prata, CRAS Prata,Público Geral,Cadastro Ùnico
Feminino,54,Fundamental Incompleto,Granja Mafra,2, CRAS Prata, CRAS Prata,Público Geral,Cadastro Ùnico
Feminino,22,Fundamental Incompleto,Quinta Lebrão,1, CRAS Prata, CRAS Prata,Público Geral,Cadastro Ùnico
Feminino,59,Fundamental Incompleto,Fonte Santa ,1, CRAS Prata, CRAS Prata,Público Geral,Cadastro Ùnico
Masculino,70,Fundamental Incompleto,Três Córregos ,2, CRAS Prata, CRAS Prata,Público Geral,Cadastro Ùnico
Feminino,59,Fundamental Incompleto,Fazenda Ermitage,1, CRAS Prata, CRAS Prata,Público Geral,Cadastro Ùnico
Feminino,72,Não Escolarizado,Ponte Nova,2, CRAS Prata, CRAS Prata,Público Geral,Cadastro Ùnico
Feminino,52,Médio Completo,Fonte Santa ,1, CRAS Prata, CRAS Prata,Público Geral,Cadastro Ùnico
Feminino,19,Médio Incompleto,Ponte Nova,2, CRAS Prata, CRAS Prata,Público Geral,Cadastro Ùnico
Masculino,42,Fundamental Incompleto,Ponte Nova,2, CRAS Prata, CRAS Prata,Público Geral,Cadastro Ùnico
Masculino,67,Fundamental Incompleto,Ponte Nova,2, CRAS Prata, CRAS Prata,Público Geral,Cadastro Ùnico
Feminino,55,Fundamental Incompleto,Pessegueiros ,2, CRAS Prata, CRAS Prata,Público Geral,Cadastro Ùnico
Masculino,54,Fundamental Incompleto,Fonte Santa ,1, CRAS Prata, CRAS Prata,Público Geral,Cadastro Ùnico
Feminino,54,Fundamental Incompleto,Fonte Santa ,1, CRAS Prata, CRAS Prata,Público Geral,Cadastro Ùnico
Feminino,44,Fundamental Incompleto,Fazenda Ermitage,1, CRAS Prata, CRAS Prata,Público Geral,Cadastro Ùnico
Feminino,50,Fundamental Incompleto,Campo Limpo,2, CRAS Prata, CRAS Prata,Público Geral,Cadastro Ùnico
Feminino,43,Fundamental Incompleto,Fonte Santa ,1, CRAS Prata, CRAS Prata,Público Geral,Cadastro Ùnico
Feminino,47,Médio Completo,Ponte Nova,2, CRAS Prata, CRAS Prata,Público Geral,Cadastro Ùnico
Feminino,38,Fundamental Incompleto,Fonte Santa ,1, CRAS Prata, CRAS Prata,Público Geral,Assistente Social 
Feminino,45,Médio Completo,Pessegueiros ,2, CRAS Prata, CRAS Prata,Público Geral,Cadastro Ùnico
Feminino,60,Fundamental Incompleto,Quinta Lebrão,1, CRAS Prata, CRAS Prata,Público Geral,Cadastro Ùnico
Feminino,53,Fundamental Incompleto,Providência ,2, CRAS Prata, CRAS Prata,Público Geral,Cadastro Ùnico
Feminino,37,Médio Completo,Fischer,1, CRAS Prata, CRAS Prata,Público Geral,Assistente Social 
Feminino,59,Fundamental Incompleto,Fonte Santa ,1, CRAS Prata, CRAS Prata,Público Geral,Cadastro Ùnico
Feminino,70,Fundamental Incompleto,Três Córregos ,2, CRAS Prata, CRAS Prata,Público Geral,Cadastro Ùnico
Feminino,49,Médio Completo,Cruzeiro ,2, CRAS Prata, CRAS Prata,Público Geral,Cadastro Ùnico
Feminino,36,Médio Completo,Quinta Lebrão,1, CRAS Prata, CRAS Prata,Público Geral,Cadastro Ùnico
Feminino,65,Fundamental Incompleto,Quinta Lebrão,1, CRAS Prata, CRAS Prata,Público Geral,Cadastro Ùnico
Feminino,19,Médio Completo,Fischer,1, CRAS Prata, CRAS Prata,Público Geral,Assistente Social 
Masculino,Não Informado,Fundamental Incompleto,Fonte Santa ,1, CRAS Prata, CRAS Prata,Público Geral,Cadastro Ùnico
Feminino,30,Fundamental Incompleto,Serra do Capim ,2, CRAS Prata, CRAS Prata,Público Geral,Cadastro Ùnico
Feminino,43,Fundamental Incompleto,Cruzeiro ,2, CRAS Prata, CRAS Prata,Público Geral,Cadastro Ùnico
Masculino,78,Fundamental Incompleto,Pessegueiros ,2, CRAS Prata, CRAS Prata,Público Geral,Cadastro Ùnico
Feminino,33,Médio Completo,Fazenda Alpina ,2, CRAS Prata, CRAS Prata,Público Geral,Cadastro Ùnico
Masculino,56,Fundamental Incompleto,Fazenda Alpina ,2, CRAS Prata, CRAS Prata,Público Geral,Assistente Social 
Feminino,33,Médio Completo,Fazenda Ermitage,1, CRAS Prata, CRAS Prata,Público Geral,Assistente Social 
Feminino,69,Não Escolarizado,Quinta Lebrão,1, CRAS Prata, CRAS Prata,Público Geral,Cadastro Ùnico
Feminino,33,Médio Incompleto,Fonte Santa ,1, CRAS Prata, CRAS Prata,Público Geral,Cadastro Ùnico
Feminino,51,Fundamental Incompleto,Fonte Santa ,1, CRAS Prata, CRAS Prata,Público Geral,Assistente Social 
Feminino,65,Não Escolarizado,Fazenda Ermitage,1, CRAS Prata, CRAS Prata,Público Geral,Assistente Social 
Feminino,64,Fundamental Incompleto,Cruzeiro ,2, CRAS Prata, CRAS Prata,Público Geral,Cadastro Ùnico
Feminino,38,Médio Completo,Quinta Lebrão,1, CRAS Prata, CRAS Prata,Público Geral,Cadastro Ùnico
Feminino,43,Fundamental Incompleto,Cruzeiro ,2, CRAS Prata, CRAS Prata,Público Geral,Assistente Social 
Feminino,30,Fundamental Incompleto,Serra do Capim ,2, CRAS Prata, CRAS Prata,Público Geral,Assistente Social 
Não informado,46,Médio Completo,Fonte Santa ,1, CRAS Prata, CRAS Prata,Público Geral,Cadastro Ùnico
Feminino,30,Médio Completo,Cruzeiro ,2, CRAS Prata, CRAS Prata,Público Geral,Cadastro Ùnico
Masculino,67,Fundamental Incompleto,Fonte Santa ,1, CRAS Prata, CRAS Prata,Público Geral,Cadastro Ùnico
Feminino,40,Fundamental Incompleto,Pessegueiros ,2, CRAS Prata, CRAS Prata,Público Geral,Cadastro Ùnico
Feminino,52,Fundamental Incompleto,Pessegueiros ,2, CRAS Prata, CRAS Prata,Público Geral,Cadastro Ùnico
Feminino,45,Médio Completo,Pessegueiros ,2, CRAS Prata, CRAS Prata,Público Geral,Cadastro Ùnico
Feminino,52,Fundamental Incompleto,Pessegueiros ,2, CRAS Prata, CRAS Prata,Público Geral,Assistente Social 
Masculino,68,Fundamental Incompleto,Fonte Santa ,1, CRAS Prata, CRAS Prata,Público Geral,Cadastro Ùnico
Feminino,66,Fundamental Incompleto,Fonte Santa ,1, CRAS Prata, CRAS Prata,Público Geral,Assistente Social 
Feminino,46,Fundamental Incompleto,Fonte Santa ,1, CRAS Prata, CRAS Prata,Público Geral,Assistente Social 
Feminino,66,Fundamental Incompleto,Biquinha,2, CRAS Prata, CRAS Prata,Público Geral,Cadastro Ùnico
Feminino,62,Fundamental Incompleto,Fonte Santa ,1, CRAS Prata, CRAS Prata,Público Geral,Cadastro Ùnico
Masculino,26,Fundamental Incompleto,Quinta Lebrão,1, CRAS Prata, CRAS Prata,Público Geral,Assistente Social 
Feminino,71,Fundamental Incompleto,Fonte Santa ,1, CRAS Prata, CRAS Prata,Público Geral,Assistente Social 
Feminino,48,Fundamental Incompleto,Quinta Lebrão,1, CRAS Prata, CRAS Prata,Público Geral,Assistente Social 
Feminino,53,Fundamental Incompleto,Quinta Lebrão,1,CRAS PRATA,CRAS PRATA,Público Geral,Assistente Social 
Masculino,56,Fundamental Incompleto,Quinta Lebrão,1,CRAS PRATA,CRAS PRATA,Público Geral,Cadastro Ùnico
Feminino,67,Fundamental Incompleto,Granja Mafra ,2,CRAS PRATA,CRAS PRATA,Público Geral,Cadastro Ùnico
Feminino,67,Fundamental Incompleto,Granja Mafra ,2,CRAS PRATA,CRAS PRATA,Público Geral,Assistente Social 
Feminino,37,Médio Incompleto,Fonte Santa ,1,CRAS PRATA,CRAS PRATA,Público Geral,Cadastro Ùnico
Feminino,66,Fundamental Incompleto,Fonte Santa ,1,CRAS PRATA,CRAS PRATA,Público Geral,Assistente Social 
Masculino,71,Não Escolarizado,Cruzeiro ,2,CRAS PRATA,CRAS PRATA,Público Geral,Cadastro Ùnico
Masculino,59,Fundamental Incompleto,Quinta Lebrão,1,CRAS PRATA,CRAS PRATA,Público Geral,Assistente Social 
Feminino,36,Médio Completo,Quinta Lebrão,1,CRAS PRATA,CRAS PRATA,Público Geral,Cadastro Ùnico
Feminino,49,Médio Completo,Cruzeiro,2,CRAS PRATA,CRAS PRATA,Público Geral,Assistente Social 
Feminino,68,Fundamental Incompleto,Fazenda Ermitage,1,CRAS PRATA,CRAS PRATA,Público Geral,Cadastro Ùnico
Feminino,65,Fundamental Incompleto,Fazenda Ermitage,1,CRAS PRATA,CRAS PRATA,Público Geral,Assistente Social 
Feminino,49,Médio Completo,Cruzeiro,2,CRAS PRATA,CRAS PRATA,Público Geral,Cadastro Ùnico
Feminino,67,Fundamental Incompleto,Granja Mafra ,2,CRAS PRATA,CRAS PRATA,Público Geral,Assistente Social 
Feminino,56,Fundamental Incompleto,Lajinha ,1,CRAS PRATA,CRAS PRATA,Público Geral,Cadastro Ùnico
Feminino,51,Fundamental Incompleto,Santa Rita,2,CRAS PRATA,CRAS PRATA,Público Geral,Cadastro Ùnico
Feminino,66,Não Escolarizado,Prata,2,CRAS PRATA,CRAS PRATA,Público Geral,Cadastro Ùnico
Masculino,39,Fundamental Completo,Água Quente ,2,CRAS PRATA,CRAS PRATA,Público Geral,Cadastro Ùnico
Feminino,67,Fundamental Incompleto,Granja Mafra ,2,CRAS PRATA,CRAS PRATA,Público Geral,Cadastro Ùnico
Feminino,30,Médio Completo,Campo Limpo,2,CRAS PRATA,CRAS PRATA,Público Geral,Cadastro Ùnico
Feminino,47,Médio Incompleto,São Pedro,1,CRAS PRATA,CRAS PRATA,Público Geral,Cadastro Ùnico
Feminino,69,Não Escolarizado,Fazenda Ermitage,1,CRAS PRATA,CRAS PRATA,Público Geral,Cadastro Ùnico
Feminino,46,Médio Incompleto,Fonte Santa ,1,CRAS PRATA,CRAS PRATA,Público Geral,Cadastro Ùnico
Feminino,19,Médio Incompleto,Fonte Santa ,1,CRAS PRATA,CRAS PRATA,Público Geral,Cadastro Ùnico
Feminino,22,Médio Completo,Água Quente ,2,CRAS PRATA,CRAS PRATA,Público Geral,Cadastro Ùnico
Feminino,46,Fundamental Incompleto,Fazenda Ermitage,1,CRAS PRATA,CRAS PRATA,Público Geral,Cadastro Ùnico
Masculino,62,Fundamental Incompleto,Santa Rita,2,CRAS PRATA,CRAS PRATA,Público Geral,Cadastro Ùnico
Feminino,37,Médio Incompleto,Fonte Santa ,1,CRAS PRATA,CRAS PRATA,Público Geral,Cadastro Ùnico
Feminino,34,Médio Completo,Pessegueiros ,2,CRAS PRATA,CRAS PRATA,Público Geral,Cadastro Ùnico
Feminino,22,Médio Completo,Água Quente ,2,CRAS PRATA,CRAS PRATA,Público Geral,Cadastro Ùnico
Feminino,66,Fundamental Incompleto,Fazenda Ermitage,1,CRAS PRATA,CRAS PRATA,Público Geral,Cadastro Ùnico
Feminino,35,Médio Completo,Fonte Santa ,1,CRAS PRATA,CRAS PRATA,Público Geral,Cadastro Ùnico
Feminino,47,Médio Incompleto,São Pedro,1,CRAS PRATA,CRAS PRATA,Público Geral,Assistente Social 
Feminino,23,Fundamental Incompleto,Fonte Santa ,1,CRAS PRATA,CRAS PRATA,Público Geral,Cadastro Ùnico
Feminino,66,Fundamental Incompleto,Quinta Lebrão,1,CRAS PRATA,CRAS PRATA,Público Geral,Cadastro Ùnico
Feminino,20,Médio Completo,Fonte Santa ,1,CRAS PRATA,CRAS PRATA,Público Geral,Cadastro Ùnico
Feminino,24,Fundamental Completo,Fonte Santa ,1,CRAS PRATA,CRAS PRATA,Público Geral,Assistente Social 
Feminino,32,Fundamental Incompleto,Água Quente ,2,CRAS PRATA,CRAS PRATA,Público Geral,Cadastro Ùnico
Feminino,37,Fundamental Incompleto,Brejal,2,CRAS PRATA,CRAS PRATA,Público Geral,Cadastro Ùnico
Masculino,65,Fundamental Incompleto,Pessegueiros ,2,CRAS PRATA,CRAS PRATA,Público Geral,Cadastro Ùnico
Masculino,65,Fundamental Incompleto,Pessegueiros ,2,CRAS PRATA,CRAS PRATA,Público Geral,Assistente Social 
Masculino,34,Fundamental Completo,Quinta Lebrão,1,CRAS PRATA,CRAS PRATA,Público Geral,Cadastro Ùnico
Masculino,23,Médio Completo,Quinta Lebrão,1,CRAS PRATA,CRAS PRATA,Público Geral,Cadastro Ùnico
Feminino,35,Médio Completo,Fonte Santa ,1,CRAS PRATA,CRAS PRATA,Público Geral,Assistente Social 
Masculino,64,Fundamental Incompleto,Fischer,1,CRAS PRATA,CRAS PRATA,Público Geral,Assistente Social 
Feminino,68,Fundamental Incompleto,Providência ,2,CRAS PRATA,CRAS PRATA,Público Geral,Cadastro Ùnico
Feminino,26,Médio Incompleto,Pessegueiros ,2,CRAS PRATA,CRAS PRATA,Público Geral,Cadastro Ùnico
Feminino,41,Médio Completo,Fonte Santa ,1,CRAS PRATA,CRAS PRATA,Público Geral,Cadastro Ùnico
Feminino,47,Fundamental Incompleto,Fonte Santa ,1,CRAS PRATA,CRAS PRATA,Público Geral,Cadastro Ùnico
Feminino,23,Fundamental Completo,Fonte Santa ,1,CRAS PRATA,CRAS PRATA,Público Geral,Assistente Social 
Masculino,43,Fundamental Incompleto,Fonte Santa ,1,CRAS PRATA,CRAS PRATA,Público Geral,Assistente Social 
Masculino,43,Fundamental Incompleto,Fonte Santa ,1,CRAS PRATA,CRAS PRATA,Público Geral,Cadastro Ùnico
Feminino,47,Fundamental Incompleto,Iúcas,1,CRAS PRATA,CRAS PRATA,Público Geral,Assistente Social 
Feminino,31,Médio Incompleto,Água Quente ,2,CRAS PRATA,CRAS PRATA,Público Geral,Assistente Social 
Masculino,57,Fundamental Incompleto,Fazenda Ermitage,1,CRAS PRATA,CRAS PRATA,Público Geral,Cadastro Ùnico
Feminino,38,Fundamental Incompleto,Ponte Nova,2,CRAS PRATA,CRAS PRATA,Público Geral,Cadastro Ùnico
Feminino,68,Fundamental Incompleto,Fazenda Ermitage,1,CRAS PRATA,CRAS PRATA,Público Geral,Cadastro Ùnico
Masculino,58,Fundamental Incompleto,Fonte Santa ,1,CRAS PRATA,CRAS PRATA,Público Geral,Cadastro Ùnico
Feminino,28,Médio Completo,Salaco,1,CRAS PRATA,CRAS PRATA,Público Geral,Cadastro Ùnico
Feminino,31,Fundamental Incompleto,Providência ,2,CRAS PRATA,CRAS PRATA,Público Geral,Cadastro Ùnico
Feminino,28,Médio Completo,Salaco,1,CRAS PRATA,CRAS PRATA,Público Geral,Assistente Social 
Masculino,61,Fundamental Incompleto,Quinta Lebrão,1,CRAS PRATA,CRAS PRATA,Público Geral,Cadastro Ùnico
Feminino,62,Fundamental Incompleto,Fazenda Ermitage,1,CRAS PRATA,CRAS PRATA,Público Geral,Cadastro Ùnico
Masculino,58,Fundamental Incompleto,Quinta Lebrão,1,CRAS PRATA,CRAS PRATA,Público Geral,Cadastro Ùnico
Masculino,64,Não Escolarizado,Fonte Santa ,1,CRAS PRATA,CRAS PRATA,Público Geral,Cadastro Ùnico
Masculino,48,Fundamental Incompleto,São Pedro,1,CRAS PRATA,CRAS PRATA,Público Geral,Cadastro Ùnico
Feminino,45,Fundamental Incompleto,Providência ,2,CRAS PRATA,CRAS PRATA,Público Geral,Cadastro Ùnico
Feminino,47,Fundamental Incompleto,Pessegueiros ,2,CRAS PRATA,CRAS PRATA,Público Geral,Cadastro Ùnico
Feminino,45,Fundamental Incompleto,Fonte Santa ,1,CRAS PRATA,CRAS PRATA,Público Geral,Cadastro Ùnico
Feminino,46,Fundamental Incompleto,Fischer,1,CRAS PRATA,CRAS PRATA,Público Geral,Cadastro Ùnico
Feminino,25,Médio Completo,Água Quente ,2,CRAS PRATA,CRAS PRATA,Público Geral,Cadastro Ùnico
Feminino,50,Fundamental Incompleto,Água Quente ,2,CRAS PRATA,CRAS PRATA,Público Geral,Cadastro Ùnico
Feminino,75,Fundamental Incompleto,Fischer,1,CRAS PRATA,CRAS PRATA,Público Geral,Cadastro Ùnico
Feminino,20,Médio Completo,Pessegueiros ,2,CRAS PRATA,CRAS PRATA,Público Geral,Cadastro Ùnico
Masculino,55,Não Escolarizado,Fonte Santa ,1,CRAS PRATA,CRAS PRATA,Público Geral,Cadastro Ùnico
Masculino,48,Fundamental Incompleto,Fonte Santa ,1,CRAS PRATA,CRAS PRATA,Público Geral,Cadastro Ùnico
Feminino,67,Fundamental Incompleto,Fonte Santa ,1,CRAS PRATA,CRAS PRATA,Público Geral,Cadastro Ùnico
Feminino,36,Médio Completo,Fonte Santa ,1,CRAS PRATA,CRAS PRATA,Público Geral,Cadastro Ùnico
Masculino,42,Fundamental Incompleto,Biquinha ,2,CRAS PRATA,CRAS PRATA,Público Geral,Cadastro Ùnico
Feminino,25,Médio Completo,Cruzeiro ,2,CRAS PRATA,CRAS PRATA,Público Geral,Cadastro Ùnico
Masculino,57,Fundamental Incompleto,Fazenda Ermitage,1,CRAS PRATA,CRAS PRATA,Público Geral,Assistente Social 
Feminino,24,Superior Completo,Quinta Lebrão,1,CRAS PRATA,CRAS PRATA,Público Geral,Assistente Social 
Feminino,57,Fundamental Incompleto,Quinta Lebrão,1,CRAS PRATA,CRAS PRATA,Público Geral,Cadastro Ùnico
Feminino,22,Médio Completo,Quinta Lebrão,1,CRAS PRATA,CRAS PRATA,Público Geral,Cadastro Ùnico
Feminino,45,Fundamental Incompleto,Fonte Santa ,1,CRAS PRATA,CRAS PRATA,Público Geral,Assistente Social 
Feminino,24,Médio Incompleto,Fonte Santa ,1,CRAS PRATA,CRAS PRATA,Público Geral,Cadastro Ùnico
Feminino,56,Fundamental Incompleto,Quinta Lebrão,1,CRAS PRATA,CRAS PRATA,Público Geral,Cadastro Ùnico
Feminino,27,Médio Completo,Fonte Santa ,1,CRAS PRATA,CRAS PRATA,Público Geral,Assistente Social 
Masculino,18,Médio Incompleto,Fischer,1,CRAS PRATA,CRAS PRATA,Público Geral,Assistente Social 
Feminino,37,Médio Completo,Cruzeiro ,2,CRAS PRATA,CRAS PRATA,Público Geral,Cadastro Ùnico
Feminino,43,Fundamental Incompleto,Quinta Lebrão,1,CRAS PRATA,CRAS PRATA,Público Geral,Assistente Social 
Feminino,36,Médio Incompleto,Quinta Lebrão,1,CRAS PRATA,CRAS PRATA,Público Geral,Assistente Social 
Feminino,76,Não Escolarizado,Fonte Santa ,1,CRAS PRATA,CRAS PRATA,Público Geral,Cadastro Ùnico
Feminino,46,Fundamental Incompleto,Fazenda Ermitage,1,CRAS PRATA,CRAS PRATA,Público Geral,Cadastro Ùnico
Feminino,63,Fundamental Incompleto,Quinta Lebrão,1,CRAS PRATA,CRAS PRATA,Público Geral,Cadastro Ùnico
Masculino,23,Médio Completo,Quinta Lebrão,1,CRAS PRATA,CRAS PRATA,Público Geral,Cadastro Ùnico
Feminino,44,Médio Completo,Gamboa,2,CRAS PRATA,CRAS PRATA,Público Geral,Cadastro Ùnico
Feminino,19,Fundamental Incompleto,Cruzeiro ,2,CRAS PRATA,CRAS PRATA,Público Geral,Assistente Social 
Masculino,58,Fundamental Incompleto,Quinta Lebrão,1,CRAS PRATA,CRAS PRATA,Público Geral,Assistente Social 
Feminino,62,Fundamental Incompleto,Quinta Lebrão,1,CRAS PRATA,CRAS PRATA,Público Geral,Cadastro Ùnico
Masculino,29,Médio Incompleto,Poço dos Peixes ,2,CRAS PRATA,CRAS PRATA,Público Geral,Cadastro Ùnico
Feminino,60,Fundamental Incompleto,Fazenda Ermitage,1,CRAS PRATA,CRAS PRATA,Público Geral,Cadastro Ùnico
Masculino,40,Médio Completo,Fazenda Ermitage,1,CRAS PRATA,CRAS PRATA,Público Geral,Assistente Social 
Feminino,38,Médio Completo,Fazenda Ermitage,1,CRAS PRATA,CRAS PRATA,Público Geral,Assistente Social 
Feminino,39,Médio Incompleto,Fonte Santa ,1,CRAS PRATA,CRAS PRATA,Público Geral,Assistente Social 
Feminino,27,Fundamental Incompleto,Fonte Santa ,1,CRAS PRATA,CRAS PRATA,Público Geral,Cadastro Ùnico
Masculino,22,Médio Completo,Quinta Lebrão,1,CRAS PRATA,CRAS PRATA,Público Geral,Cadastro Ùnico
Feminino,45,Médio Completo,Fonte Santa ,1,CRAS PRATA,CRAS PRATA,Público Geral,Cadastro Ùnico
Feminino,22,Médio Completo,Fonte Santa ,1,CRAS PRATA,CRAS PRATA,Público Geral,Cadastro Ùnico
Feminino,47,Fundamental Incompleto,Fonte Santa ,1,CRAS PRATA,CRAS PRATA,Público Geral,Assistente Social 
Feminino,56,Fundamental Incompleto,Quinta Lebrão,1,CRAS PRATA,CRAS PRATA,Público Geral,Cadastro Ùnico
Feminino,56,Fundamental Incompleto,Quinta Lebrão,1,CRAS PRATA,CRAS PRATA,Público Geral,Cadastro Ùnico
Feminino,31,Médio Incompleto,Brejal,2,CRAS PRATA,CRAS PRATA,Público Geral,Assistente Social 
Feminino,38,Médio Incompleto,Brejal,2,CRAS PRATA,CRAS PRATA,Público Geral,Cadastro Ùnico
Feminino,22,Médio Completo,Fonte Santa ,1,CRAS PRATA,CRAS PRATA,Público Geral,Assistente Social 
Feminino,66,Fundamental Incompleto,Três Córregos ,2,CRAS PRATA,CRAS PRATA,Público Geral,Cadastro Ùnico
Feminino,18,Médio Incompleto,Fischer,1,CRAS PRATA,CRAS PRATA,Público Geral,Assistente Social 
Feminino,31,Médio Incompleto,Brejal ,2,CRAS PRATA,CRAS PRATA,Público Geral,Cadastro Ùnico
Masculino,15,Fundamental Incompleto,Fischer,1,CRAS PRATA,CRAS PRATA,Público Geral,Assistente Social 
Feminino,49,Fundamental Incompleto,Andradas ,2,CRAS PRATA,CRAS PRATA,Público Geral,Cadastro Ùnico
Masculino,42,Fundamental Incompleto,Fischer,1,CRAS PRATA,CRAS PRATA,Público Geral,Cadastro Ùnico
Masculino,35,Fundamental Incompleto,Ponte Nova ,2,CRAS PRATA,CRAS PRATA,Público Geral,Cadastro Ùnico
Feminino,61,Fundamental Incompleto,Água Quente ,2,CRAS PRATA,CRAS PRATA,Público Geral,Assistente Social 
Feminino,46,Fundamental Incompleto,Ponte Nova ,2,CRAS PRATA,CRAS PRATA,Público Geral,Cadastro Ùnico
Feminino,31,Médio Completo,Álvaro Pana ,1,CRAS PRATA,CRAS PRATA,Público Geral,Assistente Social 
Masculino,29,Fundamental Incompleto,Água Quente ,2,CRAS PRATA,CRAS PRATA,Público Geral,Cadastro Ùnico
Feminino,48,Fundamental Incompleto,Água Quente ,2,CRAS PRATA,CRAS PRATA,Público Geral,Cadastro Ùnico
Feminino,48,Fundamental Incompleto,Água Quente ,2,CRAS PRATA,CRAS PRATA,Público Geral,Cadastro Ùnico
Feminino,69,Não Escolarizado,Água Quente ,2,CRAS PRATA,CRAS PRATA,Público Geral,Cadastro Ùnico
Feminino,30,Médio Completo,Quinta Lebrão,1,CRAS PRATA,CRAS PRATA,Público Geral,Cadastro Ùnico
Masculino,23,Médio Incompleto,Pessegueiros ,2,CRAS PRATA,CRAS PRATA,Público Geral,Cadastro Ùnico
Feminino,84,Não Escolarizado,Fonte Santa ,1,CRAS PRATA,CRAS PRATA,Público Geral,Cadastro Ùnico
Feminino,48,Fundamental Incompleto,Água Quente ,2,CRAS PRATA,CRAS PRATA,Público Geral,Cadastro Ùnico
Feminino,25,Fundamental Incompleto,Pessegueiros ,2,CRAS PRATA,CRAS PRATA,Público Geral,Cadastro Ùnico
Feminino,20,Médio Completo,Fonte Santa ,1,CRAS PRATA,CRAS PRATA,Público Geral,Cadastro Ùnico
Masculino,80,Não Escolarizado,Fazenda Ermitage,1,CRAS PRATA,CRAS PRATA,Público Geral,Cadastro Ùnico
Feminino,48,Fundamental Incompleto,Serra do Capim,2,CRAS PRATA,CRAS PRATA,Público Geral,Assistente Social 
Feminino,21,Médio Completo,Santa Rita,2,CRAS PRATA,CRAS PRATA,Público Geral,Cadastro Ùnico
Feminino,30,Médio Completo,Quinta Lebrão,1,CRAS PRATA,CRAS PRATA,Público Geral,Assistente Social 
Feminino,32,Médio Completo,Fonte Santa ,1,CRAS PRATA,CRAS PRATA,Público Geral,Cadastro Ùnico
Feminino,32,Médio Completo,Fonte Santa ,1,CRAS PRATA,CRAS PRATA,Público Geral,Assistente Social 
Feminino,20,Fundamental Incompleto,Fonte Santa ,1,CRAS PRATA,CRAS PRATA,Público Geral,Assistente Social 
Feminino,28,Médio Completo,Fazenda Ermitage,1,CRAS PRATA,CRAS PRATA,Público Geral,Cadastro Ùnico
Feminino,66,Fundamental Incompleto,Pessegueiros ,2,CRAS PRATA,CRAS PRATA,Público Geral,Cadastro Ùnico
Masculino,19,Médio Completo,Fonte Santa ,1,CRAS PRATA,CRAS PRATA,Público Geral,Cadastro Ùnico
Feminino,28,Médio Completo,Fazenda Ermitage,1,CRAS PRATA,CRAS PRATA,Público Geral,Assistente Social 
Feminino,22,Médio Completo,Fonte Santa ,1,CRAS PRATA,CRAS PRATA,Público Geral,Assistente Social 
Feminino,67,Não Escolarizado,Quinta Lebrão,1,CRAS PRATA,CRAS PRATA,Público Geral,Cadastro Ùnico
Feminino,77,Fundamental Incompleto,Brejal,2,CRAS PRATA,CRAS PRATA,Público Geral,Assistente Social 
Feminino,38,Fundamental Incompleto,Quinta Lebrão,1,CRAS PRATA,CRAS PRATA,Público Geral,Cadastro Ùnico
Feminino,35,Fundamental Incompleto,Quinta Lebrão,1,CRAS PRATA,CRAS PRATA,Público Geral,Cadastro Ùnico
Feminino,35,Fundamental Incompleto,Quinta Lebrão,1,CRAS PRATA,CRAS PRATA,Público Geral,Assistente Social 
Feminino,32,Fundamental Incompleto,Quinta Lebrão,1,CRAS PRATA,CRAS PRATA,Público Geral,Cadastro Ùnico
Feminino,55,Fundamental Incompleto,Fazenda Ermitage,1,CRAS PRATA,CRAS PRATA,Público Geral,Cadastro Ùnico
Feminino,32,Fundamental Incompleto,Quinta Lebrão,1,CRAS PRATA,CRAS PRATA,Público Geral,Assistente Social 
Feminino,44,Fundamental Incompleto,Fazenda Ermitage,1,CRAS PRATA,CRAS PRATA,Público Geral,Assistente Social 
Masculino,59,Fundamental Incompleto,Serra do Capim,2,CRAS PRATA,CRAS PRATA,Público Geral,Cadastro Ùnico
Feminino,52,Fundamental Incompleto,Fonte Santa ,1,CRAS PRATA,CRAS PRATA,Público Geral,Assistente Social 
Feminino,43,Fundamental Incompleto,São Pedro,1,CRAS PRATA,CRAS PRATA,Público Geral,Cadastro Ùnico
Masculino,61,Fundamental Incompleto,Quinta Lebrão,1,CRAS PRATA,CRAS PRATA,Público Geral,Cadastro Ùnico
Feminino,19,Médio Completo,Água Quente ,2,CRAS PRATA,CRAS PRATA,Público Geral,Assistente Social 
Feminino,70,Fundamental Incompleto,Prata,2,CRAS PRATA,CRAS PRATA,Público Geral,Cadastro Ùnico
Feminino,55,Fundamental Incompleto,Quinta Lebrão,1,CRAS PRATA,CRAS PRATA,Público Geral,Cadastro Ùnico
Feminino,55,Fundamental Incompleto,Quinta Lebrão,1,CRAS PRATA,CRAS PRATA,Público Geral,Assistente Social 
Feminino,38,Fundamental Incompleto,Meudon,1,CRAS PRATA,CRAS PRATA,Público Geral,Cadastro Ùnico
Masculino,59,Fundamental Incompleto,Serra do Capim,2,CRAS PRATA,CRAS PRATA,Público Geral,CRAS Prata 
Feminino,46,Fundamental Incompleto,Brejal,2,CRAS PRATA,CRAS PRATA,Público Geral,Cadastro Ùnico
Masculino,68,Não Escolarizado,Pessegueiros ,2,CRAS PRATA,CRAS PRATA,Público Geral,Cadastro Ùnico
Feminino,46,Fundamental Incompleto,Brejal,2,CRAS PRATA,CRAS PRATA,Público Geral,Assistente Social 
Feminino,59,Fundamental Incompleto,Fazenda Ermitage,1,CRAS PRATA,CRAS PRATA,Público Geral,Assistente Social 
Feminino,43,Fundamental Incompleto,São Pedro,1,CRAS PRATA,CRAS PRATA,Público Geral,Cadastro Ùnico
Masculino,53,Não Escolarizado,Água Quente ,2,CRAS PRATA,CRAS PRATA,Público Geral,Cadastro Ùnico
Feminino,40,Superior Completo,Prata,2,CRAS PRATA,CRAS PRATA,Público Geral,Cadastro Ùnico
Feminino,41,Médio Completo,Pessegueiros ,2,CRAS PRATA,CRAS PRATA,Público Geral,Cadastro Ùnico
Feminino,45,Fundamental Incompleto,Fischer,1,CRAS PRATA,CRAS PRATA,Público Geral,Cadastro Ùnico
Feminino,29,Médio Completo,Santa Rita,2,CRAS PRATA,CRAS PRATA,Público Geral,Assistente Social 
Masculino,56,Fundamental Incompleto,Fonte Santa ,1,CRAS PRATA,CRAS PRATA,Público Geral,Cadastro Ùnico
Feminino,50,Fundamental Incompleto,Fonte Santa ,1,CRAS PRATA,CRAS PRATA,Público Geral,Cadastro Ùnico
Feminino,50,Fundamental Incompleto,Fonte Santa ,1,CRAS PRATA,CRAS PRATA,Público Geral,Assistente Social 
Masculino,65,Fundamental Incompleto,Pessegueiros ,2,CRAS PRATA,CRAS PRATA,Público Geral,Assistente Social 
Feminino,47,Fundamental Incompleto,Fonte Santa ,1,CRAS PRATA,CRAS PRATA,Público Geral,Assistente Social 
Masculino,19,Médio Completo,Quinta Lebrão,1,CRAS PRATA,CRAS PRATA,Público Geral,Assistente Social 
Feminino,62,Fundamental Incompleto,Quinta Lebrão,1,CRAS PRATA,CRAS PRATA,Público Geral,Cadastro Ùnico
Feminino,61,Fundamental Incompleto,Fonte Santa ,1,CRAS PRATA,CRAS PRATA,Público Geral,Cadastro Ùnico
Feminino,61,Fundamental Incompleto,Fonte Santa ,1,CRAS PRATA,CRAS PRATA,Público Geral,Assistente Social 
Feminino,42,Fundamental Incompleto,Quinta Lebrão,1,CRAS PRATA,CRAS PRATA,Público Geral,Cadastro Ùnico
Feminino,70,Fundamental Incompleto,Prata,2,CRAS PRATA,CRAS PRATA,Público Geral,Cadastro Ùnico
Feminino,41,Fundamental Incompleto,Boa União,2,CRAS PRATA,CRAS PRATA,Público Geral,Cadastro Ùnico
Feminino,68,Fundamental Incompleto,Fazenda Ermitage,1,CRAS PRATA,CRAS PRATA,Público Geral,Cadastro Ùnico
Feminino,43,Fundamental Incompleto,Água Quente ,2,CRAS PRATA,CRAS PRATA,Público Geral,Cadastro Ùnico
Feminino,37,Fundamental Incompleto,Fonte Santa ,1,CRAS PRATA,CRAS PRATA,Público Geral,Cadastro Ùnico
Feminino,20,Fundamental Incompleto,Fonte Santa ,1,CRAS PRATA,CRAS PRATA,Público Geral,Assistente Social 
Masculino,63,Fundamental Incompleto,Fonte Santa ,1,CRAS PRATA,CRAS PRATA,Público Geral,Assistente Social 
Feminino,51,Fundamental Incompleto,Fischer,1,CRAS PRATA,CRAS PRATA,Público Geral,Assistente Social 
Feminino,48,Médio Completo,Fonte Santa ,1,CRAS PRATA,CRAS PRATA,Público Geral,Assistente Social 
Feminino,40,Médio Completo,Brejal,2,CRAS PRATA,CRAS PRATA,Público Geral,Cadastro Ùnico
Masculino,30,Médio Completo,Fonte Santa ,1,CRAS PRATA,CRAS PRATA,Público Geral,Cadastro Ùnico
Feminino,54,Fundamental Incompleto,Fonte Santa ,1,CRAS PRATA,CRAS PRATA,Público Geral,Cadastro Ùnico
Feminino,55,Fundamental Incompleto,Três Córregos ,2,CRAS PRATA,CRAS PRATA,Público Geral,Cadastro Ùnico
Feminino,29,Fundamental Incompleto,Andradas ,2,CRAS PRATA,CRAS PRATA,Público Geral,Cadastro Ùnico
Feminino,29,Fundamental Incompleto,Andradas ,2,CRAS PRATA,CRAS PRATA,Público Geral,Assistente Social 
Feminino,48,Médio Completo,Fonte Santa ,1,CRAS PRATA,CRAS PRATA,Público Geral,Cadastro Ùnico
Masculino,59,Fundamental Incompleto,Fonte Santa ,1,CRAS PRATA,CRAS PRATA,Público Geral,Cadastro Ùnico
Feminino,54,Fundamental Incompleto,Quinta Lebrão,1,CRAS PRATA,CRAS PRATA,Público Geral,Cadastro Ùnico
Feminino,54,Fundamental Incompleto,Quinta Lebrão,1,CRAS PRATA,CRAS PRATA,Público Geral,Assistente Social 
Feminino,18,Médio Incompleto,Fonte Santa ,1,CRAS PRATA,CRAS PRATA,Público Geral,Cadastro Ùnico
Masculino,42,Não Escolarizado,Água Quente ,2,CRAS PRATA,CRAS PRATA,Público Geral,Cadastro Ùnico
Feminino,64,Fundamental Incompleto,Quinta Lebrão,1,CRAS PRATA,CRAS PRATA,Público Geral,Cadastro Ùnico
Feminino,42,Médio Completo,Fazenda Ermitage,1,CRAS PRATA,CRAS PRATA,Público Geral,Cadastro Ùnico
Feminino,66,Fundamental Incompleto,Andradas,2,CRAS PRATA,CRAS PRATA,Público Geral,Cadastro Ùnico
Feminino,51,Fundamental Incompleto,Fonte Santa ,1,CRAS PRATA,CRAS PRATA,Público Geral,Cadastro Ùnico
Feminino,62,Médio Incompleto,Fazenda Ermitage,1,CRAS PRATA,CRAS PRATA,Público Geral,Assistente Social 
Masculino,63,Fundamental Incompleto,Quinta Lebrão,1,CRAS PRATA,CRAS PRATA,Público Geral,Cadastro Ùnico
Masculino,49,Fundamental Incompleto,Quinta Lebrão,1,CRAS PRATA,CRAS PRATA,Público Geral,Cadastro Ùnico
Feminino,24,Fundamental Completo,Quinta Lebrão,1,CRAS PRATA,CRAS PRATA,Público Geral,Cadastro Ùnico
Feminino,26,Fundamental Incompleto,Álvaro Pana ,1,CRAS PRATA,CRAS PRATA,Público Geral,Cadastro Ùnico
Masculino,57,Não Escolarizado,Três Córregos ,2,CRAS PRATA,CRAS PRATA,Público Geral,Cadastro Ùnico
Feminino,26,Fundamental Incompleto,Álvaro Pana ,1,CRAS PRATA,CRAS PRATA,Público Geral,Assistente Social 
Feminino,21,Não Escolarizado,Quinta Lebrão,1,CRAS PRATA,CRAS PRATA,Público Geral,Assistente Social 
Feminino,26,Fundamental Completo,Água Quente ,2,CRAS PRATA,CRAS PRATA,Público Geral,Cadastro Ùnico
Feminino,36,Médio Incompleto,Brejal ,2,CRAS PRATA,CRAS PRATA,Público Geral,Cadastro Ùnico
Masculino,57,Fundamental Completo,Três Córregos ,2,CRAS PRATA,CRAS PRATA,Público Geral,Assistente Social 
Feminino,18,Médio Incompleto,Fischer,1,CRAS PRATA,CRAS PRATA,Público Geral,Cadastro Ùnico
Feminino,18,Médio Incompleto,Fischer,1,CRAS PRATA,CRAS PRATA,Público Geral,Assistente Social 
Feminino,52,Médio Completo,Água Quente ,2,CRAS PRATA,CRAS PRATA,Público Geral,Cadastro Ùnico
Feminino,42,Médio Completo,Fonte Santa ,1,CRAS PRATA,CRAS PRATA,Público Geral,Cadastro Ùnico
Masculino,50,Fundamental Completo,Quinta Lebrão,1,CRAS PRATA,CRAS PRATA,Público Geral,Cadastro Ùnico
Masculino,48,Fundamental Incompleto,Fonte Santa ,1,CRAS PRATA,CRAS PRATA,Público Geral,Cadastro Ùnico
Feminino,57,Fundamental Incompleto,Três Córregos ,2,CRAS PRATA,CRAS PRATA,Público Geral,Assistente Social 
Feminino,45,Médio Completo,Quinta Lebrão,1,CRAS PRATA,CRAS PRATA,Público Geral,Cadastro Ùnico
Feminino,38,Fundamental Incompleto,Água Quente ,2,CRAS PRATA,CRAS PRATA,Público Geral,Cadastro Ùnico
Feminino,93,Fundamental Incompleto,Três Córregos ,2,CRAS PRATA,CRAS PRATA,Público Geral,Cadastro Ùnico
Feminino,49,Médio Incompleto,Fonte Santa ,1,CRAS PRATA,CRAS PRATA,Público Geral,Cadastro Ùnico
Feminino,61,Fundamental Incompleto,Água Quente ,2,CRAS PRATA,CRAS PRATA,Público Geral,Cadastro Ùnico
Masculino,84,Fundamental Incompleto,Fonte Santa ,1,CRAS PRATA,CRAS PRATA,Público Geral,Cadastro Ùnico
Feminino,33,Fundamental Incompleto,Cruzeiro,2,CRAS PRATA,CRAS PRATA,Público Geral,Cadastro Ùnico
Feminino,33,Fundamental Incompleto,Cruzeiro,2,CRAS PRATA,CRAS PRATA,Público Geral,Assistente Social 
Feminino,65,Fundamental Incompleto,Fazenda Ermitage,1,CRAS PRATA,CRAS PRATA,Público Geral,Cadastro Ùnico
Feminino,38,Médio Completo,Cruzeiro,2,CRAS PRATA,CRAS PRATA,Público Geral,Assistente Social 
Feminino,38,Médio Completo,Cruzeiro,2,CRAS PRATA,CRAS PRATA,Público Geral,Cadastro Ùnico
Feminino,26,Médio Completo,Fonte Santa ,1,CRAS PRATA,CRAS PRATA,Público Geral,Cadastro Ùnico
Feminino,21,Médio Completo,Barra do Imbuí,1,CRAS PRATA,CRAS PRATA,Público Geral,Cadastro Ùnico
Feminino,54,Médio Completo,Barra do Imbuí,1,CRAS PRATA,CRAS PRATA,Público Geral,Cadastro Ùnico
Masculino,52,Fundamental Incompleto,Fonte Santa ,1,CRAS PRATA,CRAS PRATA,Público Geral,Cadastro Ùnico
Feminino,20,Médio Completo,Fazenda Ermitage,1,CRAS PRATA,CRAS PRATA,Público Geral,Cadastro Ùnico
Feminino,44,Fundamental Incompleto,Água Quente ,2,CRAS PRATA,CRAS PRATA,Público Geral,Cadastro Ùnico
Feminino,44,Médio Incompleto,Água Quente ,2,CRAS PRATA,CRAS PRATA,Público Geral,Cadastro Ùnico
Feminino,38,Médio Completo,Cruzeiro ,2,CRAS PRATA,CRAS PRATA,Público Geral,Assistente Social 
Feminino,48,Fundamental Incompleto,Fonte Santa ,1,CRAS PRATA,CRAS PRATA,Público Geral,Cadastro Ùnico
Feminino,51,Médio Incompleto,Fonte Santa ,1,CRAS PRATA,CRAS PRATA,Público Geral,Cadastro Ùnico
Feminino,68,Fundamental Incompleto,Providência ,2,CRAS PRATA,CRAS PRATA,Público Geral,Cadastro Ùnico
Feminino,40,Médio Incompleto,Pessegueiros ,2,CRAS PRATA,CRAS PRATA,Público Geral,Cadastro Ùnico
Feminino,44,Médio Incompleto,Fonte Santa ,1,CRAS PRATA,CRAS PRATA,Público Geral,Cadastro Ùnico
Masculino,58,Não Escolarizado,Santa Rita,2,CRAS PRATA,CRAS PRATA,Público Geral,Cadastro Ùnico
Masculino,61,Fundamental Incompleto,Quinta Lebrão,1,CRAS PRATA,CRAS PRATA,Público Geral,Assistente Social 
Masculino,42,Fundamental Incompleto,Fazenda Ermitage,1,CRAS PRATA,CRAS PRATA,Público Geral,Cadastro Ùnico
Feminino,35,Médio Incompleto,Quinta Lebrão,1,CRAS PRATA,CRAS PRATA,Público Geral,Cadastro Ùnico
Feminino,39,Médio Completo,Fazenda Ermitage,1,CRAS PRATA,CRAS PRATA,Público Geral,Cadastro Ùnico
Feminino,28,Médio Completo,Quinta Lebrão,1,CRAS PRATA,CRAS PRATA,Público Geral,Cadastro Ùnico
Masculino,85,Fundamental Incompleto,Fazenda Ermitage,1,CRAS PRATA,CRAS PRATA,Público Geral,Cadastro Ùnico
Feminino,60,Fundamental Incompleto,Fazenda Ermitage,1,CRAS PRATA,CRAS PRATA,Público Geral,Cadastro Ùnico
Feminino,63,Fundamental Incompleto,Cruzeiro ,2,CRAS PRATA,CRAS PRATA,Público Geral,Cadastro Ùnico
Feminino,43,Fundamental Incompleto,Água Quente ,2,CRAS PRATA,CRAS PRATA,Público Geral,Assistente Social 
Masculino,57,Não Escolarizado,Três Córregos ,2,CRAS PRATA,CRAS PRATA,Público Geral,Cadastro Ùnico
Feminino,41,Médio Incompleto,Fonte Santa ,1,CRAS PRATA,CRAS PRATA,Público Geral,Cadastro Ùnico
Masculino,62,Fundamental Incompleto,Fischer,1,CRAS PRATA,CRAS PRATA,Público Geral,Cadastro Ùnico
Feminino,41,Médio Incompleto,Fonte Santa ,1,CRAS PRATA,CRAS PRATA,Público Geral,Assistente Social 
Feminino,25,Médio Incompleto,Três Córregos ,2,CRAS PRATA,CRAS PRATA,Público Geral,Cadastro Ùnico
Feminino,25,Médio Incompleto,Três Córregos ,2,CRAS PRATA,CRAS PRATA,Público Geral,Assistente Social 
Masculino,56,Fundamental Incompleto,Água Quente ,2,CRAS PRATA,CRAS PRATA,Público Geral,Assistente Social 
Masculino,46,Fundamental Incompleto,Fonte Santa ,1,CRAS PRATA,CRAS PRATA,Público Geral,Assistente Social 
Feminino,30,Fundamental Incompleto,Santa Rita,2,CRAS PRATA,CRAS PRATA,Público Geral,Cadastro Ùnico
Feminino,70,Fundamental Incompleto,Quinta Lebrão,1,CRAS PRATA,CRAS PRATA,Público Geral,Cadastro Ùnico
Feminino,70,Fundamental Incompleto,Quinta Lebrão,1,CRAS PRATA,CRAS PRATA,Público Geral,Assistente Social 
Masculino,48,Fundamental Incompleto,Fischer,1,CRAS PRATA,CRAS PRATA,Público Geral,Cadastro Ùnico
Masculino,48,Fundamental Incompleto,Fischer,1,CRAS PRATA,CRAS PRATA,Público Geral,Assistente Social 
Feminino,70,Fundamental Incompleto,Cruzeiro ,2,CRAS PRATA,CRAS PRATA,Público Geral,Cadastro Ùnico
Masculino,65,Fundamental Incompleto,Pessegueiros ,2,CRAS PRATA,CRAS PRATA,Público Geral,Assistente Social 
Feminino,46,Fundamental Incompleto,Quinta Lebrão,1,CRAS PRATA,CRAS PRATA,Público Geral,Cadastro Ùnico
Masculino,19,Médio Completo,Fischer,1,CRAS PRATA,CRAS PRATA,Público Geral,Cadastro Ùnico
Feminino,55,Fundamental Incompleto,Pessegueiros ,2,CRAS PRATA,CRAS PRATA,Público Geral,Não Informado
Masculino,25,Fundamental Completo,Fischer,1,CRAS PRATA,CRAS PRATA,Público Geral,Cadastro Ùnico
Feminino,65,Fundamental Incompleto,Fazenda Ermitage,1,CRAS PRATA,CRAS PRATA,Público Geral,Cadastro Ùnico
Masculino,22,Médio Completo,Quinta Lebrão,1,CRAS PRATA,CRAS PRATA,Público Geral,Cadastro Ùnico
Feminino,65,Fundamental Incompleto,Quinta Lebrão,1,CRAS PRATA,CRAS PRATA,Público Geral,Assistente Social 
Feminino,18,Fundamental Completo,Fonte Santa ,1,CRAS PRATA,CRAS PRATA,Público Geral,Cadastro Ùnico
Masculino,55,Fundamental Incompleto,Água Quente ,2,CRAS PRATA,CRAS PRATA,Público Geral,Cadastro Ùnico
Masculino,35,Médio Completo,Santa Rita,2,CRAS PRATA,CRAS PRATA,Público Geral,Cadastro Ùnico
Feminino,47,Fundamental Incompleto,Quinta Lebrão,1,CRAS PRATA,CRAS PRATA,Público Geral,Cadastro Ùnico
Masculino,65,Fundamental Incompleto,Pessegueiros ,2,CRAS PRATA,CRAS PRATA,Público Geral,Assistente Social 
Feminino,34,Médio Incompleto,Providência ,2,CRAS PRATA,CRAS PRATA,Público Geral,Assistente Social 
Feminino,26,Médio Incompleto,Fonte Santa ,1,CRAS PRATA,CRAS PRATA,Público Geral,Assistente Social 
Masculino,65,Fundamental Incompleto,Pessegueiros ,2,CRAS PRATA,CRAS PRATA,Público Geral,Cadastro Ùnico
Feminino,42,Fundamental Incompleto,Água Quente ,2,CRAS PRATA,CRAS PRATA,Público Geral,Cadastro Ùnico
Masculino,36,Fundamental Incompleto,Quinta Lebrão,1,CRAS PRATA,CRAS PRATA,Público Geral,Cadastro Ùnico
Feminino,66,Fundamental Incompleto,Fonte Santa ,1,CRAS PRATA,CRAS PRATA,Público Geral,Assistente Social 
Feminino,51,Médio Completo,Fonte Santa ,1,CRAS PRATA,CRAS PRATA,Público Geral,Assistente Social 
Feminino,58,Fundamental Incompleto,Quinta Lebrão,1,CRAS PRATA,CRAS PRATA,Público Geral,Assistente Social 
Feminino,61,Fundamental Incompleto,Ponte Nova,2,CRAS PRATA,CRAS PRATA,Público Geral,Cadastro Ùnico
Feminino,68,Fundamental Incompleto,Quinta Lebrão,1,CRAS PRATA,CRAS PRATA,Público Geral,Assistente Social 
Feminino,41,Médio Completo,Ermitage,1,CRAS PRATA,CRAS PRATA,Público Geral,Cadastro Ùnico
Feminino,51,Fundamental Incompleto,Ponte Nova,2,CRAS PRATA,CRAS PRATA,Público Geral,Cadastro Ùnico
Feminino,64,Fundamental Incompleto,Fonte Santa ,1,CRAS PRATA,CRAS PRATA,Público Geral,Cadastro Ùnico
Feminino,45,Fundamental Incompleto,Providência ,2,CRAS PRATA,CRAS PRATA,Público Geral,Cadastro Ùnico
Masculino,57,Não Escolarizado,Três Córregos ,2,CRAS PRATA,CRAS PRATA,Público Geral,Assistente Social 
Feminino,45,Fundamental Incompleto,Providência ,2,CRAS PRATA,CRAS PRATA,Público Geral,Assistente Social 
Feminino,57,Médio Completo,Fazenda Ermitage,1,CRAS PRATA,CRAS PRATA,Público Geral,Assistente Social 
Feminino,58,Fundamental Incompleto,Fazenda Ermitage,1,CRAS PRATA,CRAS PRATA,Público Geral,Cadastro Ùnico
Feminino,50,Médio Incompleto,Fonte Santa ,1,CRAS PRATA,CRAS PRATA,Público Geral,Cadastro Ùnico
Feminino,59,Fundamental Incompleto,Água Quente ,2,CRAS PRATA,CRAS PRATA,Público Geral,Cadastro Ùnico
Feminino,59,Fundamental Incompleto,Água Quente ,2,CRAS PRATA,CRAS PRATA,Público Geral,Assistente Social 
Feminino,34,Fundamental Incompleto,Água Quente ,2,CRAS PRATA,CRAS PRATA,Público Geral,Cadastro Ùnico
Feminino,44,Médio Incompleto,Água Quente ,2,CRAS PRATA,CRAS PRATA,Público Geral,Assistente Social 
Feminino,32,Fundamental Incompleto,Quinta Lebrão,1,CRAS PRATA,CRAS PRATA,Público Geral,Cadastro Ùnico
Feminino,34,Médio Completo,Três Córregos ,2,CRAS PRATA,CRAS PRATA,Público Geral,Cadastro Ùnico
Feminino,47,Fundamental Incompleto,Fazenda Ermitage,1,CRAS PRATA,CRAS PRATA,Público Geral,Cadastro Ùnico
Feminino,30,Fundamental Incompleto,Fischer,1,CRAS PRATA,CRAS PRATA,Público Geral,Assistente Social 
Feminino,42,Médio Completo,Prata,2,CRAS PRATA,CRAS PRATA,Público Geral,Assistente Social 
Feminino,42,Fundamental Incompleto,Quinta Lebrão,1,CRAS PRATA,CRAS PRATA,Público Geral,Assistente Social 
Feminino,39,Médio Incompleto,Fonte Santa ,1,CRAS PRATA,CRAS PRATA,Público Geral,Assistente Social 
Feminino,46,Fundamental Incompleto,Fonte Santa ,1,CRAS PRATA,CRAS PRATA,Público Geral,Assistente Social 
Feminino,41,Fundamental Incompleto,Fonte Santa ,1,CRAS PRATA,CRAS PRATA,Público Geral,Assistente Social 
Feminino,45,Fundamental Completo,Quinta Lebrão,1,CRAS PRATA,CRAS PRATA,Público Geral,Assistente Social 
Feminino,50,Não Escolarizado,Quinta Lebrão,1,CRAS PRATA,CRAS PRATA,Público Geral,Assistente Social 
Feminino,54,Não Escolarizado,Fazenda Ermitage,1,CRAS PRATA,CRAS PRATA,Público Geral,Assistente Social 
Feminino,43,Fundamental Completo,Fazenda Ermitage,1,CRAS PRATA,CRAS PRATA,Público Geral,Assistente Social 
Feminino,47,Fundamental Incompleto,Fazenda Ermitage,1,CRAS PRATA,CRAS PRATA,Público Geral,Assistente Social 
Feminino,45,Fundamental Incompleto,Fonte Santa ,1,CRAS PRATA,CRAS PRATA,Público Geral,Assistente Social 
Feminino,24,Médio Incompleto,Quinta Lebrão,1,CRAS PRATA,CRAS PRATA,Público Geral,Assistente Social 
Masculino,33,Médio Completo,Andradas,2,CRAS PRATA,CRAS PRATA,Público Geral,Assistente Social 
Feminino,43,Fundamental Incompleto,Fonte Santa ,1,CRAS PRATA,CRAS PRATA,Público Geral,Assistente Social 
Feminino,29,Médio Completo,Prata,2,CRAS PRATA,CRAS PRATA,Público Geral,Assistente Social 
Feminino,51,Fundamental Incompleto,Quinta Lebrão,1,CRAS PRATA,CRAS PRATA,Público Geral,Assistente Social 
Feminino,39,Fundamental Incompleto,Fonte Santa ,1,CRAS PRATA,CRAS PRATA,Público Geral,Assistente Social 
Feminino,22,Fundamental Incompleto,Albuquerque,1,CRAS PRATA,CRAS PRATA,Público Geral,Assistente Social 
Feminino,24,Médio Incompleto,Fonte Santa ,1,CRAS PRATA,CRAS PRATA,Público Geral,Assistente Social 
Masculino,55,Fundamental Incompleto,Caleme,1,CRAS PRATA,CRAS PRATA,Público Geral,Assistente Social 
Feminino,76,Fundamental Incompleto,Fonte Santa ,1,CRAS PRATA,CRAS PRATA,Público Geral,Assistente Social 
Feminino,52,Médio Completo,Fazenda Ermitage,1,CRAS PRATA,CRAS PRATA,Público Geral,Assistente Social 
Masculino,82,Fundamental Incompleto,Prata,2,CRAS PRATA,CRAS PRATA,Público Geral,Assistente Social 
Masculino,47,Fundamental Incompleto,Quinta Lebrão,1,CRAS PRATA,CRAS PRATA,Público Geral,Assistente Social 
Feminino,46,Fundamental Incompleto,Fazenda Ermitage,1,CRAS PRATA,CRAS PRATA,Público Geral,Assistente Social 
Masculino,58,Fundamental Incompleto,Fazenda Ermitage,1,CRAS PRATA,CRAS PRATA,Público Geral,Cadastro Ùnico
Feminino,24,Fundamental Incompleto,Santa Rita,2,CRAS PRATA,CRAS PRATA,Público Geral,Cadastro Ùnico
Feminino,24,Fundamental Incompleto,Santa Rita,2,CRAS PRATA,CRAS PRATA,Público Geral,Cadastro Ùnico
Feminino,75,Fundamental Incompleto,Fonte Santa ,1,CRAS PRATA,CRAS PRATA,Público Geral,Cadastro Ùnico
Feminino,44,Médio Completo,Quinta Lebrão,1,CRAS PRATA,CRAS PRATA,Público Geral,Assistente Social 
Feminino,44,Médio Completo,Quinta Lebrão,1,CRAS PRATA,CRAS PRATA,Público Geral,Cadastro Ùnico
Masculino,18,Médio Completo,Brejal,2,CRAS PRATA,CRAS PRATA,Público Geral,Cadastro Ùnico
Feminino,33,Médio Incompleto,Fischer,1,CRAS PRATA,CRAS PRATA,Público Geral,Cadastro Ùnico
Masculino,67,Não Escolarizado,Fonte Santa ,1,CRAS PRATA,CRAS PRATA,Público Geral,Cadastro Ùnico
Feminino,33,Fundamental Incompleto,Água Quente ,2,CRAS PRATA,CRAS PRATA,Público Geral,Cadastro Ùnico
Feminino,27,Médio Incompleto,Pessegueiros ,2,CRAS PRATA,CRAS PRATA,Público Geral,Cadastro Ùnico
Feminino,38,Médio Completo,Morro Agudo,3,CRAS PRATA,CRAS PRATA,Público Geral,Cadastro Ùnico
Feminino,38,Médio Completo,Morro Agudo,3,CRAS PRATA,CRAS PRATA,Público Geral,Assistente Social 
Feminino,60,Fundamental Incompleto,Pião,2,CRAS PRATA,CRAS PRATA,Público Geral,Cadastro Ùnico
Feminino,60,Fundamental Incompleto,Pião,2,CRAS PRATA,CRAS PRATA,Público Geral,Assistente Social 
Feminino,19,Fundamental Completo,Cruzeiro ,2,CRAS PRATA,CRAS PRATA,Público Geral,Assistente Social 
Feminino,51,Não Escolarizado,Quinta Lebrão,1,CRAS PRATA,CRAS PRATA,Público Geral,Assistente Social 
Feminino,55,Não Escolarizado,Quinta Lebrão,1,CRAS PRATA,CRAS PRATA,Público Geral,Assistente Social 
Feminino,41,Fundamental Incompleto,Quinta Lebrão,1,CRAS PRATA,CRAS PRATA,Público Geral,Assistente Social 
Feminino,45,Médio Incompleto,Fonte Santa ,1,CRAS PRATA,CRAS PRATA,Público Geral,Assistente Social 
Feminino,46,Fundamental Incompleto,Arrieiro,2,CRAS PRATA,CRAS PRATA,Público Geral,Assistente Social 
Feminino,47,Médio Completo,Ermitage,1,CRAS PRATA,CRAS PRATA,Público Geral,Assistente Social 
Masculino,66,Não Escolarizado,Vila Muqui,1,CRAS PRATA,CRAS PRATA,Público Geral,Assistente Social 
Feminino,43,Fundamental Incompleto,Fazenda Ermitage,1,CRAS PRATA,CRAS PRATA,Público Geral,Assistente Social 
Feminino,39,Médio Completo,Fischer,1,CRAS PRATA,CRAS PRATA,Público Geral,Assistente Social 
Masculino,61,Fundamental Incompleto,Fonte Santa ,1,CRAS PRATA,CRAS PRATA,Público Geral,Assistente Social 
Feminino,59,Médio Completo,Quinta Lebrão,1,CRAS PRATA,CRAS PRATA,Público Geral,Assistente Social 
Feminino,32,Fundamental Incompleto,Fischer,1,CRAS PRATA,CRAS PRATA,Público Geral,Assistente Social 
Feminino,37,Não Escolarizado,Fischer,1,CRAS PRATA,CRAS PRATA,Público Geral,Assistente Social 
Masculino,38,Fundamental Incompleto,Fonte Santa ,1,CRAS PRATA,CRAS PRATA,Público Geral,Assistente Social 
Feminino,51,Não Escolarizado,São Pedro,1,CRAS PRATA,CRAS PRATA,Público Geral,Assistente Social 
Feminino,64,Fundamental Incompleto,Fischer,1,CRAS PRATA,CRAS PRATA,Público Geral,Assistente Social 
Feminino,20,Médio Incompleto,São Pedro,1,CRAS PRATA,CRAS PRATA,Público Geral,Assistente Social 
Feminino,40,Fundamental Incompleto,Fischer,1,CRAS PRATA,CRAS PRATA,Público Geral,Assistente Social 
Feminino,47,Médio Completo,Fonte Santa ,1,CRAS PRATA,CRAS PRATA,Público Geral,Assistente Social 
Feminino,38,Fundamental Incompleto,Fazenda Ermitage,1,CRAS PRATA,CRAS PRATA,Público Geral,Assistente Social 
Feminino,32,Fundamental Incompleto,Fonte Santa ,1,CRAS PRATA,CRAS PRATA,Público Geral,Assistente Social 
Feminino,50,Não Escolarizado,Quinta Lebrão,1,CRAS PRATA,CRAS PRATA,Público Geral,Assistente Social 
Feminino,61,Fundamental Incompleto,Fazenda Ermitage,1,CRAS PRATA,CRAS PRATA,Público Geral,Cadastro Ùnico
Feminino,66,Fundamental Incompleto,Fazenda Ermitage,1,CRAS PRATA,CRAS PRATA,Público Geral,Cadastro Ùnico
Masculino,60,Fundamental Incompleto,Fonte Santa ,1,CRAS PRATA,CRAS PRATA,Público Geral,Cadastro Ùnico
Masculino,36,Fundamental Incompleto,Pessegueiros ,2,CRAS PRATA,CRAS PRATA,Público Geral,Cadastro Ùnico
Feminino,51,Não Escolarizado,Campo Limpo,2,CRAS PRATA,CRAS PRATA,Público Geral,Cadastro Ùnico
Masculino,23,Médio Incompleto,Vargem Grande ,3,CRAS PRATA,CRAS PRATA,Público Geral,Cadastro Ùnico
Feminino,57,Fundamental Incompleto,Quinta Lebrão,1,CRAS PRATA,CRAS PRATA,Público Geral,Cadastro Ùnico
Feminino,31,Fundamental Incompleto,Quinta Lebrão,1,CRAS PRATA,CRAS PRATA,Público Geral,Cadastro Ùnico
Feminino,31,Fundamental Incompleto,Quinta Lebrão,1,CRAS PRATA,CRAS PRATA,Público Geral,Assistente Social 
Masculino,57,Fundamental Incompleto,Fonte Santa ,1,CRAS PRATA,CRAS PRATA,Público Geral,Cadastro Ùnico
Masculino,58,Fundamental Incompleto,Fazenda Ermitage,1,CRAS PRATA,CRAS PRATA,Público Geral,Cadastro Ùnico
Feminino,41,Médio Completo,Ermitage,1,CRAS PRATA,CRAS PRATA,Público Geral,Cadastro Ùnico
Masculino,54,Fundamental Incompleto,Quinta Lebrão,1,CRAS PRATA,CRAS PRATA,Público Geral,Cadastro Ùnico
Feminino,63,Fundamental Incompleto,Fazenda Ermitage,1,CRAS PRATA,CRAS PRATA,Público Geral,Cadastro Ùnico
Masculino,81,Fundamental Incompleto,Prata,2,CRAS PRATA,CRAS PRATA,Público Geral,Cadastro Ùnico
Feminino,60,Fundamental Incompleto,Cruzeiro,2,CRAS PRATA,CRAS PRATA,Público Geral,Cadastro Ùnico
Feminino,19,Não Escolarizado,Ponte Nova ,2,CRAS PRATA,CRAS PRATA,Público Geral,Cadastro Ùnico
Feminino,37,Fundamental Incompleto,Quinta Lebrão,1,CRAS PRATA,CRAS PRATA,Público Geral,Cadastro Ùnico
Feminino,84,Fundamental Incompleto,Fonte Santa ,1,CRAS PRATA,CRAS PRATA,Público Geral,Cadastro Ùnico
Feminino,67,Fundamental Incompleto,Serra do Capim,2,CRAS PRATA,CRAS PRATA,Público Geral,Cadastro Ùnico
Feminino,56,Fundamental Incompleto,Quinta Lebrão,1,CRAS PRATA,CRAS PRATA,Público Geral,Cadastro Ùnico
Feminino,56,Fundamental Incompleto,Quinta Lebrão,1,CRAS PRATA,CRAS PRATA,Público Geral,Assistente Social 
Masculino,54,Fundamental Incompleto,Serra do Capim ,2,CRAS PRATA,CRAS PRATA,Público Geral,Cadastro Ùnico
Feminino,19,Médio Completo,Água Quente ,2,CRAS PRATA,CRAS PRATA,Público Geral,Assistente Social 
Feminino,18,Médio Completo,Três Córregos ,2,CRAS PRATA,CRAS PRATA,Público Geral,Cadastro Ùnico
Feminino,18,Médio Completo,Três Córregos ,2,CRAS PRATA,CRAS PRATA,Público Geral,Assistente Social 
Feminino,28,Fundamental Incompleto,Fonte Santa ,1,CRAS PRATA,CRAS PRATA,Público Geral,Cadastro Ùnico
Feminino,31,Médio Completo,Três Córregos ,2,CRAS PRATA,CRAS PRATA,Público Geral,Cadastro Ùnico
Feminino,65,Fundamental Incompleto,Três Córregos ,2,CRAS PRATA,CRAS PRATA,Público Geral,Cadastro Ùnico
Feminino,67,Fundamental Incompleto,Santa Rita,2,CRAS PRATA,CRAS PRATA,Público Geral,Cadastro Ùnico
Feminino,46,Médio Completo,Quinta Lebrão,1,CRAS PRATA,CRAS PRATA,Público Geral,Cadastro Ùnico
Feminino,41,Fundamental Incompleto,Santa Rita,2,CRAS PRATA,CRAS PRATA,Público Geral,Cadastro Ùnico
Feminino,24,Fundamental Completo,Fonte Santa ,1,CRAS PRATA,CRAS PRATA,Público Geral,Psicólogo
Feminino,23,Médio Completo,Quinta Lebrão,1,CRAS PRATA,CRAS PRATA,Público Geral,Assistente Social 
Feminino,46,Médio Completo,Prata ,2,CRAS PRATA,CRAS PRATA,Público Geral,Assistente Social 
Feminino,28,Fundamental Incompleto,Fonte Santa ,1,CRAS PRATA,CRAS PRATA,Público Geral,Assistente Social 
Feminino,29,Médio Completo,Pessegueiros ,2,CRAS PRATA,CRAS PRATA,Público Geral,Cadastro Ùnico
Feminino,23,Médio Completo,Quinta Lebrão,1,CRAS PRATA,CRAS PRATA,Público Geral,Cadastro Ùnico
Feminino,34,Fundamental Incompleto,Fonte Santa ,1,CRAS PRATA,CRAS PRATA,Público Geral,Cadastro Ùnico
Feminino,67,Médio Incompleto,Santa Rita,2,CRAS PRATA,CRAS PRATA,Público Geral,Assistente Social 
Masculino,53,Fundamental Incompleto,Brejal,2,CRAS PRATA,CRAS PRATA,Público Geral,Cadastro Ùnico
Masculino,29,Médio Completo,Quinta Lebrão,1,CRAS PRATA,CRAS PRATA,Público Geral,Cadastro Ùnico
Feminino,20,Fundamental Incompleto,Parque Boa União,2,CRAS PRATA,CRAS PRATA,Público Geral,Cadastro Ùnico
Masculino,46,Fundamental Incompleto,Providência ,2,CRAS PRATA,CRAS PRATA,Público Geral,Cadastro Ùnico
Feminino,42,Médio Completo,Fazenda Ermitage,1,CRAS PRATA,CRAS PRATA,Público Geral,Cadastro Ùnico
Feminino,67,Fundamental Incompleto,Santa Rita,2,CRAS PRATA,CRAS PRATA,Público Geral,Psicólogo
Feminino,74,Fundamental Incompleto,Fonte Santa ,1,CRAS PRATA,CRAS PRATA,Público Geral,Cadastro Ùnico
Feminino,35,Fundamental Incompleto,Fischer,1,CRAS PRATA,CRAS PRATA,Público Geral,Cadastro Ùnico
Feminino,44,Fundamental Incompleto,Quinta Lebrão,1,CRAS PRATA,CRAS PRATA,Público Geral,Cadastro Ùnico
Masculino,50,Fundamental Incompleto,Três Córregos ,2,CRAS PRATA,CRAS PRATA,Público Geral,Cadastro Ùnico
Feminino,26,Fundamental Incompleto,Andradas ,2,CRAS PRATA,CRAS PRATA,Público Geral,Cadastro Ùnico
Feminino,45,Fundamental Incompleto,Cruzeiro,2,CRAS PRATA,CRAS PRATA,Público Geral,Cadastro Ùnico
Feminino,22,Médio Incompleto,Fischer,1,CRAS PRATA,CRAS PRATA,Público Geral,Cadastro Ùnico
Feminino,29,Médio Completo,Pessegueiros ,2,CRAS PRATA,CRAS PRATA,Público Geral,Cadastro Ùnico
Feminino,45,Fundamental Incompleto,Fazenda Ermitage,1,CRAS PRATA,CRAS PRATA,Público Geral,Cadastro Ùnico
Feminino,70,Fundamental Incompleto,Fazenda Ermitage,1,CRAS PRATA,CRAS PRATA,Público Geral,Cadastro Ùnico
Feminino,86,Não Escolarizado,Fazenda Ermitage,1,CRAS PRATA,CRAS PRATA,Público Geral,Assistente Social 
Feminino,30,Médio Completo,Três Córregos ,2,CRAS PRATA,CRAS PRATA,Público Geral,Cadastro Ùnico
Feminino,80,Fundamental Incompleto,Fazenda Ermitage,1,CRAS PRATA,CRAS PRATA,Público Geral,Cadastro Ùnico
Feminino,58,Fundamental Incompleto,Fazenda Ermitage,1,CRAS PRATA,CRAS PRATA,Público Geral,Assistente Social 
Feminino,37,Fundamental Incompleto,Brejal,2,CRAS PRATA,CRAS PRATA,Público Geral,Assistente Social 
Masculino,45,Fundamental Incompleto,Fazenda Ermitage,1,CRAS PRATA,CRAS PRATA,Público Geral,Assistente Social 
Feminino,48,Médio Completo,Fazenda Ermitage,1,CRAS PRATA,CRAS PRATA,Público Geral,Assistente Social 
Feminino,48,Médio Completo,Fazenda Ermitage,1,CRAS PRATA,CRAS PRATA,Público Geral,Cadastro Ùnico
Feminino,37,Fundamental Incompleto,Quinta Lebrão,1,CRAS PRATA,CRAS PRATA,Público Geral,Assistente Social 
Feminino,18,Médio Incompleto,Fischer,1,CRAS PRATA,CRAS PRATA,Público Geral,Cadastro Ùnico
Feminino,18,Médio Incompleto,Fischer,1,CRAS PRATA,CRAS PRATA,Público Geral,Assistente Social 
Feminino,45,Fundamental Incompleto,Fonte Santa ,1,CRAS PRATA,CRAS PRATA,Público Geral,Cadastro Ùnico
Feminino,30,Médio Completo,Três Córregos ,2,CRAS PRATA,CRAS PRATA,Público Geral,Assistente Social 
Feminino,25,Médio Completo,Fonte Santa ,1,CRAS PRATA,CRAS PRATA,Público Geral,Cadastro Ùnico
Feminino,51,Médio Completo,Fonte Santa ,1,CRAS PRATA,CRAS PRATA,Público Geral,Assistente Social 
Feminino,19,Médio Completo,Quinta Lebrão,1,CRAS PRATA,CRAS PRATA,Público Geral,Cadastro Ùnico
Feminino,19,Médio Completo,Quinta Lebrão,1,CRAS PRATA,CRAS PRATA,Público Geral,Assistente Social 
Feminino,37,Fundamental Incompleto,Quinta Lebrão,1,CRAS PRATA,CRAS PRATA,Público Geral,Cadastro Ùnico
Feminino,40,Fundamental Incompleto,Fonte Santa ,1,CRAS PRATA,CRAS PRATA,Público Geral,Cadastro Ùnico
Feminino,40,Fundamental Incompleto,Fonte Santa ,1,CRAS PRATA,CRAS PRATA,Público Geral,Assistente Social 
Masculino,59,Fundamental Incompleto,Fazenda Ermitage,1,CRAS PRATA,CRAS PRATA,Público Geral,Cadastro Ùnico
Masculino,30,Médio Completo,Pessegueiros ,2,CRAS PRATA,CRAS PRATA,Público Geral,Cadastro Ùnico
Feminino,51,Médio Completo,Fonte Santa ,1,CRAS PRATA,CRAS PRATA,Público Geral,Assistente Social 
Feminino,25,Médio Completo,Fonte Santa ,1,CRAS PRATA,CRAS PRATA,Público Geral,Assistente Social 
Feminino,23,Médio Completo,Fazenda Ermitage,1,CRAS PRATA,CRAS PRATA,Público Geral,Cadastro Ùnico
Feminino,23,Médio Completo,Fazenda Ermitage,1,CRAS PRATA,CRAS PRATA,Público Geral,Assistente Social 
Feminino,63,Fundamental Incompleto,Quinta Lebrão,1,CRAS PRATA,CRAS PRATA,Público Geral,Cadastro Ùnico
Feminino,63,Fundamental Incompleto,Quinta Lebrão,1,CRAS PRATA,CRAS PRATA,Público Geral,Assistente Social 
Feminino,32,Médio Incompleto,Quinta Lebrão,1,CRAS PRATA,CRAS PRATA,Público Geral,Cadastro Ùnico
Feminino,32,Médio Incompleto,Quinta Lebrão,1,CRAS PRATA,CRAS PRATA,Público Geral,Assistente Social 
Feminino,31,Médio Incompleto,Água Quente ,2,CRAS PRATA,CRAS PRATA,Público Geral,Cadastro Ùnico
Feminino,33,Fundamental Incompleto,Santa Cecília,1,CRAS PRATA,CRAS PRATA,Público Geral,Assistente Social 
Feminino,31,Médio Incompleto,Água Quente ,2,CRAS PRATA,CRAS PRATA,Público Geral,Assistente Social 
Feminino,49,Médio Incompleto,Fischer,1,CRAS PRATA,CRAS PRATA,Público Geral,Cadastro Ùnico
Feminino,45,Fundamental Incompleto,Providência ,2,CRAS PRATA,CRAS PRATA,Público Geral,Assistente Social 
Masculino,59,Não Escolarizado,Campo Limpo,2,CRAS PRATA,CRAS PRATA,Público Geral,Cadastro Ùnico
Feminino,65,Fundamental Incompleto,Álvaro Pana,1,CRAS PRATA,CRAS PRATA,Público Geral,Assistente Social 
Feminino,37,Médio Completo,Quinta Lebrão,1,CRAS PRATA,CRAS PRATA,Público Geral,Cadastro Ùnico
Feminino,37,Médio Completo,Quinta Lebrão,1,CRAS PRATA,CRAS PRATA,Público Geral,Assistente Social 
Feminino,18,Médio Completo,Fischer,1,CRAS PRATA,CRAS PRATA,Público Geral,Cadastro Ùnico
Feminino,18,Médio Completo,Fischer,1,CRAS PRATA,CRAS PRATA,Público Geral,Assistente Social 
Feminino,41,Fundamental Incompleto,Fazenda Ermitage,1,CRAS PRATA,CRAS PRATA,Público Geral,Cadastro Ùnico
Masculino,68,Fundamental Incompleto,Prata,2,CRAS PRATA,CRAS PRATA,Público Geral,Cadastro Ùnico
Masculino,68,Fundamental Incompleto,Prata,2,CRAS PRATA,CRAS PRATA,Público Geral,Assistente Social 
Feminino,31,Médio Completo,Fonte Santa ,1,CRAS PRATA,CRAS PRATA,Público Geral,Cadastro Ùnico
Feminino,31,Médio Completo,Fonte Santa ,1,CRAS PRATA,CRAS PRATA,Público Geral,Assistente Social 
Feminino,39,Fundamental Incompleto,Água Quente ,2,CRAS PRATA,CRAS PRATA,Público Geral,Cadastro Ùnico
Feminino,39,Fundamental Incompleto,Água Quente ,2,CRAS PRATA,CRAS PRATA,Público Geral,Assistente Social 
Masculino,34,Fundamental Incompleto,Cruzeiro,2,CRAS PRATA,CRAS PRATA,Público Geral,Cadastro Ùnico
Masculino,24,Fundamental Incompleto,Fischer,1,CRAS PRATA,CRAS PRATA,Público Geral,Cadastro Ùnico
Feminino,20,Médio Incompleto,Vargem Grande ,3,CRAS PRATA,CRAS PRATA,Público Geral,Cadastro Ùnico
Feminino,36,Médio Completo,Quinta Lebrão,1,CRAS PRATA,CRAS PRATA,Público Geral,Cadastro Ùnico
Feminino,48,Fundamental Incompleto,Fazenda Ermitage,1,CRAS PRATA,CRAS PRATA,Público Geral,Cadastro Ùnico
Feminino,65,Não Escolarizado,Fazenda Ermitage,1,CRAS PRATA,CRAS PRATA,Público Geral,Assistente Social 
Feminino,19,Médio Completo,Água Quente ,2,CRAS PRATA,CRAS PRATA,Público Geral,Assistente Social 
Feminino,67,Fundamental Incompleto,Fazenda Ermitage,1,CRAS PRATA,CRAS PRATA,Público Geral,Cadastro Ùnico
Feminino,45,Fundamental Incompleto,Fonte Santa ,1,CRAS PRATA,CRAS PRATA,Público Geral,Assistente Social 
Feminino,35,Fundamental Incompleto,Quinta Lebrão,1,CRAS PRATA,CRAS PRATA,Público Geral,Assistente Social 
Feminino,51,Fundamental Incompleto,Três Córregos ,2,CRAS PRATA,CRAS PRATA,Público Geral,Cadastro Ùnico
Feminino,56,Médio Incompleto,Fonte Santa ,1,CRAS PRATA,CRAS PRATA,Público Geral,Cadastro Ùnico
Feminino,56,Fundamental Incompleto,Quinta Lebrão,1,CRAS PRATA,CRAS PRATA,Público Geral,Assistente Social 
Masculino,65,Fundamental Incompleto,Fonte Santa ,1,CRAS PRATA,CRAS PRATA,Público Geral,Cadastro Ùnico
Feminino,56,Fundamental Incompleto,Fazenda Ermitage,1,CRAS PRATA,CRAS PRATA,Público Geral,Cadastro Ùnico
Feminino,56,Fundamental Incompleto,Fazenda Ermitage,1,CRAS PRATA,CRAS PRATA,Público Geral,Assistente Social 
Feminino,60,Fundamental Incompleto,Granja Mafra,2,CRAS PRATA,CRAS PRATA,Público Geral,Cadastro Ùnico
Feminino,56,Fundamental Incompleto,Fazenda Ermitage,1,CRAS PRATA,CRAS PRATA,Público Geral,Cadastro Ùnico
Feminino,58,Fundamental Incompleto,Fazenda Ermitage,1,CRAS PRATA,CRAS PRATA,Público Geral,Cadastro Ùnico
Feminino,57,Fundamental Incompleto,Quinta Lebrão,1,CRAS PRATA,CRAS PRATA,Público Geral,Cadastro Ùnico
Feminino,23,Médio Completo,Água Quente ,2,CRAS PRATA,CRAS PRATA,Público Geral,Assistente Social 
Masculino,69,Fundamental Incompleto,Providência ,2,CRAS PRATA,CRAS PRATA,Público Geral,Cadastro Ùnico
Masculino,63,Não Escolarizado,Brejal,2,CRAS PRATA,CRAS PRATA,Público Geral,Cadastro Ùnico
Masculino,76,Fundamental Incompleto,Cruzeiro,2,CRAS PRATA,CRAS PRATA,Público Geral,Cadastro Ùnico
Feminino,52,Não Escolarizado,Fonte Santa ,1,CRAS PRATA,CRAS PRATA,Público Geral,Cadastro Ùnico
Feminino,47,Fundamental Incompleto,Fonte Santa ,1,CRAS PRATA,CRAS PRATA,Público Geral,Assistente Social 
Feminino,49,Fundamental Incompleto,Pessegueiros ,2,CRAS PRATA,CRAS PRATA,Público Geral,Cadastro Ùnico
Feminino,23,Médio Completo,Campo Limpo ,2,CRAS PRATA,CRAS PRATA,Público Geral,Cadastro Ùnico
Masculino,58,Médio Completo,Fonte Santa ,1,CRAS PRATA,CRAS PRATA,Público Geral,Cadastro Ùnico
Feminino,23,Médio Completo,Campo Limpo ,2,CRAS PRATA,CRAS PRATA,Público Geral,Assistente Social 
Feminino,38,Médio Completo,Álvaro Pana ,1,CRAS PRATA,CRAS PRATA,Público Geral,Cadastro Ùnico
Feminino,38,Médio Completo,Álvaro Pana ,1,CRAS PRATA,CRAS PRATA,Público Geral,Assistente Social 
Masculino,30,Fundamental Incompleto,Fazenda Alpina ,2,CRAS PRATA,CRAS PRATA,Público Geral,Cadastro Ùnico
Masculino,69,Fundamental Incompleto,Fazenda Ermitage,1,CRAS PRATA,CRAS PRATA,Público Geral,Cadastro Ùnico
Masculino,75,Fundamental Incompleto,Prata,2,CRAS PRATA,CRAS PRATA,Público Geral,Cadastro Ùnico
Feminino,41,Fundamental Incompleto,Quinta Lebrão,1,CRAS PRATA,CRAS PRATA,Público Geral,Assistente Social 
Masculino,64,Fundamental Incompleto,Três Córregos ,2,CRAS PRATA,CRAS PRATA,Público Geral,Cadastro Ùnico
Feminino,41,Fundamental Incompleto,Quinta Lebrão,1,CRAS PRATA,CRAS PRATA,Público Geral,Assistente Social 
Feminino,44,Fundamental Incompleto,Fazenda Ermitage,1,CRAS PRATA,CRAS PRATA,Público Geral,Assistente Social 
Feminino,42,Médio Completo,Prata,2,CRAS PRATA,CRAS PRATA,Público Geral,Assistente Social 
Feminino,33,Médio Completo,Serra do Capim,2,CRAS PRATA,CRAS PRATA,Público Geral,Cadastro Ùnico
Feminino,45,Fundamental Incompleto,Quinta Lebrão,1,CRAS PRATA,CRAS PRATA,Público Geral,Assistente Social 
Feminino,40,Fundamental Incompleto,Campo Limpo,2,CRAS PRATA,CRAS PRATA,Público Geral,Assistente Social 
Feminino,38,Fundamental Incompleto,Fonte Santa ,1,CRAS PRATA,CRAS PRATA,Público Geral,Assistente Social 
Feminino,38,Fundamental Incompleto,Quinta Lebrão,1,CRAS PRATA,CRAS PRATA,Público Geral,Assistente Social 
Feminino,39,Fundamental Incompleto,Pessegueiros ,2,CRAS PRATA,CRAS PRATA,Público Geral,Assistente Social 
Feminino,34,Fundamental Incompleto,Quinta Lebrão,1,CRAS PRATA,CRAS PRATA,Público Geral,Assistente Social 
Feminino,34,Médio Incompleto,Quinta Lebrão,1,CRAS PRATA,CRAS PRATA,Público Geral,Assistente Social 
Feminino,30,Fundamental Completo,Várzea ,1,CRAS PRATA,CRAS PRATA,Público Geral,Cadastro Ùnico
Feminino,45,Fundamental Incompleto,Andradas ,2,CRAS PRATA,CRAS PRATA,Público Geral,Cadastro Ùnico
Feminino,39,Fundamental Incompleto,Pessegueiros ,2,CRAS PRATA,CRAS PRATA,Público Geral,Cadastro Ùnico
Feminino,31,Fundamental Incompleto,Pessegueiros ,2,CRAS PRATA,CRAS PRATA,Público Geral,Assistente Social 
Feminino,22,Médio Incompleto,Quinta Lebrão,1,CRAS PRATA,CRAS PRATA,Público Geral,Assistente Social 
Feminino,43,Médio Incompleto,Fonte Santa ,1,CRAS PRATA,CRAS PRATA,Público Geral,Assistente Social 
Feminino,23,Médio Completo,Quinta Lebrão,1,CRAS PRATA,CRAS PRATA,Público Geral,Assistente Social 
Feminino,24,Médio Completo,Três Córregos ,2,CRAS PRATA,CRAS PRATA,Público Geral,Cadastro Ùnico
Feminino,24,Médio Completo,Três Córregos ,2,CRAS PRATA,CRAS PRATA,Público Geral,Assistente Social 
Feminino,18,Fundamental Incompleto,Fischer,1,CRAS PRATA,CRAS PRATA,Público Geral,Cadastro Ùnico
Feminino,18,Fundamental Incompleto,Fischer,1,CRAS PRATA,CRAS PRATA,Público Geral,Assistente Social 
Masculino,48,Fundamental Incompleto,Pimentel,1,CRAS PRATA,CRAS PRATA,Público Geral,Cadastro Ùnico
Feminino,19,Médio Completo,Quinta Lebrão,1,CRAS PRATA,CRAS PRATA,Público Geral,Cadastro Ùnico
Feminino,27,Médio Completo,Quinta Lebrão,1,CRAS PRATA,CRAS PRATA,Público Geral,Cadastro Ùnico
Masculino,26,Médio Incompleto,Quinta Lebrão,1,CRAS PRATA,CRAS PRATA,Público Geral,Cadastro Ùnico
Masculino,26,Médio Incompleto,Quinta Lebrão,1,CRAS PRATA,CRAS PRATA,Público Geral,Assistente Social 
Feminino,25,Médio Incompleto,Quinta Lebrão,1,CRAS PRATA,CRAS PRATA,Público Geral,Assistente Social 
Feminino,25,Médio Incompleto,Quinta Lebrão,1,CRAS PRATA,CRAS PRATA,Público Geral,Cadastro Ùnico
Feminino,44,Médio Incompleto,Água Quente ,2,CRAS PRATA,CRAS PRATA,Público Geral,Cadastro Ùnico
Feminino,44,Médio Incompleto,Água Quente ,2,CRAS PRATA,CRAS PRATA,Público Geral,Assistente Social 
Masculino,48,Fundamental Incompleto,Fischer,1,CRAS PRATA,CRAS PRATA,Público Geral,Assistente Social 
Feminino,19,Médio Completo,Quinta Lebrão,1,CRAS PRATA,CRAS PRATA,Público Geral,Assistente Social 
Feminino,27,Médio Completo,Quinta Lebrão,1,CRAS PRATA,CRAS PRATA,Público Geral,Assistente Social 
Masculino,56,Fundamental Incompleto,Fonte Santa ,1,CRAS PRATA,CRAS PRATA,Público Geral,Cadastro Ùnico
Feminino,66,Não Escolarizado,Quinta Lebrão,1,CRAS PRATA,CRAS PRATA,Público Geral,Cadastro Ùnico
Masculino,53,Fundamental Incompleto,Boa União,2,CRAS PRATA,CRAS PRATA,Público Geral,Cadastro Ùnico
Feminino,59,Fundamental Incompleto,Cruzeiro,2,CRAS PRATA,CRAS PRATA,Público Geral,Cadastro Ùnico
Feminino,43,Fundamental Incompleto,Fonte Santa ,1,CRAS PRATA,CRAS PRATA,Público Geral,Cadastro Ùnico
Feminino,37,Fundamental Incompleto,Fazenda Alpina ,2,CRAS PRATA,CRAS PRATA,Público Geral,Cadastro Ùnico
Masculino,46,Fundamental Incompleto,Fonte Santa ,1,CRAS PRATA,CRAS PRATA,Público Geral,Cadastro Ùnico
Feminino,63,Fundamental Incompleto,Três Córregos ,2,CRAS PRATA,CRAS PRATA,Público Geral,Cadastro Ùnico
Feminino,54,Fundamental Incompleto,Água Quente ,2,CRAS PRATA,CRAS PRATA,Público Geral,Cadastro Ùnico
Feminino,24,Fundamental Completo,Quinta Lebrão,1,CRAS PRATA,CRAS PRATA,Público Geral,Cadastro Ùnico
Feminino,24,Fundamental Completo,Quinta Lebrão,1,CRAS PRATA,CRAS PRATA,Público Geral,Assistente Social 
Feminino,19,Médio Completo,Quinta Lebrão,1,CRAS PRATA,CRAS PRATA,Público Geral,Cadastro Ùnico
Feminino,19,Médio Completo,Quinta Lebrão,1,CRAS PRATA,CRAS PRATA,Público Geral,Assistente Social 
Masculino,29,Não Escolarizado,Serra do Capim ,2,CRAS PRATA,CRAS PRATA,Público Geral,Cadastro Ùnico
Feminino,39,Fundamental Incompleto,Água Quente ,2,CRAS PRATA,CRAS PRATA,Público Geral,Cadastro Ùnico
Feminino,48,Fundamental Incompleto,Álvaro Pana ,1,CRAS PRATA,CRAS PRATA,Público Geral,Cadastro Ùnico
Feminino,46,Médio Completo,Fonte Santa ,1,CRAS PRATA,CRAS PRATA,Público Geral,Cadastro Ùnico
Feminino,48,Fundamental Incompleto,Álvaro Pana ,1,CRAS PRATA,CRAS PRATA,Público Geral,Assistente Social 
Feminino,48,Fundamental Incompleto,Cruzeiro ,2,CRAS PRATA,CRAS PRATA,Público Geral,Assistente Social 
Feminino,18,Médio Completo,Quinta Lebrão,1,CRAS PRATA,CRAS PRATA,Público Geral,Cadastro Ùnico
Feminino,18,Médio Completo,Quinta Lebrão,1,CRAS PRATA,CRAS PRATA,Público Geral,Assistente Social 
Feminino,70,Não Escolarizado,Fischer,1,CRAS PRATA,CRAS PRATA,Público Geral,Assistente Social 
Feminino,48,Fundamental Incompleto,Cruzeiro ,2,CRAS PRATA,CRAS PRATA,Público Geral,Cadastro Ùnico
Feminino,24,Fundamental Incompleto,Fischer,1,CRAS PRATA,CRAS PRATA,Público Geral,Cadastro Ùnico
Feminino,40,Fundamental Incompleto,Fonte Santa ,1,CRAS PRATA,CRAS PRATA,Público Geral,Cadastro Ùnico
Feminino,40,Fundamental Incompleto,Fonte Santa ,1,CRAS PRATA,CRAS PRATA,Público Geral,Assistente Social 
Feminino,54,Médio Completo,Quinta Lebrão,1,CRAS PRATA,CRAS PRATA,Público Geral,Assistente Social 
Feminino,40,Médio Completo,Água Quente ,2,CRAS PRATA,CRAS PRATA,Público Geral,Cadastro Ùnico
Feminino,66,Fundamental Incompleto,Brejal ,2,CRAS PRATA,CRAS PRATA,Público Geral,Cadastro Ùnico
Masculino,65,Fundamental Incompleto,Centro ,1,CRAS PRATA,CRAS PRATA,Público Geral,Cadastro Ùnico
Feminino,49,Fundamental Incompleto,Fonte Santa ,1,CRAS PRATA,CRAS PRATA,Público Geral,Cadastro Ùnico
Masculino,56,Fundamental Incompleto,Pessegueiros ,2,CRAS PRATA,CRAS PRATA,Público Geral,Cadastro Ùnico
Feminino,44,Fundamental Incompleto,Água Quente ,2,CRAS PRATA,CRAS PRATA,Público Geral,Cadastro Ùnico
Masculino,33,Fundamental Completo,Três Córregos ,2,CRAS PRATA,CRAS PRATA,Público Geral,Cadastro Ùnico
Feminino,54,Médio Completo,Quinta Lebrão,1,CRAS PRATA,CRAS PRATA,Público Geral,Cadastro Ùnico
Feminino,45,Fundamental Incompleto,Fonte Santa ,1,CRAS PRATA,CRAS PRATA,Público Geral,Cadastro Ùnico
Feminino,35,Fundamental Completo,Fischer,1,CRAS PRATA,CRAS PRATA,Público Geral,Assistente Social 
Feminino,49,Fundamental Incompleto,Cruzeiro ,2,CRAS PRATA,CRAS PRATA,Público Geral,Cadastro Ùnico
Feminino,45,Fundamental Incompleto,Fonte Santa ,1,CRAS PRATA,CRAS PRATA,Público Geral,Assistente Social 
Feminino,59,Fundamental Incompleto,Fischer,1,CRAS PRATA,CRAS PRATA,Público Geral,Cadastro Ùnico
Feminino,26,Médio Completo,Salaco,1,CRAS PRATA,CRAS PRATA,Público Geral,Cadastro Ùnico
Feminino,30,Médio Completo,Quinta Lebrão,1,CRAS PRATA,CRAS PRATA,Público Geral,Assistente Social 
Feminino,56,Fundamental Completo,Fazenda Ermitage,1,CRAS PRATA,CRAS PRATA,Público Geral,Cadastro Ùnico
Feminino,49,Médio Completo,Fazenda Ermitage,1,CRAS PRATA,CRAS PRATA,Público Geral,Cadastro Ùnico
Feminino,58,Médio Completo,Fazenda Ermitage,1,CRAS PRATA,CRAS PRATA,Público Geral,Cadastro Ùnico
Feminino,26,Médio Completo,Salaco,1,CRAS PRATA,CRAS PRATA,Público Geral,Cadastro Ùnico
Masculino,61,Fundamental Incompleto,Prata,2,CRAS PRATA,CRAS PRATA,Público Geral,Cadastro Ùnico
Feminino,30,Médio Completo,Serra do Capim,2,CRAS PRATA,CRAS PRATA,Público Geral,Cadastro Ùnico
Feminino,38,Fundamental Incompleto,Água Quente ,2,CRAS PRATA,CRAS PRATA,Público Geral,Cadastro Ùnico
Feminino,68,Fundamental Incompleto,Quinta Lebrão,1,CRAS PRATA,CRAS PRATA,Público Geral,Cadastro Ùnico
Feminino,66,Fundamental Incompleto,Fazenda Ermitage,1,CRAS PRATA,CRAS PRATA,Público Geral,Cadastro Ùnico
Feminino,79,Não Escolarizado,Quinta Lebrão,1,CRAS PRATA,CRAS PRATA,Público Geral,Cadastro Ùnico
Feminino,49,Médio Incompleto,Fischer,1,CRAS PRATA,CRAS PRATA,Público Geral,Cadastro Ùnico
Feminino,76,Fundamental Incompleto,Fazenda Ermitage,1,CRAS PRATA,CRAS PRATA,Público Geral,Cadastro Ùnico
Feminino,51,Médio Completo,Fonte Santa ,1,CRAS PRATA,CRAS PRATA,Público Geral,Cadastro Ùnico
Feminino,27,Médio Completo,Quinta Lebrão,1,CRAS PRATA,CRAS PRATA,Público Geral,Cadastro Ùnico
Feminino,46,Médio Incompleto,Quinta Lebrão,1,CRAS PRATA,CRAS PRATA,Público Geral,Cadastro Ùnico
Feminino,38,Fundamental Incompleto,Água Quente ,2,CRAS PRATA,CRAS PRATA,Público Geral,Assistente Social 
Masculino,37,Médio Completo,Granja Mafra ,2,CRAS PRATA,CRAS PRATA,Público Geral,Psicólogo
Masculino,33,Médio Incompleto,Fonte Santa ,1,CRAS PRATA,CRAS PRATA,Público Geral,Cadastro Ùnico
Feminino,49,Superior Incompleto,Fazenda Ermitage,1,CRAS PRATA,CRAS PRATA,Público Geral,Cadastro Ùnico
Masculino,61,Fundamental Incompleto,Quinta Lebrão,1,CRAS PRATA,CRAS PRATA,Público Geral,Cadastro Ùnico
Masculino,48,Fundamental Incompleto,Fonte Santa ,1,CRAS PRATA,CRAS PRATA,Público Geral,Cadastro Ùnico
Feminino,37,Médio Incompleto,Fischer,1,CRAS PRATA,CRAS PRATA,Público Geral,Cadastro Ùnico
Feminino,51,Fundamental Incompleto,Álvaro Pana,1,CRAS PRATA,CRAS PRATA,Público Geral,Cadastro Ùnico
Feminino,36,Fundamental Completo,Três Córregos ,2,CRAS PRATA,CRAS PRATA,Público Geral,Cadastro Ùnico
Masculino,73,Fundamental Incompleto,Fonte Santa ,1,CRAS PRATA,CRAS PRATA,Público Geral,Cadastro Ùnico
Feminino,46,Fundamental Incompleto,Cruzeiro,2,CRAS PRATA,CRAS PRATA,Público Geral,Cadastro Ùnico
Feminino,53,Fundamental Incompleto,Quinta Lebrão,1,CRAS PRATA,CRAS PRATA,Público Geral,Cadastro Ùnico
Feminino,22,Médio Completo,Três Córregos ,2,CRAS PRATA,CRAS PRATA,Público Geral,Cadastro Ùnico
Feminino,22,Médio Completo,Três Córregos ,2,CRAS PRATA,CRAS PRATA,Público Geral,Assistente Social 
Feminino,63,Não Escolarizado,Fonte Santa ,1,CRAS PRATA,CRAS PRATA,Público Geral,Cadastro Ùnico
Feminino,86,Não Escolarizado,Fonte Santa ,1,CRAS PRATA,CRAS PRATA,Público Geral,Cadastro Ùnico
Feminino,32,Fundamental Completo,Santa Rita,2,CRAS PRATA,CRAS PRATA,Público Geral,Cadastro Ùnico
Feminino,36,Superior Completo,Prata,2,CRAS PRATA,CRAS PRATA,Público Geral,Cadastro Ùnico
Feminino,36,Médio Completo,Quinta Lebrão,1,CRAS PRATA,CRAS PRATA,Público Geral,Assistente Social 
Feminino,36,Médio Completo,Quinta Lebrão,1,CRAS PRATA,CRAS PRATA,Público Geral,Cadastro Ùnico
Feminino,22,Médio Completo,Três Córregos ,2,CRAS PRATA,CRAS PRATA,Público Geral,Cadastro Ùnico
Feminino,21,Fundamental Completo,Quinta Lebrão,1,CRAS PRATA,CRAS PRATA,Público Geral,Assistente Social 
Feminino,21,Fundamental Completo,Quinta Lebrão,1,CRAS PRATA,CRAS PRATA,Público Geral,Cadastro Ùnico
Masculino,65,Não Escolarizado,Fischer,1,CRAS PRATA,CRAS PRATA,Público Geral,Cadastro Ùnico
Feminino,65,Fundamental Incompleto,Fonte Santa ,1,CRAS PRATA,CRAS PRATA,Público Geral,Cadastro Ùnico
Feminino,51,Médio Incompleto,Três Córregos ,2,CRAS PRATA,CRAS PRATA,Público Geral,Cadastro Ùnico
Feminino,65,Fundamental Incompleto,Fonte Santa ,1,CRAS PRATA,CRAS PRATA,Público Geral,Cadastro Ùnico
Feminino,34,Médio Incompleto,Água Quente ,2,CRAS PRATA,CRAS PRATA,Público Geral,Cadastro Ùnico
Masculino,60,Fundamental Incompleto,Cruzeiro,2,CRAS PRATA,CRAS PRATA,Público Geral,Cadastro Ùnico
Feminino,63,Fundamental Completo,Quinta Lebrão,1,CRAS PRATA,CRAS PRATA,Público Geral,Cadastro Ùnico
Feminino,42,Médio Completo,Fazenda Ermitage,1,CRAS PRATA,CRAS PRATA,Público Geral,Cadastro Ùnico
Feminino,50,Fundamental Incompleto,Quinta Lebrão,1,CRAS PRATA,CRAS PRATA,Público Geral,Cadastro Ùnico
Feminino,60,Fundamental Incompleto,Fazenda Ermitage,1,CRAS PRATA,CRAS PRATA,Público Geral,Cadastro Ùnico
Feminino,38,Médio Incompleto,Quinta Lebrão,1,CRAS PRATA,CRAS PRATA,Público Geral,Assistente Social 
Feminino,37,Médio Completo,Santa Rita,2,CRAS PRATA,CRAS PRATA,Público Geral,Cadastro Ùnico
Feminino,65,Fundamental Incompleto,Fonte Santa ,1,CRAS PRATA,CRAS PRATA,Público Geral,Assistente Social 
Feminino,19,Médio Completo,Fonte Santa ,1,CRAS PRATA,CRAS PRATA,Público Geral,Assistente Social 
Feminino,40,Médio Incompleto,Santa Rita,2,CRAS PRATA,CRAS PRATA,Público Geral,Assistente Social 
Masculino,19,Médio Completo,Fischer,1,CRAS PRATA,CRAS PRATA,Público Geral,Assistente Social 
Feminino,19,Médio Completo,Fonte Santa ,1,CRAS PRATA,CRAS PRATA,Público Geral,Assistente Social 
Feminino,19,Médio Completo,Fonte Santa ,1,CRAS PRATA,CRAS PRATA,Público Geral,Assistente Social 
Feminino,46,Médio Incompleto,Quinta Lebrão,1,CRAS PRATA,CRAS PRATA,Público Geral,Cadastro Ùnico
Feminino,75,Não Escolarizado,Granja Mafra ,2,CRAS PRATA,CRAS PRATA,Público Geral,Cadastro Ùnico
Feminino,27,Fundamental Incompleto,Fonte Santa ,1,CRAS PRATA,CRAS PRATA,Público Geral,Assistente Social 
Feminino,38,Fundamental Incompleto,Fischer,1,CRAS PRATA,CRAS PRATA,Público Geral,Cadastro Ùnico
Feminino,38,Fundamental Incompleto,Fischer,1,CRAS PRATA,CRAS PRATA,Público Geral,Assistente Social 
Feminino,23,Superior Completo,Cruzeiro,2,CRAS PRATA,CRAS PRATA,Público Geral,Cadastro Ùnico
Feminino,27,Fundamental Incompleto,Fonte Santa ,1,CRAS PRATA,CRAS PRATA,Público Geral,Cadastro Ùnico
Feminino,39,Médio Completo,Fonte Santa ,1,CRAS PRATA,CRAS PRATA,Público Geral,Cadastro Ùnico
Feminino,56,Médio Completo,Quinta Lebrão,1,CRAS PRATA,CRAS PRATA,Público Geral,Cadastro Ùnico
Feminino,22,Médio Completo,São Pedro,1,CRAS PRATA,CRAS PRATA,Público Geral,Cadastro Ùnico
Feminino,37,Médio Completo,Fazenda Ermitage,1,CRAS PRATA,CRAS PRATA,Público Geral,Cadastro Ùnico
Masculino,19,Médio Completo,Fischer,1,CRAS PRATA,CRAS PRATA,Público Geral,Cadastro Ùnico
Feminino,41,Fundamental Incompleto,Fonte Santa ,1,CRAS PRATA,CRAS PRATA,Público Geral,Cadastro Ùnico
Feminino,48,Fundamental Incompleto,Fonte Santa ,1,CRAS PRATA,CRAS PRATA,Público Geral,Cadastro Ùnico
Feminino,48,Fundamental Incompleto,Fonte Santa ,1,CRAS PRATA,CRAS PRATA,Público Geral,Assistente Social 
Masculino,42,Fundamental Incompleto,Água Quente ,2,CRAS PRATA,CRAS PRATA,Público Geral,Cadastro Ùnico
Feminino,23,Médio Completo,Quinta Lebrão,1,CRAS PRATA,CRAS PRATA,Público Geral,Cadastro Ùnico
Feminino,42,Fundamental Incompleto,Quinta Lebrão,1,CRAS PRATA,CRAS PRATA,Público Geral,Cadastro Ùnico
Feminino,42,Fundamental Incompleto,Quinta Lebrão,1,CRAS PRATA,CRAS PRATA,Público Geral,Assistente Social 
Feminino,27,Fundamental Incompleto,Fonte Santa ,1,CRAS PRATA,CRAS PRATA,Público Geral,Assistente Social 
Feminino,51,Fundamental Incompleto,Quinta Lebrão,1,CRAS PRATA,CRAS PRATA,Público Geral,Cadastro Ùnico
Feminino,51,Fundamental Incompleto,Quinta Lebrão,1,CRAS PRATA,CRAS PRATA,Público Geral,Assistente Social 
Feminino,58,Fundamental Incompleto,Fazenda Ermitage,1,CRAS PRATA,CRAS PRATA,Público Geral,Cadastro Ùnico
Feminino,34,Médio Completo,Pessegueiros ,2,CRAS PRATA,CRAS PRATA,Público Geral,Cadastro Ùnico
Feminino,27,Médio Completo,Fonte Santa ,1,CRAS PRATA,CRAS PRATA,Público Geral,Cadastro Ùnico
Feminino,34,Médio Completo,Serra do Capim,2,CRAS PRATA,CRAS PRATA,Público Geral,Cadastro Ùnico
Feminino,23,Superior Completo,Cruzeiro,2,CRAS PRATA,CRAS PRATA,Público Geral,Assistente Social 
Feminino,18,Médio Completo,Fonte Santa ,1,CRAS PRATA,CRAS PRATA,Público Geral,Cadastro Ùnico
Masculino,68,Fundamental Incompleto,Boa União,2,CRAS PRATA,CRAS PRATA,Público Geral,Cadastro Ùnico
Feminino,23,Superior Completo,Cruzeiro,2,CRAS PRATA,CRAS PRATA,Público Geral,Cadastro Ùnico
Feminino,18,Médio Completo,Fonte Santa ,1,CRAS PRATA,CRAS PRATA,Público Geral,Assistente Social 
Masculino,36,Médio Completo,Fazenda Ermitage,1,CRAS PRATA,CRAS PRATA,Público Geral,Cadastro Ùnico
Feminino,35,Superior Completo,Fonte Santa ,1,CRAS PRATA,CRAS PRATA,Público Geral,Cadastro Ùnico
Feminino,35,Superior Completo,Fonte Santa ,1,CRAS PRATA,CRAS PRATA,Público Geral,Assistente Social 
Feminino,51,Médio Completo,Prata,2,CRAS PRATA,CRAS PRATA,Público Geral,Cadastro Ùnico
Feminino,46,Superior Completo,Quinta Lebrão,1,CRAS PRATA,CRAS PRATA,Público Geral,Cadastro Ùnico
Feminino,20,Médio Completo,Quinta Lebrão,1,CRAS PRATA,CRAS PRATA,Público Geral,Assistente Social 
Feminino,24,Médio Incompleto,Água Quente ,2,CRAS PRATA,CRAS PRATA,Público Geral,Cadastro Ùnico
Feminino,69,Fundamental Incompleto,Três Córregos ,2,CRAS PRATA,CRAS PRATA,Público Geral,Cadastro Ùnico
Feminino,37,Fundamental Incompleto,Fazenda Ermitage,1,CRAS PRATA,CRAS PRATA,Público Geral,Assistente Social 
Feminino,27,Médio Incompleto,Fonte Santa ,1,CRAS PRATA,CRAS PRATA,Público Geral,Cadastro Ùnico
Feminino,30,Médio Incompleto,Quinta Lebrão,1,CRAS PRATA,CRAS PRATA,Público Geral,Cadastro Ùnico
Feminino,53,Fundamental Incompleto,Gamboa,2,CRAS PRATA,CRAS PRATA,Público Geral,Cadastro Ùnico
Feminino,27,Médio Completo,Quinta Lebrão,1,CRAS PRATA,CRAS PRATA,Público Geral,Cadastro Ùnico
Feminino,27,Médio Completo,Quinta Lebrão,1,CRAS PRATA,CRAS PRATA,Público Geral,Assistente Social 
Feminino,36,Fundamental Incompleto,Fonte Santa ,1,CRAS PRATA,CRAS PRATA,Público Geral,Assistente Social 
Feminino,30,Médio Incompleto,Quinta Lebrão,1,CRAS PRATA,CRAS PRATA,Público Geral,Assistente Social 
Feminino,31,Médio Incompleto,Três Córregos ,2,CRAS PRATA,CRAS PRATA,Público Geral,Assistente Social 
Feminino,34,Médio Incompleto,Serra do Capim,2,CRAS PRATA,CRAS PRATA,Público Geral,Assistente Social 
Feminino,27,Médio Completo,Fonte Santa ,1,CRAS PRATA,CRAS PRATA,Público Geral,Cadastro Ùnico
Masculino,34,Médio Completo,Fazenda Ermitage,1,CRAS PRATA,CRAS PRATA,Público Geral,Cadastro Ùnico
Feminino,30,Médio Incompleto,Quinta Lebrão,1,CRAS PRATA,CRAS PRATA,Público Geral,Assistente Social 
Feminino,67,Fundamental Incompleto,Quinta Lebrão,1,CRAS PRATA,CRAS PRATA,Público Geral,Cadastro Ùnico
Feminino,51,Fundamental Incompleto,Pessegueiros ,2,CRAS PRATA,CRAS PRATA,Público Geral,Recepção 
Feminino,42,Fundamental Incompleto,Santa Rita,2,CRAS PRATA,CRAS PRATA,Público Geral,Cadastro Ùnico
Feminino,73,Não Escolarizado,Quinta Lebrão,1,CRAS PRATA,CRAS PRATA,Público Geral,Cadastro Ùnico
Feminino,51,Médio Completo,Quinta Lebrão,1,CRAS PRATA,CRAS PRATA,Público Geral,Cadastro Ùnico
Feminino,66,Fundamental Incompleto,Fonte Santa ,1,CRAS PRATA,CRAS PRATA,Público Geral,Cadastro Ùnico
Feminino,42,Médio Completo,Fazenda Ermitage,1,CRAS PRATA,CRAS PRATA,Público Geral,Cadastro Ùnico
Feminino,63,Fundamental Incompleto,Quinta Lebrão,1,CRAS PRATA,CRAS PRATA,Público Geral,Cadastro Ùnico
Feminino,34,Médio Incompleto,Campo Limpo,2,CRAS PRATA,CRAS PRATA,Público Geral,Cadastro Ùnico
Masculino,34,Médio Incompleto,Quinta Lebrão,1,CRAS PRATA,CRAS PRATA,Público Geral,Cadastro Ùnico
Feminino,66,Não Escolarizado,Fazenda Ermitage,1,CRAS PRATA,CRAS PRATA,Público Geral,Cadastro Ùnico
Masculino,53,Não Escolarizado,Fazenda Ermitage,1,CRAS PRATA,CRAS PRATA,Público Geral,Cadastro Ùnico
Masculino,54,Fundamental Incompleto,Arrieiro,2,CRAS PRATA,CRAS PRATA,Público Geral,Cadastro Ùnico
Feminino,45,Fundamental Incompleto,Água Quente ,2,CRAS PRATA,CRAS PRATA,Público Geral,Cadastro Ùnico
Feminino,38,Superior Incompleto,Fonte Santa ,1,CRAS PRATA,CRAS PRATA,Público Geral,Cadastro Ùnico
Feminino,57,Não Escolarizado,Quinta Lebrão,1,CRAS PRATA,CRAS PRATA,Público Geral,Cadastro Ùnico
Masculino,61,Fundamental Incompleto,Quinta Lebrão,1,CRAS PRATA,CRAS PRATA,Público Geral,Cadastro Ùnico
Feminino,68,Não Escolarizado,Fazenda Ermitage,1,CRAS PRATA,CRAS PRATA,Público Geral,Cadastro Ùnico
Masculino,32,Médio Completo,Fonte Santa ,1,CRAS PRATA,CRAS PRATA,Público Geral,Cadastro Ùnico
Feminino,40,Médio Incompleto,Quinta Lebrão,1,CRAS PRATA,CRAS PRATA,Público Geral,Cadastro Ùnico
Feminino,24,Médio Incompleto,Fonte Santa ,1,CRAS PRATA,CRAS PRATA,Público Geral,Cadastro Ùnico
Feminino,64,Fundamental Incompleto,Fischer,1,CRAS PRATA,CRAS PRATA,Público Geral,Cadastro Ùnico
Feminino,24,Médio Incompleto,Fonte Santa ,1,CRAS PRATA,CRAS PRATA,Público Geral,Cadastro Ùnico
Masculino,62,Fundamental Incompleto,Fischer,1,CRAS PRATA,CRAS PRATA,Público Geral,Cadastro Ùnico
Masculino,49,Fundamental Incompleto,Agriões,1,CRAS PRATA,CRAS PRATA,Público Geral,Cadastro Ùnico
Masculino,44,Fundamental Incompleto,Fonte Santa ,1,CRAS PRATA,CRAS PRATA,Público Geral,Cadastro Ùnico
Feminino,21,Médio Incompleto,Fonte Santa ,1,CRAS PRATA,CRAS PRATA,Público Geral,Cadastro Ùnico
Feminino,54,Médio Completo,Quinta Lebrão,1,CRAS PRATA,CRAS PRATA,Público Geral,Cadastro Ùnico
Feminino,48,Fundamental Incompleto,Fonte Santa ,1,CRAS PRATA,CRAS PRATA,Público Geral,Cadastro Ùnico
Masculino,54,Fundamental Incompleto,Água Quente ,2,CRAS PRATA,CRAS PRATA,Público Geral,Cadastro Ùnico
Masculino,57,Fundamental Incompleto,Fonte Santa ,1,CRAS PRATA,CRAS PRATA,Público Geral,Cadastro Ùnico
Feminino,39,Médio Completo,Quinta Lebrão,1,CRAS PRATA,CRAS PRATA,Público Geral,Cadastro Ùnico
Masculino,38,Fundamental Incompleto,Cruzeiro ,2,CRAS PRATA,CRAS PRATA,Público Geral,Cadastro Ùnico
Feminino,51,Fundamental Incompleto,Pessegueiros ,2,CRAS PRATA,CRAS PRATA,Público Geral,Assistente Social 
Feminino,69,Fundamental Incompleto,Quinta Lebrão,1,CRAS PRATA,CRAS PRATA,Público Geral,Cadastro Ùnico
Feminino,42,Médio Completo,Fazenda Ermitage,1,CRAS PRATA,CRAS PRATA,Público Geral,Cadastro Ùnico
Feminino,42,Médio Completo,Fazenda Ermitage,1,CRAS PRATA,CRAS PRATA,Público Geral,Assistente Social 
Masculino,49,Fundamental Incompleto,Pessegueiros ,2,CRAS PRATA,CRAS PRATA,Público Geral,Cadastro Ùnico
Feminino,54,Médio Completo,Quinta Lebrão,1,CRAS PRATA,CRAS PRATA,Público Geral,Cadastro Ùnico
Masculino,68,Não Escolarizado,Fazenda Ermitage,1,CRAS PRATA,CRAS PRATA,Público Geral,Cadastro Ùnico
Feminino,57,Fundamental Incompleto,Gamboa,2,CRAS PRATA,CRAS PRATA,Público Geral,Cadastro Ùnico
Masculino,65,Fundamental Incompleto,Biquinha,2,CRAS PRATA,CRAS PRATA,Público Geral,Cadastro Ùnico
Feminino,35,Médio Incompleto,Brejal ,2,CRAS PRATA,CRAS PRATA,Público Geral,Cadastro Ùnico
Feminino,21,Médio Completo,Brejal ,2,CRAS PRATA,CRAS PRATA,Público Geral,Cadastro Ùnico
Feminino,41,Médio Incompleto,Serra do Capim,2,CRAS PRATA,CRAS PRATA,Público Geral,Cadastro Ùnico
Feminino,54,Médio Completo,Quinta Lebrão,1,CRAS PRATA,CRAS PRATA,Público Geral,Assistente Social 
Feminino,33,Fundamental Incompleto,Ponte Nova,2,CRAS PRATA,CRAS PRATA,Público Geral,Cadastro Ùnico
Feminino,65,Fundamental Incompleto,Fazenda Ermitage,1,CRAS PRATA,CRAS PRATA,Público Geral,Assistente Social 
Feminino,46,Médio Incompleto,Pessegueiros ,2,CRAS PRATA,CRAS PRATA,Público Geral,Cadastro Ùnico
Feminino,35,Médio Incompleto,Brejal ,2,CRAS PRATA,CRAS PRATA,Público Geral,Assistente Social 
Masculino,54,Fundamental Incompleto,Arrieiro,2,CRAS PRATA,CRAS PRATA,Público Geral,Cadastro Ùnico
Feminino,46,Superior Incompleto,Três Córregos ,2,CRAS PRATA,CRAS PRATA,Público Geral,Cadastro Ùnico
Feminino,46,Superior Incompleto,Três Córregos ,2,CRAS PRATA,CRAS PRATA,Público Geral,Assistente Social 
Masculino,56,Não Escolarizado,Pessegueiros ,2,CRAS PRATA,CRAS PRATA,Público Geral,Cadastro Ùnico
Feminino,33,Fundamental Incompleto,Ponte Nova,2,CRAS PRATA,CRAS PRATA,Público Geral,Assistente Social 
Feminino,19,Fundamental Completo,Fonte Santa ,1,CRAS PRATA,CRAS PRATA,Público Geral,Cadastro Ùnico
Masculino,79,Fundamental Incompleto,Pessegueiros ,2,CRAS PRATA,CRAS PRATA,Público Geral,Cadastro Ùnico
Feminino,32,Fundamental Completo,Quinta Lebrão,1,CRAS PRATA,CRAS PRATA,Público Geral,Cadastro Ùnico
Feminino,19,Fundamental Completo,Fonte Santa ,1,CRAS PRATA,CRAS PRATA,Público Geral,Assistente Social 
Masculino,79,Fundamental Incompleto,Pessegueiros ,2,CRAS PRATA,CRAS PRATA,Público Geral,Assistente Social 
Feminino,52,Médio Completo,Água Quente ,2,CRAS PRATA,CRAS PRATA,Público Geral,Cadastro Ùnico
Feminino,43,Fundamental Incompleto,Fischer,1,CRAS PRATA,CRAS PRATA,Público Geral,Cadastro Ùnico
Feminino,38,Médio Completo,Fazenda Ermitage,1,CRAS PRATA,CRAS PRATA,Público Geral,Cadastro Ùnico
Feminino,48,Fundamental Incompleto,Fazenda Ermitage,1,CRAS PRATA,CRAS PRATA,Público Geral,Cadastro Ùnico
Feminino,34,Fundamental Incompleto,Fazenda Ermitage,1,CRAS PRATA,CRAS PRATA,Público Geral,Cadastro Ùnico
Masculino,42,Médio Completo,Fazenda Ermitage,1,CRAS PRATA,CRAS PRATA,Público Geral,Cadastro Ùnico
Masculino,43,Fundamental Incompleto,Quinta Lebrão,1,CRAS PRATA,CRAS PRATA,Público Geral,Cadastro Ùnico
Feminino,73,Fundamental Incompleto,Fonte Santa ,1,CRAS PRATA,CRAS PRATA,Público Geral,Cadastro Ùnico
Feminino,78,Não Escolarizado,Quinta Lebrão,1,CRAS PRATA,CRAS PRATA,Público Geral,Cadastro Ùnico
Feminino,49,Fundamental Incompleto,Santa Rita,2,CRAS PRATA,CRAS PRATA,Público Geral,Cadastro Ùnico
Feminino,65,Médio Completo,Pessegueiros ,2,CRAS PRATA,CRAS PRATA,Público Geral,Cadastro Ùnico
Masculino,66,Fundamental Completo,Quinta Lebrão,1,CRAS PRATA,CRAS PRATA,Público Geral,Cadastro Ùnico
Feminino,65,Fundamental Incompleto,Fazenda Ermitage,1,CRAS PRATA,CRAS PRATA,Público Geral,Cadastro Ùnico
Feminino,42,Médio Completo,Quinta Lebrão,1,CRAS PRATA,CRAS PRATA,Público Geral,Cadastro Ùnico
Feminino,32,Médio Completo,Ponte Nova,2,CRAS PRATA,CRAS PRATA,Público Geral,Cadastro Ùnico
Feminino,69,Superior Incompleto,Poço dos Peixes ,2,CRAS PRATA,CRAS PRATA,Público Geral,Cadastro Ùnico
Feminino,21,Médio Completo,Quinta Lebrão,1,CRAS PRATA,CRAS PRATA,Público Geral,Cadastro Ùnico
Feminino,64,Médio Incompleto,Fazenda Ermitage,1,CRAS PRATA,CRAS PRATA,Público Geral,Cadastro Ùnico
Feminino,41,Médio Incompleto,Andradas,2,CRAS PRATA,CRAS PRATA,Público Geral,Cadastro Ùnico
Feminino,57,Fundamental Incompleto,Biquinha,2,CRAS PRATA,CRAS PRATA,Público Geral,Cadastro Ùnico
Feminino,55,Fundamental Incompleto,Fazenda Ermitage,1,CRAS PRATA,CRAS PRATA,Público Geral,Cadastro Ùnico
Feminino,36,Médio Completo,Quinta Lebrão,1,CRAS PRATA,CRAS PRATA,Público Geral,Cadastro Ùnico
Feminino,71,Fundamental Incompleto,Fonte Santa ,1,CRAS PRATA,CRAS PRATA,Público Geral,Cadastro Ùnico
Feminino,30,Médio Completo,Fonte Santa ,1,CRAS PRATA,CRAS PRATA,Público Geral,Cadastro Ùnico
Feminino,33,Fundamental Completo,Água Quente ,2,CRAS PRATA,CRAS PRATA,Público Geral,Cadastro Ùnico
Masculino,25,Médio Completo,Três Córregos ,2,CRAS PRATA,CRAS PRATA,Público Geral,Cadastro Ùnico
Feminino,20,Superior Incompleto,Quinta Lebrão,1,CRAS PRATA,CRAS PRATA,Público Geral,Cadastro Ùnico
Feminino,34,Médio Incompleto,Quinta Lebrão,1,CRAS PRATA,CRAS PRATA,Público Geral,Assistente Social 
Masculino,66,Não Escolarizado,Fischer,1,CRAS PRATA,CRAS PRATA,Público Geral,Cadastro Ùnico
Masculino,62,Fundamental Incompleto,Prata,2,CRAS PRATA,CRAS PRATA,Público Geral,Cadastro Ùnico
Feminino,65,Fundamental Incompleto,Fonte Santa ,1,CRAS PRATA,CRAS PRATA,Público Geral,Assistente Social 
Feminino,44,Fundamental Incompleto,Fazenda Ermitage,1,CRAS PRATA,CRAS PRATA,Público Geral,Cadastro Ùnico
Feminino,44,Fundamental Incompleto,Fazenda Ermitage,1,CRAS PRATA,CRAS PRATA,Público Geral,Assistente Social 
Feminino,65,Fundamental Incompleto,Fonte Santa ,1,CRAS PRATA,CRAS PRATA,Público Geral,Cadastro Ùnico
Feminino,62,Fundamental Incompleto,Fonte Santa ,1,CRAS PRATA,CRAS PRATA,Público Geral,Assistente Social 
Feminino,51,Médio Completo,Prata,2,CRAS PRATA,CRAS PRATA,Público Geral,Cadastro Ùnico
Feminino,58,Superior Completo,Prata,2,CRAS PRATA,CRAS PRATA,Público Geral,Cadastro Ùnico
Feminino,58,Fundamental Incompleto,Prata,2,CRAS PRATA,CRAS PRATA,Público Geral,Assistente Social 
Feminino,37,Fundamental Incompleto,Quinta Lebrão,1,CRAS PRATA,CRAS PRATA,Público Geral,Assistente Social 
Masculino,30,Fundamental Incompleto,Fischer,1,CRAS PRATA,CRAS PRATA,Público Geral,Cadastro Ùnico
Feminino,58,Fundamental Incompleto,Prata,2,CRAS PRATA,CRAS PRATA,Público Geral,Psicólogo
Masculino,84,Fundamental Incompleto,Três Córregos ,2,CRAS PRATA,CRAS PRATA,Público Geral,Cadastro Ùnico
Feminino,22,Médio Incompleto,Fazenda Ermitage,1,CRAS PRATA,CRAS PRATA,Público Geral,Cadastro Ùnico
Feminino,17,Fundamental Incompleto,Água Quente ,2,CRAS PRATA,CRAS PRATA,Público Geral,Cadastro Ùnico
Feminino,59,Fundamental Incompleto,Fazenda Ermitage,1,CRAS PRATA,CRAS PRATA,Público Geral,Cadastro Ùnico
Feminino,42,Fundamental Incompleto,Água Quente ,2,CRAS PRATA,CRAS PRATA,Público Geral,Cadastro Ùnico
Feminino,55,Fundamental Incompleto,Fazenda Ermitage,1,CRAS PRATA,CRAS PRATA,Público Geral,Cadastro Ùnico
Feminino,45,Fundamental Incompleto,Fonte Santa ,1,CRAS PRATA,CRAS PRATA,Público Geral,Assistente Social 
Feminino,58,Fundamental Incompleto,Fonte Santa ,1,CRAS PRATA,CRAS PRATA,Público Geral,Cadastro Ùnico
Masculino,71,Fundamental Incompleto,Santa Rita,2,CRAS PRATA,CRAS PRATA,Público Geral,Assistente Social 
Feminino,50,Fundamental Incompleto,Quinta Lebrão,1,CRAS PRATA,CRAS PRATA,Público Geral,Cadastro Ùnico
Masculino,62,Fundamental Incompleto,Fischer,1,CRAS PRATA,CRAS PRATA,Público Geral,Assistente Social 
Masculino,62,Fundamental Incompleto,Fischer,1,CRAS PRATA,CRAS PRATA,Público Geral,Cadastro Ùnico
Feminino,35,Fundamental Incompleto,Fischer,1,CRAS PRATA,CRAS PRATA,Público Geral,Cadastro Ùnico
Feminino,35,Fundamental Incompleto,Fischer,1,CRAS PRATA,CRAS PRATA,Público Geral,Assistente Social 
Masculino,66,Fundamental Incompleto,Água Quente ,2,CRAS PRATA,CRAS PRATA,Público Geral,Cadastro Ùnico
Feminino,64,Fundamental Incompleto,Fazenda Ermitage,1,CRAS PRATA,CRAS PRATA,Público Geral,Cadastro Ùnico
Feminino,64,Fundamental Incompleto,Fonte Santa ,1,CRAS PRATA,CRAS PRATA,Público Geral,Cadastro Ùnico
Feminino,70,Não Escolarizado,Fischer,1,CRAS PRATA,CRAS PRATA,Público Geral,Assistente Social 
Feminino,33,Médio Incompleto,Quinta Lebrão,1,CRAS PRATA,CRAS PRATA,Público Geral,Assistente Social 
Feminino,62,Fundamental Incompleto,Brejal,2,CRAS PRATA,CRAS PRATA,Público Geral,Cadastro Ùnico
Masculino,61,Fundamental Incompleto,Quinta Lebrão,1,CRAS PRATA,CRAS PRATA,Público Geral,Assistente Social 
Feminino,61,Fundamental Incompleto,Três Córregos ,2,CRAS PRATA,CRAS PRATA,Público Geral,Cadastro Ùnico
Feminino,34,Médio Incompleto,Água Quente ,2,CRAS PRATA,CRAS PRATA,Público Geral,Cadastro Ùnico
Feminino,30,Médio Completo,Quinta Lebrão,1,CRAS PRATA,CRAS PRATA,Público Geral,Cadastro Ùnico
Masculino,24,Médio Incompleto,Santa Rita,2,CRAS PRATA,CRAS PRATA,Público Geral,Cadastro Ùnico
Feminino,46,Fundamental Incompleto,Fazenda Ermitage,1,CRAS PRATA,CRAS PRATA,Público Geral,Cadastro Ùnico
Feminino,69,Fundamental Incompleto,Fonte Santa ,1,CRAS PRATA,CRAS PRATA,Público Geral,Cadastro Ùnico
Feminino,49,Fundamental Incompleto,Fonte Santa ,1,CRAS PRATA,CRAS PRATA,Público Geral,Assistente Social 
Feminino,55,Fundamental Incompleto,Fischer,1,CRAS PRATA,CRAS PRATA,Público Geral,Cadastro Ùnico
Feminino,55,Não Escolarizado,Quinta Lebrão,1,CRAS PRATA,CRAS PRATA,Público Geral,Cadastro Ùnico
Feminino,21,Médio Incompleto,Quinta Lebrão,1,CRAS PRATA,CRAS PRATA,Público Geral,Cadastro Ùnico
Masculino,38,Fundamental Incompleto,Fischer,1,CRAS PRATA,CRAS PRATA,Público Geral,Cadastro Ùnico
Feminino,59,Não Escolarizado,Fazenda Ermitage,1,CRAS PRATA,CRAS PRATA,Público Geral,Cadastro Ùnico
Feminino,24,Médio Incompleto,Fischer,1,CRAS PRATA,CRAS PRATA,Público Geral,Cadastro Ùnico
Feminino,20,Médio Completo,Holliday,2,CRAS PRATA,CRAS PRATA,Público Geral,Cadastro Ùnico
Feminino,19,Médio Incompleto,Poço dos Peixes ,2,CRAS PRATA,CRAS PRATA,Público Geral,Cadastro Ùnico
Feminino,60,Fundamental Incompleto,Santa Rita,2,CRAS PRATA,CRAS PRATA,Público Geral,Cadastro Ùnico
Masculino,44,Fundamental Incompleto,Arrieiro,2,CRAS PRATA,CRAS PRATA,Público Geral,Assistente Social 
Masculino,38,Fundamental Incompleto,Fischer,1,CRAS PRATA,CRAS PRATA,Público Geral,Assistente Social 
Feminino,68,Fundamental Incompleto,Boa União ,2,CRAS PRATA,CRAS PRATA,Público Geral,Cadastro Ùnico
Masculino,57,Fundamental Completo,Fonte Santa ,1,CRAS PRATA,CRAS PRATA,Público Geral,Cadastro Ùnico
Feminino,30,Fundamental Incompleto,Água Quente ,2,CRAS PRATA,CRAS PRATA,Público Geral,Cadastro Ùnico
Feminino,27,Fundamental Incompleto,Campo Limpo ,2,CRAS PRATA,CRAS PRATA,Público Geral,Cadastro Ùnico
Feminino,59,Médio Completo,Fazenda Ermitage,1,CRAS PRATA,CRAS PRATA,Público Geral,Cadastro Ùnico
Feminino,30,Médio Incompleto,Providência ,2,CRAS PRATA,CRAS PRATA,Público Geral,Cadastro Ùnico
Feminino,46,Médio Completo,Fonte Santa ,1,CRAS PRATA,CRAS PRATA,Público Geral,Cadastro Ùnico
Feminino,68,Fundamental Incompleto,Fazenda Ermitage,1,CRAS PRATA,CRAS PRATA,Público Geral,Cadastro Ùnico
Feminino,34,Médio Completo,Fazenda Ermitage,1,CRAS PRATA,CRAS PRATA,Público Geral,Cadastro Ùnico
Feminino,28,Médio Incompleto,Fonte Santa ,1,CRAS PRATA,CRAS PRATA,Público Geral,Assistente Social 
Feminino,39,Fundamental Incompleto,Quinta Lebrão,1,CRAS PRATA,CRAS PRATA,Público Geral,Cadastro Ùnico
Feminino,41,Médio Incompleto,Fazenda Ermitage,1,CRAS PRATA,CRAS PRATA,Público Geral,Cadastro Ùnico
Feminino,43,Fundamental Incompleto,Quinta Lebrão,1,CRAS PRATA,CRAS PRATA,Público Geral,Assistente Social 
Feminino,62,Fundamental Incompleto,Quinta Lebrão,1,CRAS PRATA,CRAS PRATA,Público Geral,Cadastro Ùnico
Feminino,41,Fundamental Incompleto,Pessegueiros ,2,CRAS PRATA,CRAS PRATA,Público Geral,Cadastro Ùnico
Feminino,29,Médio Completo,Pessegueiros ,2,CRAS PRATA,CRAS PRATA,Público Geral,Cadastro Ùnico
Feminino,40,Fundamental Incompleto,Cruzeiro ,2,CRAS PRATA,CRAS PRATA,Público Geral,Assistente Social 
Feminino,49,Fundamental Incompleto,Quinta Lebrão,1,CRAS PRATA,CRAS PRATA,Público Geral,Assistente Social 
Feminino,37,Médio Completo,Quinta Lebrão,1,CRAS PRATA,CRAS PRATA,Público Geral,Cadastro Ùnico
Feminino,65,Fundamental Incompleto,Fischer,1,CRAS PRATA,CRAS PRATA,Público Geral,Assistente Social 
Feminino,43,Fundamental Incompleto,Fazenda Ermitage,1,CRAS PRATA,CRAS PRATA,Público Geral,Assistente Social 
Feminino,30,Médio Completo,Serra do Capim,2,CRAS PRATA,CRAS PRATA,Público Geral,Assistente Social 
Masculino,19,Fundamental Incompleto,Granja Mafra,2,CRAS PRATA,CRAS PRATA,Público Geral,Assistente Social 
Feminino,34,Médio Incompleto,Providência ,2,CRAS PRATA,CRAS PRATA,Público Geral,Assistente Social 
Feminino,43,Fundamental Incompleto,Quinta Lebrão,1,CRAS PRATA,CRAS PRATA,Público Geral,Psicólogo
Feminino,39,Médio Completo,Biquinha,2,CRAS PRATA,CRAS PRATA,Público Geral,Psicólogo
Feminino,39,Médio Completo,Biquinha,2,CRAS PRATA,CRAS PRATA,Público Geral,Cadastro Ùnico
Feminino,53,Fundamental Incompleto,Fazenda Ermitage,1,CRAS PRATA,CRAS PRATA,Público Geral,Assistente Social 
Feminino,43,Fundamental Incompleto,Arrieiro,2,CRAS PRATA,CRAS PRATA,Público Geral,Assistente Social 
Feminino,34,Médio Incompleto,Providência ,2,CRAS PRATA,CRAS PRATA,Público Geral,Assistente Social 
Feminino,33,Médio Completo,Quinta Lebrão,1,CRAS PRATA,CRAS PRATA,Público Geral,Assistente Social 
Feminino,32,Médio Completo,Água Quente ,2,CRAS PRATA,CRAS PRATA,Público Geral,Assistente Social 
Masculino,32,Médio Completo,Fazenda Ermitage,1,CRAS PRATA,CRAS PRATA,Público Geral,Assistente Social 
Feminino,30,Fundamental Incompleto,Água Quente ,2,CRAS PRATA,CRAS PRATA,Público Geral,Assistente Social 
Masculino,66,Fundamental Incompleto,Vieira,3,CRAS PRATA,CRAS PRATA,Público Geral,Cadastro Ùnico
Feminino,49,Fundamental Incompleto,Quinta Lebrão,1,CRAS PRATA,CRAS PRATA,Público Geral,Cadastro Ùnico
Feminino,30,Fundamental Incompleto,Água Quente ,2,CRAS PRATA,CRAS PRATA,Público Geral,Cadastro Ùnico
Feminino,32,Fundamental Completo,Fonte Santa ,1,CRAS PRATA,CRAS PRATA,Público Geral,Assistente Social 
Feminino,20,Médio Completo,Fazenda Alpina ,2,CRAS PRATA,CRAS PRATA,Público Geral,Psicólogo
Feminino,39,Médio Completo,Poço dos Peixes ,2,CRAS PRATA,CRAS PRATA,Público Geral,Cadastro Ùnico
Feminino,33,Médio Completo,Quinta Lebrão,1,CRAS PRATA,CRAS PRATA,Público Geral,Cadastro Ùnico
Feminino,53,Fundamental Incompleto,Fazenda Ermitage,1,CRAS PRATA,CRAS PRATA,Público Geral,Cadastro Ùnico
Feminino,39,Fundamental Incompleto,Fonte Santa ,1,CRAS PRATA,CRAS PRATA,Público Geral,Cadastro Ùnico
Feminino,33,Médio Completo,Serra do Capim,2,CRAS PRATA,CRAS PRATA,Público Geral,Assistente Social 
Feminino,35,Médio Incompleto,Fazenda Ermitage,1,CRAS PRATA,CRAS PRATA,Público Geral,Assistente Social 
Masculino,29,Fundamental Incompleto,Fonte Santa ,1,CRAS PRATA,CRAS PRATA,Público Geral,Assistente Social 
Feminino,30,Fundamental Incompleto,Quinta Lebrão,1,CRAS PRATA,CRAS PRATA,Público Geral,Assistente Social 
Feminino,28,Fundamental Incompleto,Pessegueiros ,2,CRAS PRATA,CRAS PRATA,Público Geral,Assistente Social 
Feminino,35,Médio Incompleto,Pessegueiros ,2,CRAS PRATA,CRAS PRATA,Público Geral,Assistente Social 
Feminino,32,Médio Incompleto,Quinta Lebrão,1,CRAS PRATA,CRAS PRATA,Público Geral,Assistente Social 
Feminino,50,Fundamental Incompleto,Fonte Santa ,1,CRAS PRATA,CRAS PRATA,Público Geral,Assistente Social 
Feminino,48,Médio Incompleto,Fazenda Ermitage,1,CRAS PRATA,CRAS PRATA,Público Geral,Assistente Social 
Feminino,48,Fundamental Completo,Fischer,1,CRAS PRATA,CRAS PRATA,Público Geral,Assistente Social 
Feminino,20,Médio Completo,Fazenda Ermitage,1,CRAS PRATA,CRAS PRATA,Público Geral,Cadastro Ùnico
Feminino,65,Fundamental Incompleto,Fonte Santa ,1,CRAS PRATA,CRAS PRATA,Público Geral,Cadastro Ùnico
Feminino,21,Fundamental Incompleto,Fonte Santa ,1,CRAS PRATA,CRAS PRATA,Público Geral,Cadastro Ùnico
Feminino,35,Médio Incompleto,Pessegueiros ,2,CRAS PRATA,CRAS PRATA,Público Geral,Cadastro Ùnico
Feminino,19,Fundamental Incompleto,Barra do Imbuí,1,CRAS PRATA,CRAS PRATA,Público Geral,Cadastro Ùnico
Feminino,31,Médio Completo,Fischer,1,CRAS PRATA,CRAS PRATA,Público Geral,Cadastro Ùnico
Feminino,48,Médio Completo,Fazenda Ermitage,1,CRAS PRATA,CRAS PRATA,Público Geral,Cadastro Ùnico
Feminino,58,Médio Incompleto,Quinta Lebrão,1,CRAS PRATA,CRAS PRATA,Público Geral,Cadastro Ùnico
Feminino,25,Médio Completo,Fazenda Ermitage,1,CRAS PRATA,CRAS PRATA,Público Geral,Assistente Social 
Feminino,23,Médio Completo,Água Quente ,2,CRAS PRATA,CRAS PRATA,Público Geral,Cadastro Ùnico
Feminino,31,Médio Completo,Quinta Lebrão,1,CRAS PRATA,CRAS PRATA,Público Geral,Cadastro Ùnico
Feminino,24,Médio Completo,Fonte Santa ,1,CRAS PRATA,CRAS PRATA,Público Geral,Cadastro Ùnico
Feminino,23,Médio Completo,Quinta Lebrão,1,CRAS PRATA,CRAS PRATA,Público Geral,Cadastro Ùnico
Feminino,31,Médio Completo,Fonte Santa ,1,CRAS PRATA,CRAS PRATA,Público Geral,Cadastro Ùnico
Feminino,39,Médio Completo,Fonte Santa ,1,CRAS PRATA,CRAS PRATA,Público Geral,Assistente Social 
Masculino,30,Fundamental Incompleto,Brejal ,2,CRAS PRATA,CRAS PRATA,Público Geral,Cadastro Ùnico
Feminino,30,Médio Completo,Santa Rita,2,CRAS PRATA,CRAS PRATA,Público Geral,Cadastro Ùnico
Feminino,53,Médio Completo,Água Quente ,2,CRAS PRATA,CRAS PRATA,Público Geral,Cadastro Ùnico
Feminino,71,Fundamental Incompleto,Quinta Lebrão,1,CRAS PRATA,CRAS PRATA,Público Geral,Assistente Social 
Feminino,49,Fundamental Incompleto,Quinta Lebrão,1,CRAS PRATA,CRAS PRATA,Público Geral,Cadastro Ùnico
Feminino,44,Médio Completo,Fonte Santa ,1,CRAS PRATA,CRAS PRATA,Público Geral,Cadastro Ùnico
Feminino,44,Fundamental Incompleto,Fazenda Ermitage,1,CRAS PRATA,CRAS PRATA,Público Geral,Cadastro Ùnico
Feminino,25,Médio Completo,Santa Rita,2,CRAS PRATA,CRAS PRATA,Público Geral,Assistente Social 
Feminino,25,Médio Completo,Santa Rita,2,CRAS PRATA,CRAS PRATA,Público Geral,Cadastro Ùnico
Feminino,20,Médio Completo,Água Quente ,2,CRAS PRATA,CRAS PRATA,Público Geral,Cadastro Ùnico
Feminino,51,Médio Completo,Água Quente ,2,CRAS PRATA,CRAS PRATA,Público Geral,Cadastro Ùnico
Feminino,51,Médio Completo,Água Quente ,2,CRAS PRATA,CRAS PRATA,Público Geral,Assistente Social 
Feminino,31,Fundamental Incompleto,Pessegueiros ,2,CRAS PRATA,CRAS PRATA,Público Geral,Cadastro Ùnico
Feminino,53,Fundamental Incompleto,Pessegueiros ,2,CRAS PRATA,CRAS PRATA,Público Geral,Assistente Social 
Feminino,53,Fundamental Incompleto,Pessegueiros ,2,CRAS PRATA,CRAS PRATA,Público Geral,Cadastro Ùnico
Feminino,56,Fundamental Incompleto,Fazenda Ermitage,1,CRAS PRATA,CRAS PRATA,Público Geral,Cadastro Ùnico
Feminino,19,Médio Completo,Santa Rita,2,CRAS PRATA,CRAS PRATA,Público Geral,Assistente Social 
Feminino,38,Fundamental Incompleto,Santa Rita,2,CRAS PRATA,CRAS PRATA,Público Geral,Cadastro Ùnico
Feminino,38,Fundamental Incompleto,Quinta Lebrão,1,CRAS PRATA,CRAS PRATA,Público Geral,Cadastro Ùnico
Feminino,34,Médio Completo,Fazenda Ermitage,1,CRAS PRATA,CRAS PRATA,Público Geral,Cadastro Ùnico
Feminino,68,Fundamental Incompleto,Fazenda Ermitage,1,CRAS PRATA,CRAS PRATA,Público Geral,Cadastro Ùnico
Feminino,67,Fundamental Incompleto,Fazenda Ermitage,1,CRAS PRATA,CRAS PRATA,Público Geral,Cadastro Ùnico
Feminino,51,Fundamental Incompleto,Pessegueiros ,2,CRAS PRATA,CRAS PRATA,Público Geral,Cadastro Ùnico
Feminino,19,Médio Incompleto,Quinta Lebrão,1,CRAS PRATA,CRAS PRATA,Público Geral,Cadastro Ùnico
Feminino,26,Médio Completo,Fonte Santa ,1,CRAS PRATA,CRAS PRATA,Público Geral,Cadastro Ùnico
Feminino,65,Fundamental Incompleto,Quinta Lebrão,1,CRAS PRATA,CRAS PRATA,Público Geral,Cadastro Ùnico
Feminino,31,Fundamental Incompleto,Água Quente ,2,CRAS PRATA,CRAS PRATA,Público Geral,Cadastro Ùnico
Masculino,27,Fundamental Incompleto,Serra do Capim,2,CRAS PRATA,CRAS PRATA,Público Geral,Cadastro Ùnico
Masculino,37,Fundamental Incompleto,Serra do Capim,2,CRAS PRATA,CRAS PRATA,Público Geral,Cadastro Ùnico
Feminino,71,Não Escolarizado,Quinta Lebrão,1,CRAS PRATA,CRAS PRATA,Público Geral,Cadastro Ùnico
Feminino,33,Médio Incompleto,Pessegueiros ,2,CRAS PRATA,CRAS PRATA,Público Geral,Assistente Social 
Feminino,21,Médio Completo,Parque  São Luiz,1,CRAS PRATA,CRAS PRATA,Público Geral,Cadastro Ùnico
Feminino,33,Médio Incompleto,Três Córregos ,2,CRAS PRATA,CRAS PRATA,Público Geral,Cadastro Ùnico
Feminino,55,Fundamental Incompleto,Fischer,1,CRAS PRATA,CRAS PRATA,Público Geral,Cadastro Ùnico
Feminino,26,Superior Completo,Prata,2,CRAS PRATA,CRAS PRATA,Público Geral,Não Informado
Feminino,26,Superior Completo,Prata,2,CRAS PRATA,CRAS PRATA,Público Geral,Não Informado
Feminino,53,Fundamental Incompleto,Andradas,2,CRAS PRATA,CRAS PRATA,Público Geral,Não Informado
Feminino,66,Fundamental Incompleto,Fazenda Ermitage,1,CRAS PRATA,CRAS PRATA,Público Geral,Não Informado
Masculino,56,Fundamental Incompleto,Fonte Santa ,1,CRAS PRATA,CRAS PRATA,Público Geral,Assistente Social 
Masculino,38,Fundamental Incompleto,Cruzeiro ,2,CRAS PRATA,CRAS PRATA,Público Geral,Cadastro Ùnico
Feminino,43,Fundamental Incompleto,Quinta Lebrão,1,CRAS PRATA,CRAS PRATA,Público Geral,Não Informado
Feminino,27,Médio Completo,Pessegueiros ,2,CRAS PRATA,CRAS PRATA,Público Geral,Não Informado
Feminino,27,Médio Completo,Pessegueiros ,2,CRAS PRATA,CRAS PRATA,Público Geral,Não Informado
Masculino,51,Fundamental Incompleto,Quinta Lebrão,1,CRAS PRATA,CRAS PRATA,Público Geral,Não Informado
Masculino,51,Fundamental Incompleto,Quinta Lebrão,1,CRAS PRATA,CRAS PRATA,Público Geral,Não Informado
Feminino,33,Médio Completo,Fazenda Ermitage,1,CRAS PRATA,CRAS PRATA,Público Geral,Não Informado
Feminino,59,Médio Incompleto,Fazenda Ermitage,1,CRAS PRATA,CRAS PRATA,Público Geral,Não Informado
Feminino,58,Fundamental Incompleto,Quinta Lebrão,1,CRAS PRATA,CRAS PRATA,Público Geral,Não Informado
Masculino,37,Fundamental Incompleto,Pessegueiros ,2,CRAS PRATA,CRAS PRATA,Público Geral,Não Informado
Feminino,50,Não Escolarizado,Quinta Lebrão,1,CRAS PRATA,CRAS PRATA,Público Geral,Assistente Social 
Feminino,55,Fundamental Incompleto,Fonte Santa ,1,CRAS PRATA,CRAS PRATA,Público Geral,Assistente Social 
Feminino,58,Fundamental Incompleto,Quinta Lebrão,1,CRAS PRATA,CRAS PRATA,Público Geral,Assistente Social 
Feminino,54,Não Escolarizado,Fazenda Ermitage,1,CRAS PRATA,CRAS PRATA,Público Geral,Assistente Social 
Feminino,40,Fundamental Incompleto,Quinta Lebrão,1,CRAS PRATA,CRAS PRATA,Público Geral,Assistente Social 
Feminino,45,Fundamental Incompleto,Quinta Lebrão,1,CRAS PRATA,CRAS PRATA,Público Geral,Assistente Social 
Feminino,47,Não Escolarizado,Fazenda Ermitage,1,CRAS PRATA,CRAS PRATA,Público Geral,Assistente Social 
Feminino,43,Fundamental Incompleto,Fazenda Ermitage,1,CRAS PRATA,CRAS PRATA,Público Geral,Assistente Social 
Feminino,45,Fundamental Incompleto,Fonte Santa ,1,CRAS PRATA,CRAS PRATA,Público Geral,Assistente Social 
Feminino,39,Médio Incompleto,Fonte Santa ,1,CRAS PRATA,CRAS PRATA,Público Geral,Assistente Social 
Feminino,46,Fundamental Incompleto,Fonte Santa ,1,CRAS PRATA,CRAS PRATA,Público Geral,Assistente Social 
Feminino,41,Médio Completo,Fonte Santa ,1,CRAS PRATA,CRAS PRATA,Público Geral,Assistente Social 
Feminino,43,Fundamental Incompleto,Fonte Santa ,1,CRAS PRATA,CRAS PRATA,Público Geral,Assistente Social 
Masculino,33,Médio Completo,Andradas ,2,CRAS PRATA,CRAS PRATA,Público Geral,Assistente Social 
Feminino,42,Fundamental Incompleto,Quinta Lebrão,1,CRAS PRATA,CRAS PRATA,Público Geral,Assistente Social 
Feminino,39,Médio Completo,Fischer,1,CRAS PRATA,CRAS PRATA,Público Geral,Assistente Social 
Feminino,47,Fundamental Incompleto,Fazenda Ermitage,1,CRAS PRATA,CRAS PRATA,Público Geral,Assistente Social 
Masculino,47,Fundamental Incompleto,Quinta Lebrão,1,CRAS PRATA,CRAS PRATA,Público Geral,Assistente Social 
Feminino,43,Médio Completo,Prata ,2,CRAS PRATA,CRAS PRATA,Público Geral,Assistente Social 
Feminino,59,Médio Completo,Quinta Lebrão,1,CRAS PRATA,CRAS PRATA,Público Geral,Assistente Social 
Feminino,38,Não Informado,Fazenda Ermitage,1,CRAS PRATA,CRAS PRATA,Público Geral,Assistente Social 
Feminino,30,Fundamental Incompleto,Fischer,1,CRAS PRATA,CRAS PRATA,Público Geral,Assistente Social 
Feminino,51,Fundamental Incompleto,Quinta Lebrão,1,CRAS PRATA,CRAS PRATA,Público Geral,Assistente Social 
Feminino,40,Fundamental Incompleto,Fonte Santa ,1,CRAS PRATA,CRAS PRATA,Público Geral,Assistente Social 
Masculino,61,Fundamental Incompleto,Quinta Lebrão,1,CRAS PRATA,CRAS PRATA,Público Geral,Assistente Social 
Feminino,53,Médio Completo,Fazenda Ermitage,1,CRAS PRATA,CRAS PRATA,Público Geral,Assistente Social 
Masculino,66,Não Escolarizado,Pessegueiros ,2,CRAS PRATA,CRAS PRATA,Público Geral,Assistente Social 
Feminino,41,Fundamental Incompleto,Quinta Lebrão,1,CRAS PRATA,CRAS PRATA,Público Geral,Assistente Social 
Feminino,47,Fundamental Incompleto,Arrieiro,2,CRAS PRATA,CRAS PRATA,Público Geral,Assistente Social 
Feminino,56,Fundamental Incompleto,Fonte Santa ,1,CRAS PRATA,CRAS PRATA,Público Geral,Assistente Social 
Feminino,32,Fundamental Incompleto,Fischer,1,CRAS PRATA,CRAS PRATA,Público Geral,Assistente Social 
Feminino,56,Fundamental Incompleto,Fischer,1,CRAS PRATA,CRAS PRATA,Público Geral,Assistente Social 
Feminino,51,Não Escolarizado,São Pedro,1,CRAS PRATA,CRAS PRATA,Público Geral,Assistente Social 
Feminino,24,Médio Incompleto,Fonte Santa ,1,CRAS PRATA,CRAS PRATA,Público Geral,Assistente Social 
Feminino,75,Não Escolarizado,Fonte Santa ,1,CRAS PRATA,CRAS PRATA,Público Geral,Cadastro Ùnico
Feminino,24,Médio Incompleto,Fonte Santa ,1,CRAS PRATA,CRAS PRATA,Público Geral,Assistente Social 
Feminino,64,Fundamental Incompleto,Fischer,1,CRAS PRATA,CRAS PRATA,Público Geral,Assistente Social 
Masculino,55,Médio Incompleto,Caleme,1,CRAS PRATA,CRAS PRATA,Público Geral,Assistente Social 
Feminino,47,Médio Completo,Fonte Santa ,1,CRAS PRATA,CRAS PRATA,Público Geral,Assistente Social 
Masculino,83,Fundamental Incompleto,Prata,2,CRAS PRATA,CRAS PRATA,Público Geral,Assistente Social 
Masculino,38,Fundamental Incompleto,Fonte Santa ,1,CRAS PRATA,CRAS PRATA,Público Geral,Assistente Social 
Feminino,43,Fundamental Incompleto,Fazenda Ermitage,1,CRAS PRATA,CRAS PRATA,Público Geral,Assistente Social 
Feminino,24,Médio Incompleto,Quinta Lebrão,1,CRAS PRATA,CRAS PRATA,Público Geral,Assistente Social 
Feminino,46,Médio Completo,Fonte Santa ,1,CRAS PRATA,CRAS PRATA,Público Geral,Assistente Social 
Feminino,56,Fundamental Incompleto,Fonte Santa ,1,CRAS PRATA,CRAS PRATA,Público Geral,Cadastro Ùnico
Masculino,37,Fundamental Incompleto,Pessegueiros ,2,CRAS PRATA,CRAS PRATA,Público Geral,Cadastro Ùnico
Feminino,23,Médio Completo,Fonte Santa ,1,CRAS PRATA,CRAS PRATA,Público Geral,Cadastro Ùnico
Feminino,45,Fundamental Incompleto,Quinta Lebrão,1,CRAS PRATA,CRAS PRATA,Público Geral,Cadastro Ùnico
Feminino,18,Médio Completo,Quinta Lebrão,1,CRAS PRATA,CRAS PRATA,Público Geral,Assistente Social 
Feminino,41,Fundamental Incompleto,Parque do imbuí,1,CRAS PRATA,CRAS PRATA,Público Geral,Assistente Social 
Feminino,24,Médio Completo,Fonte Santa ,1,CRAS PRATA,CRAS PRATA,Público Geral,Assistente Social 
Feminino,30,Fundamental Incompleto,Pessegueiros ,2,CRAS PRATA,CRAS PRATA,Público Geral,Cadastro Ùnico
Feminino,55,Médio Completo,Fazenda Ermitage,1,CRAS PRATA,CRAS PRATA,Público Geral,Cadastro Ùnico
Feminino,23,Médio Completo,Fonte Santa ,1,CRAS PRATA,CRAS PRATA,Público Geral,Assistente Social 
Feminino,31,Médio Incompleto,Fischer,1,CRAS PRATA,CRAS PRATA,Público Geral,Cadastro Ùnico
Feminino,29,Médio Completo,Fonte Santa ,1,CRAS PRATA,CRAS PRATA,Público Geral,Assistente Social 
Feminino,70,Fundamental Incompleto,Prata,2,CRAS PRATA,CRAS PRATA,Público Geral,Cadastro Ùnico
Feminino,22,Médio Incompleto,Fonte Santa ,1,CRAS PRATA,CRAS PRATA,Público Geral,Assistente Social 
Feminino,38,Médio Completo,Quinta Lebrão,1,CRAS PRATA,CRAS PRATA,Público Geral,Assistente Social 
Feminino,52,Fundamental Incompleto,Cruzeiro,2,CRAS PRATA,CRAS PRATA,Público Geral,Assistente Social 
Feminino,27,Fundamental Incompleto,Fonte Santa ,1,CRAS PRATA,CRAS PRATA,Público Geral,Assistente Social 
Feminino,42,Médio Incompleto,Fonte Santa ,1,CRAS PRATA,CRAS PRATA,Público Geral,Assistente Social 
Feminino,34,Fundamental Incompleto,Quinta Lebrão,1,CRAS PRATA,CRAS PRATA,Público Geral,Assistente Social 
Feminino,54,Médio Completo,Quinta Lebrão,1,CRAS PRATA,CRAS PRATA,Público Geral,Psicólogo
Feminino,53,Não Informado,Fazenda Ermitage,1,CRAS PRATA,CRAS PRATA,Público Geral,Psicólogo
Feminino,37,Não Informado,Três Córregos ,2,CRAS PRATA,CRAS PRATA,Público Geral,Assistente Social 
Feminino,38,Médio Completo,Fazenda Ermitage,1,CRAS PRATA,CRAS PRATA,Público Geral,Assistente Social 
Feminino,66,Fundamental Incompleto,Fazenda Ermitage,1,CRAS PRATA,CRAS PRATA,Público Geral,Cadastro Ùnico
Feminino,22,Fundamental Incompleto,Fonte Santa ,1,CRAS PRATA,CRAS PRATA,Público Geral,Assistente Social 
Feminino,29,Médio Completo,Fonte Santa ,1,CRAS PRATA,CRAS PRATA,Público Geral,Cadastro Ùnico
Feminino,29,Médio Completo,Fonte Santa ,1,CRAS PRATA,CRAS PRATA,Público Geral,Assistente Social 
Feminino,21,Fundamental Incompleto,Providência ,2,CRAS PRATA,CRAS PRATA,Público Geral,Cadastro Ùnico
Feminino,42,Médio Incompleto,Fonte Santa ,1,CRAS PRATA,CRAS PRATA,Público Geral,Assistente Social 
Masculino,55,Fundamental Incompleto,Fonte Santa ,1,CRAS PRATA,CRAS PRATA,Público Geral,Cadastro Ùnico
Feminino,54,Fundamental Incompleto,Quinta Lebrão,1,CRAS PRATA,CRAS PRATA,Público Geral,Assistente Social 
Feminino,44,Médio Completo,Pessegueiros ,2,CRAS PRATA,CRAS PRATA,Público Geral,Cadastro Ùnico
Feminino,38,Médio Incompleto,Fonte Santa ,1,CRAS PRATA,CRAS PRATA,Público Geral,Cadastro Ùnico
Feminino,38,Médio Incompleto,Fonte Santa ,1,CRAS PRATA,CRAS PRATA,Público Geral,Assistente Social 
Feminino,73,Fundamental Incompleto,Fonte Santa ,1,CRAS PRATA,CRAS PRATA,Público Geral,Cadastro Ùnico
Feminino,24,Médio Incompleto,Três Córregos ,2,CRAS PRATA,CRAS PRATA,Público Geral,Cadastro Ùnico
Feminino,49,Fundamental Incompleto,Pessegueiros ,2,CRAS PRATA,CRAS PRATA,Público Geral,Cadastro Ùnico
Feminino,49,Fundamental Incompleto,Pessegueiros ,2,CRAS PRATA,CRAS PRATA,Público Geral,Assistente Social 
Masculino,69,Médio Incompleto,Quinta Lebrão,1,CRAS PRATA,CRAS PRATA,Público Geral,Cadastro Ùnico
Feminino,38,Médio Completo,Prata,2,CRAS PRATA,CRAS PRATA,Público Geral,Cadastro Ùnico
Feminino,25,Fundamental Completo,Quinta Lebrão,1,CRAS PRATA,CRAS PRATA,Público Geral,Cadastro Ùnico
Masculino,60,Fundamental Incompleto,Quinta Lebrão,1,CRAS PRATA,CRAS PRATA,Público Geral,Assistente Social 
Feminino,38,Médio Completo,Prata,2,CRAS PRATA,CRAS PRATA,Público Geral,Assistente Social 
Feminino,64,Não Escolarizado,Biquinha,2,CRAS PRATA,CRAS PRATA,Público Geral,Cadastro Ùnico
Feminino,47,Não Escolarizado,Água Quente ,2,CRAS PRATA,CRAS PRATA,Público Geral,Cadastro Ùnico
Feminino,25,Fundamental Completo,Quinta Lebrão,1,CRAS PRATA,CRAS PRATA,Público Geral,Assistente Social 
Feminino,62,Fundamental Incompleto,Fonte Santa ,1,CRAS PRATA,CRAS PRATA,Público Geral,Cadastro Ùnico
Feminino,46,Não Escolarizado,Biquinha,2,CRAS PRATA,CRAS PRATA,Público Geral,Cadastro Ùnico
Masculino,44,Fundamental Incompleto,Santa Rita,2,CRAS PRATA,CRAS PRATA,Público Geral,Cadastro Ùnico
Feminino,64,Fundamental Incompleto,Pessegueiros ,2,CRAS PRATA,CRAS PRATA,Público Geral,Cadastro Ùnico
Feminino,37,Médio Completo,Pessegueiros ,2,CRAS PRATA,CRAS PRATA,Público Geral,Cadastro Ùnico
Masculino,57,Fundamental Incompleto,Pessegueiros ,2,CRAS PRATA,CRAS PRATA,Público Geral,Assistente Social 
Feminino,29,Médio Completo,Quinta Lebrão,1,CRAS PRATA,CRAS PRATA,Público Geral,Cadastro Ùnico
Feminino,28,Médio Completo,Fonte Santa ,1,CRAS PRATA,CRAS PRATA,Público Geral,Cadastro Ùnico
Feminino,56,Médio Incompleto,Quinta Lebrão,1,CRAS PRATA,CRAS PRATA,Público Geral,Cadastro Ùnico
Feminino,43,Fundamental Incompleto,Cruzeiro,2,CRAS PRATA,CRAS PRATA,Público Geral,Cadastro Ùnico
Feminino,56,Fundamental Incompleto,Cruzeiro,2,CRAS PRATA,CRAS PRATA,Público Geral,Cadastro Ùnico
Feminino,55,Fundamental Incompleto,Fazenda Ermitage,1,CRAS PRATA,CRAS PRATA,Público Geral,Cadastro Ùnico
Masculino,78,Fundamental Incompleto,Três Córregos ,2,CRAS PRATA,CRAS PRATA,Público Geral,Cadastro Ùnico
Feminino,56,Fundamental Incompleto,Andradas,2,CRAS PRATA,CRAS PRATA,Público Geral,Cadastro Ùnico
Feminino,66,Fundamental Incompleto,Fazenda Ermitage,1,CRAS PRATA,CRAS PRATA,Público Geral,Cadastro Ùnico
Feminino,33,Superior Incompleto,Fazenda Ermitage,1,CRAS PRATA,CRAS PRATA,Público Geral,Cadastro Ùnico
Feminino,27,Superior Incompleto,Prata,2,CRAS PRATA,CRAS PRATA,Público Geral,Cadastro Ùnico
Feminino,59,Fundamental Incompleto,Água Quente ,2,CRAS PRATA,CRAS PRATA,Público Geral,Cadastro Ùnico
Feminino,25,Médio Incompleto,Santa Rita,2,CRAS PRATA,CRAS PRATA,Público Geral,Cadastro Ùnico
Feminino,35,Médio Completo,Pessegueiros ,2,CRAS PRATA,CRAS PRATA,Público Geral,Cadastro Ùnico
Feminino,54,Fundamental Incompleto,Fazenda Ermitage,1,CRAS PRATA,CRAS PRATA,Público Geral,Cadastro Ùnico
Feminino,63,Fundamental Incompleto,Prata,2,CRAS PRATA,CRAS PRATA,Público Geral,Cadastro Ùnico
Feminino,66,Fundamental Incompleto,Arrieiro,2,CRAS PRATA,CRAS PRATA,Público Geral,Cadastro Ùnico
Masculino,64,Fundamental Incompleto,Água Quente ,2,CRAS PRATA,CRAS PRATA,Público Geral,Cadastro Ùnico
Feminino,38,Médio Completo,Quinta Lebrão,1,CRAS PRATA,CRAS PRATA,Público Geral,Assistente Social 
Feminino,65,Fundamental Incompleto,Fazenda Ermitage,1,CRAS PRATA,CRAS PRATA,Público Geral,Cadastro Ùnico
Feminino,39,Médio Completo,Fonte Santa ,1,CRAS PRATA,CRAS PRATA,Público Geral,Cadastro Ùnico
Masculino,68,Fundamental Incompleto,Fazenda Ermitage,1,CRAS PRATA,CRAS PRATA,Público Geral,Cadastro Ùnico
Feminino,67,Fundamental Incompleto,Serra do Capim,2,CRAS PRATA,CRAS PRATA,Público Geral,Cadastro Ùnico
Feminino,35,Fundamental Incompleto,Fonte Santa ,1,CRAS PRATA,CRAS PRATA,Público Geral,Cadastro Ùnico
Feminino,23,Fundamental Completo,Água Quente ,2,CRAS PRATA,CRAS PRATA,Público Geral,Cadastro Ùnico
Feminino,51,Médio Completo,Fischer,1,CRAS PRATA,CRAS PRATA,Público Geral,Cadastro Ùnico
Feminino,43,Fundamental Incompleto,Fazenda Alpina,2,CRAS PRATA,CRAS PRATA,Público Geral,Cadastro Ùnico
Feminino,18,Médio Incompleto,Fonte Santa ,1,CRAS PRATA,CRAS PRATA,Público Geral,Cadastro Ùnico
Feminino,50,Fundamental Incompleto,Não Informado,Não Informado,CRAS PRATA,CRAS PRATA,Público Geral,Cadastro Ùnico
Feminino,35,Fundamental Incompleto,Fonte Santa ,1,CRAS PRATA,CRAS PRATA,Público Geral,Cadastro Ùnico
Feminino,25,Fundamental Incompleto,Santa Rita,2,CRAS PRATA,CRAS PRATA,Público Geral,Cadastro Ùnico
Feminino,28,Fundamental Incompleto,Arrieiro,2,CRAS PRATA,CRAS PRATA,Público Geral,Cadastro Ùnico
Feminino,60,Fundamental Incompleto,Fonte Santa ,1,CRAS PRATA,CRAS PRATA,Público Geral,Cadastro Ùnico
Feminino,46,Fundamental Incompleto,Água Quente ,2,CRAS PRATA,CRAS PRATA,Público Geral,Cadastro Ùnico
Feminino,40,Fundamental Incompleto,Fonte Santa ,1,CRAS PRATA,CRAS PRATA,Público Geral,Cadastro Ùnico
Feminino,40,Fundamental Incompleto,Fonte Santa ,1,CRAS PRATA,CRAS PRATA,Público Geral,Assistente Social 
Feminino,58,Fundamental Incompleto,Três Córregos ,2,CRAS PRATA,CRAS PRATA,Público Geral,Cadastro Ùnico
Feminino,86,Não Escolarizado,Pessegueiros ,2,CRAS PRATA,CRAS PRATA,Público Geral,Cadastro Ùnico
Masculino,34,Fundamental Incompleto,Não Informado,Não Informado,CRAS PRATA,CRAS PRATA,Público Geral,Assistente Social 
Feminino,35,Médio Completo,Água Quente ,2,CRAS PRATA,CRAS PRATA,Público Geral,Cadastro Ùnico
Feminino,50,Não Escolarizado,Pessegueiros ,2,CRAS PRATA,CRAS PRATA,Público Geral,Assistente Social 
Masculino,57,Fundamental Incompleto,Pessegueiros ,2,CRAS PRATA,CRAS PRATA,Público Geral,Psicólogo
Feminino,64,Fundamental Incompleto,Quinta Lebrão,1,CRAS PRATA,CRAS PRATA,Público Geral,Cadastro Ùnico
Feminino,64,Fundamental Incompleto,Quinta Lebrão,1,CRAS PRATA,CRAS PRATA,Público Geral,Assistente Social 
Feminino,44,Fundamental Incompleto,Fazenda Ermitage,1,CRAS PRATA,CRAS PRATA,Público Geral,Cadastro Ùnico
Feminino,39,Superior Completo,Quinta Lebrão,1,CRAS PRATA,CRAS PRATA,Público Geral,Cadastro Ùnico
Feminino,29,Médio Completo,Fonte Santa ,1,CRAS PRATA,CRAS PRATA,Público Geral,Cadastro Ùnico
Feminino,49,Fundamental Incompleto,Fonte Santa ,1,CRAS PRATA,CRAS PRATA,Público Geral,Cadastro Ùnico
Feminino,61,Fundamental Incompleto,Fazenda Ermitage,1,CRAS PRATA,CRAS PRATA,Público Geral,Cadastro Ùnico
Feminino,29,Fundamental Completo,Fonte Santa ,1,CRAS PRATA,CRAS PRATA,Público Geral,Cadastro Ùnico
Feminino,29,Fundamental Incompleto,Andradas,2,CRAS PRATA,CRAS PRATA,Público Geral,Assistente Social 
Feminino,29,Fundamental Incompleto,Andradas,2,CRAS PRATA,CRAS PRATA,Público Geral,Cadastro Ùnico
Masculino,53,Fundamental Incompleto,Fischer,1,CRAS PRATA,CRAS PRATA,Público Geral,Cadastro Ùnico
Feminino,18,Médio Completo,Fischer,1,CRAS PRATA,CRAS PRATA,Público Geral,Cadastro Ùnico
Feminino,46,Médio Completo,Pessegueiros ,2,CRAS PRATA,CRAS PRATA,Público Geral,Cadastro Ùnico
Feminino,55,Fundamental Incompleto,Fazenda Ermitage,1,CRAS PRATA,CRAS PRATA,Público Geral,Cadastro Ùnico
Masculino,53,Fundamental Incompleto,Fazenda Ermitage,1,CRAS PRATA,CRAS PRATA,Público Geral,Cadastro Ùnico
Feminino,22,Médio Incompleto,Fazenda Ermitage,1,CRAS PRATA,CRAS PRATA,Público Geral,Cadastro Ùnico
Feminino,43,Fundamental Incompleto,Água Quente ,2,CRAS PRATA,CRAS PRATA,Público Geral,Cadastro Ùnico
Masculino,53,Fundamental Incompleto,Fischer,1,CRAS PRATA,CRAS PRATA,Público Geral,Cadastro Ùnico
Feminino,66,Fundamental Completo,Ermitage,1,CRAS PRATA,CRAS PRATA,Público Geral,Cadastro Ùnico
Feminino,65,Fundamental Incompleto,Não Informado,Não Informado,CRAS PRATA,CRAS PRATA,Público Geral,Cadastro Ùnico
Feminino,32,Médio Completo,Água Quente ,2,CRAS PRATA,CRAS PRATA,Público Geral,Cadastro Ùnico
Feminino,23,Médio Incompleto,Fischer,1,CRAS PRATA,CRAS PRATA,Público Geral,Cadastro Ùnico
Feminino,32,Fundamental Incompleto,Fonte Santa ,1,CRAS PRATA,CRAS PRATA,Público Geral,Cadastro Ùnico
Masculino,68,Fundamental Incompleto,Quinta Lebrão,1,CRAS PRATA,CRAS PRATA,Público Geral,Cadastro Ùnico
Feminino,53,Fundamental Incompleto,Quinta Lebrão,1,CRAS PRATA,CRAS PRATA,Público Geral,Cadastro Ùnico
Feminino,45,Fundamental Incompleto,Fonte Santa ,1,CRAS PRATA,CRAS PRATA,Público Geral,Cadastro Ùnico
Feminino,43,Fundamental Incompleto,Santa Rita,2,CRAS PRATA,CRAS PRATA,Público Geral,Cadastro Ùnico
Feminino,33,Médio Incompleto,Fazenda Ermitage,1,CRAS PRATA,CRAS PRATA,Público Geral,Cadastro Ùnico
Feminino,37,Não Escolarizado,Fischer,1,CRAS PRATA,CRAS PRATA,Público Geral,Cadastro Ùnico
Feminino,76,Fundamental Incompleto,Quinta Lebrão,1,CRAS PRATA,CRAS PRATA,Público Geral,Cadastro Ùnico
Masculino,47,Fundamental Incompleto,Fonte Santa ,1,CRAS PRATA,CRAS PRATA,Público Geral,Cadastro Ùnico
Masculino,50,Fundamental Incompleto,Água Quente ,2,CRAS PRATA,CRAS PRATA,Público Geral,Cadastro Ùnico
Feminino,36,Médio Completo,Três Córregos ,2,CRAS PRATA,CRAS PRATA,Público Geral,Cadastro Ùnico
Feminino,35,Médio Completo,Pessegueiros ,2,CRAS PRATA,CRAS PRATA,Público Geral,Cadastro Ùnico
Masculino,52,Não Escolarizado,Fonte Santa ,1,CRAS PRATA,CRAS PRATA,Público Geral,Cadastro Ùnico
Feminino,36,Fundamental Incompleto,Fonte Santa ,1,CRAS PRATA,CRAS PRATA,Público Geral,Cadastro Ùnico
Masculino,50,Fundamental Incompleto,Água Quente ,2,CRAS PRATA,CRAS PRATA,Público Geral,Cadastro Ùnico
Feminino,43,Fundamental Incompleto,Fonte Santa ,1,CRAS PRATA,CRAS PRATA,Público Geral,Cadastro Ùnico
Masculino,47,Fundamental Incompleto,Fonte Santa ,1,CRAS PRATA,CRAS PRATA,Público Geral,Cadastro Ùnico
Feminino,44,Médio Completo,Fonte Santa ,1,CRAS PRATA,CRAS PRATA,Público Geral,Cadastro Ùnico
Feminino,21,Médio Completo,Água Quente ,2,CRAS PRATA,CRAS PRATA,Público Geral,Cadastro Ùnico
Feminino,43,Fundamental Incompleto,Água Quente ,2,CRAS PRATA,CRAS PRATA,Público Geral,Cadastro Ùnico
Feminino,40,Fundamental Incompleto,Andradas,2,CRAS PRATA,CRAS PRATA,Público Geral,Assistente Social 
Feminino,33,Médio Completo,Prata,2,CRAS PRATA,CRAS PRATA,Público Geral,Cadastro Ùnico
Feminino,33,Superior Completo,Fonte Santa ,1,CRAS PRATA,CRAS PRATA,Público Geral,Cadastro Ùnico
Feminino,39,Fundamental Incompleto,Fazenda Ermitage,1,CRAS PRATA,CRAS PRATA,Público Geral,Cadastro Ùnico
Feminino,32,Fundamental Incompleto,Três Córregos ,2,CRAS PRATA,CRAS PRATA,Público Geral,Cadastro Ùnico
Feminino,69,Fundamental Incompleto,Fonte Santa ,1,CRAS PRATA,CRAS PRATA,Público Geral,Cadastro Ùnico
Feminino,24,Médio Incompleto,Fonte Santa ,1,CRAS PRATA,CRAS PRATA,Público Geral,Cadastro Ùnico
Feminino,35,Fundamental Incompleto,Fazenda Ermitage,1,CRAS PRATA,CRAS PRATA,Público Geral,Cadastro Ùnico
Feminino,70,Não Escolarizado,Prata,2,CRAS PRATA,CRAS PRATA,Público Geral,Cadastro Ùnico
Feminino,34,Fundamental Incompleto,Fischer,1,CRAS PRATA,CRAS PRATA,Público Geral,Cadastro Ùnico
Feminino,70,Não Escolarizado,Prata,2,CRAS PRATA,CRAS PRATA,Público Geral,Assistente Social 
Feminino,60,Fundamental Incompleto,Boa União,2,CRAS PRATA,CRAS PRATA,Público Geral,Cadastro Ùnico
Masculino,37,Médio Completo,Brejal,2,CRAS PRATA,CRAS PRATA,Público Geral,Cadastro Ùnico
Masculino,19,Médio Completo,Fonte Santa ,1,CRAS PRATA,CRAS PRATA,Público Geral,Cadastro Ùnico
Masculino,37,Fundamental Completo,Pessegueiros ,2,CRAS PRATA,CRAS PRATA,Público Geral,Cadastro Ùnico
Masculino,59,Fundamental Incompleto,Fonte Santa ,1,CRAS PRATA,CRAS PRATA,Público Geral,Cadastro Ùnico
Feminino,62,Fundamental Incompleto,Quinta Lebrão,1,CRAS PRATA,CRAS PRATA,Público Geral,Cadastro Ùnico
Feminino,74,Fundamental Incompleto,Fonte Santa ,1,CRAS PRATA,CRAS PRATA,Público Geral,Cadastro Ùnico
Feminino,57,Fundamental Incompleto,Gamboa,2,CRAS PRATA,CRAS PRATA,Público Geral,Cadastro Ùnico
Feminino,33,Fundamental Incompleto,Prata,2,CRAS PRATA,CRAS PRATA,Público Geral,Cadastro Ùnico
Feminino,33,Fundamental Incompleto,Prata,2,CRAS PRATA,CRAS PRATA,Público Geral,Assistente Social 
Masculino,64,Fundamental Incompleto,Quinta Lebrão,1,CRAS PRATA,CRAS PRATA,Público Geral,Cadastro Ùnico
Feminino,29,Médio Incompleto,Fonte Santa ,1,CRAS PRATA,CRAS PRATA,Público Geral,Cadastro Ùnico
Feminino,46,Médio Completo,Quinta Lebrão,1,CRAS PRATA,CRAS PRATA,Público Geral,Cadastro Ùnico
Feminino,27,Fundamental Incompleto,Andradas,2,CRAS PRATA,CRAS PRATA,Público Geral,Cadastro Ùnico
Feminino,30,Fundamental Incompleto,Várzea ,1,CRAS PRATA,CRAS PRATA,Público Geral,Cadastro Ùnico
Feminino,56,Médio Incompleto,Não Informado,Não Informado,CRAS PRATA,CRAS PRATA,Público Geral,Cadastro Ùnico
Feminino,38,Médio Completo,Fazenda Ermitage,1,CRAS PRATA,CRAS PRATA,Público Geral,Cadastro Ùnico
Feminino,31,Médio Incompleto,Prata,2,CRAS PRATA,CRAS PRATA,Público Geral,Cadastro Ùnico
Feminino,24,Médio Completo,Fonte Santa ,1,CRAS PRATA,CRAS PRATA,Público Geral,Cadastro Ùnico
Feminino,24,Fundamental Incompleto,Água Quente ,2,CRAS PRATA,CRAS PRATA,Público Geral,Cadastro Ùnico
Feminino,64,Fundamental Incompleto,Cruzeiro,2,CRAS PRATA,CRAS PRATA,Público Geral,Cadastro Ùnico
Feminino,53,Fundamental Incompleto,Andradas,2,CRAS PRATA,CRAS PRATA,Público Geral,Cadastro Ùnico
Feminino,59,Médio Completo,Cruzeiro,2,CRAS PRATA,CRAS PRATA,Público Geral,Cadastro Ùnico
Feminino,40,Médio Incompleto,Fazenda Ermitage,1,CRAS PRATA,CRAS PRATA,Público Geral,Cadastro Ùnico
Feminino,66,Fundamental Incompleto,Não Informado,Não Informado,CRAS PRATA,CRAS PRATA,Público Geral,Cadastro Ùnico
Feminino,36,Superior Completo,Serra do Capim,2,CRAS PRATA,CRAS PRATA,Público Geral,Cadastro Ùnico
Masculino,71,Não Escolarizado,Santa Rita,2,CRAS PRATA,CRAS PRATA,Público Geral,Cadastro Ùnico
Masculino,64,Não Escolarizado,Santa Rita,2,CRAS PRATA,CRAS PRATA,Público Geral,Cadastro Ùnico
Masculino,57,Não Escolarizado,Fonte Santa ,1,CRAS PRATA,CRAS PRATA,Público Geral,Cadastro Ùnico
Feminino,40,Médio Completo,Quinta Lebrão,1,CRAS PRATA,CRAS PRATA,Público Geral,Cadastro Ùnico
Feminino,47,Fundamental Incompleto,Pessegueiros ,2,CRAS PRATA,CRAS PRATA,Público Geral,Cadastro Ùnico
Masculino ,48,Não Informado,Água Quente ,2,CRAS PRATA,CRAS PRATA,Público Geral,Cadastro Ùnico
Feminino,31,Médio Completo,Quinta Lebrão,1,CRAS PRATA,CRAS PRATA,Público Geral,Cadastro Ùnico
Masculino,43,Fundamental Incompleto,Fazenda Ermitage,1,CRAS PRATA,CRAS PRATA,Público Geral,Cadastro Ùnico
Feminino,47,Fundamental Incompleto,Pessegueiros ,2,CRAS PRATA,CRAS PRATA,Público Geral,Cadastro Ùnico
Feminino,41,Médio Completo,Ponte Nova,2,CRAS PRATA,CRAS PRATA,Público Geral,Cadastro Ùnico
Feminino,22,Médio Completo,Três Córregos ,2,CRAS PRATA,CRAS PRATA,Público Geral,Cadastro Ùnico
Feminino,26,Médio Completo,Quinta Lebrão,1,CRAS PRATA,CRAS PRATA,Público Geral,Cadastro Ùnico
Feminino,38,Médio Completo,Água Quente ,2,CRAS PRATA,CRAS PRATA,Público Geral,Cadastro Ùnico
Feminino,37,Médio Completo,Quinta Lebrão,1,CRAS PRATA,CRAS PRATA,Público Geral,Cadastro Ùnico
Feminino,28,Médio Completo,Água Quente ,2,CRAS PRATA,CRAS PRATA,Público Geral,Cadastro Ùnico
Feminino,42,Fundamental Incompleto,Campo Limpo,2,CRAS PRATA,CRAS PRATA,Público Geral,Cadastro Ùnico
Feminino,33,Médio Incompleto,Quinta Lebrão,1,CRAS PRATA,CRAS PRATA,Público Geral,Cadastro Ùnico
Feminino,33,Médio Incompleto,Fazenda Ermitage,1,CRAS PRATA,CRAS PRATA,Público Geral,Cadastro Ùnico
Masculino,59,Fundamental Incompleto,Água Quente ,2,CRAS PRATA,CRAS PRATA,Público Geral,Cadastro Ùnico
Feminino,46,Fundamental Incompleto,Água Quente ,2,CRAS PRATA,CRAS PRATA,Público Geral,Cadastro Ùnico
Feminino,35,Fundamental Incompleto,Quinta Lebrão,1,CRAS PRATA,CRAS PRATA,Público Geral,Cadastro Ùnico
Feminino,43,Fundamental Incompleto,Fischer,1,CRAS PRATA,CRAS PRATA,Público Geral,Cadastro Ùnico
Feminino,33,Médio Incompleto,Quinta Lebrão,1,CRAS PRATA,CRAS PRATA,Público Geral,Assistente Social 
Feminino,65,Fundamental Incompleto,Santa Rita,2,CRAS PRATA,CRAS PRATA,Público Geral,Cadastro Ùnico
Feminino,49,Fundamental Incompleto,Fazenda Ermitage,1,CRAS PRATA,CRAS PRATA,Público Geral,Cadastro Ùnico
Feminino,27,Médio Completo,Fonte Santa ,1,CRAS PRATA,CRAS PRATA,Público Geral,Cadastro Ùnico
Feminino,27,Fundamental Incompleto,Fonte Santa ,1,CRAS PRATA,CRAS PRATA,Público Geral,Cadastro Ùnico
Feminino,34,Médio Incompleto,Água Quente ,2,CRAS PRATA,CRAS PRATA,Público Geral,Cadastro Ùnico
Feminino,32,Fundamental Incompleto,Quinta Lebrão,1,CRAS PRATA,CRAS PRATA,Público Geral,Cadastro Ùnico
Feminino,27,Fundamental Incompleto,Quinta Lebrão,1,CRAS PRATA,CRAS PRATA,Público Geral,Cadastro Ùnico
Masculino,34,Médio Completo,Fonte Santa ,1,CRAS PRATA,CRAS PRATA,Público Geral,Cadastro Ùnico
Masculino,53,Fundamental Incompleto,Fischer,1,CRAS PRATA,CRAS PRATA,Público Geral,Cadastro Ùnico
Feminino,22,Médio Completo,Água Quente ,2,CRAS PRATA,CRAS PRATA,Público Geral,Cadastro Ùnico
Feminino,35,Médio Completo,Quinta Lebrão,1,CRAS PRATA,CRAS PRATA,Público Geral,Cadastro Ùnico
Feminino,40,Médio Completo,Quinta Lebrão,1,CRAS PRATA,CRAS PRATA,Público Geral,Cadastro Ùnico
Feminino,34,Médio Incompleto,Água Quente ,2,CRAS PRATA,CRAS PRATA,Público Geral,Cadastro Ùnico
Feminino,60,Fundamental Incompleto,Fonte Santa ,1,CRAS PRATA,CRAS PRATA,Público Geral,Cadastro Ùnico
Feminino,41,Fundamental Incompleto,Pessegueiros ,2,CRAS PRATA,CRAS PRATA,Público Geral,Cadastro Ùnico
Feminino,40,Médio Completo,Quinta Lebrão,1,CRAS PRATA,CRAS PRATA,Público Geral,Cadastro Ùnico
Feminino,38,Médio Completo,Fonte Santa ,1,CRAS PRATA,CRAS PRATA,Público Geral,Cadastro Ùnico
Feminino,51,Médio Incompleto,Quinta Lebrão,1,CRAS PRATA,CRAS PRATA,Público Geral,Cadastro Ùnico
Feminino,59,Fundamental Incompleto,Fonte Santa ,1,CRAS PRATA,CRAS PRATA,Público Geral,Cadastro Ùnico
Masculino,58,Não Escolarizado,Quinta Lebrão,1,CRAS PRATA,CRAS PRATA,Público Geral,Cadastro Ùnico
Feminino,52,Fundamental Incompleto,Fonte Santa ,1,CRAS PRATA,CRAS PRATA,Público Geral,Cadastro Ùnico
Feminino,38,Fundamental Incompleto,Santa Rita,2,CRAS PRATA,CRAS PRATA,Público Geral,Cadastro Ùnico
Feminino,44,Não Informado,Quinta Lebrão,1,CRAS PRATA,CRAS PRATA,Público Geral,Cadastro Ùnico
Feminino,41,Fundamental Incompleto,Pessegueiros ,2,CRAS PRATA,CRAS PRATA,Público Geral,Cadastro Ùnico
Feminino,51,Médio Incompleto,Quinta Lebrão,1,CRAS PRATA,CRAS PRATA,Público Geral,Assistente Social 
Feminino,36,Superior Completo,Fazenda Ermitage,1,CRAS PRATA,CRAS PRATA,Público Geral,Cadastro Ùnico
Masculino,68,Fundamental Incompleto,Pessegueiros ,2,CRAS PRATA,CRAS PRATA,Público Geral,Cadastro Ùnico
Feminino,33,Fundamental Incompleto,Beira Linha,1,CRAS PRATA,CRAS PRATA,Público Geral,Cadastro Ùnico
Feminino,25,Médio Completo,Serra do Capim,2,CRAS PRATA,CRAS PRATA,Público Geral,Cadastro Ùnico
Feminino,38,Médio Completo,Fazenda Ermitage,1,CRAS PRATA,CRAS PRATA,Público Geral,Cadastro Ùnico
Masculino,72,Fundamental Incompleto,Fazenda Ermitage,1,CRAS PRATA,CRAS PRATA,Público Geral,Cadastro Ùnico
Feminino,70,Fundamental Incompleto,Quinta Lebrão,1,CRAS PRATA,CRAS PRATA,Público Geral,Cadastro Ùnico
Masculino,58,Não Informado,Não Informado,Não Informado,CRAS PRATA,CRAS PRATA,Público Geral,Cadastro Ùnico
Feminino,29,Fundamental Incompleto,Água Quente ,2,CRAS PRATA,CRAS PRATA,Público Geral,Cadastro Ùnico
Feminino,72,Fundamental Incompleto,Fazenda Ermitage,1,CRAS PRATA,CRAS PRATA,Público Geral,Cadastro Ùnico
Feminino,36,Fundamental Incompleto,Água Quente ,2,CRAS PRATA,CRAS PRATA,Público Geral,Cadastro Ùnico
Feminino,35,Médio Completo,Santa Rita,2,CRAS PRATA,CRAS PRATA,Público Geral,Cadastro Ùnico
Feminino,31,Médio Incompleto,Fonte Santa ,1,CRAS PRATA,CRAS PRATA,Público Geral,Cadastro Ùnico
Feminino,49,Não Informado,Não Informado,Não Informado,CRAS PRATA,CRAS PRATA,Público Geral,Cadastro Ùnico
Feminino,18,Médio Incompleto,Três Córregos ,2,CRAS PRATA,CRAS PRATA,Público Geral,Cadastro Ùnico
Feminino,68,Não Escolarizado,Três Córregos ,2,CRAS PRATA,CRAS PRATA,Público Geral,Cadastro Ùnico
Feminino,38,Médio Incompleto,Fonte Santa ,1,CRAS PRATA,CRAS PRATA,Público Geral,Cadastro Ùnico
Feminino,44,Fundamental Completo,Água Quente ,2,CRAS PRATA,CRAS PRATA,Público Geral,Cadastro Ùnico
Feminino,40,Médio Completo,Prata,2,CRAS PRATA,CRAS PRATA,Público Geral,Cadastro Ùnico
Feminino,61,Fundamental Incompleto,Fazenda Ermitage,1,CRAS PRATA,CRAS PRATA,Público Geral,Cadastro Ùnico
Feminino,47,Médio Completo,Quinta Lebrão,1,CRAS PRATA,CRAS PRATA,Público Geral,Cadastro Ùnico
Feminino,40,Fundamental Incompleto,Santa Rita,2,CRAS PRATA,CRAS PRATA,Público Geral,Cadastro Ùnico
Feminino,26,Não Informado,Pessegueiros ,2,CRAS PRATA,CRAS PRATA,Público Geral,Cadastro Ùnico
Feminino,56,Fundamental Incompleto,Quinta Lebrão,1,CRAS PRATA,CRAS PRATA,Público Geral,Cadastro Ùnico
Feminino,66,Não Informado,Fonte Santa ,1,CRAS PRATA,CRAS PRATA,Público Geral,Cadastro Ùnico
Feminino,49,Médio Completo,Prata,2,CRAS PRATA,CRAS PRATA,Público Geral,Cadastro Ùnico
Feminino,19,Não Informado,Corta Vento,1,CRAS PRATA,CRAS PRATA,Público Geral,Cadastro Ùnico
Feminino,33,Fundamental Incompleto,Fischer,1,CRAS PRATA,CRAS PRATA,Público Geral,Cadastro Ùnico
Feminino,49,Médio Completo,Prata,2,CRAS PRATA,CRAS PRATA,Público Geral,Cadastro Ùnico
Feminino,42,Fundamental Incompleto,Fazenda Ermitage,1,CRAS PRATA,CRAS PRATA,Público Geral,Cadastro Ùnico
Feminino,37,Médio Completo,Água Quente ,2,CRAS PRATA,CRAS PRATA,Público Geral,Cadastro Ùnico
Feminino,37,Médio Completo,Água Quente ,2,CRAS PRATA,CRAS PRATA,Público Geral,Assistente Social 
Feminino,31,Não Informado,Santa Rita,2,CRAS PRATA,CRAS PRATA,Público Geral,Cadastro Ùnico
Feminino,67,Não Informado,Fazenda Texas,2,CRAS PRATA,CRAS PRATA,Público Geral,Cadastro Ùnico
Masculino,31,Médio Completo,Quinta Lebrão,1,CRAS PRATA,CRAS PRATA,Público Geral,Cadastro Ùnico
Masculino,31,Médio Completo,Quinta Lebrão,1,CRAS PRATA,CRAS PRATA,Público Geral,Cadastro Ùnico
Masculino,62,Fundamental Incompleto,Quinta Lebrão,1,CRAS PRATA,CRAS PRATA,Público Geral,Cadastro Ùnico
Feminino,56,Médio Completo,Água Quente ,2,CRAS PRATA,CRAS PRATA,Público Geral,Cadastro Ùnico
Feminino,56,Médio Completo,Água Quente ,2,CRAS PRATA,CRAS PRATA,Público Geral,Cadastro Ùnico
Feminino,21,Médio Completo,Fonte Santa ,1,CRAS PRATA,CRAS PRATA,Público Geral,Cadastro Ùnico
Feminino,62,Médio Incompleto,Fonte Santa ,1,CRAS PRATA,CRAS PRATA,Público Geral,Cadastro Ùnico
Feminino,31,Médio Completo,Quinta Lebrão,1,CRAS PRATA,CRAS PRATA,Público Geral,Cadastro Ùnico
Feminino,26,Médio Completo,Quinta Lebrão,1,CRAS PRATA,CRAS PRATA,Público Geral,Cadastro Ùnico
Feminino,22,Médio Completo,Fonte Santa ,1,CRAS PRATA,CRAS PRATA,Público Geral,Cadastro Ùnico
Feminino,56,Médio Completo,Fonte Santa ,1,CRAS PRATA,CRAS PRATA,Público Geral,Cadastro Ùnico
Feminino,22,Médio Completo,Fonte Santa ,1,CRAS PRATA,CRAS PRATA,Público Geral,Cadastro Ùnico
Feminino,64,Fundamental Incompleto,Santa Rita,2,CRAS PRATA,CRAS PRATA,Público Geral,Cadastro Ùnico
Feminino,57,Fundamental Incompleto,Quinta Lebrão,1,CRAS PRATA,CRAS PRATA,Público Geral,Cadastro Ùnico
Feminino,25,Médio Completo,Quinta Lebrão,1,CRAS PRATA,CRAS PRATA,Público Geral,Cadastro Ùnico
Feminino,47,Fundamental Incompleto,Quinta Lebrão,1,CRAS PRATA,CRAS PRATA,Público Geral,Cadastro Ùnico
Feminino,26,Médio Completo,Fischer,1,CRAS PRATA,CRAS PRATA,Público Geral,Cadastro Ùnico
Feminino,47,Fundamental Incompleto,Brejal,2,CRAS PRATA,CRAS PRATA,Público Geral,Cadastro Ùnico
Feminino,26,Médio Completo,Fischer,1,CRAS PRATA,CRAS PRATA,Público Geral,Cadastro Ùnico
Feminino,60,Fundamental Incompleto,Fonte Santa ,1,CRAS PRATA,CRAS PRATA,Público Geral,Cadastro Ùnico
Masculino,48,Não Escolarizado,Água Quente ,2,CRAS PRATA,CRAS PRATA,Público Geral,Cadastro Ùnico
Feminino,35,Fundamental Incompleto,Pessegueiros ,2,CRAS PRATA,CRAS PRATA,Público Geral,Cadastro Ùnico
Feminino,64,Fundamental Incompleto,Santa Rita,2,CRAS PRATA,CRAS PRATA,Público Geral,Cadastro Ùnico
Feminino,39,Médio Completo,Fazenda Ermitage,1,CRAS PRATA,CRAS PRATA,Público Geral,Cadastro Ùnico
Masculino,61,Fundamental Incompleto,Fazenda Ermitage,1,CRAS PRATA,CRAS PRATA,Público Geral,Cadastro Ùnico
Feminino,43,Fundamental Incompleto,Fonte Santa ,1,CRAS PRATA,CRAS PRATA,Público Geral,Cadastro Ùnico
Feminino,48,Não Escolarizado,Água Quente ,2,CRAS PRATA,CRAS PRATA,Público Geral,Cadastro Ùnico
Feminino,26,Médio Completo,Quinta Lebrão,1,CRAS PRATA,CRAS PRATA,Público Geral,Cadastro Ùnico
Feminino,57,Fundamental Incompleto,Fonte Santa ,1,CRAS PRATA,CRAS PRATA,Público Geral,Assistente Social 
Feminino,35,Fundamental Incompleto,Pessegueiros ,2,CRAS PRATA,CRAS PRATA,Público Geral,Cadastro Ùnico
Feminino,59,Médio Completo,Cruzeiro,2,CRAS PRATA,CRAS PRATA,Público Geral,Cadastro Ùnico
Masculino,31,Médio Completo,Não Informado,Não Informado,CRAS PRATA,CRAS PRATA,Público Geral,Cadastro Ùnico
Feminino,45,Fundamental Incompleto,Quinta Lebrão,1,CRAS PRATA,CRAS PRATA,Público Geral,Cadastro Ùnico
Feminino,32,Fundamental Incompleto,Pessegueiros ,2,CRAS PRATA,CRAS PRATA,Público Geral,Cadastro Ùnico
Feminino,30,Fundamental Incompleto,Quinta Lebrão,1,CRAS PRATA,CRAS PRATA,Público Geral,Cadastro Ùnico
Feminino,57,Fundamental Incompleto,Fonte Santa ,1,CRAS PRATA,CRAS PRATA,Público Geral,Cadastro Ùnico
Feminino,35,Médio Completo,Fonte Santa ,1,CRAS PRATA,CRAS PRATA,Público Geral,Cadastro Ùnico
Feminino,44,Não Informado,Não Informado,Não Informado,CRAS PRATA,CRAS PRATA,Público Geral,Cadastro Ùnico
Feminino,43,Fundamental Incompleto,Quinta Lebrão,1,CRAS PRATA,CRAS PRATA,Público Geral,Cadastro Ùnico
Feminino,42,Fundamental Incompleto,Fazenda Ermitage,1,CRAS PRATA,CRAS PRATA,Público Geral,Cadastro Ùnico
Feminino,33,Fundamental Incompleto,Providência ,2,CRAS PRATA,CRAS PRATA,Público Geral,Cadastro Ùnico
Feminino,54,Não Escolarizado,Fazenda Ermitage,1,CRAS PRATA,CRAS PRATA,Público Geral,Cadastro Ùnico
Feminino,43,Fundamental Incompleto,Fazenda Ermitage,1,CRAS PRATA,CRAS PRATA,Público Geral,Cadastro Ùnico
Feminino,40,Médio Completo,Fischer,1,CRAS PRATA,CRAS PRATA,Público Geral,Cadastro Ùnico
Feminino,21,Superior Incompleto,Fonte Santa ,1,CRAS PRATA,CRAS PRATA,Público Geral,Cadastro Ùnico
Feminino,34,Fundamental Incompleto,Fonte Santa ,1,CRAS PRATA,CRAS PRATA,Público Geral,Cadastro Ùnico
Feminino,59,Superior Completo,Fazenda Ermitage,1,CRAS PRATA,CRAS PRATA,Público Geral,Cadastro Ùnico
Feminino,48,Fundamental Incompleto,Santa Rita,2,CRAS PRATA,CRAS PRATA,Público Geral,Cadastro Ùnico
Feminino,50,Fundamental Incompleto,Quinta Lebrão,1,CRAS PRATA,CRAS PRATA,Público Geral,Cadastro Ùnico
Feminino,42,Médio Incompleto,Fazenda Ermitage,1,CRAS PRATA,CRAS PRATA,Público Geral,Cadastro Ùnico
Feminino,67,Fundamental Incompleto,Quinta Lebrão,1,CRAS PRATA,CRAS PRATA,Público Geral,Cadastro Ùnico
Masculino,59,Fundamental Incompleto,Quinta Lebrão,1,CRAS PRATA,CRAS PRATA,Público Geral,Cadastro Ùnico
Feminino,48,Fundamental Incompleto,Quinta Lebrão,1,CRAS PRATA,CRAS PRATA,Público Geral,Cadastro Ùnico
Feminino,38,Fundamental Incompleto,Água Quente ,2,CRAS PRATA,CRAS PRATA,Público Geral,Cadastro Ùnico
Feminino,33,Médio Incompleto,Fazenda Ermitage,1,CRAS PRATA,CRAS PRATA,Público Geral,Cadastro Ùnico
Feminino,60,Fundamental Incompleto,Fonte Santa ,1,CRAS PRATA,CRAS PRATA,Público Geral,Cadastro Ùnico
Feminino,38,Médio Incompleto,Providência ,2,CRAS PRATA,CRAS PRATA,Público Geral,Cadastro Ùnico
Feminino,63,Médio Completo,Fischer,1,CRAS PRATA,CRAS PRATA,Público Geral,Cadastro Ùnico
Feminino,51,Superior Completo,Fazenda Ermitage,1,CRAS PRATA,CRAS PRATA,Público Geral,Cadastro Ùnico
Feminino,48,Fundamental Incompleto,Fonte Santa ,1,CRAS PRATA,CRAS PRATA,Público Geral,Cadastro Ùnico
Feminino,32,Médio Incompleto,Providência ,2,CRAS PRATA,CRAS PRATA,Público Geral,Cadastro Ùnico
Feminino,50,Médio Completo,Quinta Lebrão,1,CRAS PRATA,CRAS PRATA,Público Geral,Cadastro Ùnico
Feminino,40,Fundamental Incompleto,Fazenda Ermitage,1,CRAS PRATA,CRAS PRATA,Público Geral,Cadastro Ùnico
Feminino,56,Não Informado,Não Informado,Não Informado,CRAS PRATA,CRAS PRATA,Público Geral,Cadastro Ùnico
Feminino,49,Fundamental Incompleto,Fonte Santa ,1,CRAS PRATA,CRAS PRATA,Público Geral,Cadastro Ùnico
Masculino,56,Médio Incompleto,Fazenda Ermitage,1,CRAS PRATA,CRAS PRATA,Público Geral,Cadastro Ùnico
Feminino,43,Médio Incompleto,Quinta Lebrão,1,CRAS PRATA,CRAS PRATA,Público Geral,Cadastro Ùnico
Feminino,56,Fundamental Incompleto,Quinta Lebrão,1,CRAS PRATA,CRAS PRATA,Público Geral,Cadastro Ùnico
Feminino,47,Fundamental Incompleto,Fischer,1,CRAS PRATA,CRAS PRATA,Público Geral,Cadastro Ùnico
Masculino,54,Fundamental Incompleto,Fonte Santa ,1,CRAS PRATA,CRAS PRATA,Público Geral,Cadastro Ùnico
Feminino,28,Não Informado,Meudon,1,CRAS PRATA,CRAS PRATA,Público Geral,Cadastro Ùnico
Feminino,55,Fundamental Incompleto,Brejal,2,CRAS PRATA,CRAS PRATA,Público Geral,Cadastro Ùnico
Feminino,47,Médio Completo,Fonte Santa ,1,CRAS PRATA,CRAS PRATA,Público Geral,Cadastro Ùnico
Feminino,63,Fundamental Incompleto,Serra do Capim,2,CRAS PRATA,CRAS PRATA,Público Geral,Cadastro Ùnico
Feminino,45,Fundamental Incompleto,Fonte Santa ,1,CRAS PRATA,CRAS PRATA,Público Geral,Cadastro Ùnico
Feminino,30,Fundamental Incompleto,Pessegueiros ,2,CRAS PRATA,CRAS PRATA,Público Geral,Cadastro Ùnico
Feminino,49,Não Informado,Fonte Santa ,1,CRAS PRATA,CRAS PRATA,Público Geral,Cadastro Ùnico
Feminino,36,Não Informado,Fonte Santa ,1,CRAS PRATA,CRAS PRATA,Público Geral,Cadastro Ùnico
Feminino,55,Médio Completo,Quinta Lebrão,1,CRAS PRATA,CRAS PRATA,Público Geral,Cadastro Ùnico
Masculino,36,Médio Completo,Granja Guarani,1,CRAS PRATA,CRAS PRATA,Público Geral,CRAS Prata
Feminino,29,Fundamental Incompleto,Água Quente ,2,CRAS PRATA,CRAS PRATA,Público Geral,CRAS Prata
Masculino,70,Médio Incompleto,Fonte Santa ,1,CRAS PRATA,CRAS PRATA,Público Geral,CRAS Prata
Masculino,27,Médio Completo,Fazenda Ermitage,1,CRAS PRATA,CRAS PRATA,Público Geral,CRAS Prata
Masculino,40,Médio Incompleto,Quinta Lebrão,1,CRAS PRATA,CRAS PRATA,Público Geral,CRAS Prata
Feminino,54,Não Escolarizado,Fazenda Ermitage,1,CRAS PRATA,CRAS PRATA,Público Geral,CRAS Prata
Feminino,30,Fundamental Incompleto,Serra do Capim ,2,CRAS PRATA,CRAS PRATA,Público Geral,CRAS Prata
Feminino,18,Fundamental Completo,Fazenda Ermitage,1,CRAS PRATA,CRAS PRATA,Público Geral,CRAS Prata
Feminino,35,Médio Completo,Pessegueiros ,2,CRAS PRATA,CRAS PRATA,Público Geral,CRAS Prata
Feminino,32,Médio Completo,Pessegueiros ,2,CRAS PRATA,CRAS PRATA,Público Geral,CRAS Prata
Feminino,60,Fundamental Incompleto,Quinta Lebrão,1,CRAS PRATA,CRAS PRATA,Público Geral,CRAS Prata
Masculino,79,Fundamental Incompleto,Fazenda Ermitage,1,CRAS PRATA,CRAS PRATA,Público Geral,CRAS Prata
Feminino,75,Fundamental Incompleto,Quinta Lebrão,1,CRAS PRATA,CRAS PRATA,Público Geral,CRAS Prata
Feminino,56,Fundamental Incompleto,Prata ,2,CRAS PRATA,CRAS PRATA,Público Geral,CRAS Prata
Feminino,45,Médio Incompleto,Três Córregos ,2,CRAS PRATA,CRAS PRATA,Público Geral,CRAS Prata
Feminino,30,Médio Completo,Quinta Lebrão,1,CRAS PRATA,CRAS PRATA,Público Geral,CRAS Prata
Feminino,46,Médio Completo,Prata ,2,CRAS PRATA,CRAS PRATA,Público Geral,CRAS Prata
Feminino,67,Fundamental Incompleto,Quinta Lebrão,1,CRAS PRATA,CRAS PRATA,Público Geral,CRAS Prata
Feminino,47,Fundamental Incompleto,Fonte Santa ,1,CRAS PRATA,CRAS PRATA,Público Geral,CRAS Prata
Feminino,52,Médio Completo,Fazenda Ermitage,1,CRAS PRATA,CRAS PRATA,Público Geral,CRAS Prata
Feminino,22,Médio Completo,Serra do Capim,2,CRAS PRATA,CRAS PRATA,Público Geral,CRAS Prata
Feminino,37,Médio Completo,Santa Rita,2,CRAS PRATA,CRAS PRATA,Público Geral,CRAS Prata
Feminino,32,Médio Completo,Fonte Santa ,1,CRAS PRATA,CRAS PRATA,Público Geral,CRAS Prata
