Sexo,Idade,Escolaridade,Bairro de Origem,Distrito,Referência,Local de Atendimento,Programa Vinculado,Tipo de Atendimento
Masculino,26,Fundamental Incompleto,Fazendinha,1,CRAS Barra,CRAS Barra,PAIF,Assistente Social
Feminino,55,Fundamental Incompleto,Paineiras,1,CRAS Barra,CRAS Barra,Público Geral,Cadastro Único
Feminino,62,Fundamental Incompleto,Barra do Imbuí,1,CRAS Barra,CRAS Barra,Público Geral,Cadastro Único
Feminino,47,Fundamental Incompleto,Barra do Imbuí,1,CRAS Barra,CRAS Barra,Público Geral,Cadastro Único
Feminino,40,Superior Completo,Pimenteiras,1,CRAS Barra,CRAS Barra,Público Geral,Cadastro Único
Feminino,56,Fundamental Incompleto,Barra do Imbuí,1,CRAS Barra,CRAS Barra,Público Geral,Cadastro Único
Feminino,68,Médio Completo,Paineiras,1,CRAS Barra,CRAS Barra,Público Geral,Cadastro Único
Masculino,62,Não Escolarizado,Paineiras,1,CRAS Barra,CRAS Barra,Público Geral,Cadastro Único
Masculino,60,Fundamental Incompleto,Barra do Imbuí,1,CRAS Barra,CRAS Barra,Público Geral,Cadastro Único
Feminino,37,Médio Completo,Caleme,1,CRAS Barra,CRAS Barra,Público Geral,Cadastro Único
Masculino,54,Não Escolarizado,Barra do Imbuí,1,CRAS Barra,CRAS Barra,Público Geral,Cadastro Único
Masculino,34,Fundamental Incompleto,Caleme,1,CRAS Barra,CRAS Barra,Público Geral,Cadastro Único
Masculino,31,Médio Incompleto,Caleme,1,CRAS Barra,CRAS Barra,Público Geral,Cadastro Único
Feminino,26,Médio Completo,Jardim Feo,1,CRAS Barra,CRAS Barra,Público Geral,Cadastro Único
Masculino,32,Fundamental Incompleto,Jardim Feo,1,CRAS Barra,CRAS Barra,Público Geral,Cadastro Único
Masculino,61,Fundamental Incompleto,Barra do Imbuí,1,CRAS Barra,CRAS Barra,Público Geral,Cadastro Único
Feminino,55,Fundamental Incompleto,Paineiras,1,CRAS Barra,CRAS Barra,Público Geral,Cadastro Único
Masculino,37,Fundamental Incompleto,Caleme,1,CRAS Barra,CRAS Barra,Público Geral,Cadastro Único
Feminino,43,Fundamental Incompleto,Granja Florestal,1,CRAS Barra,CRAS Barra,Público Geral,Cadastro Único
Feminino,43,Fundamental Incompleto,Granja Florestal,1,CRAS Barra,CRAS Barra,Público Geral,Cadastro Único
Feminino,49,Médio Incompleto,Barra do Imbuí,1,CRAS Barra,CRAS Barra,Público Geral,Psicólogo
Masculino,63,Fundamental Incompleto,Pimenteiras,1,CRAS Barra,CRAS Barra,Público Geral,Assistente Social
Feminino,34,Fundamental Incompleto,Vila Muqui,1,CRAS Barra,CRAS Barra,Público Geral,Assistente Social
Masculino,43,Fundamental Incompleto,Vila Muqui,1,CRAS Barra,CRAS Barra,Público Geral,Assistente Social
Masculino,31,Fundamental Incompleto,Caleme,1,CRAS Barra,CRAS Barra,Público Geral,Assistente Social
Feminino,32,Fundamental Incompleto,Parque do Imbuí,1,CRAS Barra,CRAS Barra,Público Geral,Assistente Social
Masculino,66,Fundamental Incompleto,Quebra Frascos,1,CRAS Barra,CRAS Barra,Público Geral,Assistente Social
Feminino,26,Médio Completo,Jardim Feo,1,CRAS Barra,CRAS Barra,Público Geral,Assistente Social
Masculino,50,Fundamental Incompleto,Espanhol,1,CRAS Barra,CRAS Barra,Público Geral,Assistente Social
Masculino,63,Fundamental Incompleto,Pimenteiras,1,CRAS Barra,CRAS Barra,Público Geral,Assistente Social
Feminino,46,Médio Completo,Barra do Imbuí,1,CRAS Barra,CRAS Barra,Público Geral,Assistente Social
Feminino,60,Fundamental Incompleto,Granja Florestal,1,CRAS Barra,CRAS Barra,Público Geral,Assistente Social
Feminino,32,Fundamental Incompleto,Jardim Feo,1,CRAS Barra,CRAS Barra,Público Geral,Assistente Social
Feminino,28,Fundamental Incompleto,Salaco,1,CRAS Barra,CRAS Barra,Público Geral,Assistente Social
Masculino,61,Fundamental Incompleto,Barra do Imbuí,1,CRAS Barra,CRAS Barra,PAIF,Assistente Social
Masculino,54,Fundamental Incompleto,Cascata do Imbuí,1,CRAS Barra,CRAS Barra,Público Geral,Cadastro Único
Feminino,54,Fundamental Incompleto,Caleme,1,CRAS Barra,CRAS Barra,Público Geral,Cadastro Único
Feminino,62,Fundamental Incompleto,Caleme,1,CRAS Barra,CRAS Barra,Público Geral,Cadastro Único
Feminino,86,Fundamental Incompleto,Cascata do Imbuí,1,CRAS Barra,CRAS Barra,Público Geral,Cadastro Único
Feminino,67,Fundamental Incompleto,Jardim Feo,1,CRAS Barra,CRAS Barra,Público Geral,Cadastro Único
Feminino,45,Fundamental Completo,Caleme,1,CRAS Barra,CRAS Barra,Público Geral,Cadastro Único
Feminino,43,Fundamental Completo,Caleme,1,CRAS Barra,CRAS Barra,Público Geral,Cadastro Único
Feminino,57,Fundamental Incompleto,Caleme,1,CRAS Barra,CRAS Barra,Público Geral,Cadastro Único
Masculino,32,Fundamental Incompleto,Jardim Feo,1,CRAS Barra,CRAS Barra,Público Geral,Cadastro Único
Feminino,50,Fundamental Incompleto,Caleme,1,CRAS Barra,CRAS Barra,Público Geral,Cadastro Único
Masculino,78,Fundamental Incompleto,Salaco,1,CRAS Barra,CRAS Barra,Público Geral,Cadastro Único
Feminino,42,Fundamental Incompleto,Barra do Imbuí,1,CRAS Barra,CRAS Barra,Público Geral,Cadastro Único
Masculino,65,Fundamental Incompleto,Salaco,1,CRAS Barra,CRAS Barra,Público Geral,Cadastro Único
Feminino,46,Superior Completo,Barra do Imbuí,1,CRAS Barra,CRAS Barra,Público Geral,Cadastro Único
Masculino,24,Superior Completo,Barra do Imbuí,1,CRAS Barra,CRAS Barra,Público Geral,Cadastro Único
Feminino,66,Fundamental Incompleto,Caleme,1,CRAS Barra,CRAS Barra,Público Geral,Cadastro Único
Masculino,36,Fundamental Incompleto,Granja Florestal,1,CRAS Barra,CRAS Barra,Público Geral,Cadastro Único
Feminino,43,Fundamental Incompleto,Barra do Imbuí,1,CRAS Barra,CRAS Barra,Público Geral,Cadastro Único
Masculino,59,Fundamental Incompleto,Barra do Imbuí,1,CRAS Barra,CRAS Barra,Público Geral,Cadastro Único
Masculino,61,Fundamental Incompleto,Barra do Imbuí,1,CRAS Barra,CRAS Barra,Público Geral,Cadastro Único
Feminino,46,Superior Incompleto,Pimenteiras,1,CRAS Barra,CRAS Barra,Público Geral,Cadastro Único
Feminino,58,Fundamental Incompleto,Salaco,1,CRAS Barra,CRAS Barra,Público Geral,Cadastro Único
Masculino,64,Fundamental Incompleto,Salaco,1,CRAS Barra,CRAS Barra,Público Geral,Cadastro Único
Feminino,52,Médio Completo,Paineiras,1,CRAS Barra,CRAS Barra,Público Geral,Cadastro Único
Feminino,19,Médio Completo,Jardim Feo,1,CRAS Barra,CRAS Barra,Público Geral,Cadastro Único
Feminino,35,Médio Completo,Jardim Feo,1,CRAS Barra,CRAS Barra,Público Geral,Cadastro Único
Feminino,54,Fundamental Incompleto,Caleme,1,CRAS Barra,CRAS Barra,Público Geral,Cadastro Único
Feminino,45,Médio Completo,Barra do Imbuí,1,CRAS Barra,CRAS Barra,Público Geral,Cadastro Único
Masculino,71,Fundamental Incompleto,Barra do Imbuí,1,CRAS Barra,CRAS Barra,Público Geral,Cadastro Único
Feminino,37,Médio Completo,Caleme,1,CRAS Barra,CRAS Barra,Público Geral,Cadastro Único
Feminino,57,Fundamental Incompleto,Granja Florestal,1,CRAS Barra,CRAS Barra,Público Geral,Cadastro Único
Feminino,30,Médio Completo,Granja Florestal,1,CRAS Barra,CRAS Barra,Público Geral,Assistente Social
Feminino,18,Médio Completo,Barra do Imbuí,1,CRAS Barra,CRAS Barra,Público Geral,Assistente Social
Feminino,34,Fundamental Incompleto,Jardim Feo,1,CRAS Barra,CRAS Barra,Público Geral,Assistente Social
Feminino,25,Fundamental Incompleto,Caleme,1,CRAS Barra,CRAS Barra,Público Geral,Assistente Social
Feminino,51,Médio Completo,Granja Florestal,1,CRAS Barra,CRAS Barra,Público Geral,Assistente Social
Feminino,53,Fundamental Incompleto,Cascata do Imbuí,1,CRAS Barra,CRAS Barra,Público Geral,Assistente Social
Feminino,32,Médio Completo,Paineiras,1,CRAS Barra,CRAS Barra,Público Geral,Assistente Social
Feminino,72,Fundamental Incompleto,Granja Florestal,1,CRAS Barra,CRAS Barra,PAIF,Assistente Social
Feminino,37,Médio Completo,Caleme,1,CRAS Barra,CRAS Barra,Público Geral,Assistente Social
Feminino,60,Superior Completo,Pimenteiras,1,CRAS Barra,CRAS Barra,Público Geral,Assistente Social
Masculino,65,Fundamental Incompleto,Vila Muqui,1,CRAS Barra,CRAS Barra,Público Geral,Assistente Social
Feminino,32,Fundamental Incompleto,Paineiras,1,CRAS Barra,CRAS Barra,Público Geral,Assistente Social
Feminino,38,Médio Completo,Caleme,1,CRAS Barra,CRAS Barra,Público Geral,Assistente Social
Masculino,38,Médio Completo,Caleme,1,CRAS Barra,CRAS Barra,Público Geral,Assistente Social
Feminino,21,Médio Completo,Paineiras,1,CRAS Barra,CRAS Barra,Público Geral,Assistente Social
Feminino,42,Médio Completo,Vila Muqui,1,CRAS Barra,CRAS Barra,Público Geral,Assistente Social
Masculino,44,Fundamental Completo,Parque do Imbuí,1,CRAS Barra,CRAS Barra,Público Geral,Assistente Social
Feminino,29,Superior Completo,Jardim Feo,1,CRAS Barra,CRAS Barra,Público Geral,Assistente Social
Feminino,52,Médio Completo,Paineiras,1,CRAS Barra,CRAS Barra,Público Geral,Assistente Social
Feminino,27,Fundamental Incompleto,Posse,1,CRAS Barra,CRAS Barra,Público Geral,Cadastro Único
Feminino,39,Médio Incompleto,Caleme,1,CRAS Barra,CRAS Barra,Público Geral,Cadastro Único
Feminino,60,Fundamental Completo,Caleme,1,CRAS Barra,CRAS Barra,Público Geral,Cadastro Único
Masculino,49,Fundamental Incompleto,Caleme,1,CRAS Barra,CRAS Barra,Público Geral,Cadastro Único
Feminino,29,Médio Incompleto,Jardim Feo,1,CRAS Barra,CRAS Barra,Público Geral,Cadastro Único
Feminino,24,Fundamental Completo,Barra do Imbuí,1,CRAS Barra,CRAS Barra,Público Geral,Cadastro Único
Feminino,59,Fundamental Completo,Paineiras,1,CRAS Barra,CRAS Barra,Público Geral,Cadastro Único
Feminino,48,Médio Incompleto,Vila Muqui,1,CRAS Barra,CRAS Barra,Público Geral,Assistente Social
Feminino,73,Fundamental Incompleto,Barra do Imbuí,1,CRAS Barra,CRAS Barra,Público Geral,Assistente Social
Feminino,45,Superior Completo,Barra do Imbuí,1,CRAS Barra,CRAS Barra,Público Geral,Assistente Social
Feminino,42,Médio Completo,Paineiras,1,CRAS Barra,CRAS Barra,Público Geral,Assistente Social
Feminino,43,Fundamental Completo,Vila Muqui,1,CRAS Barra,CRAS Barra,Público Geral,Assistente Social
Feminino,32,Médio Completo,Paineiras,1,CRAS Barra,CRAS Barra,Público Geral,Cadastro Único
Feminino,71,Não Escolarizado,Granja Florestal,1,CRAS Barra,CRAS Barra,Público Geral,Cadastro Único
Feminino,23,Médio Completo,Vila Muqui,1,CRAS Barra,CRAS Barra,Público Geral,Cadastro Único
Feminino,28,Médio Completo,Caleme,1,CRAS Barra,CRAS Barra,Público Geral,Cadastro Único
Feminino,73,Fundamental Incompleto,Pimenteiras,1,CRAS Barra,CRAS Barra,Público Geral,Cadastro Único
Feminino,21,Médio Incompleto,Quebra Frascos,1,CRAS Barra,CRAS Barra,Público Geral,Cadastro Único
Feminino,21,Médio Incompleto,Barra do Imbuí,1,CRAS Barra,CRAS Barra,Público Geral,Cadastro Único
Feminino,62,Fundamental Incompleto,Paineiras,1,CRAS Barra,CRAS Barra,Público Geral,Cadastro Único
Masculino,71,Fundamental Incompleto,Barra do Imbuí,1,CRAS Barra,CRAS Barra,Público Geral,Cadastro Único
Feminino,51,Fundamental Incompleto,Jardim Feo,1,CRAS Barra,CRAS Barra,Público Geral,Cadastro Único
Feminino,45,Superior Completo,Paineiras,1,CRAS Barra,CRAS Barra,Público Geral,Cadastro Único
Masculino,80,Fundamental Incompleto,Barra do Imbuí,1,CRAS Barra,CRAS Barra,Público Geral,Cadastro Único
Feminino,66,Fundamental Incompleto,Caleme,1,CRAS Barra,CRAS Barra,Público Geral,Cadastro Único
Feminino,70,Fundamental Completo,Quebra Frascos,1,CRAS Barra,CRAS Barra,Público Geral,Cadastro Único
Feminino,47,Fundamental Incompleto,Granja Florestal,1,CRAS Barra,CRAS Barra,Público Geral,Cadastro Único
Masculino,82,Fundamental Incompleto,Barra do Imbuí,1,CRAS Barra,CRAS Barra,Público Geral,Cadastro Único
Feminino,77,Fundamental Incompleto,Paineiras,1,CRAS Barra,CRAS Barra,Público Geral,Cadastro Único
Feminino,75,Médio Incompleto,Granja Florestal,1,CRAS Barra,CRAS Barra,Público Geral,Cadastro Único
Masculino,63,Fundamental Incompleto,Vila Muqui,1,CRAS Barra,CRAS Barra,Público Geral,Cadastro Único
Feminino,60,Superior Completo,Pimenteiras,1,CRAS Barra,CRAS Barra,Público Geral,Cadastro Único
Feminino,53,Médio Incompleto,Caleme,1,CRAS Barra,CRAS Barra,Público Geral,Cadastro Único
Feminino,50,Fundamental Incompleto,Quinta da Barra,1,CRAS Barra,CRAS Barra,Público Geral,Cadastro Único
Masculino,36,Médio Completo,Paineiras,1,CRAS Barra,CRAS Barra,Público Geral,Cadastro Único
Feminino,48,Fundamental Incompleto,Barra do Imbuí,1,CRAS Barra,CRAS Barra,Público Geral,Cadastro Único
Feminino,55,Fundamental Incompleto,Jardim Feo,1,CRAS Barra,CRAS Barra,Público Geral,Cadastro Único
Masculino,32,Fundamental Incompleto,Vila Muqui,1,CRAS Barra,CRAS Barra,Público Geral,Cadastro Único
Feminino,30,Médio Incompleto,Granja Florestal,1,CRAS Barra,CRAS Barra,Público Geral,Cadastro Único
Feminino,18,Médio Completo,Quebra Frascos,1,CRAS Barra,CRAS Barra,Público Geral,Cadastro Único
Masculino,27,Médio Completo,Vila Muqui,1,CRAS Barra,CRAS Barra,Público Geral,Cadastro Único
Feminino,23,Não Escolarizado,Salaco,1,CRAS Barra,CRAS Barra,Público Geral,Cadastro Único
Feminino,18,Médio Completo,Barra do Imbuí,1,CRAS Barra,CRAS Barra,Público Geral,Cadastro Único
Feminino,36,Médio Completo,Caleme,1,CRAS Barra,CRAS Barra,Público Geral,Cadastro Único
Masculino,23,Médio Incompleto,Salaco,1,CRAS Barra,CRAS Barra,Público Geral,Cadastro Único
Feminino,36,Médio Completo,Barra do Imbuí,1,CRAS Barra,CRAS Barra,Público Geral,Cadastro Único
Feminino,62,Fundamental Incompleto,Barra do Imbuí,1,CRAS Barra,CRAS Barra,Público Geral,Cadastro Único
Masculino,65,Fundamental Incompleto,Jardim Feo,1,CRAS Barra,CRAS Barra,Público Geral,Cadastro Único
Feminino,71,Fundamental Incompleto,Barra do Imbuí,1,CRAS Barra,CRAS Barra,Público Geral,Cadastro Único
Feminino,57,Fundamental Incompleto,Salaco,1,CRAS Barra,CRAS Barra,Público Geral,Cadastro Único
Feminino,31,Médio Incompleto,Caleme,1,CRAS Barra,CRAS Barra,Público Geral,Cadastro Único
Masculino,57,Fundamental Incompleto,Barra do Imbuí,1,CRAS Barra,CRAS Barra,Público Geral,Cadastro Único
Masculino,82,Fundamental Incompleto,Pimenteiras,1,CRAS Barra,CRAS Barra,Público Geral,Cadastro Único
Masculino,56,Fundamental Incompleto,Espanhol,1,CRAS Barra,CRAS Barra,Público Geral,Cadastro Único
Feminino,47,Fundamental Incompleto,Granja Florestal,1,CRAS Barra,CRAS Barra,Público Geral,Cadastro Único
Feminino,20,Médio Completo,Barra do Imbuí,1,CRAS Barra,CRAS Barra,Público Geral,Cadastro Único
Feminino,30,Médio Completo,Caleme,1,CRAS Barra,CRAS Barra,Público Geral,Cadastro Único
Feminino,70,Fundamental Incompleto,Golf,1,CRAS Barra,CRAS Barra,Público Geral,Cadastro Único
Feminino,27,Médio Completo,Parque do Imbuí,1,CRAS Barra,CRAS Barra,Público Geral,Cadastro Único
Feminino,53,Fundamental Incompleto,Caleme,1,CRAS Barra,CRAS Barra,Público Geral,Cadastro Único
Feminino,59,Não Escolarizado,Barra do Imbuí,1,CRAS Barra,CRAS Barra,Público Geral,Cadastro Único
Feminino,52,Médio Completo,Paineiras,1,CRAS Barra,CRAS Barra,Público Geral,Cadastro Único
Feminino,26,Médio Completo,Caleme,1,CRAS Barra,CRAS Barra,Público Geral,Assistente Social
Feminino,18,Médio Incompleto,Vila Muqui,1,CRAS Barra,CRAS Barra,Público Geral,Assistente Social
Feminino,32,Médio Completo,Barra do Imbuí,1,CRAS Barra,CRAS Barra,Público Geral,Assistente Social
Feminino,48,Fundamental Incompleto,Paineiras,1,CRAS Barra,CRAS Barra,Público Geral,Assistente Social
Feminino,19,Médio Completo,Caleme,1,CRAS Barra,CRAS Barra,Público Geral,Assistente Social
Feminino,32,Médio Completo,Vila Muqui,1,CRAS Barra,CRAS Barra,Público Geral,Assistente Social
Feminino,30,Fundamental Completo,Caleme,1,CRAS Barra,CRAS Barra,Público Geral,Assistente Social
Feminino,50,Médio Completo,Pimenteiras,1,CRAS Barra,CRAS Barra,Público Geral,Assistente Social
Feminino,39,Médio Completo,Espanhol,1,CRAS Barra,CRAS Barra,Público Geral,Assistente Social
Feminino,29,Superior Completo,Barra do Imbuí,1,CRAS Barra,CRAS Barra,Público Geral,Assistente Social
Feminino,34,Fundamental Completo,Paineiras,1,CRAS Barra,CRAS Barra,Público Geral,Assistente Social
Feminino,48,Fundamental Incompleto,Granja Florestal,1,CRAS Barra,CRAS Barra,Público Geral,Assistente Social
Feminino,59,Médio Incompleto,Pimenteiras,1,CRAS Barra,CRAS Barra,Público Geral,Assistente Social
Feminino,31,Fundamental Incompleto,Cascata do Imbuí,1,CRAS Barra,CRAS Barra,Público Geral,Assistente Social
Feminino,31,Fundamental Incompleto,Cascata do Imbuí,1,CRAS Barra,CRAS Barra,Público Geral,Assistente Social
Feminino,21,Médio Incompleto,Granja Florestal,1,CRAS Barra,CRAS Barra,Público Geral,Assistente Social
Feminino,30,Médio Completo,Salaco,1,CRAS Barra,CRAS Barra,Público Geral,Assistente Social
Feminino,27,Médio Completo,Vila Muqui,1,CRAS Barra,CRAS Barra,Público Geral,Assistente Social
Feminino,28,Médio Completo,Salaco,1,CRAS Barra,CRAS Barra,Público Geral,Assistente Social
Feminino,31,Fundamental Completo,Paineiras,1,CRAS Barra,CRAS Barra,Público Geral,Assistente Social
Feminino,48,Médio Incompleto,Pimenteiras,1,CRAS Barra,CRAS Barra,Público Geral,Assistente Social
Masculino,60,Fundamental Completo,Barra do Imbuí,1,CRAS Barra,CRAS Barra,Público Geral,Assistente Social
Feminino,45,Fundamental Incompleto,Barra do Imbuí,1,CRAS Barra,CRAS Barra,Público Geral,Assistente Social
Feminino,49,Fundamental Incompleto,Salaco,1,CRAS Barra,CRAS Barra,Público Geral,Assistente Social
Feminino,59,Médio Completo,Barra do Imbuí,1,CRAS Barra,CRAS Barra,Público Geral,Assistente Social
Feminino,37,Médio Incompleto,Jardim Feo,1,CRAS Barra,CRAS Barra,Público Geral,Assistente Social
Feminino,52,Médio Incompleto,Jardim Feo,1,CRAS Barra,CRAS Barra,Público Geral,Assistente Social
Feminino,37,Médio Incompleto,Salaco,1,CRAS Barra,CRAS Barra,Público Geral,Assistente Social
Feminino,32,Médio Completo,Pimenteiras,1,CRAS Barra,CRAS Barra,Público Geral,Assistente Social
Feminino,66,Superior Completo,Pimenteiras,1,CRAS Barra,CRAS Barra,Público Geral,Assistente Social
Feminino,19,Médio Completo,Vila Muqui,1,CRAS Barra,CRAS Barra,Público Geral,Assistente Social
Feminino,42,Médio Completo,Vila Muqui,1,CRAS Barra,CRAS Barra,Público Geral,Assistente Social
Feminino,34,Superior Incompleto,Barra do Imbuí,1,CRAS Barra,CRAS Barra,Público Geral,Assistente Social
Feminino,38,Médio Completo,Pimenteiras,1,CRAS Barra,CRAS Barra,Público Geral,Assistente Social
Feminino,43,Médio Incompleto,Vila Muqui,1,CRAS Barra,CRAS Barra,Público Geral,Assistente Social
Feminino,32,Médio Completo,Pimenteiras,1,CRAS Barra,CRAS Barra,Público Geral,Psicólogo
Feminino,26,Médio Completo,Salaco,1,CRAS Barra,CRAS Barra,Público Geral,Assistente Social
Feminino,49,Fundamental Incompleto,Caleme,1,CRAS Barra,CRAS Barra,Público Geral,Assistente Social
Masculino,43,Fundamental Incompleto,Caleme,1,CRAS Barra,CRAS Barra,Público Geral,Assistente Social
Feminino,36,Fundamental Incompleto,Paineiras,1,CRAS Barra,CRAS Barra,Público Geral,Assistente Social
Feminino,58,Fundamental Incompleto,Caleme,1,CRAS Barra,CRAS Barra,Público Geral,Assistente Social
Feminino,62,Não Escolarizado,Quebra Frascos,1,CRAS Barra,CRAS Barra,Público Geral,Assistente Social
Feminino,68,Médio Incompleto,Barra do Imbuí,1,CRAS Barra,CRAS Barra,Público Geral,Assistente Social
Feminino,29,Médio Completo,Paineiras,1,CRAS Barra,CRAS Barra,Público Geral,Assistente Social
Feminino,30,Fundamental Incompleto,Campo Grande,1,CRAS Barra,CRAS Barra,Público Geral,Cadastro Único
Feminino,21,Fundamental Incompleto,Salaco,1,CRAS Barra,CRAS Barra,Público Geral,Cadastro Único
Feminino,28,Médio Completo,Caleme,1,CRAS Barra,CRAS Barra,Público Geral,Cadastro Único
Masculino,57,Médio Incompleto,Paineiras,1,CRAS Barra,CRAS Barra,Público Geral,Cadastro Único
Feminino,54,Fundamental Incompleto,Vila Muqui,1,CRAS Barra,CRAS Barra,Público Geral,Cadastro Único
Masculino,41,Superior Incompleto,Cascata do Imbuí,1,CRAS Barra,CRAS Barra,Público Geral,Cadastro Único
Feminino,63,Fundamental Incompleto,Paineiras,1,CRAS Barra,CRAS Barra,Público Geral,Cadastro Único
Feminino,48,Fundamental Incompleto,Barra do Imbuí,1,CRAS Barra,CRAS Barra,Público Geral,Cadastro Único
Masculino,68,Fundamental Completo,Granja Florestal,1,CRAS Barra,CRAS Barra,Público Geral,Cadastro Único
Feminino,46,Fundamental Incompleto,Granja Florestal,1,CRAS Barra,CRAS Barra,Público Geral,Cadastro Único
Feminino,29,Médio Completo,Caleme,1,CRAS Barra,CRAS Barra,Público Geral,Cadastro Único
Feminino,45,Médio Incompleto,Vila Muqui,1,CRAS Barra,CRAS Barra,Público Geral,Cadastro Único
Feminino,40,Fundamental Completo,Caleme,1,CRAS Barra,CRAS Barra,Público Geral,Cadastro Único
Masculino,71,Superior Incompleto,Caleme,1,CRAS Barra,CRAS Barra,Público Geral,Cadastro Único
Feminino,26,Fundamental Incompleto,Parque do Imbuí,1,CRAS Barra,CRAS Barra,Público Geral,Cadastro Único
Masculino,29,Médio Incompleto,Pimenteiras,1,CRAS Barra,CRAS Barra,Público Geral,Cadastro Único
Feminino,36,Fundamental Incompleto,Paineiras,1,CRAS Barra,CRAS Barra,Público Geral,Cadastro Único
Feminino,22,Médio Completo,Salaco,1,CRAS Barra,CRAS Barra,Público Geral,Cadastro Único
Feminino,32,Superior Completo,Caleme,1,CRAS Barra,CRAS Barra,Público Geral,Cadastro Único
Feminino,16,Médio Incompleto,Barra do Imbuí,1,CRAS Barra,CRAS Barra,Público Geral,Cadastro Único
Feminino,40,Fundamental Incompleto,Caleme,1,CRAS Barra,CRAS Barra,Público Geral,Cadastro Único
Feminino,31,Superior Completo,Jardim Feo,1,CRAS Barra,CRAS Barra,Público Geral,Cadastro Único
Feminino,41,Médio Completo,Salaco,1,CRAS Barra,CRAS Barra,Público Geral,Cadastro Único
Feminino,64,Fundamental Incompleto,Caleme,1,CRAS Barra,CRAS Barra,Público Geral,Cadastro Único
Feminino,60,Fundamental Completo,Paineiras,1,CRAS Barra,CRAS Barra,Público Geral,Cadastro Único
Feminino,43,Médio Incompleto,Barra do Imbuí,1,CRAS Barra,CRAS Barra,Público Geral,Cadastro Único
Masculino,78,Fundamental Incompleto,Barra do Imbuí,1,CRAS Barra,CRAS Barra,Público Geral,Cadastro Único
Feminino,43,Fundamental Incompleto,Salaco,1,CRAS Barra,CRAS Barra,Público Geral,Cadastro Único
Feminino,56,Fundamental Incompleto,Caleme,1,CRAS Barra,CRAS Barra,Público Geral,Cadastro Único
Feminino,24,Médio Completo,Jardim Meudon,1,CRAS Barra,CRAS Barra,Público Geral,Cadastro Único
Feminino,37,Médio Incompleto,Salaco,1,CRAS Barra,CRAS Barra,Público Geral,Cadastro Único
Feminino,57,Médio Incompleto,Caleme,1,CRAS Barra,CRAS Barra,Público Geral,Cadastro Único
Masculino,66,Fundamental Incompleto,Espanhol,1,CRAS Barra,CRAS Barra,Público Geral,Cadastro Único
Feminino,28,Médio Completo,Golf,1,CRAS Barra,CRAS Barra,Público Geral,Cadastro Único
Feminino,73,Fundamental Incompleto,Albuquerque,1,CRAS Barra,CRAS Barra,Público Geral,Cadastro Único
Feminino,32,Médio Completo,Barra do Imbuí,1,CRAS Barra,CRAS Barra,Público Geral,Cadastro Único
Feminino,19,Médio Completo,Caleme,1,CRAS Barra,CRAS Barra,Público Geral,Cadastro Único
Feminino,37,Médio Completo,Barra do Imbuí,1,CRAS Barra,CRAS Barra,Público Geral,Cadastro Único
Feminino,65,Médio Completo,Caleme,1,CRAS Barra,CRAS Barra,Público Geral,Cadastro Único
Feminino,32,Médio Completo,Vila Muqui,1,CRAS Barra,CRAS Barra,Público Geral,Cadastro Único
Feminino,44,Médio Completo,Barra do Imbuí,1,CRAS Barra,CRAS Barra,Público Geral,Cadastro Único
Feminino,37,Superior Completo,Barra do Imbuí,1,CRAS Barra,CRAS Barra,Público Geral,Cadastro Único
Feminino,27,Médio Completo,Posse,1,CRAS Barra,CRAS Barra,Público Geral,Cadastro Único
Feminino,80,Fundamental Incompleto,Jardim Feo,1,CRAS Barra,CRAS Barra,Público Geral,Cadastro Único
Masculino,62,Fundamental Incompleto,Paineiras,1,CRAS Barra,CRAS Barra,Público Geral,Cadastro Único
Feminino,55,Fundamental Incompleto,Caleme,1,CRAS Barra,CRAS Barra,Público Geral,Cadastro Único
Feminino,70,Fundamental Incompleto,Caleme,1,CRAS Barra,CRAS Barra,Público Geral,Cadastro Único
Feminino,26,Médio Completo,Dente de Ouro,1,CRAS Barra,CRAS Barra,Público Geral,Cadastro Único
Feminino,69,Fundamental Incompleto,Paineiras,1,CRAS Barra,CRAS Barra,Público Geral,Cadastro Único
Feminino,64,Médio Completo,Vila Muqui,1,CRAS Barra,CRAS Barra,Público Geral,Cadastro Único
Feminino,57,Médio Completo,Caleme,1,CRAS Barra,CRAS Barra,Público Geral,Cadastro Único
Masculino,60,Fundamental Incompleto,Paineiras,1,CRAS Barra,CRAS Barra,Público Geral,Cadastro Único
Feminino,49,Fundamental Incompleto,Granja Florestal,1,CRAS Barra,CRAS Barra,Público Geral,Cadastro Único
Feminino,38,Médio Incompleto,Vila Muqui,1,CRAS Barra,CRAS Barra,Público Geral,Cadastro Único
Feminino,30,Fundamental Incompleto,Barra do Imbuí,1,CRAS Barra,CRAS Barra,Público Geral,Cadastro Único
Feminino,52,Fundamental Incompleto,Paineiras,1,CRAS Barra,CRAS Barra,Público Geral,Cadastro Único
Feminino,37,Superior Incompleto,Vila Muqui,1,CRAS Barra,CRAS Barra,Público Geral,Cadastro Único
Feminino,47,Superior Completo,Vila Muqui,1,CRAS Barra,CRAS Barra,Público Geral,Cadastro Único
Feminino,47,Superior Incompleto,Barra do Imbuí,1,CRAS Barra,CRAS Barra,Público Geral,Cadastro Único
Masculino,39,Fundamental Incompleto,Barra do Imbuí,1,CRAS Barra,CRAS Barra,Público Geral,Cadastro Único
Masculino,58,Médio Completo,Paineiras,1,CRAS Barra,CRAS Barra,Público Geral,Cadastro Único
Feminino,22,Médio Completo,Paineiras,1,CRAS Barra,CRAS Barra,Público Geral,Cadastro Único
Feminino,67,Fundamental Incompleto,Jardim Feo,1,CRAS Barra,CRAS Barra,Público Geral,Assistente Social
Feminino,54,Fundamental Incompleto,Paineiras,1,CRAS Barra,CRAS Barra,Público Geral,Assistente Social
Feminino,56,Superior Incompleto,Barra do Imbuí,1,CRAS Barra,CRAS Barra,Público Geral,Assistente Social
Feminino,35,Médio Completo,Pimenteiras,1,CRAS Barra,CRAS Barra,Público Geral,Assistente Social
Masculino,51,Médio Completo,Barra do Imbuí,1,CRAS Barra,CRAS Barra,Público Geral,Assistente Social
Feminino,59,Não Escolarizado,Salaco,1,CRAS Barra,CRAS Barra,Público Geral,Assistente Social
Feminino,37,Médio Completo,Vila Muqui,1,CRAS Barra,CRAS Barra,Público Geral,Assistente Social
Feminino,58,Fundamental Incompleto,Paineiras,1,CRAS Barra,CRAS Barra,Público Geral,Assistente Social
Masculino,39,Fundamental Incompleto,Barra do Imbuí,1,CRAS Barra,CRAS Barra,Público Geral,Assistente Social
Feminino,33,Médio Incompleto,Paineiras,1,CRAS Barra,CRAS Barra,Público Geral,Assistente Social
Feminino,22,Médio Completo,Paineiras,1,CRAS Barra,CRAS Barra,Público Geral,Assistente Social
Feminino,28,Superior Completo,Pimenteiras,1,CRAS Barra,CRAS Barra,Público Geral,Assistente Social
Feminino,43,Médio Completo,Granja Florestal,1,CRAS Barra,CRAS Barra,Público Geral,Assistente Social
Feminino,34,Médio Completo,Pimenteiras,1,CRAS Barra,CRAS Barra,Público Geral,Assistente Social
Masculino,51,Médio Completo,Barra do Imbuí,1,CRAS Barra,CRAS Barra,Público Geral,Psicólogo
Feminino,63,Fundamental Incompleto,Caleme,1,CRAS Barra,CRAS Barra,Público Geral,Cadastro Único
Feminino,62,Médio Completo,Barra do Imbuí,1,CRAS Barra,CRAS Barra,Público Geral,Cadastro Único
Feminino,81,Fundamental Incompleto,Jardim Feo,1,CRAS Barra,CRAS Barra,Público Geral,Cadastro Único
Feminino,25,Médio Completo,Vila Muqui,1,CRAS Barra,CRAS Barra,Público Geral,Cadastro Único
Feminino,62,Médio Incompleto,Caleme,1,CRAS Barra,CRAS Barra,Público Geral,Cadastro Único
Feminino,62,Fundamental Incompleto,Barra do Imbuí,1,CRAS Barra,CRAS Barra,Público Geral,Cadastro Único
Feminino,35,Médio Completo,Pimenteiras,1,CRAS Barra,CRAS Barra,Público Geral,Cadastro Único
Feminino,36,Médio Completo,Jardim Feo,1,CRAS Barra,CRAS Barra,Público Geral,Cadastro Único
Feminino,38,Médio Completo,Barra do Imbuí,1,CRAS Barra,CRAS Barra,Público Geral,Cadastro Único
Masculino,47,Fundamental Incompleto,Jardim Feo,1,CRAS Barra,CRAS Barra,Público Geral,Cadastro Único
Feminino,67,Fundamental Incompleto,Barra do Imbuí,1,CRAS Barra,CRAS Barra,Público Geral,Cadastro Único
Feminino,60,Fundamental Incompleto,Espanhol,1,CRAS Barra,CRAS Barra,Público Geral,Cadastro Único
Feminino,63,Fundamental Incompleto,Caleme,1,CRAS Barra,CRAS Barra,Público Geral,Cadastro Único
Masculino,21,Médio Incompleto,Paineiras,1,CRAS Barra,CRAS Barra,Público Geral,Cadastro Único
Feminino,56,Fundamental Incompleto,Barra do Imbuí,1,CRAS Barra,CRAS Barra,Público Geral,Cadastro Único
Masculino,81,Superior Completo,Barra do Imbuí,1,CRAS Barra,CRAS Barra,Público Geral,Cadastro Único
Feminino,24,Médio Completo,Cascata do Imbuí,1,CRAS Barra,CRAS Barra,Público Geral,Cadastro Único
Feminino,43,Médio Completo,Granja Florestal,1,CRAS Barra,CRAS Barra,Público Geral,Cadastro Único
Feminino,35,Médio Completo,Paineiras,1,CRAS Barra,CRAS Barra,Público Geral,Assistente Social
Masculino,21,Médio Incompleto,Paineiras,1,CRAS Barra,CRAS Barra,Público Geral,Assistente Social
Masculino,57,Fundamental Incompleto,Paineiras,1,CRAS Barra,CRAS Barra,Público Geral,Assistente Social
Masculino,56,Médio Completo,Paineiras,1,CRAS Barra,CRAS Barra,Público Geral,Assistente Social
Masculino,66,Não Escolarizado,Barra do Imbuí,1,CRAS Barra,CRAS Barra,Público Geral,Assistente Social
Feminino,51,Fundamental Incompleto,Paineiras,1,CRAS Barra,CRAS Barra,Público Geral,Assistente Social
Masculino,39,Médio Incompleto,Cascata do Imbuí,1,CRAS Barra,CRAS Barra,Público Geral,Assistente Social
Masculino,81,Superior Completo,Barra do Imbuí,1,CRAS Barra,CRAS Barra,Público Geral,Assistente Social
Feminino,21,Fundamental Completo,Vila Muqui,1,CRAS Barra,CRAS Barra,Público Geral,Assistente Social
Feminino,60,Fundamental Incompleto,Granja Florestal,1,CRAS Barra,CRAS Barra,Público Geral,Assistente Social
Masculino,53,Superior Completo,Barra do Imbuí,1,CRAS Barra,CRAS Barra,Público Geral,Assistente Social
Masculino,28,Médio Completo,Vila Muqui,1,CRAS Barra,CRAS Barra,Público Geral,Assistente Social
Feminino,38,Não Escolarizado,Barra do Imbuí,1,CRAS Barra,CRAS Barra,Público Geral,Assistente Social
Feminino,39,Fundamental Incompleto,Jardim Feo,1,CRAS Barra,CRAS Barra,Público Geral,Cadastro Único
Masculino,62,Fundamental Incompleto,Granja Florestal,1,CRAS Barra,CRAS Barra,Público Geral,Cadastro Único
Feminino,73,Fundamental Incompleto,Barra do Imbuí,1,CRAS Barra,CRAS Barra,Público Geral,Cadastro Único
Feminino,44,Médio Completo,Cascata do Imbuí,1,CRAS Barra,CRAS Barra,Público Geral,Cadastro Único
Feminino,35,Médio Completo,Vila Muqui,1,CRAS Barra,CRAS Barra,Público Geral,Cadastro Único
Feminino,34,Médio Completo,Salaco,1,CRAS Barra,CRAS Barra,Público Geral,Cadastro Único
Masculino,64,Fundamental Incompleto,Barra do Imbuí,1,CRAS Barra,CRAS Barra,Público Geral,Cadastro Único
Masculino,48,Fundamental Incompleto,Salaco,1,CRAS Barra,CRAS Barra,Público Geral,Cadastro Único
Feminino,58,Superior Completo,Paineiras,1,CRAS Barra,CRAS Barra,Público Geral,Cadastro Único
Feminino,44,Médio Completo,Cascata do Imbuí,1,CRAS Barra,CRAS Barra,Público Geral,Cadastro Único
Feminino,56,Fundamental Incompleto,Caleme,1,CRAS Barra,CRAS Barra,Público Geral,Cadastro Único
Masculino,33,Fundamental Incompleto,Parque do Imbuí,1,CRAS Barra,CRAS Barra,Público Geral,Cadastro Único
Feminino,44,Fundamental Incompleto,Vila Muqui,1,CRAS Barra,CRAS Barra,Público Geral,Cadastro Único
Feminino,27,Médio Completo,Caleme,1,CRAS Barra,CRAS Barra,Público Geral,Cadastro Único
Masculino,54,Médio Incompleto,Golf,1,CRAS Barra,CRAS Barra,Público Geral,Cadastro Único
Masculino,61,Médio Completo,Barra do Imbuí,1,CRAS Barra,CRAS Barra,Público Geral,Cadastro Único
Feminino,42,Médio Completo,Jardim Feo,1,CRAS Barra,CRAS Barra,Público Geral,Cadastro Único
Feminino,37,Médio Completo,Campo Grande,1,CRAS Barra,CRAS Barra,Público Geral,Cadastro Único
Feminino,42,Não Escolarizado,Barra do Imbuí,1,CRAS Barra,CRAS Barra,Público Geral,Cadastro Único
Feminino,81,Fundamental Incompleto,Jardim Feo,1,CRAS Barra,CRAS Barra,Público Geral,Cadastro Único
Feminino,45,Médio Completo,Vila Muqui,1,CRAS Barra,CRAS Barra,Público Geral,Cadastro Único
Feminino,65,Fundamental Incompleto,Granja Florestal,1,CRAS Barra,CRAS Barra,Público Geral,Cadastro Único
Feminino,66,Fundamental Incompleto,Salaco,1,CRAS Barra,CRAS Barra,Público Geral,Cadastro Único
Feminino,49,Superior Completo,Barra do Imbuí,1,CRAS Barra,CRAS Barra,Público Geral,Cadastro Único
Feminino,45,Médio Completo,Paineiras,1,CRAS Barra,CRAS Barra,Público Geral,Cadastro Único
Feminino,32,Médio Completo,Caleme,1,CRAS Barra,CRAS Barra,Público Geral,Cadastro Único
Feminino,58,Fundamental Incompleto,Caleme,1,CRAS Barra,CRAS Barra,Público Geral,Cadastro Único
Masculino,40,Fundamental Incompleto,Jardim Feo,1,CRAS Barra,CRAS Barra,Público Geral,Cadastro Único
Feminino,71,Fundamental Incompleto,Jardim Feo,1,CRAS Barra,CRAS Barra,Público Geral,Cadastro Único
Masculino,48,Médio Completo,Quebra Frascos,1,CRAS Barra,CRAS Barra,Público Geral,Cadastro Único
Masculino,63,Médio Completo,Paineiras,1,CRAS Barra,CRAS Barra,Público Geral,Cadastro Único
Feminino,23,Fundamental Incompleto,Caleme,1,CRAS Barra,CRAS Barra,Público Geral,Cadastro Único
Feminino,17,Médio Incompleto,Caleme,1,CRAS Barra,CRAS Barra,Público Geral,Cadastro Único
Feminino,60,Fundamental Incompleto,Caleme,1,CRAS Barra,CRAS Barra,Público Geral,Cadastro Único
Feminino,33,Médio Incompleto,Jardim Feo,1,CRAS Barra,CRAS Barra,Público Geral,Cadastro Único
Feminino,46,Fundamental Incompleto,Barra do Imbuí,1,CRAS Barra,CRAS Barra,Público Geral,Cadastro Único
Feminino,45,Médio Completo,Pimenteiras,1,CRAS Barra,CRAS Barra,Público Geral,Cadastro Único
Masculino,50,Fundamental Completo,Salaco,1,CRAS Barra,CRAS Barra,Público Geral,Cadastro Único
Masculino,33,Fundamental Incompleto,Paineiras,1,CRAS Barra,CRAS Barra,Público Geral,Cadastro Único
Feminino,63,Médio Incompleto,Barra do Imbuí,1,CRAS Barra,CRAS Barra,Público Geral,Assistente Social
Feminino,42,Médio Completo,Barra do Imbuí,1,CRAS Barra,CRAS Barra,Público Geral,Assistente Social
Feminino,32,Fundamental Incompleto,Parque do Imbuí,1,CRAS Barra,CRAS Barra,Público Geral,Assistente Social
Feminino,61,Fundamental Incompleto,Barra do Imbuí,1,CRAS Barra,CRAS Barra,Público Geral,Assistente Social
Feminino,17,Médio Completo,Quebra Frascos,1,CRAS Barra,CRAS Barra,Público Geral,Assistente Social
Feminino,60,Fundamental Incompleto,Barra do Imbuí,1,CRAS Barra,CRAS Barra,Público Geral,Assistente Social
Feminino,54,Fundamental Incompleto,Paineiras,1,CRAS Barra,CRAS Barra,Público Geral,Assistente Social
Feminino,17,Médio Incompleto,Caleme,1,CRAS Barra,CRAS Barra,Público Geral,Assistente Social
Feminino,16,Fundamental Incompleto,Barra do Imbuí,1,CRAS Barra,CRAS Barra,Público Geral,Assistente Social
Feminino,57,Médio Completo,Caleme,1,CRAS Barra,CRAS Barra,Público Geral,Assistente Social
Feminino,25,Fundamental Completo,Caleme,1,CRAS Barra,CRAS Barra,Público Geral,Assistente Social
Feminino,29,Médio Completo,Caleme,1,CRAS Barra,CRAS Barra,Público Geral,Assistente Social
Feminino,39,Superior Completo,Caleme,1,CRAS Barra,CRAS Barra,Público Geral,Assistente Social
Feminino,40,Fundamental Incompleto,Cascata do Imbuí,1,CRAS Barra,CRAS Barra,Público Geral,Assistente Social
Masculino,47,Médio Completo,Barra do Imbuí,1,CRAS Barra,CRAS Barra,Público Geral,Assistente Social
Masculino,72,Fundamental Incompleto,Cascata do Imbuí,1,CRAS Barra,CRAS Barra,Público Geral,Assistente Social
Masculino,43,Médio Completo,Granja Florestal,1,CRAS Barra,CRAS Barra,Público Geral,Assistente Social
Feminino,52,Médio Incompleto,Paineiras,1,CRAS Barra,CRAS Barra,Público Geral,Assistente Social
Feminino,20,Médio Completo,Caleme,1,CRAS Barra,CRAS Barra,Público Geral,Assistente Social
Masculino,66,Fundamental Incompleto,Barra do Imbuí,1,CRAS Barra,CRAS Barra,Público Geral,Assistente Social
Feminino,50,Superior Completo,Pimenteiras,1,CRAS Barra,CRAS Barra,Público Geral,Assistente Social
Masculino,74,Médio Incompleto,Barra do Imbuí,1,CRAS Barra,CRAS Barra,Público Geral,Assistente Social
Feminino,53,Fundamental Incompleto,Pimenteiras,1,CRAS Barra,CRAS Barra,Público Geral,Assistente Social
Feminino,42,Médio Completo,Barra do Imbuí,1,CRAS Barra,CRAS Barra,Público Geral,Assistente Social
Feminino,37,Superior Incompleto,Vila Muqui,1,CRAS Barra,CRAS Barra,Público Geral,Assistente Social
Feminino,31,Fundamental Incompleto,Barra do Imbuí,1,CRAS Barra,CRAS Barra,Público Geral,Assistente Social
Feminino,57,Médio Completo,Caleme,1,CRAS Barra,CRAS Barra,Público Geral,Assistente Social
Feminino,21,Médio Completo,Vila Muqui,1,CRAS Barra,CRAS Barra,Público Geral,Assistente Social
Feminino,34,Médio Completo,Barra do Imbuí,1,CRAS Barra,CRAS Barra,Público Geral,Assistente Social
Feminino,36,Fundamental Completo,Paineiras,1,CRAS Barra,CRAS Barra,Público Geral,Assistente Social
Feminino,57,Fundamental Incompleto,Campo Grande,1,CRAS Barra,CRAS Barra,Público Geral,Assistente Social
Feminino,63,Fundamental Incompleto,Barra do Imbuí,1,CRAS Barra,CRAS Barra,Público Geral,Assistente Social
Feminino,26,Fundamental Incompleto,Barra do Imbuí,1,CRAS Barra,CRAS Barra,Público Geral,Assistente Social
Feminino,65,Fundamental Incompleto,Barra do Imbuí,1,CRAS Barra,CRAS Barra,Público Geral,Assistente Social
Feminino,65,Médio Completo,Caleme,1,CRAS Barra,CRAS Barra,Público Geral,Cadastro Único
Feminino,39,Fundamental Incompleto,Barra do Imbuí,1,CRAS Barra,CRAS Barra,Público Geral,Cadastro Único
Feminino,56,Médio Incompleto,Vila Muqui,1,CRAS Barra,CRAS Barra,Público Geral,Cadastro Único
Feminino,39,Médio Incompleto,Paineiras,1,CRAS Barra,CRAS Barra,Público Geral,Cadastro Único
Masculino,32,Fundamental Incompleto,Paineiras,1,CRAS Barra,CRAS Barra,Público Geral,Cadastro Único
Masculino,72,Fundamental Incompleto,Cascata do Imbuí,1,CRAS Barra,CRAS Barra,Público Geral,Cadastro Único
Feminino,39,Médio Completo,Jardim Feo,1,CRAS Barra,CRAS Barra,Público Geral,Cadastro Único
Feminino,34,Médio Completo,Barra do Imbuí,1,CRAS Barra,CRAS Barra,Público Geral,Cadastro Único
Feminino,30,Fundamental Incompleto,Barra do Imbuí,1,CRAS Barra,CRAS Barra,Público Geral,Cadastro Único
Feminino,48,Fundamental Incompleto,Caleme,1,CRAS Barra,CRAS Barra,Público Geral,Cadastro Único
Feminino,20,Médio Completo,Caleme,1,CRAS Barra,CRAS Barra,Público Geral,Cadastro Único
Feminino,59,Médio Completo,Barra do Imbuí,1,CRAS Barra,CRAS Barra,Público Geral,Cadastro Único
Feminino,58,Médio Completo,Granja Florestal,1,CRAS Barra,CRAS Barra,Público Geral,Cadastro Único
Masculino,74,Fundamental Completo,Granja Florestal,1,CRAS Barra,CRAS Barra,Público Geral,Cadastro Único
Feminino,47,Fundamental Incompleto,Jardim Meudon,1,CRAS Barra,CRAS Barra,Público Geral,Cadastro Único
Feminino,43,Fundamental Incompleto,Salaquinho,1,CRAS Barra,CRAS Barra,Público Geral,Cadastro Único
Feminino,40,Fundamental Incompleto,Campo Grande,1,CRAS Barra,CRAS Barra,Público Geral,Cadastro Único
Masculino,85,Superior Completo,Barra do Imbuí,1,CRAS Barra,CRAS Barra,Público Geral,Cadastro Único
Feminino,33,Médio Completo,Espanhol,1,CRAS Barra,CRAS Barra,Público Geral,Cadastro Único
Masculino,71,Fundamental Incompleto,Salaco,1,CRAS Barra,CRAS Barra,Público Geral,Cadastro Único
Feminino,28,Médio Incompleto,Parque do Imbuí,1,CRAS Barra,CRAS Barra,Público Geral,Cadastro Único
Feminino,20,Médio Completo,Pimenteiras,1,CRAS Barra,CRAS Barra,Público Geral,Cadastro Único
Feminino,69,Fundamental Incompleto,Paineiras,1,CRAS Barra,CRAS Barra,Público Geral,Cadastro Único
Feminino,55,Fundamental Incompleto,Paineiras,1,CRAS Barra,CRAS Barra,Público Geral,Assistente Social
Feminino,74,Fundamental Incompleto,Parque do Imbuí,1,CRAS Barra,CRAS Barra,Público Geral,Assistente Social
Masculino,65,Fundamental Incompleto,Parque do Imbuí,1,CRAS Barra,CRAS Barra,Público Geral,Assistente Social
Feminino,58,Médio Completo,Granja Florestal,1,CRAS Barra,CRAS Barra,Público Geral,Assistente Social
Feminino,33,Médio Completo,Espanhol,1,CRAS Barra,CRAS Barra,Público Geral,Assistente Social
Feminino,72,Fundamental Incompleto,Quebra Frascos,1,CRAS Barra,CRAS Barra,Público Geral,Assistente Social
Masculino,61,Fundamental Incompleto,Golf,1,CRAS Barra,CRAS Barra,Público Geral,Assistente Social
Masculino,70,Superior Incompleto,Quebra Frascos,1,CRAS Barra,CRAS Barra,Público Geral,Assistente Social
Feminino,33,Fundamental Incompleto,Salaco,1,CRAS Barra,CRAS Barra,Público Geral,Assistente Social
Feminino,41,Médio Completo,Vila Muqui,1,CRAS Barra,CRAS Barra,Público Geral,Assistente Social
Feminino,20,Médio Completo,Caleme,1,CRAS Barra,CRAS Barra,Público Geral,Assistente Social
Masculino,22,Médio Completo,Barra do Imbuí,1,CRAS Barra,CRAS Barra,Público Geral,Assistente Social
Feminino,52,Médio Completo,Granja Florestal,1,CRAS Barra,CRAS Barra,Público Geral,Assistente Social
Feminino,19,Médio Completo,Caleme,1,CRAS Barra,CRAS Barra,Público Geral,Assistente Social
Feminino,42,Fundamental Incompleto,Posse,1,CRAS Barra,CRAS Barra,Público Geral,Assistente Social
Feminino,37,Médio Completo,Caleme,1,CRAS Barra,CRAS Barra,Público Geral,Assistente Social
Feminino,22,Médio Incompleto,Paineiras,1,CRAS Barra,CRAS Barra,Público Geral,Assistente Social
Feminino,19,Médio Incompleto,Quebra Frascos,1,CRAS Barra,CRAS Barra,Público Geral,Assistente Social
Feminino,46,Médio Completo,Jardim Feo,1,CRAS Barra,CRAS Barra,Público Geral,Assistente Social
Feminino,39,Fundamental Completo,Barra do Imbuí,1,CRAS Barra,CRAS Barra,Público Geral,Assistente Social
Feminino,47,Fundamental Incompleto,Jardim Feo,1,CRAS Barra,CRAS Barra,Público Geral,Assistente Social
Feminino,38,Fundamental Completo,Caleme,1,CRAS Barra,CRAS Barra,Público Geral,Assistente Social
Feminino,19,Médio Incompleto,Salaco,1,CRAS Barra,CRAS Barra,Público Geral,Assistente Social
Masculino,29,Médio Completo,Paineiras,1,CRAS Barra,CRAS Barra,Público Geral,Assistente Social
Masculino,53,Fundamental Incompleto,Granja Florestal,1,CRAS Barra,CRAS Barra,Público Geral,Cadastro Único
Feminino,36,Médio Completo,Cascata do Imbuí,1,CRAS Barra,CRAS Barra,Público Geral,Cadastro Único
Feminino,76,Fundamental Incompleto,Espanhol,1,CRAS Barra,CRAS Barra,Público Geral,Cadastro Único
Feminino,44,Fundamental Incompleto,Caleme,1,CRAS Barra,CRAS Barra,Público Geral,Cadastro Único
Feminino,19,Médio Incompleto,Vila Muqui,1,CRAS Barra,CRAS Barra,Público Geral,Cadastro Único
Feminino,45,Médio Completo,Caleme,1,CRAS Barra,CRAS Barra,Público Geral,Cadastro Único
Feminino,60,Fundamental Completo,Jardim Feo,1,CRAS Barra,CRAS Barra,Público Geral,Cadastro Único
Feminino,36,Fundamental Incompleto,Vila Muqui,1,CRAS Barra,CRAS Barra,Público Geral,Cadastro Único
Feminino,31,Fundamental Incompleto,Paineiras,1,CRAS Barra,CRAS Barra,Público Geral,Cadastro Único
Feminino,67,Fundamental Incompleto,Barra do Imbuí,1,CRAS Barra,CRAS Barra,Público Geral,Cadastro Único
Feminino,49,Superior Incompleto,Caleme,1,CRAS Barra,CRAS Barra,Público Geral,Cadastro Único
Feminino,33,Fundamental Incompleto,Salaco,1,CRAS Barra,CRAS Barra,Público Geral,Cadastro Único
Feminino,28,Médio Completo,Caleme,1,CRAS Barra,CRAS Barra,Público Geral,Cadastro Único
Feminino,41,Médio Completo,Vila Muqui,1,CRAS Barra,CRAS Barra,Público Geral,Cadastro Único
Feminino,20,Médio Completo,Pimenteiras,1,CRAS Barra,CRAS Barra,Público Geral,Cadastro Único
Feminino,42,Superior Incompleto,Pimenteiras,1,CRAS Barra,CRAS Barra,Público Geral,Cadastro Único
Feminino,65,Fundamental Incompleto,Barra do Imbuí,1,CRAS Barra,CRAS Barra,Público Geral,Cadastro Único
Feminino,27,Médio Completo,Cascata do Imbuí,1,CRAS Barra,CRAS Barra,Público Geral,Cadastro Único
Feminino,75,Superior Incompleto,Posse,1,CRAS Barra,CRAS Barra,Público Geral,Cadastro Único
Feminino,48,Médio Completo,Paineiras,1,CRAS Barra,CRAS Barra,Público Geral,Cadastro Único
Feminino,46,Médio Incompleto,Caleme,1,CRAS Barra,CRAS Barra,Público Geral,Cadastro Único
Feminino,36,Médio Completo,Barra do Imbuí,1,CRAS Barra,CRAS Barra,Público Geral,Cadastro Único
Feminino,33,Fundamental Incompleto,Paineiras,1,CRAS Barra,CRAS Barra,Público Geral,Cadastro Único
Feminino,22,Médio Incompleto,Paineiras,1,CRAS Barra,CRAS Barra,Público Geral,Cadastro Único
Feminino,28,Superior Completo,Cascata do Imbuí,1,CRAS Barra,CRAS Barra,Público Geral,Cadastro Único
Feminino,37,Médio Completo,Caleme,1,CRAS Barra,CRAS Barra,Público Geral,Cadastro Único
Masculino,53,Fundamental Incompleto,Salaco,1,CRAS Barra,CRAS Barra,Público Geral,Cadastro Único
Feminino,28,Médio Completo,Espanhol,1,CRAS Barra,CRAS Barra,Público Geral,Cadastro Único
Feminino,43,Superior Completo,Barra do Imbuí,1,CRAS Barra,CRAS Barra,Público Geral,Cadastro Único
Masculino,43,Médio Completo,Granja Florestal,1,CRAS Barra,CRAS Barra,Público Geral,Cadastro Único
Feminino,56,Médio Incompleto,Cascata do Imbuí,1,CRAS Barra,CRAS Barra,Público Geral,Cadastro Único
Feminino,20,Fundamental Completo,Paineiras,1,CRAS Barra,CRAS Barra,Público Geral,Cadastro Único
Feminino,25,Fundamental Completo,Barra do Imbuí,1,CRAS Barra,CRAS Barra,Público Geral,Cadastro Único
Feminino,58,Fundamental Incompleto,Jardim Feo,1,CRAS Barra,CRAS Barra,Público Geral,Assistente Social
Feminino,60,Fundamental Completo,Caleme,1,CRAS Barra,CRAS Barra,Público Geral,Assistente Social
Masculino,37,Fundamental Completo,Salaco,1,CRAS Barra,CRAS Barra,Público Geral,Assistente Social
Feminino,19,Médio Completo,Caleme,1,CRAS Barra,CRAS Barra,Público Geral,Assistente Social
Feminino,39,Médio Completo,Barra do Imbuí,1,CRAS Barra,CRAS Barra,Público Geral,Assistente Social
Feminino,60,Fundamental Incompleto,Paineiras,1,CRAS Barra,CRAS Barra,Público Geral,Assistente Social
Masculino,53,Fundamental Incompleto,Salaco,1,CRAS Barra,CRAS Barra,Público Geral,Cadastro Único
Feminino,35,Médio Incompleto,Salaco,1,CRAS Barra,CRAS Barra,Público Geral,Cadastro Único
Feminino,26,Fundamental Incompleto,Barra do Imbuí,1,CRAS Barra,CRAS Barra,Público Geral,Cadastro Único
Feminino,49,Médio Completo,Golf,1,CRAS Barra,CRAS Barra,Público Geral,Cadastro Único
Feminino,58,Fundamental Incompleto,Jardim Feo,1,CRAS Barra,CRAS Barra,Público Geral,Cadastro Único
Masculino,75,Fundamental Incompleto,Caleme,1,CRAS Barra,CRAS Barra,Público Geral,Cadastro Único
Feminino,73,Médio Completo,Paineiras,1,CRAS Barra,CRAS Barra,Público Geral,Cadastro Único
Feminino,51,Médio Completo,Caleme,1,CRAS Barra,CRAS Barra,Público Geral,Cadastro Único
Feminino,57,Fundamental Incompleto,Granja Florestal,1,CRAS Barra,CRAS Barra,Público Geral,Cadastro Único
Masculino,65,Superior Completo,Barra do Imbuí,1,CRAS Barra,CRAS Barra,Público Geral,Cadastro Único
Feminino,41,Fundamental Incompleto,Jardim Feo,1,CRAS Barra,CRAS Barra,Público Geral,Cadastro Único
Feminino,65,Fundamental Incompleto,Barra do Imbuí,1,CRAS Barra,CRAS Barra,Público Geral,Cadastro Único
Masculino,37,Médio Incompleto,Pimenteiras,1,CRAS Barra,CRAS Barra,Público Geral,Cadastro Único
Masculino,34,Médio Completo,Caleme,1,CRAS Barra,CRAS Barra,Público Geral,Cadastro Único
Feminino,69,Fundamental Incompleto,Barra do Imbuí,1,CRAS Barra,CRAS Barra,Público Geral,Cadastro Único
Feminino,64,Fundamental Completo,Parque do Imbuí,1,CRAS Barra,CRAS Barra,Público Geral,Cadastro Único
Masculino,38,Fundamental Incompleto,Caleme,1,CRAS Barra,CRAS Barra,Público Geral,Cadastro Único
Feminino,84,Médio Completo,Espanhol,1,CRAS Barra,CRAS Barra,Público Geral,Cadastro Único
Feminino,22,Médio Incompleto,Vila Muqui,1,CRAS Barra,CRAS Barra,Público Geral,Cadastro Único
Masculino,32,Fundamental Completo,Caleme,1,CRAS Barra,CRAS Barra,Público Geral,Cadastro Único
Feminino,49,Fundamental Incompleto,Salaco,1,CRAS Barra,CRAS Barra,Público Geral,Cadastro Único
Feminino,33,Médio Completo,Salaco,1,CRAS Barra,CRAS Barra,Público Geral,Cadastro Único
Masculino,38,Fundamental Incompleto,Caleme,1,CRAS Barra,CRAS Barra,Público Geral,Assistente Social
Feminino,49,Fundamental Incompleto,Salaco,1,CRAS Barra,CRAS Barra,Público Geral,Assistente Social
Feminino,59,Médio Completo,Barra do Imbuí,1,CRAS Barra,CRAS Barra,Público Geral,Assistente Social
Masculino,82,Fundamental Incompleto,Barra do Imbuí,1,CRAS Barra,CRAS Barra,Público Geral,Assistente Social
Feminino,24,Médio Completo,Barra do Imbuí,1,CRAS Barra,CRAS Barra,Público Geral,Assistente Social
Feminino,48,Médio Incompleto,Pimenteiras,1,CRAS Barra,CRAS Barra,Público Geral,Assistente Social
Masculino,32,Fundamental Incompleto,Caleme,1,CRAS Barra,CRAS Barra,Público Geral,Assistente Social
Feminino,39,Médio Completo,Corta Vento,1,CRAS Barra,CRAS Barra,Público Geral,Assistente Social
Feminino,61,Fundamental Incompleto,Barra do Imbuí,1,CRAS Barra,CRAS Barra,Público Geral,Psicóloga 
Feminino,61,Fundamental Incompleto,Barra do Imbuí,1,CRAS Barra,CRAS Barra,Público Geral,Assistente Social
Feminino,26,Fundamental Incompleto,Parque do Imbuí,1,CRAS Barra,CRAS Barra,Público Geral,Assistente Social
Feminino,34,Médio Completo,Paineiras,1,CRAS Barra,CRAS Barra,Público Geral,Assistente Social
Feminino,38,Fundamental Incompleto,Paineiras,1,CRAS Barra,CRAS Barra,Público Geral,Assistente Social
Masculino,44,Fundamental Incompleto,Paineiras,1,CRAS Barra,CRAS Barra,Público Geral,Assistente Social
Masculino,44,Fundamental Incompleto,Paineiras,1,CRAS Barra,CRAS Barra,Público Geral,Psicóloga 
Feminino,25,Médio Completo,Quebra Frascos,1,CRAS Barra,CRAS Barra,Público Geral,Assistente Social
Feminino,60,Fundamental Incompleto,Paineiras,1,CRAS Barra,CRAS Barra,Público Geral,Assistente Social
Feminino,26,Fundamental Incompleto,Caleme,1,CRAS Barra,CRAS Barra,Público Geral,Assistente Social
Feminino,24,Médio Completo,Barra do Imbuí,1,CRAS Barra,CRAS Barra,Público Geral,Assistente Social
Feminino,40,Médio Completo,Caleme,1,CRAS Barra,CRAS Barra,Público Geral,Assistente Social
Feminino,68,Fundamental Incompleto,Vale do Paraíso,1,CRAS Barra,CRAS Barra,Público Geral,Psicóloga 
Feminino,68,Fundamental Incompleto,Vale do Paraíso,1,CRAS Barra,CRAS Barra,Público Geral,Assistente Social
Feminino,66,Fundamental Incompleto,Paineiras,1,CRAS Barra,CRAS Barra,Público Geral,Assistente Social
Feminino,48,Médio Completo,Caleme,1,CRAS Barra,CRAS Barra,Público Geral,Assistente Social
Feminino,34,Médio Completo,Paineiras,1,CRAS Barra,CRAS Barra,Público Geral,Assistente Social
Masculino,29,Fundamental Incompleto,Caleme,1,CRAS Barra,CRAS Barra,Público Geral,Assistente Social
Feminino,18,Médio Completo,Barra do Imbuí,1,CRAS Barra,CRAS Barra,Público Geral,Assistente Social
Feminino,43,Fundamental Incompleto,Paineiras,1,CRAS Barra,CRAS Barra,Público Geral,Assistente Social
Feminino,80,Médio Completo,Barra do Imbuí,1,CRAS Barra,CRAS Barra,Público Geral,Assistente Social
Feminino,26,Médio Completo,Barra do Imbuí,1,CRAS Barra,CRAS Barra,Público Geral,Assistente Social
Feminino,36,Médio Completo,Pimenteiras,1,CRAS Barra,CRAS Barra,Público Geral,Assistente Social
Feminino,38,Fundamental Incompleto,Salaco,1,CRAS Barra,CRAS Barra,Público Geral,Cadastro Único
Masculino,76,Não Escolarizado,Granja Florestal,1,CRAS Barra,CRAS Barra,Público Geral,Cadastro Único
Feminino,22,Médio Completo,Caleme,1,CRAS Barra,CRAS Barra,Público Geral,Cadastro Único
Feminino,80,Não Escolarizado,Barra do Imbuí,1,CRAS Barra,CRAS Barra,Público Geral,Cadastro Único
Masculino,38,Médio Incompleto,Vila Muqui,1,CRAS Barra,CRAS Barra,Público Geral,Cadastro Único
Feminino,54,Fundamental Incompleto,Caleme,1,CRAS Barra,CRAS Barra,Público Geral,Cadastro Único
Masculino,48,Médio Completo,Caleme,1,CRAS Barra,CRAS Barra,Público Geral,Cadastro Único
Masculino,68,Médio Incompleto,Salaco,1,CRAS Barra,CRAS Barra,Público Geral,Cadastro Único
Feminino,48,Médio Completo,Caleme,1,CRAS Barra,CRAS Barra,Público Geral,Cadastro Único
Feminino,47,Médio Incompleto,Barra do Imbuí,1,CRAS Barra,CRAS Barra,Público Geral,Cadastro Único
Feminino,36,Médio Completo,Barra do Imbuí,1,CRAS Barra,CRAS Barra,Público Geral,Cadastro Único
Feminino,60,Fundamental Incompleto,Barra do Imbuí,1,CRAS Barra,CRAS Barra,Público Geral,Cadastro Único
Feminino,68,Fundamental Completo,Barra do Imbuí,1,CRAS Barra,CRAS Barra,Público Geral,Assistente Social
Feminino,24,Médio Incompleto,Caleme,1,CRAS Barra,CRAS Barra,Público Geral,Cadastro Único
Feminino,24,Médio Incompleto,Caleme,1,CRAS Barra,CRAS Barra,Público Geral,Assistente Social
Feminino,59,Médio Completo,Barra do Imbuí,1,CRAS Barra,CRAS Barra,Público Geral,Assistente Social
Feminino,57,Fundamental Incompleto,Pimenteiras,1,CRAS Barra,CRAS Barra,Público Geral,Assistente Social
Masculino,30,Fundamental Incompleto,Paineiras,1,CRAS Barra,CRAS Barra,Público Geral,Assistente Social
Feminino,26,Médio Completo,Pimenteiras,1,CRAS Barra,CRAS Barra,Público Geral,Assistente Social
Feminino,42,Superior Completo,Pimenteiras,1,CRAS Barra,CRAS Barra,Público Geral,Assistente Social
Feminino,65,Fundamental Incompleto,Salaco,1,CRAS Barra,CRAS Barra,Público Geral,Assistente Social
Feminino,32,Médio Completo,Quebra Frascos,1,CRAS Barra,CRAS Barra,Público Geral,Assistente Social
Feminino,28,Médio Completo,Espanhol,1,CRAS Barra,CRAS Barra,Público Geral,Assistente Social
Feminino,57,Fundamental Incompleto,Pimenteiras,1,CRAS Barra,CRAS Barra,Público Geral,Cadastro Único
Feminino,25,Médio Completo,Barra do Imbuí,1,CRAS Barra,CRAS Barra,Público Geral,Cadastro Único
Feminino,58,Médio Completo,Jardim Feo,1,CRAS Barra,CRAS Barra,Público Geral,Cadastro Único
Masculino,39,Fundamental Incompleto,Caleme,1,CRAS Barra,CRAS Barra,Público Geral,Cadastro Único
Feminino,22,Médio Completo,Barra do Imbuí,1,CRAS Barra,CRAS Barra,Público Geral,Cadastro Único
Masculino,30,Fundamental Incompleto,Paineiras,1,CRAS Barra,CRAS Barra,Público Geral,Cadastro Único
Feminino,42,Superior Completo,Pimenteiras,1,CRAS Barra,CRAS Barra,Público Geral,Cadastro Único
Feminino,63,Superior Completo,Barra do Imbuí,1,CRAS Barra,CRAS Barra,Público Geral,Cadastro Único
Feminino,28,Médio Completo,Espanhol,1,CRAS Barra,CRAS Barra,Público Geral,Cadastro Único
Feminino,65,Fundamental Incompleto,Salaco,1,CRAS Barra,CRAS Barra,Público Geral,Cadastro Único
Masculino,34,Médio Completo,Parque do Imbuí,1,CRAS Barra,CRAS Barra,Público Geral,Cadastro Único
Feminino,19,Médio Completo,Caleme,1,CRAS Barra,CRAS Barra,Público Geral,Cadastro Único
Feminino,48,Médio Completo,Caleme,1,CRAS Barra,CRAS Barra,Público Geral,Cadastro Único
Feminino,43,Fundamental Completo,Vila Muqui,1,CRAS Barra,CRAS Barra,Público Geral,Assistente Social
Feminino,28,Médio Completo,Caleme,1,CRAS Barra,CRAS Barra,Público Geral,Assistente Social
Feminino,18,Médio Incompleto,Caleme,1,CRAS Barra,CRAS Barra,Público Geral,Assistente Social
Feminino,21,Médio Incompleto,Quebra Frascos,1,CRAS Barra,CRAS Barra,Público Geral,Assistente Social
Feminino,28,Médio Completo,Pimenteiras,1,CRAS Barra,CRAS Barra,Público Geral,Assistente Social
Feminino,45,Médio Completo,Barra do Imbuí,1,CRAS Barra,CRAS Barra,Público Geral,Assistente Social
Feminino,55,Fundamental Incompleto,Vila Muqui,1,CRAS Barra,CRAS Barra,Público Geral,Assistente Social
Feminino,42,Fundamental Incompleto,Paineiras,1,CRAS Barra,CRAS Barra,Público Geral,Assistente Social
Feminino,44,Médio Incompleto,Caleme,1,CRAS Barra,CRAS Barra,Público Geral,Assistente Social
Feminino,53,Médio Completo,Paineiras,1,CRAS Barra,CRAS Barra,Público Geral,Assistente Social
Feminino,57,Fundamental Incompleto,Barra do Imbuí,1,CRAS Barra,CRAS Barra,Público Geral,Assistente Social
Feminino,32,Médio Completo,Paineiras,1,CRAS Barra,CRAS Barra,Público Geral,Cadastro Único
Feminino,71,Não Escolarizado,Granja Florestal,1,CRAS Barra,CRAS Barra,Público Geral,Cadastro Único
Feminino,28,Médio Completo,Caleme,1,CRAS Barra,CRAS Barra,Público Geral,Cadastro Único
Feminino,73,Fundamental Incompleto,Pimenteiras,1,CRAS Barra,CRAS Barra,Público Geral,Cadastro Único
Feminino,21,Médio Incompleto,Quebra Frascos,1,CRAS Barra,CRAS Barra,Público Geral,Cadastro Único
Feminino,21,Médio Incompleto,Barra do Imbuí,1,CRAS Barra,CRAS Barra,Público Geral,Cadastro Único
Feminino,49,Médio Completo,Barra do Imbuí,1,CRAS Barra,CRAS Barra,Público Geral,Assistente Social
Feminino,57,Fundamental Incompleto,Jardim Feo,1,CRAS Barra,CRAS Barra,Público Geral,Assistente Social
Feminino,37,Médio Incompleto,Jardim Feo,1,CRAS Barra,CRAS Barra,Público Geral,Assistente Social
Feminino,45,Superior Completo,Barra do Imbuí,1,CRAS Barra,CRAS Barra,Público Geral,Assistente Social
Feminino,46,Médio Incompleto,Jardim Feo,1,CRAS Barra,CRAS Barra,Público Geral,Assistente Social
Feminino,23,Fundamental Incompleto,Jardim Feo,1,CRAS Barra,CRAS Barra,Público Geral,Assistente Social
Feminino,23,Fundamental Incompleto,Jardim Feo,1,CRAS Barra,CRAS Barra,Público Geral,Psicóloga 
Masculino,65,Fundamental Incompleto,Parque do Imbuí,1,CRAS Barra,CRAS Barra,Público Geral,Assistente Social
Feminino,80,Fundamental Incompleto,Paineiras,1,CRAS Barra,CRAS Barra,Público Geral,Assistente Social
Feminino,40,Médio Completo,Paineiras,1,CRAS Barra,CRAS Barra,Público Geral,Assistente Social
Feminino,68,Fundamental Incompleto,Caleme,1,CRAS Barra,CRAS Barra,Público Geral,Assistente Social
Feminino,80,Fundamental Incompleto,Barra do Imbuí,1,CRAS Barra,CRAS Barra,Público Geral,Assistente Social
Feminino,80,Fundamental Incompleto,Barra do Imbuí,1,CRAS Barra,CRAS Barra,Público Geral,Psicóloga 
Feminino,68,Fundamental Incompleto,Granja Florestal,1,CRAS Barra,CRAS Barra,Público Geral,Assistente Social
Feminino,20,Médio Completo,Campo Grande,1,CRAS Barra,CRAS Barra,Público Geral,Assistente Social
Feminino,57,Fundamental Incompleto,Barra do Imbuí,1,CRAS Barra,CRAS Barra,Público Geral,Assistente Social
Feminino,26,Médio Completo,Salaco,1,CRAS Barra,CRAS Barra,Público Geral,Assistente Social
Feminino,26,Fundamental Incompleto,Parque do Imbuí,1,CRAS Barra,CRAS Barra,Público Geral,Cadastro Único
Feminino,34,Médio Completo,Paineiras,1,CRAS Barra,CRAS Barra,Público Geral,Cadastro Único
Feminino,39,Fundamental Completo,Paineiras,1,CRAS Barra,CRAS Barra,Público Geral,Cadastro Único
Feminino,80,Médio Completo,Barra do Imbuí,1,CRAS Barra,CRAS Barra,Público Geral,Cadastro Único
Feminino,61,Fundamental Completo,Barra do Imbuí,1,CRAS Barra,CRAS Barra,Público Geral,Assistente Social
Feminino,47,Médio Completo,Jardim Feo,1,CRAS Barra,CRAS Barra,Público Geral,Assistente Social
Feminino,55,Fundamental Incompleto,Jardim Feo,1,CRAS Barra,CRAS Barra,Público Geral,Assistente Social
Feminino,58,Fundamental Incompleto,Jardim Feo,1,CRAS Barra,CRAS Barra,Público Geral,Assistente Social
Masculino,60,Fundamental Completo,Situação de Rua,1,CRAS Barra,CRAS Barra,Público Geral,Assistente Social
Feminino,31,Fundamental Incompleto,Vila Muqui,1,CRAS Barra,CRAS Barra,Público Geral,Assistente Social
Feminino,21,Médio Incompleto,Vila Muqui,1,CRAS Barra,CRAS Barra,Público Geral,Assistente Social
Feminino,18,Médio Completo,Quebra Frascos,1,CRAS Barra,CRAS Barra,Público Geral,Assistente Social
Feminino,52,Médio Incompleto,Jardim Feo,1,CRAS Barra,CRAS Barra,Público Geral,Assistente Social
Feminino,42,Médio Completo,Barra do Imbuí,1,CRAS Barra,CRAS Barra,Público Geral,Assistente Social
Masculino,27,Médio Completo,Vila Muqui,1,CRAS Barra,CRAS Barra,Público Geral,Assistente Social
Feminino,40,Médio Completo,Prata,1,CRAS Barra,CRAS Barra,Público Geral,Assistente Social
Feminino,23,Médio Completo,Salaco,1,CRAS Barra,CRAS Barra,Público Geral,Assistente Social
Feminino,65,Fundamental Incompleto,Granja Florestal,1,CRAS Barra,CRAS Barra,Público Geral,Assistente Social
Feminino,61,Fundamental Completo,Barra do Imbuí,1,CRAS Barra,CRAS Barra,Público Geral,Psicóloga 
Feminino,41,Médio Completo,Jardim Feo,1,CRAS Barra,CRAS Barra,Público Geral,Assistente Social
Feminino,49,Fundamental Incompleto,Barra do Imbuí,1,CRAS Barra,CRAS Barra,Público Geral,Assistente Social
Feminino,49,Médio Incompleto,Barra do Imbuí,1,CRAS Barra,CRAS Barra,Público Geral,Assistente Social
Feminino,53,Médio Incompleto,Caleme,1,CRAS Barra,CRAS Barra,Público Geral,Assistente Social
Feminino,50,Fundamental Incompleto,Quinta da Barra,1,CRAS Barra,CRAS Barra,Público Geral,Assistente Social
Masculino,36,Médio Completo,Paineiras,1,CRAS Barra,CRAS Barra,Público Geral,Assistente Social
Feminino,48,Fundamental Incompleto,Barra do Imbuí,1,CRAS Barra,CRAS Barra,Público Geral,Cadastro Único
Feminino,55,Fundamental Incompleto,Jardim Feo,1,CRAS Barra,CRAS Barra,Público Geral,Cadastro Único
Feminino,68,Fundamental Incompleto,Barra do Imbuí,1,CRAS Barra,CRAS Barra,Público Geral,Cadastro Único
Masculino,60,Fundamental Completo,Situação de Rua,1,CRAS Barra,CRAS Barra,Público Geral,Cadastro Único
Masculino,69,Médio Completo,Barra do Imbuí,1,CRAS Barra,CRAS Barra,Público Geral,Cadastro Único
Masculino,32,Fundamental Incompleto,Vila Muqui,1,CRAS Barra,CRAS Barra,Público Geral,Cadastro Único
Feminino,30,Médio Incompleto,Granja Florestal,1,CRAS Barra,CRAS Barra,Público Geral,Cadastro Único
Feminino,18,Médio Completo,Quebra Frascos,1,CRAS Barra,CRAS Barra,Público Geral,Cadastro Único
Masculino,27,Médio Completo,Vila Muqui,1,CRAS Barra,CRAS Barra,Público Geral,Cadastro Único
Feminino,23,Médio Completo,Salaco,1,CRAS Barra,CRAS Barra,Público Geral,Cadastro Único
Feminino,18,Médio Completo,Barra do Imbuí,1,CRAS Barra,CRAS Barra,Público Geral,Cadastro Único
Feminino,36,Médio Completo,Caleme,1,CRAS Barra,CRAS Barra,Público Geral,Cadastro Único
Masculino,23,Médio Incompleto,Salaco,1,CRAS Barra,CRAS Barra,Público Geral,Cadastro Único
Masculino,47,Fundamental Incompleto,Barra do Imbuí,1,CRAS Barra,CRAS Barra,Público Geral,Cadastro Único
Feminino,36,Médio Incompleto,Paineiras,1,CRAS Barra,CRAS Barra,Público Geral,Cadastro Único
Masculino,36,Fundamental Incompleto,Parque do Imbuí,1,CRAS Barra,CRAS Barra,Público Geral,Assistente Social
Masculino,60,Fundamental Completo,Barra do Imbuí,1,CRAS Barra,CRAS Barra,Público Geral,Assistente Social
Feminino,57,Médio Incompleto,Jardim Pimenteiras ,1,CRAS Barra,CRAS Barra,Público Geral,Assistente Social
Feminino,35,Médio Incompleto,Jardim Feo,1,CRAS Barra,CRAS Barra,Público Geral,Assistente Social
Feminino,56,Fundamental Incompleto,Caleme ,1,CRAS Barra,CRAS Barra,Público Geral,Assistente Social
Feminino,56,Fundamental Incompleto,Caleme ,1,CRAS Barra,CRAS Barra,Público Geral,Psicológa
Feminino,47,Médio Incompleto,Vila Muqui,1,CRAS Barra,CRAS Barra,Público Geral,Assistente Social
Feminino,33,Fundamental Incompleto,Paineiras,1,CRAS Barra,CRAS Barra,Público Geral,Assistente Social
Feminino,25,Médio Incompleto,Paineiras,1,CRAS Barra,CRAS Barra,Público Geral,Assistente Social
Feminino,28,Médio Completo,Salaco,1,CRAS Barra,CRAS Barra,Público Geral,Assistente Social
Feminino,19,Médio Completo,Vila Muqui,1,CRAS Barra,CRAS Barra,Público Geral,Assistente Social
Feminino,67,Médio Incompleto,Barra do Imbuí,1,CRAS Barra,CRAS Barra,Público Geral,Assistente Social
Masculino,68,Médio Completo,Barra do Imbuí,1,CRAS Barra,CRAS Barra,Público Geral,Assistente Social
Masculino,56,Fundamental Incompleto,Parque do Imbuí,1,CRAS Barra,CRAS Barra,Público Geral,Cadastro Único
Feminino,61,Fundamental Incompleto,Barra do Imbuí,1,CRAS Barra,CRAS Barra,Público Geral,Cadastro Único
Feminino,47,Superior Completo,Quebra Frascos,1,CRAS Barra,CRAS Barra,Público Geral,Cadastro Único
Feminino,28,Médio Completo,Caleme ,1,CRAS Barra,CRAS Barra,Público Geral,Cadastro Único
Masculino,31,Superior Completo,Jardim Feo,1,CRAS Barra,CRAS Barra,Público Geral,Cadastro Único
Feminino,54,Médio Completo,Barra do Imbuí,1,CRAS Barra,CRAS Barra,Público Geral,Cadastro Único
Masculino,34,Médio Incompleto,Jardim Feo,1,CRAS Barra,CRAS Barra,Público Geral,Cadastro Único
Feminino,73,Não Escolarizado,Paineiras,1,CRAS Barra,CRAS Barra,Público Geral,Cadastro Único
Feminino,47,Médio Incompleto,Vila Muqui,1,CRAS Barra,CRAS Barra,Público Geral,Cadastro Único
Feminino,33,Fundamental Incompleto,Paineiras,1,CRAS Barra,CRAS Barra,Público Geral,Cadastro Único
Feminino,25,Médio Completo,Paineiras,1,CRAS Barra,CRAS Barra,Público Geral,Cadastro Único
Feminino,21,Médio Completo,Paineiras,1,CRAS Barra,CRAS Barra,Público Geral,Cadastro Único
Masculino,43,Médio Completo,Barra do Imbuí,1,CRAS Barra,CRAS Barra,Público Geral,Cadastro Único
Feminino,23,Médio Completo,Jardim Feo,1,CRAS Barra,CRAS Barra,Público Geral,Cadastro Único
Feminino,59,Fundamental Incompleto,Caleme ,1,CRAS Barra,CRAS Barra,Público Geral,Cadastro Único
Feminino,64,Médio Incompleto,Caleme ,1,CRAS Barra,CRAS Barra,Público Geral,Cadastro Único
Feminino,67,Médio Incompleto,Barra do Imbuí,1,CRAS Barra,CRAS Barra,Público Geral,Cadastro Único
Feminino,57,Médio Completo,Caleme ,1,CRAS Barra,CRAS Barra,Público Geral,Cadastro Único
Feminino,48,Fundamental Incompleto,Caleme ,1,CRAS Barra,CRAS Barra,Público Geral,Cadastro Único
Feminino,59,Fundamental Completo,Granja Florestal,1,CRAS Barra,CRAS Barra,Público Geral,Cadastro Único
Masculino,41,Fundamental Incompleto,Espanhol,1,CRAS Barra,CRAS Barra,Público Geral,Cadastro Único
Feminino,58,Fundamental Incompleto,Barra do Imbuí,1,CRAS Barra,CRAS Barra,Público Geral,Cadastro Único
Feminino,35,Médio Completo,Parque do Imbuí,1,CRAS Barra,CRAS Barra,Público Geral,Cadastro Único
Feminino,27,Fundamental Completo,Pimenteiras,1,CRAS Barra,CRAS Barra,Público Geral,Cadastro Único
Feminino,65,Fundamental Incompleto,Barra do Imbuí,1,CRAS Barra,CRAS Barra,Público Geral,Cadastro Único
Masculino,42,Médio Incompleto,Pimenteiras,1,CRAS Barra,CRAS Barra,Público Geral,Cadastro Único
Feminino,32,Médio Completo,Barra do Imbuí,1,CRAS Barra,CRAS Barra,Público Geral,Cadastro Único
Feminino,32,Fundamental Completo,Caleme ,1,CRAS Barra,CRAS Barra,Público Geral,Cadastro Único
Feminino,31,Médio Incompleto,Pimenteiras,1,CRAS Barra,CRAS Barra,Público Geral,Cadastro Único
Masculino,64,Fundamental Incompleto,Barra do Imbuí,1,CRAS Barra,CRAS Barra,Público Geral,Cadastro Único
Feminino,37,Médio Completo,Parque do Imbuí,1,CRAS Barra,CRAS Barra,Público Geral,Cadastro Único
Feminino,24,Médio Completo,Granja Florestal,1,CRAS Barra,CRAS Barra,Público Geral,Cadastro Único
Feminino,67,Médio Incompleto,Barra do Imbuí,1,CRAS Barra,CRAS Barra,Público Geral,Assistente Social
Masculino,54,Médio Completo,Barra do Imbuí,1,CRAS Barra,CRAS Barra,Público Geral,Assistente Social
Feminino,35,Médio Incompleto,Paineiras,1,CRAS Barra,CRAS Barra,Público Geral,Assistente Social
Masculino,41,Fundamental Incompleto,Espanhol,1,CRAS Barra,CRAS Barra,Público Geral,Assistente Social
Feminino,54,Médio Completo,Cascata do Imbuí ,1,CRAS Barra,CRAS Barra,Público Geral,Assistente Social
Feminino,53,Fundamental Incompleto,Jardim Pimenteiras ,1,CRAS Barra,CRAS Barra,Público Geral,Assistente Social
Feminino,56,Médio Incompleto,Barra do Imbuí,1,CRAS Barra,CRAS Barra,Público Geral,Assistente Social
Feminino,20,Médio Incompleto,Espanhol,1,CRAS Barra,CRAS Barra,Público Geral,Assistente Social
Masculino,27,Médio Completo,Vila Muqui,1,CRAS Barra,CRAS Barra,Público Geral,Assistente Social
Masculino,24,Médio Completo,Barra do Imbuí,1,CRAS Barra,CRAS Barra,Público Geral,Assistente Social
Masculino,44,Médio Completo,Barra do Imbuí,1,CRAS Barra,CRAS Barra,Público Geral,Assistente Social
Feminino,57,Médio Completo,Jardim Feo ,1,CRAS Barra,CRAS Barra,Público Geral,Assistente Social
Feminino,51,Fundamental Completo,Caleme ,1,CRAS Barra,CRAS Barra,Público Geral,Assistente Social
Feminino,32,Médio Incompleto,Salaco ,1,CRAS Barra,CRAS Barra,Público Geral,Cadastro Único
Feminino,25,Médio Incompleto,Salaco,1,CRAS Barra,CRAS Barra,Público Geral,Cadastro Único
Feminino,21,Médio Completo,Barra do Imbuí,1,CRAS Barra,CRAS Barra,Público Geral,Cadastro Único
Feminino,52,Fundamental Completo,Barra do Imbuí,1,CRAS Barra,CRAS Barra,Público Geral,Cadastro Único
Feminino,42,Médio Completo,Barra do Imbuí,1,CRAS Barra,CRAS Barra,Público Geral,Cadastro Único
Feminino,34,Superior Completo,Barra do Imbuí,1,CRAS Barra ,CRAS Barra ,Público Geral,Cadastro Único
Feminino,37,Superior Completo,Barra do Imbuí,1,CRAS Barra ,CRAS Barra ,Público Geral,Cadastro Único
Feminino,32,Fundamental Incompleto,Espanhol ,1,CRAS Barra ,CRAS Barra ,Público Geral,Cadastro Único
Masculino,51,Fundamental Incompleto,Paineiras,1,CRAS Barra ,CRAS Barra ,Público Geral,Cadastro Único
Feminino,63,Fundamental Incompleto,Paineiras,1,CRAS Barra,CRAS Barra,Público Geral,Cadastro Único
Feminino,51,Médio Completo,Caleme ,1,CRAS Barra ,CRAS Barra ,Público Geral,Cadastro Único
Feminino,49,Superior Completo,Caleme ,1,CRAS Barra ,CRAS Barra ,Público Geral,Cadastro Único
Masculino,64,Fundamental Incompleto,Barra do Imbuí,1,CRAS Barra,CRAS Barra,Público Geral,Cadastro Único
Feminino,27,Médio Incompleto,Jardim Feo,1,CRAS Barra ,CRAS Barra ,Público Geral,Cadastro Único
Feminino,39,Médio Completo,Granja Florestal,1,CRAS Barra ,CRAS Barra ,Público Geral,Cadastro Único
Feminino,60,Fundamental Completo,Jardim Pinheiros ,1,CRAS Barra ,CRAS Barra ,Público Geral,Cadastro Único
Feminino,54,Fundamental Incompleto, Vila Muqui ,1,CRAS Barra ,CRAS Barra ,Público Geral,Cadastro Único
Feminino,42,Fundamental Incompleto,Salaco ,1,CRAS Barra ,CRAS Barra ,Público Geral,Cadastro Único
Feminino,43,Fundamental Incompleto,Caleme ,1,CRAS Barra ,CRAS Barra ,Público Geral,Cadastro Único
Feminino,36,Fundamental Incompleto,Vila Muqui,1,CRAS Barra ,CRAS Barra ,Público Geral,Cadastro Único
Feminino,55,Médio Completo,Jardim Feo,1,CRAS Barra ,CRAS Barra ,Público Geral,Assistente Social
Feminino,37,Médio Completo,Jardim Feo,1,CRAS Barra ,CRAS Barra ,Público Geral,Psicológa
Feminino,44,Fundamental Incompleto,Granja Florestal,1,CRAS Barra ,CRAS Barra ,Público Geral,Assistente Social
Feminino,32,Médio Completo,Paineiras,1,CRAS Barra ,CRAS Barra ,Público Geral,Psicológa
Feminino,7,Fundamental Incompleto,Paineiras,1,CRAS Barra ,CRAS Barra ,Público Geral,Psicológa
Masculino,58,Fundamental Incompleto,Jardim Feo,1,CRAS Barra ,CRAS Barra ,Público Geral,Assistente Social
Masculino,54,Médio Completo,Barra do Imbuí,1,CRAS Barra ,CRAS Barra ,Público Geral,Assistente Social
Feminino,26,Médio Completo,Barra do Imbuí,1,CRAS Barra ,CRAS Barra ,Público Geral,Assistente Social
Feminino,19,Médio Incompleto,Caleme ,1,CRAS Barra ,CRAS Barra ,Público Geral,Assistente Social
Feminino,33,Fundamental Incompleto,Paineiras,1,CRAS Barra ,CRAS Barra ,Público Geral,Assistente Social
Masculino,25,Fundamental Completo,Paineiras,1,CRAS Barra ,CRAS Barra ,Público Geral,Assistente Social
Feminino,29,Médio Incompleto,Caleme ,1,CRAS Barra ,CRAS Barra ,Público Geral,Assistente Social
Feminino,57,Médio Completo,Jardim Feo,1,CRAS Barra ,CRAS Barra ,Público Geral,Assistente Social
Masculino,61,Fundamental Incompleto,Barra do Imbuí,1,CRAS Barra ,CRAS Barra ,Público Geral,Assistente Social
Feminino,32,Fundamental Incompleto,Quebra Frascos,1,CRAS Barra ,CRAS Barra ,Público Geral,Assistente Social
Feminino,63,Fundamental Incompleto,Paineiras,1,CRAS Barra ,CRAS Barra ,Público Geral,Assistente Social
Masculino,63,Fundamental Incompleto,Pimenteiras ,1,CRAS Barra ,CRAS Barra ,Público Geral,Assistente Social
Feminino,51,Médio Completo,Caleme ,1,CRAS Barra,CRAS Barra,Público Geral,Assistente Social
Feminino,58,Fundamental Incompleto,Jardim Feo,1,CRAS Barra ,CRAS Barra ,Público Geral,Assistente Social
Feminino,58,Fundamental Incompleto,Jardim Feo,1,CRAS Barra ,CRAS Barra ,Público Geral,Psicológa
Feminino,32,Médio Completo,Paineiras,1,CRAS Barra ,CRAS Barra ,Público Geral,Assistente Social
Feminino,38,Médio Completo,Caleme ,1,CRAS Barra ,CRAS Barra ,Público Geral,Assistente Social
Feminino,54,Fundamental Incompleto,Vila Muqui,1,CRAS Barra ,CRAS Barra ,Público Geral,Assistente Social
Feminino,49,Fundamental Incompleto,Jardim Feo,1,CRAS Barra ,CRAS Barra ,Público Geral,Psicológa
Feminino,14,Fundamental Incompleto,Jardim Feo,1,CRAS Barra ,CRAS Barra ,Público Geral,Psicológa
Feminino,15,Fundamental Incompleto,Granja Florestal,1,CRAS Barra ,CRAS Barra ,Público Geral,Psicológa
Feminino,23,Fundamental Incompleto,São Pedro ,1,CRAS Barra ,CRAS Barra ,Público Geral,Psicológa
Feminino,36,Fundamental Incompleto,Vila Muqui,1,CRAS Barra,CRAS Barra,Público Geral,Assistente Social
Feminino,36,Fundamental Incompleto,Barra do Imbuí,1,CRAS Barra ,CRAS Barra ,Público Geral,Assistente Social
Feminino,34,Médio Completo,Barra do Imbuí,1,CRAS Barra ,CRAS Barra ,Público Geral,Assistente Social
Feminino,18,Médio Incompleto,Ponte Nova ,1,CRAS Barra ,CRAS Barra ,Público Geral,Assistente Social
Feminino,18,Médio Incompleto,Jardim Feo,1,CRAS Barra ,CRAS Barra ,Público Geral,Assistente Social
Feminino,56,Fundamental Incompleto,Caleme ,1,CRAS Barra ,CRAS Barra ,Público Geral,Assistente Social
Masculino,25,Médio Incompleto,Barra do Imbuí,1,CRAS Barra ,CRAS Barra ,Público Geral,Assistente Social
Masculino,78,Fundamental Incompleto,Pimenteiras ,1,CRAS Barra ,CRAS Barra ,Público Geral,Assistente Social
Masculino,70,Fundamental Incompleto,Jardim Feo,1,CRAS Barra ,CRAS Barra ,Público Geral,Cadastro Único
Feminino,40,Médio Completo,Caleme ,1,CRAS Barra ,CRAS Barra ,Público Geral,Cadastro Único
Feminino,36,Fundamental Incompleto,Parque do Imbuí,1,CRAS Barra ,CRAS Barra ,Público Geral,Cadastro Único
Feminino,43,Médio Completo,Granja Florestal,1,CRAS Barra ,CRAS Barra ,Público Geral,Cadastro Único
Masculino,38,Médio Completo,Jardim Pimenteiras ,1,CRAS Barra ,CRAS Barra ,Público Geral,Cadastro Único
Feminino,20,Médio Completo,Jardim Feo,1,CRAS Barra ,CRAS Barra ,Público Geral,Cadastro Único
Masculino,58,Fundamental Incompleto,Jardim Feo,1,CRAS Barra ,CRAS Barra ,Público Geral,Cadastro Único
Masculino,46,Fundamental Incompleto,Posse,1,CRAS Barra ,CRAS Barra ,Público Geral,Cadastro Único
Feminino,26,Médio Completo,Barra do Imbuí,1,CRAS Barra ,CRAS Barra ,Público Geral,Cadastro Único
Feminino,44,Médio Completo,Jardim Pimenteiras ,1,CRAS Barra ,CRAS Barra ,Público Geral,Cadastro Único
Masculino,60,Fundamental Incompleto,São Pedro ,1,CRAS Barra ,CRAS Barra ,Público Geral,Cadastro Único
Masculino,36,Médio Completo,Barra do Imbuí,1,CRAS Barra ,CRAS Barra ,Público Geral,Cadastro Único
Feminino,19,Médio Completo,Caleme ,1,CRAS Barra ,CRAS Barra ,Público Geral,Cadastro Único
Masculino,53,Superior Incompleto,Barra do Imbuí,1,CRAS Barra ,CRAS Barra ,Público Geral,Cadastro Único
Feminino,17,Médio Incompleto,Barra do Imbuí,1,CRAS Barra ,CRAS Barra ,Público Geral,Cadastro Único
Feminino,33,Fundamental Incompleto,Paineiras,1,CRAS Barra ,CRAS Barra ,Público Geral,Cadastro Único
Feminino,26,Médio Completo,Caleme ,1,CRAS Barra ,CRAS Barra ,Público Geral,Cadastro Único
Feminino,54,Médio Incompleto,Paineiras,1,CRAS Barra ,CRAS Barra ,Público Geral,Cadastro Único
Feminino,33,Médio Completo,Caleme ,1,CRAS Barra ,CRAS Barra ,Público Geral,Cadastro Único
Feminino,29,Médio Incompleto,Caleme ,1,CRAS Barra ,CRAS Barra ,Público Geral,Cadastro Único
Feminino,48,Médio Completo,Granja Florestal,1,CRAS Barra ,CRAS Barra ,Público Geral,Cadastro Único
Feminino,67,Médio Completo,Granja Florestal,1,CRAS Barra ,CRAS Barra ,Público Geral,Cadastro Único
Feminino,25,Médio Incompleto,Paineiras,1,CRAS Barra ,CRAS Barra ,Público Geral,Cadastro Único
Feminino,57,Fundamental Completo,Barra do Imbuí,1,CRAS Barra ,CRAS Barra ,Público Geral,Cadastro Único
Feminino,36,Médio Completo,Paineiras,1,CRAS Barra ,CRAS Barra ,Público Geral,Cadastro Único
Feminino,16,Fundamental Incompleto,Barra do Imbuí,1,CRAS Barra ,CRAS Barra ,Público Geral,Cadastro Único
Feminino,53,Fundamental Incompleto,Caleme ,1,CRAS Barra ,CRAS Barra ,Público Geral,Cadastro Único
Masculino,39,Médio Completo,Paineiras,1,CRAS Barra ,CRAS Barra ,Público Geral,Cadastro Único
Feminino,26,Médio Completo,Barra do Imbuí,1,CRAS Barra ,CRAS Barra ,Público Geral,Cadastro Único
Masculino,59,Superior Completo,Jardim Feo,1,CRAS Barra ,CRAS Barra ,Público Geral,Cadastro Único
Feminino,41,Superior Completo,Cascata do Imbuí ,1,CRAS Barra ,CRAS Barra ,Público Geral,Cadastro Único
Masculino,67,Fundamental Incompleto,Caleme ,1,CRAS Barra ,CRAS Barra ,Público Geral,Cadastro Único
Feminino,43,Médio Completo,Barra do Imbuí,1,CRAS Barra ,CRAS Barra ,Público Geral,Cadastro Único
Feminino,63,Fundamental Incompleto,Cascata do Imbuí ,1,CRAS Barra ,CRAS Barra ,Público Geral,Cadastro Único
Feminino,53,Fundamental Incompleto,Jardim Feo,1,CRAS Barra ,CRAS Barra ,Público Geral,Cadastro Único
Feminino,22,Fundamental Incompleto,Barra do Imbuí,1,CRAS Barra ,CRAS Barra ,Público Geral,Cadastro Único
Feminino,19,Médio Completo,Caleme ,1,CRAS Barra ,CRAS Barra ,Público Geral,Cadastro Único
Feminino,63,Médio Completo,Salaco ,1,CRAS Barra ,CRAS Barra ,Público Geral,Cadastro Único
Feminino,23,Médio Incompleto,Espanhol,1,CRAS Barra ,CRAS Barra ,Público Geral,Cadastro Único
Feminino,42,Médio Completo,Espanhol,1,CRAS Barra,CRAS Barra,Público Geral,Cadastro Único
Feminino,46,Superior Incompleto,Posse,1,CRAS Barra,CRAS Barra,Público Geral,Cadastro Único
Feminino,52,Fundamental Incompleto,Caleme ,1,CRAS Barra,CRAS Barra,Público Geral,Cadastro Único
Feminino,54,Médio Incompleto,Barra do Imbuí,1,CRAS Barra,CRAS Barra,Público Geral,Cadastro Único
Masculino,32,Fundamental Incompleto,Vila Muqui,1,CRAS Barra,CRAS Barra,Público Geral,Cadastro Único
Feminino,29,Superior Completo,Pimenteiras,1,CRAS Barra,CRAS Barra,Público Geral,Cadastro Único
Feminino,45,Médio Completo,Barra do Imbuí,1,CRAS Barra,CRAS Barra,Público Geral,Cadastro Único
Feminino,40,Fundamental Completo,Paineiras,1,CRAS Barra,CRAS Barra,Público Geral,Cadastro Único
Feminino,47,Superior Completo,Vila Muqui,1,CRAS Barra,CRAS Barra,Público Geral,Cadastro Único
Masculino,56,Fundamental Completo,Pimenteiras,1,CRAS Barra,CRAS Barra,Público Geral,Cadastro Único
Feminino,60,Fundamental Incompleto,Vila Muqui,1,CRAS Barra,CRAS Barra,Público Geral,Cadastro Único
Masculino,61,Fundamental Incompleto,Barra do Imbuí,1,CRAS Barra,CRAS Barra,Público Geral,Assistente Social
Feminino,25,Médio Completo,Caleme ,1,CRAS Barra,CRAS Barra,Público Geral,Assistente Social
Feminino,26,Médio Completo,Barra do Imbuí,1,CRAS Barra,CRAS Barra,Público Geral,Assistente Social
Feminino,34,Médio Completo,Pimenteiras,1,CRAS Barra,CRAS Barra,Público Geral,Assistente Social
Feminino,55,Fundamental Incompleto,Jardim Feo,1,CRAS Barra,CRAS Barra,Público Geral,Assistente Social
Feminino,27,Fundamental Incompleto,Paineiras,1,CRAS Barra,CRAS Barra,Público Geral,Assistente Social
Feminino,19,Médio Completo,Caleme ,1,CRAS Barra,CRAS Barra,Público Geral,Assistente Social
Feminino,23,Médio Incompleto,Espanhol,1,CRAS Barra,CRAS Barra,Público Geral,Assistente Social
Feminino,46,Superior Incompleto,Posse,1,CRAS Barra,CRAS Barra,Público Geral,Assistente Social
Masculino,77,Médio Incompleto,Barra do Imbuí,1,CRAS Barra,CRAS Barra,Público Geral,Assistente Social
Feminino,28,Fundamental Incompleto,Jardim Feo,1,CRAS Barra,CRAS Barra,Público Geral,Assistente Social
Feminino,34,Fundamental Incompleto,Jardim Feo,1,CRAS Barra,CRAS Barra,Público Geral,Assistente Social
Masculino,19,Médio Completo,Barra do Imbuí,1,CRAS Barra,CRAS Barra,PAIF,Assistente Social
Feminino,36,Médio Incompleto,Espanhol,1,CRAS Barra,CRAS Barra,Público Geral,Assistente Social
Masculino,57,Fundamental Incompleto,Barra do Imbuí,1,CRAS Barra,CRAS Barra,Público Geral,Assistente Social
Feminino,56,Fundamental Incompleto,Paineiras,1,CRAS Barra,CRAS Barra,Público Geral,Assistente Social
Feminino,24,Fundamental Incompleto,Paineiras,1,CRAS Barra,CRAS Barra,Público Geral,Assistente Social
Feminino,38,Fundamental Incompleto,Barra do Imbuí,1,CRAS Barra,CRAS Barra,Público Geral,Assistente Social
Feminino,33,Fundamental Incompleto,Parque do Imbuí,1,CRAS Barra,CRAS Barra,Público Geral,Assistente Social
Feminino,28,Fundamental Incompleto,Vila Muqui,1,CRAS Barra,CRAS Barra,PAIF,Assistente Social
Feminino,24,Médio Completo,Barra do Imbuí,1,CRAS Barra,CRAS Barra,Público Geral,Assistente Social
Masculino,58,Fundamental Incompleto,Granja Florestal,1,CRAS Barra,CRAS Barra,Público Geral,Assistente Social
Feminino,52,Superior Incompleto,Paineiras,1,CRAS Barra,CRAS Barra,Público Geral,Assistente Social
Feminino,24,Fundamental Completo,Caleme ,1,CRAS Barra,CRAS Barra,PAIF,Cadastro Único
Feminino,38,Médio Completo,Caleme ,1,CRAS Barra,CRAS Barra,PAIF,Cadastro Único
Feminino,70,Fundamental Incompleto,Caleme ,1,CRAS Barra,CRAS Barra,PAIF,Cadastro Único
Feminino,36,Médio Completo,Paineiras,1,CRAS Barra,CRAS Barra,Público Geral,Cadastro Único
Feminino,19,Superior Incompleto,Vila Muqui,1,CRAS Barra,CRAS Barra,Público Geral,Cadastro Único
Feminino,66,Fundamental Completo,Pimenteiras,1,CRAS Barra,CRAS Barra,Público Geral,Cadastro Único
Feminino,31,Fundamental Incompleto,Paineiras,1,CRAS Barra,CRAS Barra,PAIF,Cadastro Único
Masculino,48,Fundamental Incompleto,Caleme ,1,CRAS Barra,CRAS Barra,Público Geral,Cadastro Único
Feminino,44,Superior Incompleto,Vila Muqui,1,CRAS Barra,CRAS Barra,Público Geral,Cadastro Único
Masculino,77,Médio Incompleto,Barra do Imbuí,1,CRAS Barra,CRAS Barra,Público Geral,Cadastro Único
Feminino,73,Médio Completo,Paineiras,1,CRAS Barra,CRAS Barra,Público Geral,Cadastro Único
Feminino,51,Fundamental Completo,Cascata do Imbuí ,1,CRAS Barra,CRAS Barra,Público Geral,Cadastro Único
Feminino,43,Fundamental Completo,Pimenteiras,1,CRAS Barra,CRAS Barra,Público Geral,Cadastro Único
Feminino,20,Médio Incompleto,Espanhol,1,CRAS Barra,CRAS Barra,Público Geral,Cadastro Único
Feminino,24,Médio Completo,Barra do Imbuí,1,CRAS Barra,CRAS Barra,Público Geral,Cadastro Único
Feminino,63,Fundamental Incompleto,Caleme ,1,CRAS Barra,CRAS Barra,Público Geral,Cadastro Único
Feminino,41,Médio Completo,Paineiras,1,CRAS Barra,CRAS Barra,Público Geral,Cadastro Único
Feminino,63,Fundamental Incompleto,Caleme ,1,CRAS Barra,CRAS Barra,Público Geral,Cadastro Único
Masculino,68,Fundamental Incompleto,Caleme ,1,CRAS Barra,CRAS Barra,Público Geral,Cadastro Único
Feminino,41,Superior Completo,Cascata do Imbuí ,1,CRAS Barra,CRAS Barra,Público Geral,Cadastro Único
Feminino,34,Médio Completo,Pimenteiras,1,CRAS Barra,CRAS Barra,Público Geral,Cadastro Único
Feminino,50,Fundamental Completo,Granja Florestal,1,CRAS Barra,CRAS Barra,Público Geral,Cadastro Único
Feminino,30,Médio Completo,Granja Florestal,1,CRAS Barra,CRAS Barra,Público Geral,Cadastro Único
Feminino,55,Fundamental Incompleto,Barra do Imbuí,1,CRAS Barra,CRAS Barra,Público Geral,Cadastro Único
Feminino,43,Médio Completo,Granja Florestal,1,CRAS Barra,CRAS Barra,Público Geral,Cadastro Único
Feminino,80,Fundamental Completo,Quebra Frascos,1,CRAS Barra,CRAS Barra,Público Geral,Cadastro Único
Feminino,30,Superior Completo,Caleme ,1,CRAS Barra,CRAS Barra,Público Geral,Cadastro Único
Feminino,66,Médio Completo,Jardim Feo,1,CRAS Barra,CRAS Barra,Público Geral,Cadastro Único
Masculino,60,Fundamental Incompleto,Parque do Imbuí,1,CRAS Barra,CRAS Barra,Público Geral,Cadastro Único
Feminino,36,Fundamental Incompleto,Jardim Feo,1,CRAS Barra,CRAS Barra,Público Geral,Cadastro Único
Feminino,59,Fundamental Incompleto,Salaco,1,CRAS Barra,CRAS Barra,Público Geral,Cadastro Único
Feminino,53,Fundamental Incompleto,Pimenteiras,1,CRAS Barra,CRAS Barra,Público Geral,Cadastro Único
Feminino,44,Médio Completo,Barra do Imbuí,1,CRAS Barra,CRAS Barra,Público Geral,Cadastro Único
Feminino,43,Médio Completo,Barra do Imbuí,1,CRAS Barra,CRAS Barra,Público Geral,Cadastro Único
Feminino,38,Superior Incompleto,Barra do Imbuí,1,CRAS Barra,CRAS Barra,Público Geral,Cadastro Único
Feminino,32,Fundamental Completo,Salaco,1,CRAS Barra,CRAS Barra,Público Geral,Cadastro Único
Feminino,32,Médio Completo,Barra do Imbuí,1,CRAS Barra,CRAS Barra,Público Geral,Cadastro Único
Feminino,68,Médio Incompleto,Jardim Feo,1,CRAS Barra,CRAS Barra,Público Geral,Cadastro Único
Feminino,41,Médio Completo,Jardim Feo,1,CRAS Barra,CRAS Barra,Público Geral,Cadastro Único
Feminino,40,Fundamental Incompleto,Pimenteiras,1,CRAS Barra,CRAS Barra,Público Geral,Cadastro Único
Feminino,40,Fundamental Incompleto,Caleme ,1,CRAS Barra,CRAS Barra,Público Geral,Cadastro Único
Feminino,58,Fundamental Incompleto,Barra do Imbuí,1,CRAS Barra,CRAS Barra,Público Geral,Cadastro Único
Feminino,43,Médio Completo,Granja Florestal,1,CRAS Barra,CRAS Barra,Público Geral,Assistente Social
Feminino,52,Fundamental Incompleto,Caleme ,1,CRAS Barra,CRAS Barra,Público Geral,Assistente Social
Feminino,18,Médio Completo,Caleme ,1,CRAS Barra,CRAS Barra,Público Geral,Assistente Social
Feminino,28,Médio Completo,Espanhol,1,CRAS Barra,CRAS Barra,Público Geral,Assistente Social
Feminino,18,Médio Completo,Paineiras,1,CRAS Barra,CRAS Barra,Público Geral,Assistente Social
Feminino,65,Fundamental Incompleto,Jardim Feo,1,CRAS Barra,CRAS Barra,Público Geral,Assistente Social
Feminino,33,Superior Incompleto,Barra do Imbuí,1,CRAS Barra,CRAS Barra,Público Geral,Assistente Social
Feminino,38,Superior Incompleto,Barra do Imbuí,1,CRAS Barra,CRAS Barra,Público Geral,Assistente Social
Feminino,61,Fundamental Completo,Granja Florestal,1,CRAS Barra,CRAS Barra,Público Geral,Assistente Social
Feminino,27,Médio Completo,Barra do Imbuí,1,CRAS Barra,CRAS Barra,Público Geral,Assistente Social
Feminino,18,Médio Completo,Barra do Imbuí,1,CRAS Barra,CRAS Barra,Público Geral,Assistente Social
Masculino,39,Médio Completo,Jardim Feo,1,CRAS Barra,CRAS Barra,Público Geral,Assistente Social
Masculino,83,Médio Incompleto,Barra do Imbuí,1,CRAS Barra,CRAS Barra,Público Geral,Assistente Social
Feminino,61,Médio Completo,Pimenteiras,1,CRAS Barra,CRAS Barra,Público Geral,Cadastro Único
Feminino,61,Médio Completo,Parque do Imbuí,1,CRAS Barra,CRAS Barra,Público Geral,Cadastro Único
Feminino,31,Fundamental Incompleto,Pimenteiras,1,CRAS Barra,CRAS Barra,Público Geral,Cadastro Único
Masculino,50,Fundamental Incompleto,Paineiras,1,CRAS Barra,CRAS Barra,Público Geral,Cadastro Único
Feminino,60,Fundamental Incompleto,Granja Florestal,1,CRAS Barra,CRAS Barra,Público Geral,Cadastro Único
Feminino,78,Fundamental Incompleto,Paineiras,1,CRAS Barra,CRAS Barra,Público Geral,Cadastro Único
Feminino,30,Médio Incompleto,Granja Florestal,1,CRAS Barra,CRAS Barra,Público Geral,Cadastro Único
Feminino,58,Fundamental Incompleto,Caleme ,1,CRAS Barra,CRAS Barra,Público Geral,Cadastro Único
Feminino,35,Médio Completo,Barra do Imbuí,1,CRAS Barra,CRAS Barra,Público Geral,Cadastro Único
Feminino,22,Médio Completo,Paineiras,1,CRAS Barra,CRAS Barra,Público Geral,Cadastro Único
Feminino,65,Médio Incompleto,Barra do Imbuí,1,CRAS Barra,CRAS Barra,Público Geral,Cadastro Único
Feminino,28,Médio Incompleto,Paineiras,1,CRAS Barra,CRAS Barra,Público Geral,Cadastro Único
Feminino,78,Fundamental Incompleto,Caleme ,1,CRAS Barra,CRAS Barra,Público Geral,Cadastro Único
Feminino,50,Fundamental Incompleto,Barra do Imbuí,1,CRAS Barra,CRAS Barra,Público Geral,Cadastro Único
Feminino,29,Médio Completo,Jardim Feo,1,CRAS Barra,CRAS Barra,Público Geral,Cadastro Único
Feminino,31,Fundamental Completo,Paineiras,1,CRAS Barra,CRAS Barra,Público Geral,Cadastro Único
Feminino,58,Médio Completo,Paineiras,1,CRAS Barra,CRAS Barra,Público Geral,Cadastro Único
Feminino,67,Fundamental Completo,Paineiras,1,CRAS Barra,CRAS Barra,Público Geral,Cadastro Único
Feminino,40,Médio Completo,Barra do Imbuí,1,CRAS Barra,CRAS Barra,Público Geral,Cadastro Único
Feminino,47,Médio Completo,Jardim Feo,1,CRAS Barra,CRAS Barra,Público Geral,Cadastro Único
Feminino,41,Fundamental Incompleto,Caleme ,1,CRAS Barra,CRAS Barra,Público Geral,Cadastro Único
Feminino,48,Fundamental Incompleto,Barra do Imbuí,1,CRAS Barra,CRAS Barra,Público Geral,Cadastro Único
Feminino,65,Médio Completo,Paineiras,1,CRAS Barra,CRAS Barra,Público Geral,Cadastro Único
Masculino,69,Fundamental Incompleto,Barra do Imbuí,1,CRAS Barra,CRAS Barra,Público Geral,Cadastro Único
Feminino,65,Fundamental Incompleto,Jardim Feo,1,CRAS Barra,CRAS Barra,Público Geral,Cadastro Único
Feminino,61,Fundamental Incompleto,Pimenteiras,1,CRAS Barra,CRAS Barra,Público Geral,Assistente Social
Feminino,30,Médio Incompleto,Granja Florestal,1,CRAS Barra,CRAS Barra,Público Geral,Assistente Social
Feminino,23,Médio Completo,Caleme ,1,CRAS Barra,CRAS Barra,Público Geral,Assistente Social
Feminino,58,Fundamental Incompleto,Caleme ,1,CRAS Barra,CRAS Barra,Público Geral,Assistente Social
Feminino,22,Médio Completo,Paineiras,1,CRAS Barra,CRAS Barra,Público Geral,Assistente Social
Feminino,40,Fundamental Incompleto,Dente de Ouro,1,CRAS Barra,CRAS Barra,Público Geral,Assistente Social
Feminino,32,Médio Completo,Pimenteiras,1,CRAS Barra,CRAS Barra,Público Geral,Assistente Social
Feminino,31,Médio Completo,Granja Florestal,1,CRAS Barra,CRAS Barra,Público Geral,Assistente Social
Feminino,29,Médio Completo,Barra do Imbuí,1,CRAS Barra,CRAS Barra,Público Geral,Assistente Social
Feminino,48,Médio Completo,Vila Muqui,1,CRAS Barra,CRAS Barra,Público Geral,Assistente Social
Feminino,26,Fundamental Incompleto,Paineiras,1,CRAS Barra,CRAS Barra,Público Geral,Assistente Social
Feminino,42,Superior Completo,Barra do Imbuí,1,CRAS Barra,CRAS Barra,Público Geral,Assistente Social
Masculino,46,Fundamental Incompleto,Paineiras,1,CRAS Barra,CRAS Barra,Público Geral,Cadastro Único
Masculino,54,Médio Completo,Barra do Imbuí,1,CRAS Barra,CRAS Barra,Público Geral,Cadastro Único
Feminino,78,Fundamental Incompleto,Jardim Feo,1,CRAS Barra,CRAS Barra,Público Geral,Cadastro Único
Feminino,43,Médio Completo,Paineiras,1,CRAS Barra,CRAS Barra,Público Geral,Cadastro Único
Masculino,34,Médio Incompleto,Paineiras,1,CRAS Barra,CRAS Barra,Público Geral,Cadastro Único
Feminino,41,Fundamental Completo,Vila Muqui,1,CRAS Barra,CRAS Barra,Público Geral,Cadastro Único
Feminino,18,Médio Completo,Barra do Imbuí,1,CRAS Barra,CRAS Barra,Público Geral,Cadastro Único
Masculino,49,Fundamental Incompleto,Barra do Imbuí,1,CRAS Barra,CRAS Barra,Público Geral,Cadastro Único
Feminino,29,Médio Completo,Granja Florestal,1,CRAS Barra,CRAS Barra,Público Geral,Cadastro Único
Feminino,38,Médio Incompleto,Paineiras,1,CRAS Barra,CRAS Barra,Público Geral,Cadastro Único
Feminino,56,Fundamental Incompleto,Salaco,1,CRAS Barra,CRAS Barra,Público Geral,Cadastro Único
Feminino,64,Fundamental Incompleto,Espanhol,1,CRAS Barra,CRAS Barra,Público Geral,Cadastro Único
Feminino,27,Médio Completo,Pimenteiras,1,CRAS Barra,CRAS Barra,Público Geral,Cadastro Único
Feminino,30,Médio Completo,Pimenteiras,1,CRAS Barra,CRAS Barra,Público Geral,Cadastro Único
Feminino,31,Fundamental Incompleto,Barra do Imbuí,1,CRAS Barra,CRAS Barra,Público Geral,Assistente Social
Feminino,38,Fundamental Completo,Barra do Imbuí,1,CRAS Barra,CRAS Barra,Público Geral,Assistente Social
Feminino,54,Médio Completo,Barra do Imbuí,1,CRAS Barra,CRAS Barra,Público Geral,Assistente Social
Feminino,38,Médio Completo,Pimenteiras,1,CRAS Barra,CRAS Barra,Público Geral,Assistente Social
Masculino,29,Médio Incompleto,Barra do Imbuí,1,CRAS Barra,CRAS Barra,Público Geral,Assistente Social
Masculino,34,Médio Incompleto,Paineiras,1,CRAS Barra,CRAS Barra,Público Geral,Assistente Social
Feminino,21,Médio Completo,Paineiras,1,CRAS Barra,CRAS Barra,Público Geral,Assistente Social
Feminino,78,Superior Completo,Barra do Imbuí,1,CRAS Barra,CRAS Barra,PAIF,Assistente Social
Feminino,68,Fundamental Incompleto,Barra do Imbuí,1,CRAS Barra,CRAS Barra,Público Geral,Assistente Social
Feminino,56,Fundamental Incompleto,Salaco,1,CRAS Barra,CRAS Barra,Público Geral,Assistente Social
Feminino,58,Fundamental Incompleto,Salaco,1,CRAS Barra,CRAS Barra,Público Geral,Assistente Social
Feminino,55,Fundamental Incompleto,Barra do Imbuí,1,CRAS Barra,CRAS Barra,Público Geral,Assistente Social
Feminino,32,Médio Completo,Paineiras,1,CRAS Barra,CRAS Barra,Público Geral,Assistente Social
Feminino,55,Fundamental Incompleto,Caleme ,1,CRAS Barra,CRAS Barra,Público Geral,Assistente Social
Feminino,58,Fundamental Incompleto,Barra do Imbuí,1,CRAS Barra,CRAS Barra,Público Geral,Assistente Social
Feminino,50,Médio Completo,Barra do Imbuí,1,CRAS Barra,CRAS Barra,Público Geral,Assistente Social
Feminino,61,Superior Completo,Posse,1,CRAS Barra,CRAS Barra,Público Geral,Assistente Social
Masculino,62,Fundamental Incompleto,Caleme ,1,CRAS Barra,CRAS Barra,Público Geral,Assistente Social
Feminino,65,Fundamental Incompleto,Jardim Feo,1,CRAS Barra,CRAS Barra,Público Geral,Assistente Social
Feminino,35,Médio Completo,Caleme ,1,CRAS Barra,CRAS Barra,Público Geral,Assistente Social
Masculino,50,Fundamental Incompleto,Espanhol,1,CRAS Barra,CRAS Barra,Público Geral,Assistente Social
Masculino,63,Fundamental Incompleto,Pimenteiras,1,CRAS Barra,CRAS Barra,Público Geral,Assistente Social
Feminino,79,Superior Completo,Barra do Imbuí,1,CRAS Barra,CRAS Barra,PAIF,Assistente Social
Feminino,78,Fundamental Incompleto,Vila Muqui,1,CRAS Barra,CRAS Barra,Público Geral,Assistente Social
Feminino,52,Fundamental Incompleto,Cascata do Imbuí ,1,CRAS Barra,CRAS Barra,Público Geral,Assistente Social
Masculino,56,Fundamental Completo,Pimenteiras,1,CRAS Barra,CRAS Barra,Público Geral,Assistente Social
Masculino,58,Não Escolarizado,Cascata do Imbuí ,1,CRAS Barra,CRAS Barra,Público Geral,Assistente Social
Feminino,34,Superior Completo,Caleme ,1,CRAS Barra,CRAS Barra,Público Geral,Assistente Social
Feminino,55,Médio Completo,Caleme ,1,CRAS Barra,CRAS Barra,Público Geral,Assistente Social
Masculino,30,Médio Incompleto,Pimenteiras,1,CRAS Barra,CRAS Barra,Público Geral,Assistente Social
Feminino,23,Médio Completo,Barra do Imbuí,1,CRAS Barra,CRAS Barra,Público Geral,Assistente Social
Feminino,48,Fundamental Incompleto,Pimenteiras,1,CRAS Barra,CRAS Barra,Público Geral,Assistente Social
Feminino,38,Fundamental Completo,Barra do Imbuí,1,CRAS Barra,CRAS Barra,Público Geral,Assistente Social
Feminino,64,Médio Incompleto,Barra do Imbuí,1,CRAS Barra,CRAS Barra,Público Geral,Assistente Social
Feminino,54,Fundamental Incompleto,Posse,1,CRAS Barra,CRAS Barra,Público Geral,Cadastro Único
Feminino,52,Fundamental Incompleto,Cascata do Imbuí ,1,CRAS Barra,CRAS Barra,Público Geral,Cadastro Único
Masculino,58,Não Escolarizado,Cascata do Imbuí ,1,CRAS Barra,CRAS Barra,Público Geral,Cadastro Único
Feminino,34,Superior Completo,Caleme ,1,CRAS Barra,CRAS Barra,Público Geral,Cadastro Único
Masculino,63,Médio Incompleto,Jardim Feo,1,CRAS Barra,CRAS Barra,Público Geral,Cadastro Único
Masculino,58,Médio Completo,Pimenteiras,1,CRAS Barra,CRAS Barra,Público Geral,Cadastro Único
Feminino,42,Fundamental Incompleto,Paineiras,1,CRAS Barra,CRAS Barra,Público Geral,Cadastro Único
Feminino,23,Médio Completo,Barra do Imbuí,1,CRAS Barra,CRAS Barra,Público Geral,Cadastro Único
Feminino,48,Fundamental Incompleto,Pimenteiras,1,CRAS Barra,CRAS Barra,Público Geral,Cadastro Único
Feminino,43,Superior Completo,Pimenteiras,1,CRAS Barra,CRAS Barra,Público Geral,Cadastro Único
Feminino,30,Médio Completo,Quebra Frascos,1,CRAS Barra,CRAS Barra,Público Geral,Cadastro Único
Feminino,29,Superior Completo,Pimenteiras,1,CRAS Barra,CRAS Barra,Público Geral,Cadastro Único
Feminino,51,Superior Completo,Cascata do Imbuí ,1,CRAS Barra,CRAS Barra,Público Geral,Cadastro Único
Feminino,19,Médio Completo,Caleme ,1,CRAS Barra,CRAS Barra,Público Geral,Cadastro Único
Masculino,52,Fundamental Incompleto,Barra do Imbuí,1,CRAS Barra,CRAS Barra,Público Geral,Cadastro Único
Feminino,56,Fundamental Incompleto,Salaco,1,CRAS Barra,CRAS Barra,Público Geral,Cadastro Único
Feminino,36,Médio Completo,Jardim Feo,1,CRAS Barra,CRAS Barra,Público Geral,Cadastro Único
Feminino,29,Fundamental Incompleto,Pimenteiras,1,CRAS Barra,CRAS Barra,Público Geral,Cadastro Único
Feminino,27,Médio Completo,Jardim Feo,1,CRAS Barra,CRAS Barra,Público Geral,Cadastro Único
Feminino,41,Médio Completo,Barra do Imbuí,1,CRAS Barra,CRAS Barra,Público Geral,Cadastro Único
Feminino,26,Fundamental Incompleto,Caleme ,1,CRAS Barra,CRAS Barra,Público Geral,Cadastro Único
Feminino,56,Médio Incompleto,Barra do Imbuí,1,CRAS Barra,CRAS Barra,Público Geral,Assistente Social
Feminino,53,Médio Completo,Caleme ,1,CRAS Barra,CRAS Barra,Público Geral,Assistente Social
Masculino,69,Fundamental Incompleto,Granja Florestal,1,CRAS Barra,CRAS Barra,Público Geral,Assistente Social
Feminino,71,Não Escolarizado,Granja Florestal,1,CRAS Barra,CRAS Barra,Público Geral,Cadastro Único
Feminino,36,Médio Completo,Caleme ,1,CRAS Barra,CRAS Barra,Público Geral,Cadastro Único
Masculino,65,Superior Completo,Pimenteiras,1,CRAS Barra,CRAS Barra,Público Geral,Cadastro Único
Feminino,58,Fundamental Incompleto,Barra do Imbuí,1,CRAS Barra,CRAS Barra,Público Geral,Cadastro Único
Feminino,66,Médio Completo,Jardim Feo,1,CRAS Barra,CRAS Barra,Público Geral,Cadastro Único
Feminino,60,Fundamental Completo,Pimenteiras,1,CRAS Barra,CRAS Barra,Público Geral,Cadastro Único
Feminino,73,Fundamental Incompleto,Paineiras,1,CRAS Barra,CRAS Barra,Público Geral,Cadastro Único
Masculino,31,Médio Incompleto,Barra do Imbuí,1,CRAS Barra,CRAS Barra,Público Geral,Cadastro Único
Masculino,37,Fundamental Completo,Golf,1,CRAS Barra,CRAS Barra,Público Geral,Cadastro Único
Masculino,19,Médio Completo,Jardim Feo,1,CRAS Barra,CRAS Barra,Público Geral,Cadastro Único
Feminino,73,Fundamental Incompleto,Caleme ,1,CRAS Barra,CRAS Barra,Público Geral,Cadastro Único
Feminino,66,Fundamental Incompleto,Caleme ,1,CRAS Barra,CRAS Barra,Público Geral,Cadastro Único
Feminino,36,Fundamental Incompleto,Pimenteiras,1,CRAS Barra,CRAS Barra,Público Geral,Cadastro Único
Feminino,32,Fundamental Incompleto,Pimenteiras,1,CRAS Barra,CRAS Barra,Público Geral,Cadastro Único
Feminino,49,Fundamental Incompleto,Paineiras,1,CRAS Barra,CRAS Barra,Público Geral,Cadastro Único
Feminino,53,Médio Incompleto,Barra do Imbuí,1,CRAS Barra,CRAS Barra,Público Geral,Cadastro Único
Feminino,51,Fundamental Incompleto,Paineiras,1,CRAS Barra,CRAS Barra,Público Geral,Cadastro Único
Feminino,18,Fundamental Incompleto,Vila Muqui,1,CRAS Barra,CRAS Barra,Público Geral,Cadastro Único
Feminino,41,Fundamental Incompleto,Espanhol,1,CRAS Barra,CRAS Barra,Público Geral,Cadastro Único
Masculino,59,Médio Completo,Pimenteiras,1,CRAS Barra,CRAS Barra,Público Geral,Cadastro Único
Feminino,26,Médio Completo,Barra do Imbuí,1,CRAS Barra,CRAS Barra,Público Geral,Assistente Social
Feminino,67,Fundamental Incompleto,Pimenteiras,1,CRAS Barra,CRAS Barra,Público Geral,Assistente Social
Masculino,32,Fundamental Completo,Vila Muqui,1,CRAS Barra,CRAS Barra,Público Geral,Assistente Social
Feminino,41,Médio Completo,Jardim Feo,1,CRAS Barra,CRAS Barra,Público Geral,Assistente Social
Masculino,45,Fundamental Incompleto,Barra do Imbuí,1,CRAS Barra,CRAS Barra,Público Geral,Assistente Social
Feminino,55,Médio Incompleto,Golf,1,CRAS Barra,CRAS Barra,Público Geral,Assistente Social
Feminino,18,Médio Completo,Paineiras,1,CRAS Barra,CRAS Barra,Público Geral,Assistente Social
Feminino,41,Fundamental Incompleto,Espanhol,1,CRAS Barra,CRAS Barra,Público Geral,Assistente Social
Masculino,47,Fundamental Incompleto,Vila Muqui,1,CRAS Barra,CRAS Barra,Público Geral,Cadastro Único
Feminino,76,Fundamental Incompleto,Espanhol,1,CRAS Barra,CRAS Barra,Público Geral,Cadastro Único
Feminino,21,Médio Completo,Paineiras,1,CRAS Barra,CRAS Barra,Público Geral,Cadastro Único
Feminino,52,Fundamental Incompleto,Barra do Imbuí,1,CRAS Barra,CRAS Barra,Público Geral,Cadastro Único
Masculino,69,Fundamental Completo,Pimenteiras,1,CRAS Barra,CRAS Barra,Público Geral,Cadastro Único
Masculino,72,Fundamental Incompleto,Quebra Frascos,1,CRAS Barra,CRAS Barra,Público Geral,Cadastro Único
Masculino,62,Fundamental Completo,Barra do Imbuí,1,CRAS Barra,CRAS Barra,Público Geral,Cadastro Único
Feminino,33,Fundamental Incompleto,Parque do Imbuí,1,CRAS Barra,CRAS Barra,Público Geral,Cadastro Único
Feminino,32,Fundamental Incompleto,Pimenteiras,1,CRAS Barra,CRAS Barra,Público Geral,Cadastro Único
Feminino,60,Fundamental Incompleto,Barra do Imbuí,1,CRAS Barra,CRAS Barra,Público Geral,Cadastro Único
Feminino,34,Médio Completo,Jardim Feo,1,CRAS Barra,CRAS Barra,Público Geral,Cadastro Único
Feminino,80,Fundamental Incompleto,Paineiras,1,CRAS Barra,CRAS Barra,Público Geral,Cadastro Único
Masculino,33,Médio Incompleto,Barra do Imbuí,1,CRAS Barra,CRAS Barra,Público Geral,Cadastro Único
Feminino,57,Médio Completo,Barra do Imbuí,1,CRAS Barra,CRAS Barra,Público Geral,Cadastro Único
Feminino,45,Médio Incompleto,Quebra Frascos,1,CRAS Barra,CRAS Barra,Público Geral,Cadastro Único
Feminino,35,Médio Incompleto,Paineiras,1,CRAS Barra,CRAS Barra,Público Geral,Cadastro Único
Masculino,18,Médio Incompleto,Pimenteiras,1,CRAS Barra,CRAS Barra,Público Geral,Cadastro Único
Feminino,31,Fundamental Incompleto,Pimenteiras,1,CRAS Barra,CRAS Barra,Público Geral,Cadastro Único
Feminino,35,Médio Incompleto,Paineiras,1,CRAS Barra,CRAS Barra,Público Geral,Cadastro Único
Feminino,19,Fundamental Incompleto,Caleme ,1,CRAS Barra,CRAS Barra,Público Geral,Cadastro Único
Feminino,51,Médio Incompleto,Jardim Feo,1,CRAS Barra,CRAS Barra,Público Geral,Cadastro Único
Feminino,40,Fundamental Incompleto,Parque do Imbuí,1,CRAS Barra,CRAS Barra,Público Geral,Cadastro Único
Masculino,68,Fundamental Incompleto,Salaco,1,CRAS Barra,CRAS Barra,Público Geral,Cadastro Único
Feminino,76,Médio Incompleto,Barra do Imbuí,1,CRAS Barra,CRAS Barra,Público Geral,Assistente Social
Feminino,85,Fundamental Incompleto,Barra do Imbuí,1,CRAS Barra,CRAS Barra,Público Geral,Assistente Social
Feminino,59,Fundamental Incompleto,Vila Muqui,1,CRAS Barra,CRAS Barra,PAIF,Assistente Social
Masculino,42,Médio Incompleto,Pimenteiras,1,CRAS Barra,CRAS Barra,Público Geral,Assistente Social
Masculino,60,Fundamental Incompleto,Espanhol,1,CRAS Barra,CRAS Barra,Público Geral,Assistente Social
Feminino,18,Médio Completo,Barra do Imbuí,1,CRAS Barra,CRAS Barra,Público Geral,Assistente Social
Feminino,53,Fundamental Incompleto,Paineiras,1,CRAS Barra,CRAS Barra,Público Geral,Assistente Social
Feminino,42,Fundamental Incompleto,Pimenteiras,1,CRAS Barra,CRAS Barra,Público Geral,Assistente Social
Feminino,34,Médio Completo,Barra do Imbuí,1,CRAS Barra,CRAS Barra,Público Geral,Assistente Social
Feminino,23,Médio Incompleto,Espanhol,1,CRAS Barra,CRAS Barra,Público Geral,Assistente Social
Feminino,52,Médio Completo,Parque do Imbuí,1,CRAS Barra,CRAS Barra,Público Geral,Assistente Social
Feminino,23,Médio Incompleto,Pimenteiras,1,CRAS Barra,CRAS Barra,Público Geral,Assistente Social
Masculino,48,Médio Completo,Pimenteiras,1,CRAS Barra,CRAS Barra,Público Geral,Assistente Social
Feminino,18,Médio Completo,Barra do Imbuí,1,CRAS Barra,CRAS Barra,Público Geral,Assistente Social
Feminino,61,Médio Incompleto,Barra do Imbuí,1,CRAS Barra,CRAS Barra,Público Geral,Assistente Social
Masculino,59,Fundamental Incompleto,Paineiras,1,CRAS Barra,CRAS Barra,Público Geral,Assistente Social
Feminino,26,Médio Completo,Salaco,1,CRAS Barra,CRAS Barra,Público Geral,Assistente Social
Masculino,78,Fundamental Incompleto,Barra do Imbuí,1,CRAS Barra,CRAS Barra,Público Geral,Assistente Social
Feminino,71,Fundamental Incompleto,Barra do Imbuí,1,CRAS Barra,CRAS Barra,Público Geral,Assistente Social
Feminino,31,Fundamental Completo,Vila Muqui,1,CRAS Barra,CRAS Barra,Público Geral,Assistente Social
Masculino,30,Médio Completo,Barra do Imbuí,1,CRAS Barra,CRAS Barra,Público Geral,Assistente Social
Feminino,36,Fundamental Incompleto,Pimenteiras,1,CRAS Barra,CRAS Barra,Público Geral,Assistente Social
Feminino,25,Médio Incompleto,Barra do Imbuí,1,CRAS Barra,CRAS Barra,Público Geral,Assistente Social
Feminino,31,Fundamental Completo,Barra do Imbuí,1,CRAS Barra,CRAS Barra,Público Geral,Assistente Social
Feminino,36,Médio Completo,Parque do Imbuí,1,CRAS Barra,CRAS Barra,Público Geral,Assistente Social
Feminino,30,Médio Completo,Granja Florestal,1,CRAS Barra,CRAS Barra,Público Geral,Assistente Social
Feminino,51,Fundamental Incompleto,Jardim Feo,1,CRAS Barra,CRAS Barra,Público Geral,Assistente Social
Feminino,39,Médio Completo,Espanhol,1,CRAS Barra,CRAS Barra,Público Geral,Assistente Social
Feminino,61,Fundamental Incompleto,Caleme ,1,CRAS Barra,CRAS Barra,Público Geral,Cadastro Único
Feminino,23,Médio Incompleto,Pimenteiras,1,CRAS Barra,CRAS Barra,Público Geral,Cadastro Único
Feminino,22,Fundamental Completo,Paineiras,1,CRAS Barra,CRAS Barra,Público Geral,Cadastro Único
Feminino,26,Médio Incompleto,Paineiras,1,CRAS Barra,CRAS Barra,Público Geral,Cadastro Único
Feminino,44,Fundamental Incompleto,Pimenteiras,1,CRAS Barra,CRAS Barra,Público Geral,Cadastro Único
Feminino,18,Médio Completo,Barra do Imbuí,1,CRAS Barra,CRAS Barra,Público Geral,Cadastro Único
Feminino,62,Fundamental Incompleto,Barra do Imbuí,1,CRAS Barra,CRAS Barra,Público Geral,Cadastro Único
Masculino,59,Fundamental Incompleto,Paineiras,1,CRAS Barra,CRAS Barra,Público Geral,Cadastro Único
Masculino,66,Fundamental Incompleto,Barra do Imbuí,1,CRAS Barra,CRAS Barra,Público Geral,Cadastro Único
Feminino,34,Médio Incompleto,Parque do Imbuí,1,CRAS Barra,CRAS Barra,Público Geral,Cadastro Único
Feminino,41,Médio Completo,Pimenteiras,1,CRAS Barra,CRAS Barra,Público Geral,Cadastro Único
Masculino,79,Fundamental Incompleto,Caleme ,1,CRAS Barra,CRAS Barra,Público Geral,Cadastro Único
Feminino,46,Médio Incompleto,Barra do Imbuí,1,CRAS Barra,CRAS Barra,Público Geral,Cadastro Único
Masculino,81,Fundamental Incompleto,Barra do Imbuí,1,CRAS Barra,CRAS Barra,Público Geral,Cadastro Único
Masculino,69,Fundamental Incompleto,Quebra Frascos,1,CRAS Barra,CRAS Barra,Público Geral,Cadastro Único
Feminino,71,Fundamental Incompleto,Barra do Imbuí,1,CRAS Barra,CRAS Barra,Público Geral,Cadastro Único
Feminino,47,Médio Completo,Vila Muqui,1,CRAS Barra,CRAS Barra,Público Geral,Cadastro Único
Feminino,45,Médio Completo,Pimenteiras,1,CRAS Barra,CRAS Barra,Público Geral,Cadastro Único
Feminino,36,Médio Completo,Parque do Imbuí,1,CRAS Barra,CRAS Barra,Público Geral,Cadastro Único
Masculino,31,Médio Incompleto,Barra do Imbuí,1,CRAS Barra,CRAS Barra,Público Geral,Cadastro Único
Feminino,36,Fundamental Incompleto,Pimenteiras,1,CRAS Barra,CRAS Barra,Público Geral,Cadastro Único
Feminino,26,Médio Completo,Pimenteiras,1,CRAS Barra,CRAS Barra,Público Geral,Cadastro Único
Feminino,30,Médio Completo,Granja Florestal,1,CRAS Barra,CRAS Barra,Público Geral,Cadastro Único
Feminino,26,Médio Completo,Caleme ,1,CRAS Barra,CRAS Barra,Público Geral,Cadastro Único
Masculino,80,Fundamental Incompleto,Caleme ,1,CRAS Barra,CRAS Barra,Público Geral,Cadastro Único
Feminino,56,Fundamental Incompleto,Vila Muqui,1,CRAS Barra,CRAS Barra,Público Geral,Cadastro Único
Feminino,30,Médio Incompleto,Paineiras,1,CRAS Barra,CRAS Barra,Público Geral,Cadastro Único
Masculino,53,Médio Completo,Barra do Imbuí,1,CRAS Barra,CRAS Barra,Público Geral,Cadastro Único
Feminino,43,Fundamental Completo,Salaco,1,CRAS Barra,CRAS Barra,Público Geral,Cadastro Único
Masculino,25,Médio Completo,Caleme ,1,CRAS Barra,CRAS Barra,Público Geral,Cadastro Único
Masculino,50,Fundamental Incompleto,Espanhol,1,CRAS Barra,CRAS Barra,Público Geral,Cadastro Único
Feminino,31,Médio Completo,Salaco,1,CRAS Barra,CRAS Barra,Público Geral,Cadastro Único
Feminino,57,Fundamental Incompleto,Barra do Imbuí,1,CRAS Barra,CRAS Barra,Público Geral,Cadastro Único
Masculino,30,Médio Completo,Barra do Imbuí,1,CRAS Barra,CRAS Barra,Público Geral,Cadastro Único
Feminino,43,Superior Completo,Pimenteiras,1,CRAS Barra,CRAS Barra,Público Geral,Cadastro Único
Feminino,32,Médio Completo,Pimenteiras,1,CRAS Barra,CRAS Barra,Público Geral,Cadastro Único
Feminino,52,Fundamental Incompleto,Posse,1,CRAS Barra,CRAS Barra,Público Geral,Cadastro Único
Masculino,57,Fundamental Incompleto,Granja Florestal,1,CRAS Barra,CRAS Barra,Público Geral,Cadastro Único
Feminino,50,Médio Incompleto,Granja Florestal,1,CRAS Barra,CRAS Barra,Público Geral,Cadastro Único
Feminino,41,Fundamental Incompleto,Barra do Imbuí,1,CRAS Barra,CRAS Barra,Público Geral,Cadastro Único
Masculino,65,Fundamental Incompleto,Barra do Imbuí,1,CRAS Barra,CRAS Barra,Público Geral,Cadastro Único
Feminino,33,Médio Completo,Granja Florestal,1,CRAS Barra,CRAS Barra,Público Geral,Cadastro Único
Feminino,34,Médio Completo,Pimenteiras,1,CRAS Barra,CRAS Barra,Público Geral,Cadastro Único
Feminino,37,Médio Completo,Barra do Imbuí,1,CRAS Barra,CRAS Barra,Público Geral,Cadastro Único
Feminino,52,Médio Completo,Barra do Imbuí,1,CRAS Barra,CRAS Barra,Público Geral,Cadastro Único
Feminino,31,Fundamental Completo,Salaco,1,CRAS Barra,CRAS Barra,Público Geral,Assistente Social
Masculino,30,Médio Completo,Barra do Imbuí,1,CRAS Barra,CRAS Barra,Público Geral,Assistente Social
Feminino,38,Médio Completo,Barra do Imbuí,1,CRAS Barra,CRAS Barra,Público Geral,Assistente Social
Feminino,46,Médio Completo,Vargem Grande,1,CRAS Barra,CRAS Barra,Público Geral,Assistente Social
Feminino,33,Médio Completo,Barra do Imbuí,1,CRAS Barra,CRAS Barra,Público Geral,Assistente Social
Feminino,26,Médio Completo,Salaco,1,CRAS Barra,CRAS Barra,Público Geral,Cadastro Único
Masculino,60,Fundamental Incompleto,Barra do Imbuí,1,CRAS Barra,CRAS Barra,Público Geral,Cadastro Único
Feminino,38,Fundamental Incompleto,Parque do Imbuí,1,CRAS Barra,CRAS Barra,Público Geral,Cadastro Único
Feminino,30,Médio Completo,Caleme ,1,CRAS Barra,CRAS Barra,Público Geral,Cadastro Único
Feminino,64,Fundamental Incompleto,Caleme ,1,CRAS Barra,CRAS Barra,Público Geral,Cadastro Único
Masculino,41,Fundamental Incompleto,Espanhol,1,CRAS Barra,CRAS Barra,Público Geral,Cadastro Único
Masculino,21,Fundamental Completo,Jardim pinheiros,1,CRAS Barra,CRAS Barra,Público Geral,Cadastro Único
Feminino,27,Fundamental Incompleto,Salaco,1,CRAS Barra,CRAS Barra,Público Geral,Cadastro Único
Feminino,31,Fundamental Incompleto,Jardim Feo,1,CRAS Barra,CRAS Barra,Público Geral,Cadastro Único
Feminino,49,Médio Completo,Granja Florestal,1,CRAS Barra,CRAS Barra,Público Geral,Cadastro Único
Feminino,19,Médio Completo,Pimenteiras,1,CRAS Barra,CRAS Barra,Público Geral,Cadastro Único
Masculino,58,Fundamental Completo,Barra do Imbuí,1,CRAS Barra,CRAS Barra,Público Geral,Cadastro Único
Masculino,24,Fundamental Incompleto,Jardim Feo,1,CRAS Barra,CRAS Barra,Público Geral,Cadastro Único
Feminino,24,Médio Incompleto,Pimenteiras,1,CRAS Barra,CRAS Barra,Público Geral,Cadastro Único
Feminino,43,Médio Incompleto,Jardim Feo,1,CRAS Barra,CRAS Barra,Público Geral,Cadastro Único
Feminino,35,Fundamental Completo,Salaco,1,CRAS Barra,CRAS Barra,Público Geral,Cadastro Único
Masculino,46,Médio Completo,Quebra Frascos,1,CRAS Barra,CRAS Barra,Público Geral,Cadastro Único
Feminino,42,Médio Completo,Parque do Imbuí,1,CRAS Barra,CRAS Barra,Público Geral,Cadastro Único
Feminino,41,Médio Completo,Jardim Feo,1,CRAS Barra,CRAS Barra,Público Geral,Cadastro Único
Feminino,60,Fundamental Completo,Barra do Imbuí,1,CRAS Barra,CRAS Barra,Público Geral,Cadastro Único
Feminino,26,Médio Completo,Salaco,1,CRAS Barra,CRAS Barra,Público Geral,Assistente Social
Feminino,53,Médio Incompleto,Caleme ,1,CRAS Barra,CRAS Barra,Público Geral,Assistente Social
Feminino,48,Fundamental Incompleto,Caleme ,1,CRAS Barra,CRAS Barra,Público Geral,Assistente Social
Feminino,47,Médio Incompleto,Barra do Imbuí,1,CRAS Barra,CRAS Barra,Público Geral,Assistente Social
Feminino,38,Fundamental Incompleto,Parque do Imbuí,1,CRAS Barra,CRAS Barra,Público Geral,Assistente Social
Feminino,65,Fundamental Incompleto,Barra do Imbuí,1,CRAS Barra,CRAS Barra,Público Geral,Assistente Social
Masculino,21,Fundamental Completo,Morro dos Pinheiros,1,CRAS Barra,CRAS Barra,Público Geral,Assistente Social
Feminino,58,Fundamental Incompleto,Granja Florestal,1,CRAS Barra,CRAS Barra,Público Geral,Assistente Social
Masculino,61,Fundamental Incompleto,Pimenteiras,1,CRAS Barra,CRAS Barra,Público Geral,Assistente Social
Feminino,67,Fundamental Incompleto,Barra do Imbuí,1,CRAS Barra,CRAS Barra,Público Geral,Cadastro Único
Masculino,37,Médio Completo,Posse,1,CRAS Barra,CRAS Barra,Público Geral,Cadastro Único
Feminino,60,Fundamental Incompleto,Jardim Feo,1,CRAS Barra,CRAS Barra,Público Geral,Cadastro Único
Feminino,56,Fundamental Incompleto,Caleme ,1,CRAS Barra,CRAS Barra,Público Geral,Cadastro Único
Feminino,53,Médio Completo,Caleme ,1,CRAS Barra,CRAS Barra,Público Geral,Cadastro Único
Feminino,61,Fundamental Incompleto,Parque do Imbuí,1,CRAS Barra,CRAS Barra,Público Geral,Cadastro Único
Feminino,32,Fundamental Incompleto,Barra do Imbuí,1,CRAS Barra,CRAS Barra,Público Geral,Assistente Social
Masculino,50,Fundamental Incompleto,Vila Muqui,1,CRAS Barra,CRAS Barra,Público Geral,Cadastro Único
Feminino,60,Fundamental Incompleto,Salaco,1,CRAS Barra,CRAS Barra,Público Geral,Cadastro Único
Masculino,61,Fundamental Incompleto,Barra do Imbuí,1,CRAS Barra,CRAS Barra,Público Geral,Assistente Social
Feminino,20,Médio Completo,Caleme ,1,CRAS Barra,CRAS Barra,Público Geral,Cadastro Único
Feminino,57,Médio Completo,Barra do Imbuí,1,CRAS Barra,CRAS Barra,Público Geral,Cadastro Único
Feminino,42,Fundamental Incompleto,Salaco,1,CRAS Barra,CRAS Barra,Público Geral,Cadastro Único
Feminino,43,Fundamental Incompleto,Caleme ,1,CRAS Barra,CRAS Barra,Público Geral,Cadastro Único
Feminino,36,Fundamental Completo,Vila Muqui,1,CRAS Barra,CRAS Barra,Público Geral,Cadastro Único
Feminino,31,Fundamental Completo,Vila Muqui,1,CRAS Barra,CRAS Barra,Público Geral,Cadastro Único
Masculino,70,Fundamental Incompleto,Jardim Feo,1,CRAS Barra,CRAS Barra,Público Geral,Assistente Social
Feminino,31,Fundamental Incompleto,Granja Florestal,1,CRAS Barra,CRAS Barra,Público Geral,Assistente Social
Feminino,21,Fundamental Completo,Paineiras,1,CRAS Barra,CRAS Barra,Público Geral,Assistente Social
Masculino,8,Fundamental Incompleto,Parque do Imbuí,1,CRAS Barra,CRAS Barra,Público Geral,Assistente Social
Feminino,24,Médio Incompleto,Pimenteiras,1,CRAS Barra,CRAS Barra,Público Geral,Assistente Social
Feminino,49,Fundamental Incompleto,Espanhol,1,CRAS Barra,CRAS Barra,Público Geral,Assistente Social
Feminino,35,Fundamental Incompleto,Salaco,1,CRAS Barra,CRAS Barra,Público Geral,Assistente Social
Feminino,61,Fundamental Incompleto,Granja Florestal,1,CRAS Barra,CRAS Barra,Público Geral,Assistente Social
Feminino,46,Médio Completo,Quebra Frascos,1,CRAS Barra,CRAS Barra,Público Geral,Assistente Social
Feminino,49,Médio Completo,Caleme,1,CRAS Barra,CRAS Barra,Público Geral,Cadastro Único
Masculino,68,Médio Completo,Barra do Imbuí,1,CRAS Barra,CRAS Barra,Público Geral,Cadastro Único
Feminino,65,Fundamental Incompleto,Caleme,1,CRAS Barra,CRAS Barra,Público Geral,Cadastro Único
Feminino,70,Fundamental Incompleto,PImenteiras,1,CRAS Barra,CRAS Barra,Público Geral,Cadastro Único
Feminino,33,Médio Completo,Barra do Imbuí,1,CRAS Barra,CRAS Barra,Público Geral,Cadastro Único
Feminino,22,Médio Completo,Jardim Pimenteiras,1,CRAS Barra,CRAS Barra,Público Geral,Cadastro Único
Feminino,36,Fundamental Incompleto,Jardim Feo,1,CRAS Barra,CRAS Barra,Público Geral,Cadastro Único
Feminino,45,Fundamental Incompleto,PImenteiras,1,CRAS Barra,CRAS Barra,Público Geral,Cadastro Único
Feminino,36,Médio Incompleto,Jardim Feo,1,CRAS Barra,CRAS Barra,Público Geral,Cadastro Único
Feminino,60,Fundamental Incompleto,Dente de Ouro,1,CRAS Barra,CRAS Barra,Público Geral,Cadastro Único
Masculino,43,Fundamental Incompleto,Dente de Ouro,1,CRAS Barra,CRAS Barra,Público Geral,Cadastro Único
Feminino,78,Fundamental Incompleto,Jardim Pimenteiras,1,CRAS Barra,CRAS Barra,Público Geral,Cadastro Único
Feminino,60,Fundamental Incompleto,Vila Muqui,1,CRAS Barra,CRAS Barra,Público Geral,Cadastro Único
Feminino,35,Médio Incompleto,Paineiras,1,CRAS Barra,CRAS Barra,Público Geral,Cadastro Único
Feminino,34,Superior Completo,Caleme,1,CRAS Barra,CRAS Barra,Público Geral,Cadastro Único
Feminino,48,Fundamental Incompleto,Granja Florestal,1,CRAS Barra,CRAS Barra,Público Geral,Cadastro Único
Feminino,32,Médio Completo,PImenteiras,1,CRAS Barra,CRAS Barra,Público Geral,Cadastro Único
Feminino,47,Fundamental Completo,Jardim Feo,1,CRAS Barra,CRAS Barra,Público Geral,Cadastro Único
Feminino,55,Médio Completo,Barra do Imbuí,1,CRAS Barra,CRAS Barra,Público Geral,Cadastro Único
Feminino,36,Médio Incompleto,Caleme,1,CRAS Barra,CRAS Barra,Público Geral,Cadastro Único
Masculino,42,Médio Completo,Salaco,1,CRAS Barra,CRAS Barra,Público Geral,Cadastro Único
Feminino,53,Fundamental Incompleto,PImenteiras,1,CRAS Barra,CRAS Barra,Público Geral,Cadastro Único
Feminino,44,Superior Completo,Caleme,1,CRAS Barra,CRAS Barra,Público Geral,Cadastro Único
Masculino,57,Fundamental Incompleto,Barra do Imbuí,1,CRAS Barra,CRAS Barra,Público Geral,Cadastro Único
Masculino,64,Fundamental Completo,Caleme,1,CRAS Barra,CRAS Barra,Público Geral,Cadastro Único
Feminino,24,Médio Completo,Paineiras,1,CRAS Barra,CRAS Barra,Público Geral,Cadastro Único
Feminino,26,Médio Incompleto,Golf,1,CRAS Barra,CRAS Barra,Público Geral,Cadastro Único
Feminino,29,Médio Completo,Granja Florestal,1,CRAS Barra,CRAS Barra,Público Geral,Cadastro Único
Feminino,35,Médio Incompleto,Barra do Imbuí,1,CRAS Barra,CRAS Barra,Público Geral,Cadastro Único
Feminino,19,Médio Incompleto,Caleme,1,CRAS Barra,CRAS Barra,Público Geral,Cadastro Único
Feminino,24,Médio Completo,Jardim Pimenteiras,1,CRAS Barra,CRAS Barra,Público Geral,Cadastro Único
Feminino,41,Médio Completo,Caleme,1,CRAS Barra,CRAS Barra,Público Geral,Cadastro Único
Masculino,68,Fundamental Incompleto,Caleme,1,CRAS Barra,CRAS Barra,Público Geral,Cadastro Único
Feminino,30,Médio Completo,Granja Florestal,1,CRAS Barra,CRAS Barra,Público Geral,Assistente Social
Feminino,37,Médio Completo,Salaco,1,CRAS Barra,CRAS Barra,Público Geral,Assistente Social
Feminino,35,Médio Incompleto,Paineiras,1,CRAS Barra,CRAS Barra,Público Geral,Assistente Social
Feminino,45,Fundamental Incompleto,Espanhol,1,CRAS Barra,CRAS Barra,Público Geral,Assistente Social
Feminino,36,Fundamental Incompleto,Caleme,1,CRAS Barra,CRAS Barra,PAIF,Assistente Social
Feminino,47,Fundamental Completo,Jardim Feo,1,CRAS Barra,CRAS Barra,Público Geral,Assistente Social
Feminino,24,Médio Completo,Paineiras,1,CRAS Barra,CRAS Barra,Público Geral,Assistente Social
Masculino,21,Médio Incompleto,Caleme,1,CRAS Barra,CRAS Barra,Público Geral,Assistente Social
Feminino,41,Fundamental Incompleto,Paineiras,1,CRAS Barra,CRAS Barra,Público Geral,Cadastro Único
Feminino,53,Fundamental Incompleto,Granja Florestal,1,CRAS Barra,CRAS Barra,Público Geral,Cadastro Único
Feminino,56,Fundamental Incompleto,Vila Muqui,1,CRAS Barra,CRAS Barra,Público Geral,Cadastro Único
Feminino,23,Médio Completo,Barra do Imbuí,1,CRAS Barra,CRAS Barra,Público Geral,Cadastro Único
Feminino,41,Fundamental Incompleto,Salaco,1,CRAS Barra,CRAS Barra,Público Geral,Cadastro Único
Feminino,60,Médio Completo,Jardim Feo,1,CRAS Barra,CRAS Barra,Público Geral,Cadastro Único
Feminino,38,Médio Completo,Jardim Pimenteiras,1,CRAS Barra,CRAS Barra,Público Geral,Cadastro Único
Feminino,31,Fundamental Completo,Barra do Imbuí,1,CRAS Barra,CRAS Barra,Público Geral,Cadastro Único
Feminino,67,Médio Completo,Barra do Imbuí,1,CRAS Barra,CRAS Barra,Público Geral,Cadastro Único
Feminino,32,Fundamental Incompleto,Barra do Imbuí,1,CRAS Barra,CRAS Barra,Público Geral,Cadastro Único
Feminino,65,Fundamental Incompleto,Jardim Feo,1,CRAS Barra,CRAS Barra,Público Geral,Cadastro Único
Feminino,16,Médio Incompleto,Espanhol,1,CRAS Barra,CRAS Barra,Público Geral,Cadastro Único
Feminino,42,Fundamental Incompleto,Caleme,1,CRAS Barra,CRAS Barra,Público Geral,Cadastro Único
Feminino,41,Fundamental Incompleto,Salaco,1,CRAS Barra,CRAS Barra,Público Geral,Cadastro Único
Feminino,79,Médio Incompleto,PImenteiras,1,CRAS Barra,CRAS Barra,Público Geral,Cadastro Único
Feminino,23,Médio Completo,Granja Florestal,1,CRAS Barra,CRAS Barra,Público Geral,Cadastro Único
Feminino,34,Médio Completo,Barra do Imbuí,1,CRAS Barra,CRAS Barra,Público Geral,Cadastro Único
Feminino,60,Fundamental Incompleto,Barra do Imbuí,1,CRAS Barra,CRAS Barra,Público Geral,Cadastro Único
Feminino,28,Médio Completo,Salaco,1,CRAS Barra,CRAS Barra,Público Geral,Cadastro Único
Feminino,27,Médio Completo,Granja Florestal,1,CRAS Barra,CRAS Barra,Público Geral,Cadastro Único
Feminino,47,Médio Incompleto,Barra do Imbuí,1,CRAS Barra,CRAS Barra,Público Geral,Cadastro Único
Feminino,41,Fundamental Incompleto,Salaco,1,CRAS Barra,CRAS Barra,Público Geral,Assistente Social
Masculino,21,Fundamental Incompleto,Várzea,1,CRAS Barra,CRAS Barra,Público Geral,Assistente Social
Feminino,60,Fundamental Incompleto,Jardim Feo,1,CRAS Barra,CRAS Barra,Público Geral,Assistente Social
Masculino,38,Fundamental Incompleto,Jardim Pimenteiras,1,CRAS Barra,CRAS Barra,Público Geral,Assistente Social
Feminino,67,Fundamental Incompleto,Barra do Imbuí,1,CRAS Barra,CRAS Barra,Público Geral,Assistente Social
Feminino,56,Fundamental Incompleto,Vila Muqui,1,CRAS Barra,CRAS Barra,Público Geral,Assistente Social
Masculino,21,Fundamental Incompleto,Barra do Imbuí,1,CRAS Barra,CRAS Barra,Público Geral,Assistente Social
Feminino,27,Fundamental Incompleto,Paineiras,1,CRAS Barra,CRAS Barra,Público Geral,Assistente Social
Feminino,46,Fundamental Incompleto,Jardim Feo,1,CRAS Barra,CRAS Barra,Público Geral,Assistente Social
Feminino,26,Fundamental Incompleto,Posse,1,CRAS Barra,CRAS Barra,Público Geral,Assistente Social
Masculino,65,Fundamental Incompleto,Jardim Feo,1,CRAS Barra,CRAS Barra,Público Geral,Assistente Social
Feminino,46,Fundamental Incompleto,Barra do Imbuí,1,CRAS Barra,CRAS Barra,Público Geral,Assistente Social
Feminino,38,Fundamental Incompleto,PImenteiras,1,CRAS Barra,CRAS Barra,Público Geral,Assistente Social
Feminino,28,Fundamental Incompleto,Salaco,1,CRAS Barra,CRAS Barra,Público Geral,Assistente Social
Feminino,30,Fundamental Incompleto,Campo Grande,1,CRAS Barra,CRAS Barra,PAIF,Assistente Social
Feminino,34,Fundamental Incompleto,Paineiras,1,CRAS Barra,CRAS Barra,PAIF,Assistente Social
Feminino,41,Fundamental Incompleto,Salaco,1,CRAS Barra,CRAS Barra,Público Geral,Assistente Social
Feminino,34,Médio Completo,Barra do Imbuí,1,CRAS Barra,CRAS Barra,Público Geral,Assistente Social
Feminino,33,Fundamental Incompleto,Paineiras,1,CRAS Barra,CRAS Barra,Público Geral,Cadastro Único
Feminino,60,Fundamental Incompleto,Paineiras,1,CRAS Barra,CRAS Barra,Público Geral,Cadastro Único
Feminino,49,Fundamental Incompleto,Jardim Feo,1,CRAS Barra,CRAS Barra,Público Geral,Cadastro Único
Feminino,70,Fundamental Incompleto,PImenteiras,1,CRAS Barra,CRAS Barra,Público Geral,Cadastro Único
Masculino,31,Fundamental Incompleto,Granja Florestal,1,CRAS Barra,CRAS Barra,Público Geral,Cadastro Único
Feminino,28,Fundamental Incompleto,Barra do Imbuí,1,CRAS Barra,CRAS Barra,Público Geral,Cadastro Único
Feminino,26,Fundamental Incompleto,Vila Muqui,1,CRAS Barra,CRAS Barra,Público Geral,Cadastro Único
Feminino,33,Fundamental Incompleto,Caleme,1,CRAS Barra,CRAS Barra,Público Geral,Cadastro Único
Feminino,52,Fundamental Incompleto,Parque do Imbuí,1,CRAS Barra,CRAS Barra,Público Geral,Cadastro Único
Feminino,46,Fundamental Incompleto,Paineiras,1,CRAS Barra,CRAS Barra,Público Geral,Cadastro Único
Feminino,29,Fundamental Incompleto,Barra do Imbuí,1,CRAS Barra,CRAS Barra,Público Geral,Cadastro Único
Feminino,67,Fundamental Incompleto,Paineiras,1,CRAS Barra,CRAS Barra,Público Geral,Cadastro Único
Feminino,38,Fundamental Incompleto,Paineiras,1,CRAS Barra,CRAS Barra,Público Geral,Cadastro Único
Feminino,33,Fundamental Incompleto,Caleme,1,CRAS Barra,CRAS Barra,Público Geral,Cadastro Único
Feminino,49,Fundamental Incompleto,Paineiras,1,CRAS Barra,CRAS Barra,Público Geral,Assistente Social
Masculino,65,Fundamental Incompleto,Jardim Feo,1,CRAS Barra,CRAS Barra,Público Geral,Assistente Social
Feminino,59,Fundamental Completo,Paineiras,1,CRAS Barra,CRAS Barra,Público Geral,Assistente Social
Feminino,31,Médio Completo,Granja Florestal,1,CRAS Barra,CRAS Barra,Público Geral,Assistente Social
Feminino,28,Médio Incompleto,Barra do Imbuí,1,CRAS Barra,CRAS Barra,Público Geral,Assistente Social
Feminino,29,Médio Incompleto,Barra do Imbuí,1,CRAS Barra,CRAS Barra,Público Geral,Assistente Social
Masculino,20,Médio Completo,Fátima,1,CRAS Barra,CRAS Barra,Público Geral,Cadastro Único
Masculino,46,Fundamental Incompleto,Caleme,1,CRAS Barra,CRAS Barra,Público Geral,Cadastro Único
Feminino,51,Médio Completo,Caleme,1,CRAS Barra,CRAS Barra,Público Geral,Cadastro Único
Masculino,55,Médio Incompleto,Jardim Pimenteiras,1,CRAS Barra,CRAS Barra,Público Geral,Cadastro Único
Masculino,21,Fundamental Incompleto,Jardim Feo,1,CRAS Barra,CRAS Barra,Público Geral,Cadastro Único
Feminino,57,Médio Incompleto,Paineiras,1,CRAS Barra,CRAS Barra,Público Geral,Cadastro Único
Feminino,49,Fundamental Incompleto,Paineiras,1,CRAS Barra,CRAS Barra,Público Geral,Cadastro Único
Masculino,41,Médio Completo,Barra do Imbuí,1,CRAS Barra,CRAS Barra,Público Geral,Cadastro Único
Masculino,72,Fundamental Incompleto,Paineiras,1,CRAS Barra,CRAS Barra,Público Geral,Cadastro Único
Masculino,29,Médio Completo,Vila Muqui,1,CRAS Barra,CRAS Barra,Público Geral,Cadastro Único
Feminino,42,Médio Incompleto,Caleme,1,CRAS Barra,CRAS Barra,Público Geral,Cadastro Único
Feminino,43,Superior Completo,PImenteiras,1,CRAS Barra,CRAS Barra,Público Geral,Cadastro Único
Feminino,28,Superior Completo,Barra do Imbuí,1,CRAS Barra,CRAS Barra,Público Geral,Cadastro Único
Feminino,49,Fundamental Incompleto,Espanhol,1,CRAS Barra,CRAS Barra,Público Geral,Cadastro Único
Masculino,53,Fundamental Incompleto,Espanhol,1,CRAS Barra,CRAS Barra,Público Geral,Cadastro Único
Feminino,24,Médio Completo,PImenteiras,1,CRAS Barra,CRAS Barra,Público Geral,Cadastro Único
Feminino,33,Médio Incompleto,Vila Muqui,1,CRAS Barra,CRAS Barra,Público Geral,Cadastro Único
Feminino,45,Fundamental Incompleto,Paineiras,1,CRAS Barra,CRAS Barra,Público Geral,Cadastro Único
Feminino,54,Médio Completo,Paineiras,1,CRAS Barra,CRAS Barra,Público Geral,Cadastro Único
Feminino,27,Médio Completo,Granja Florestal,1,CRAS Barra,CRAS Barra,Público Geral,Cadastro Único
Feminino,27,Fundamental Incompleto,Paineiras,1,CRAS Barra,CRAS Barra,Público Geral,Cadastro Único
Masculino,30,Fundamental Incompleto,Barra do Imbuí,1,CRAS Barra,CRAS Barra,Público Geral,Assistente Social
Feminino,38,Fundamental Incompleto,Caleme,1,CRAS Barra,CRAS Barra,Público Geral,Assistente Social
Feminino,56,Médio Completo,Caleme,1,CRAS Barra,CRAS Barra,Público Geral,Assistente Social
Feminino,59,Fundamental Incompleto,Vila Muqui,1,CRAS Barra,CRAS Barra,Público Geral,Assistente Social
Feminino,18,Fundamental Incompleto,Jardim Feo,1,CRAS Barra,CRAS Barra,Público Geral,Assistente Social
Feminino,30,Fundamental Incompleto,Vila Muqui,1,CRAS Barra,CRAS Barra,PAIF,Assistente Social
Feminino,43,Médio Completo,Barra do Imbuí,1,CRAS Barra,CRAS Barra,Público Geral,Assistente Social
Feminino,33,Médio Incompleto,Vila Muqui,1,CRAS Barra,CRAS Barra,Público Geral,Assistente Social
Feminino,55,Fundamental Incompleto,Paineiras,1,CRAS Barra,CRAS Barra,Público Geral,Cadastro Único
Feminino,76,Médio Completo,Caleme,1,CRAS Barra,CRAS Barra,Público Geral,Cadastro Único
Feminino,57,Médio Incompleto,Paineiras,1,CRAS Barra,CRAS Barra,Público Geral,Cadastro Único
Masculino,74,Médio Incompleto,Barra do Imbuí,1,CRAS Barra,CRAS Barra,Público Geral,Cadastro Único
Feminino,21,Superior Incompleto,Paineiras,1,CRAS Barra,CRAS Barra,Público Geral,Cadastro Único
Feminino,67,Médio Completo,Barra do Imbuí,1,CRAS Barra,CRAS Barra,Público Geral,Cadastro Único
Feminino,49,Fundamental Incompleto,Posse,1,CRAS Barra,CRAS Barra,Público Geral,Cadastro Único
Masculino,58,Não Escolarizado,Quinta Lebrão,1,CRAS Barra,CRAS Barra,Público Geral,Cadastro Único
Masculino,43,Fundamental Incompleto,Jardim Feo,1,CRAS Barra,CRAS Barra,Público Geral,Cadastro Único
Feminino,67,Fundamental Incompleto,Paineiras,1,CRAS Barra,CRAS Barra,Público Geral,Cadastro Único
Feminino,47,Fundamental Incompleto,Caleme,1,CRAS Barra,CRAS Barra,Público Geral,Cadastro Único
Masculino,65,Fundamental Incompleto,Jardim Feo,1,CRAS Barra,CRAS Barra,Público Geral,Cadastro Único
Masculino,31,Fundamental Incompleto,Caleme,1,CRAS Barra,CRAS Barra,Público Geral,Cadastro Único
Feminino,42,Fundamental Incompleto,Espanhol,1,CRAS Barra,CRAS Barra,Público Geral,Cadastro Único
Feminino,56,Fundamental Incompleto,Granja Florestal,1,CRAS Barra,CRAS Barra,Público Geral,Cadastro Único
Masculino,42,Fundamental Incompleto,PImenteiras,1,CRAS Barra,CRAS Barra,Público Geral,Cadastro Único
Feminino,54,Médio Incompleto,Parque do Imbuí,1,CRAS Barra,CRAS Barra,Público Geral,Assistente Social
Feminino,21,Médio Completo,Paineiras,1,CRAS Barra,CRAS Barra,Público Geral,Assistente Social
Feminino,43,Fundamental Incompleto,Paineiras,1,CRAS Barra,CRAS Barra,Público Geral,Assistente Social
Feminino,47,Fundamental Incompleto,Caleme,1,CRAS Barra,CRAS Barra,Público Geral,Assistente Social
Feminino,36,Médio Completo,Parque do Imbuí,1,CRAS Barra,CRAS Barra,Público Geral,Assistente Social
Feminino,26,Médio Completo,Jardim Pimenteiras,1,CRAS Barra,CRAS Barra,Público Geral,Assistente Social
Feminino,47,Fundamental Incompleto,Jardim Feo,1,CRAS Barra,CRAS Barra,Público Geral,Assistente Social
Feminino,52,Médio Completo,Quinta Lebrão,1,CRAS Barra,CRAS Barra,Público Geral,Assistente Social
Feminino,31,Fundamental Incompleto,PImenteiras,1,CRAS Barra,CRAS Barra,Público Geral,Assistente Social
Feminino,32,Médio Completo,Jardim Pimenteiras,1,CRAS Barra,CRAS Barra,PAIF,Assistente Social
Feminino,55,Médio Completo,Caleme,1,CRAS Barra,CRAS Barra,Público Geral,Assistente Social
Feminino,32,Fundamental Incompleto,Salaco,1,CRAS Barra,CRAS Barra,Público Geral,Assistente Social
Feminino,22,Fundamental Incompleto,Barra do Imbuí,1,CRAS Barra,CRAS Barra,Público Geral,Assistente Social
Feminino,45,Fundamental Incompleto,Parque do Imbuí,1,CRAS Barra,CRAS Barra,Público Geral,Assistente Social
Feminino,55,Fundamental Incompleto,Paineiras,1,CRAS Barra,CRAS Barra,Público Geral,Assistente Social
Feminino,29,Fundamental Incompleto,Caleme,1,CRAS Barra,CRAS Barra,Público Geral,Cadastro Único
Masculino,45,Fundamental Incompleto,Espanhol,1,CRAS Barra,CRAS Barra,Público Geral,Cadastro Único
Feminino,30,Médio Completo,Barra do Imbuí,1,CRAS Barra,CRAS Barra,Público Geral,Cadastro Único
Feminino,29,Médio Completo,Jardim Feo,1,CRAS Barra,CRAS Barra,Público Geral,Cadastro Único
Feminino,47,Médio Completo,São Pedro ,1,CRAS Barra,CRAS Barra,Público Geral,Cadastro Único
Feminino,52,Fundamental Incompleto,Parque do Imbuí,1,CRAS Barra,CRAS Barra,Público Geral,Cadastro Único
Masculino,45,Fundamental Completo,Paineiras,1,CRAS Barra,CRAS Barra,Público Geral,Cadastro Único
Feminino,46,Médio Completo,Barra do Imbuí,1,CRAS Barra,CRAS Barra,Público Geral,Cadastro Único
Feminino,38,Médio Incompleto,Barra do Imbuí,1,CRAS Barra,CRAS Barra,Público Geral,Cadastro Único
Feminino,45,Fundamental Incompleto,Parque do Imbuí,1,CRAS Barra,CRAS Barra,Público Geral,Cadastro Único
Feminino,62,Fundamental Incompleto,Barra do Imbuí,1,CRAS Barra,CRAS Barra,PAIF,Cadastro Único
Feminino,52,Fundamental Incompleto,Caleme,1,CRAS Barra,CRAS Barra,Público Geral,Cadastro Único
Feminino,22,Médio Completo,Posse,1,CRAS Barra,CRAS Barra,Público Geral,Cadastro Único
Feminino,38,Fundamental Incompleto,Jardim Pimenteiras,1,CRAS Barra,CRAS Barra,Público Geral,Assistente Social
Feminino,36,Fundamental Incompleto,PImenteiras,1,CRAS Barra,CRAS Barra,Público Geral,Assistente Social
Feminino,53,Fundamental Incompleto,Caleme,1,CRAS Barra,CRAS Barra,Público Geral,Assistente Social
Feminino,30,Fundamental Incompleto,Barra do Imbuí,1,CRAS Barra,CRAS Barra,Público Geral,Assistente Social
Feminino,36,Fundamental Incompleto,Salaco,1,CRAS Barra,CRAS Barra,Público Geral,Assistente Social
Feminino,46,Fundamental Incompleto,São Pedro ,1,CRAS Barra,CRAS Barra,Público Geral,Assistente Social
Feminino,39,Fundamental Incompleto,Caleme,1,CRAS Barra,CRAS Barra,Público Geral,Assistente Social
Feminino,55,Fundamental Incompleto,Paineiras,1,CRAS Barra,CRAS Barra,Público Geral,Assistente Social
Feminino,29,Fundamental Incompleto,Jardim Feo,1,CRAS Barra,CRAS Barra,Público Geral,Assistente Social
Feminino,36,Fundamental Incompleto,Caleme,1,CRAS Barra,CRAS Barra,Público Geral,Assistente Social
Feminino,45,Fundamental Incompleto,Barra do Imbuí,1,CRAS Barra,CRAS Barra,Público Geral,Assistente Social
Feminino,52,Fundamental Incompleto,Parque do Imbuí,1,CRAS Barra,CRAS Barra,Público Geral,Assistente Social
Feminino,62,Fundamental Incompleto,Barra do Imbuí,1,CRAS Barra,CRAS Barra,Público Geral,Assistente Social
Feminino,38,Fundamental Incompleto,Barra do Imbuí,1,CRAS Barra,CRAS Barra,Público Geral,Assistente Social
Feminino,58,Fundamental Incompleto,Barra do Imbuí,1,CRAS Barra,CRAS Barra,Público Geral,Assistente Social
Feminino,60,Fundamental Incompleto,Barra do Imbuí,1,CRAS Barra,CRAS Barra,Público Geral,Assistente Social
Feminino,22,Fundamental Incompleto,Posse,1,CRAS Barra,CRAS Barra,Público Geral,Assistente Social
Feminino,19,Fundamental Incompleto,Posse,1,CRAS Barra,CRAS Barra,Público Geral,Assistente Social
Masculino,67,Fundamental Incompleto,Paineiras,1,CRAS Barra,CRAS Barra,Público Geral,Assistente Social
Feminino,78,Fundamental Incompleto,PImenteiras,1,CRAS Barra,CRAS Barra,Público Geral,Assistente Social
Masculino,48,Médio Completo,Jardim Pimenteiras,1,CRAS Barra,CRAS Barra,Público Geral,Assistente Social
Feminino,19,Médio Incompleto,Granja Florestal,1,CRAS Barra,CRAS Barra,Público Geral,Assistente Social
Feminino,56,Médio Incompleto,Granja Florestal,1,CRAS Barra,CRAS Barra,Público Geral,Assistente Social
Feminino,26,Médio Completo,Parque do Imbuí,1,CRAS Barra,CRAS Barra,Público Geral,Assistente Social
Masculino,51,Fundamental Incompleto,Jardim Salaco,1,CRAS Barra,CRAS Barra,Público Geral,Assistente Social
Feminino,62,Fundamental Incompleto,Paineiras,1,CRAS Barra,CRAS Barra,Público Geral,Assistente Social
Masculino,51,Fundamental Incompleto,Caleme,1,CRAS Barra,CRAS Barra,Público Geral,Assistente Social
Feminino,52,Fundamental Incompleto,Granja Florestal,1,CRAS Barra,CRAS Barra,Público Geral,Assistente Social
Feminino,65,Fundamental Incompleto,Caleme,1,CRAS Barra,CRAS Barra,Público Geral,Assistente Social
Feminino,34,Médio Completo,Vila Muqui,1,CRAS Barra,CRAS Barra,Público Geral,Assistente Social
Feminino,26,Médio Completo,Posse,1,CRAS Barra,CRAS Barra,Público Geral,Assistente Social
Masculino,63,Fundamental Incompleto,Caleme,1,CRAS Barra,CRAS Barra,Público Geral,Assistente Social
Feminino,50,Fundamental Incompleto,Caleme,1,CRAS Barra,CRAS Barra,Público Geral,Assistente Social
Feminino,46,Fundamental Incompleto,Paineiras,1,CRAS Barra,CRAS Barra,Público Geral,Assistente Social
Feminino,20,Médio Completo,Barra do Imbuí,1,CRAS Barra,CRAS Barra,Público Geral,Assistente Social
Feminino,25,Fundamental Incompleto,Cascata do Imbuí ,1,CRAS Barra,CRAS Barra,Público Geral,Assistente Social
Feminino,39,Médio Incompleto,Barra do Imbuí,1,CRAS Barra,CRAS Barra,Público Geral,Assistente Social
Feminino,35,Fundamental Incompleto,Caleme,1,CRAS Barra,CRAS Barra,Público Geral,Assistente Social
Feminino,20,Médio Completo,Jardim Feo,1,CRAS Barra,CRAS Barra,Público Geral,Assistente Social
Feminino,56,Médio Completo,Jardim Feo,1,CRAS Barra,CRAS Barra,Público Geral,Assistente Social
Feminino,31,Fundamental Incompleto,PImenteiras,1,CRAS Barra,CRAS Barra,Público Geral,Assistente Social
Masculino,40,Médio Completo,Espanhol,1,CRAS Barra,CRAS Barra,Público Geral,Assistente Social
Feminino,64,Médio Incompleto,Barra do Imbuí,1,CRAS Barra,CRAS Barra,Público Geral,Assistente Social
Feminino,63,Fundamental Incompleto,Paineiras,1,CRAS Barra,CRAS Barra,Público Geral,Assistente Social
Feminino,48,Médio Completo,PImenteiras,1,CRAS Barra,CRAS Barra,Público Geral,Assistente Social
Masculino,68,Fundamental Incompleto,Barra do Imbuí,1,CRAS Barra,CRAS Barra,Público Geral,Assistente Social
Feminino,41,Médio Completo,Caleme,1,CRAS Barra,CRAS Barra,Público Geral,Assistente Social
Feminino,57,Médio Completo,Granja Florestal,1,CRAS Barra,CRAS Barra,Público Geral,Assistente Social
Feminino,71,Médio Completo,Espanhol,1,CRAS Barra,CRAS Barra,Público Geral,Assistente Social
Feminino,37,Fundamental Completo,Posse,1,CRAS Barra,CRAS Barra,Público Geral,Assistente Social
Masculino,41,Fundamental Incompleto,Espanhol,1,CRAS Barra,CRAS Barra,Público Geral,Assistente Social
Feminino,33,Fundamental Completo,Paineiras,1,CRAS Barra,CRAS Barra,Público Geral,Assistente Social
Feminino,59,Fundamental Incompleto,Posse,1,CRAS Barra,CRAS Barra,Público Geral,Assistente Social
Masculino,33,Médio Completo,Jardim Pimenteiras,1,CRAS Barra,CRAS Barra,Público Geral,Assistente Social
Feminino,28,Médio Incompleto,Paineiras,1,CRAS Barra,CRAS Barra,Público Geral,Assistente Social
Feminino,38,Superior Incompleto,Tijuca,1,CRAS Barra,CRAS Barra,Público Geral,Assistente Social
Feminino,34,Médio Completo,Vila Muqui,1,CRAS Barra,CRAS Barra,Público Geral,Assistente Social
Masculino,48,Médio Completo,Jardim Pimenteiras,1,CRAS Barra,CRAS Barra,Público Geral,Assistente Social
Masculino,51,Fundamental Incompleto,Jardim Salaco,1,CRAS Barra,CRAS Barra,Público Geral,Assistente Social
Feminino,65,Fundamental Incompleto,Caleme,1,CRAS Barra,CRAS Barra,Público Geral,Assistente Social
Feminino,34,Médio Completo,Paineiras,1,CRAS Barra,CRAS Barra,Público Geral,Assistente Social
Feminino,26,Médio Completo,Posse,1,CRAS Barra,CRAS Barra,Público Geral,Assistente Social
Feminino,63,Fundamental Incompleto,Quebra Frascos,1,CRAS Barra,CRAS Barra,Público Geral,Assistente Social
Masculino,37,Fundamental Completo,Salaco,1,CRAS Barra,CRAS Barra,PAIF,Assistente Social
Feminino,35,Médio Incompleto,Salaco,1,CRAS Barra,CRAS Barra,Público Geral,Assistente Social
Masculino,18,Médio Completo,Barra do Imbuí,1,CRAS Barra,CRAS Barra,Público Geral,Assistente Social
Feminino,20,Médio Completo,Jardim Feo,1,CRAS Barra,CRAS Barra,Público Geral,Assistente Social
Feminino,45,Fundamental Incompleto,Paineiras,1,CRAS Barra,CRAS Barra,Público Geral,Assistente Social
Feminino,25,Fundamental Incompleto,Cascata do Imbuí ,1,CRAS Barra,CRAS Barra,Público Geral,Assistente Social
Feminino,48,Médio Incompleto,Pimenteiras,1,CRAS Barra,CRAS Barra,Público Geral,Assistente Social
Feminino,63,Fundamental Incompleto,Paineiras,1,CRAS Barra,CRAS Barra,Público Geral,Assistente Social
Feminino,33,Fundamental Incompleto,Paineiras,1,CRAS Barra,CRAS Barra,Público Geral,Assistente Social
Feminino,37,Fundamental Incompleto,Posse,1,CRAS Barra,CRAS Barra,Público Geral,Assistente Social
Feminino,63,Fundamental Incompleto,Caleme,1,CRAS Barra,CRAS Barra,PAIF,Assistente Social
Feminino,62,Fundamental Incompleto,Paineiras,1,CRAS Barra,CRAS Barra,Público Geral,Cadastro Único
Feminino,47,Fundamental Incompleto,Ermitagem,1,CRAS Barra,CRAS Barra,Público Geral,Cadastro Único
Masculino,52,Fundamental Incompleto,Salaco,1,CRAS Barra,CRAS Barra,Público Geral,Cadastro Único
Feminino,33,Fundamental Incompleto,Salaco,1,CRAS Barra,CRAS Barra,Público Geral,Cadastro Único
Feminino,64,Fundamental Incompleto,Jardim Feo,1,CRAS Barra,CRAS Barra,Público Geral,Cadastro Único
Feminino,53,Fundamental Incompleto,Parque do Imbuí,1,CRAS Barra,CRAS Barra,Público Geral,Cadastro Único
Feminino,33,Médio Completo,Barra do Imbuí,1,CRAS Barra,CRAS Barra,Público Geral,Cadastro Único
Masculino,66,Fundamental Incompleto,Granja Florestal,1,CRAS Barra,CRAS Barra,Público Geral,Cadastro Único
Feminino,37,Médio Completo,Salaco,1,CRAS Barra,CRAS Barra,Público Geral,Cadastro Único
Feminino,22,Médio Incompleto,Barra do Imbuí,1,CRAS Barra,CRAS Barra,Público Geral,Cadastro Único
Feminino,45,Médio Incompleto,Salaco,1,CRAS Barra,CRAS Barra,Público Geral,Cadastro Único
Feminino,38,Fundamental Incompleto,Posse,1,CRAS Barra,CRAS Barra,Público Geral,Cadastro Único
Feminino,36,Médio Completo,Barra do Imbuí,1,CRAS Barra,CRAS Barra,Público Geral,Cadastro Único
Feminino,33,Médio Incompleto,Jardim Feo,1,CRAS Barra,CRAS Barra,Público Geral,Cadastro Único
Masculino,42,Médio Completo,Salaco,1,CRAS Barra,CRAS Barra,Público Geral,Cadastro Único
Feminino,36,Médio Incompleto,Espanhol,1,CRAS Barra,CRAS Barra,Público Geral,Cadastro Único
Feminino,56,Fundamental Incompleto,Posse,1,CRAS Barra,CRAS Barra,Público Geral,Cadastro Único
Feminino,50,Superior Incompleto,Salaco,1,CRAS Barra,CRAS Barra,Público Geral,Cadastro Único
Feminino,34,Médio Completo,Barra do Imbuí,1,CRAS Barra,CRAS Barra,Público Geral,Cadastro Único
Masculino,31,Fundamental Incompleto,Barra do Imbuí,1,CRAS Barra,CRAS Barra,Público Geral,Cadastro Único
Masculino,40,Fundamental Incompleto,Paineiras,1,CRAS Barra,CRAS Barra,Público Geral,Cadastro Único
Feminino,37,Médio Completo,Salaco,1,CRAS Barra,CRAS Barra,Público Geral,Assistente Social
Feminino,33,Fundamental Incompleto,Salaco,1,CRAS Barra,CRAS Barra,Público Geral,Assistente Social
Feminino,38,Fundamental Incompleto,Posse,1,CRAS Barra,CRAS Barra,Público Geral,Assistente Social
Masculino,42,Médio Completo,Salaco,1,CRAS Barra,CRAS Barra,Público Geral,Assistente Social
Feminino,41,Médio Completo,Jardim Feo,1,CRAS Barra,CRAS Barra,Público Geral,Assistente Social
Feminino,29,Médio Incompleto,Vila Muqui,1,CRAS Barra,CRAS Barra,Público Geral,Assistente Social
Masculino,78,Fundamental Incompleto,Pimenteiras,1,CRAS Barra,CRAS Barra,Público Geral,Assistente Social
Feminino,29,Médio Incompleto,Pimenteiras,1,CRAS Barra,CRAS Barra,Público Geral,Assistente Social
Feminino,48,Médio Completo,Granja Florestal,1,CRAS Barra,CRAS Barra,Público Geral,Assistente Social
Feminino,33,Médio Completo,Barra do Imbuí,1,CRAS Barra,CRAS Barra,Público Geral,Assistente Social
Feminino,21,Médio Completo,Granja Florestal,1,CRAS Barra,CRAS Barra,Público Geral,Assistente Social
Feminino,33,Fundamental Incompleto,Jardim Feo,1,CRAS Barra,CRAS Barra,Público Geral,Assistente Social
Feminino,35,Fundamental Completo,Barra do Imbuí,1,CRAS Barra,CRAS Barra,Público Geral,Assistente Social
Feminino,19,Médio Completo,Golf,1,CRAS Barra,CRAS Barra,Público Geral,Assistente Social
Masculino,64,Médio Completo,Caleme,1,CRAS Barra,CRAS Barra,Público Geral,Assistente Social
Feminino,76,Fundamental Incompleto,Caleme,1,CRAS Barra,CRAS Barra,Público Geral,Assistente Social
Feminino,31,Fundamental Incompleto,Posse,1,CRAS Barra,CRAS Barra,Público Geral,Assistente Social
Feminino,24,Fundamental Incompleto,Caleme,1,CRAS Barra,CRAS Barra,PAIF,Assistente Social
Feminino,38,Fundamental Incompleto,Caleme,1,CRAS Barra,CRAS Barra,Público Geral,Assistente Social
Feminino,34,Médio Completo,Barra do Imbuí,1,CRAS Barra,CRAS Barra,Público Geral,Assistente Social
Feminino,29,Médio Completo,Jardim Feo,1,CRAS Barra,CRAS Barra,Público Geral,Assistente Social
Feminino,35,Médio Incompleto,Caleme,1,CRAS Barra,CRAS Barra,Público Geral,Assistente Social
Feminino,46,Médio Incompleto,Granja Florestal,1,CRAS Barra,CRAS Barra,Público Geral,Assistente Social
Feminino,18,Fundamental Incompleto,Vila Muqui,1,CRAS Barra,CRAS Barra,Público Geral,Assistente Social
Feminino,45,Médio Completo,Golf,1,CRAS Barra,CRAS Barra,Público Geral,Assistente Social
Feminino,27,Médio Incompleto,Barra do Imbuí,1,CRAS Barra,CRAS Barra,PAIF,Assistente Social
Feminino,60,Fundamental Incompleto,Barra do Imbuí,1,CRAS Barra,CRAS Barra,Público Geral,Assistente Social
Feminino,26,Fundamental Incompleto,Vila Muqui,1,CRAS Barra,CRAS Barra,Público Geral,Assistente Social
Feminino,66,Fundamental Incompleto,Barra do Imbuí,1,CRAS Barra,CRAS Barra,Público Geral,Assistente Social
Feminino,18,Médio Completo,Barra do Imbuí,1,CRAS Barra,CRAS Barra,Público Geral,Assistente Social
Masculino,63,Fundamental Incompleto,Jardim Feo,1,CRAS Barra,CRAS Barra,Público Geral,Cadastro Único
Masculino,37,Fundamental Incompleto,Parque do Imbuí,1,CRAS Barra,CRAS Barra,Público Geral,Cadastro Único
Feminino,55,Fundamental Incompleto,Vila Muqui,1,CRAS Barra,CRAS Barra,Público Geral,Cadastro Único
Feminino,57,Fundamental Incompleto,Vila Muqui,1,CRAS Barra,CRAS Barra,Público Geral,Cadastro Único
Feminino,29,Fundamental Incompleto,Espanhol,1,CRAS Barra,CRAS Barra,Público Geral,Cadastro Único
Feminino,71,Fundamental Incompleto,Granja Florestal,1,CRAS Barra,CRAS Barra,Público Geral,Cadastro Único
Feminino,29,Fundamental Incompleto,Granja Florestal,1,CRAS Barra,CRAS Barra,Público Geral,Cadastro Único
Feminino,40,Fundamental Incompleto,Espanhol,1,CRAS Barra,CRAS Barra,PAIF,Cadastro Único
Feminino,70,Fundamental Incompleto,Salaco,1,CRAS Barra,CRAS Barra,Público Geral,Cadastro Único
Feminino,32,Fundamental Incompleto,Barra do Imbuí,1,CRAS Barra,CRAS Barra,Público Geral,Cadastro Único
Feminino,26,Fundamental Incompleto,Jardim Pimenteiras,1,CRAS Barra,CRAS Barra,Público Geral,Cadastro Único
Feminino,46,Fundamental Incompleto,Granja Florestal,1,CRAS Barra,CRAS Barra,Público Geral,Cadastro Único
Feminino,25,Fundamental Incompleto,Posse,1,CRAS Barra,CRAS Barra,Público Geral,Cadastro Único
Feminino,61,Fundamental Incompleto,Paineiras,1,CRAS Barra,CRAS Barra,Público Geral,Cadastro Único
Feminino,27,Fundamental Incompleto,Caleme,1,CRAS Barra,CRAS Barra,Público Geral,Cadastro Único
Feminino,40,Fundamental Incompleto,Jardim Feo,1,CRAS Barra,CRAS Barra,Público Geral,Cadastro Único
Feminino,50,Fundamental Incompleto,Espanhol,1,CRAS Barra,CRAS Barra,Público Geral,Cadastro Único
Feminino,49,Fundamental Incompleto,Espanhol,1,CRAS Barra,CRAS Barra,Público Geral,Cadastro Único
Feminino,28,Médio Incompleto,Paineiras,1,CRAS Barra,CRAS Barra,Público Geral,Cadastro Único
Feminino,57,Não Escolarizado,Salaco,1,CRAS Barra,CRAS Barra,Público Geral,Cadastro Único
Feminino,31,Superior Completo,Barra do Imbuí,1,CRAS Barra,CRAS Barra,Público Geral,Cadastro Único
Feminino,78,Superior Completo,Barra do Imbuí,1,CRAS Barra,CRAS Barra,PAIF,Cadastro Único
Feminino,44,Fundamental Incompleto,Paineiras,1,CRAS Barra,CRAS Barra,Público Geral,Assistente Social
Feminino,43,Fundamental Incompleto,Barra do Imbuí,1,CRAS Barra,CRAS Barra,Público Geral,Assistente Social
Masculino,29,Fundamental Incompleto,Barra do Imbuí,1,CRAS Barra,CRAS Barra,Público Geral,Assistente Social
Masculino,69,Fundamental Incompleto,Jardim Salaco,1,CRAS Barra,CRAS Barra,Público Geral,Assistente Social
Masculino,54,Médio Completo,Barra do Imbuí,1,CRAS Barra,CRAS Barra,Público Geral,Assistente Social
Feminino,76,Fundamental Incompleto,Paineiras,1,CRAS Barra,CRAS Barra,PAIF,Assistente Social
Feminino,34,Fundamental Incompleto,Paineiras,1,CRAS Barra,CRAS Barra,PAIF,Assistente Social
Feminino,19,Fundamental Incompleto,Caleme,1,CRAS Barra,CRAS Barra,Público Geral,Cadastro Único
Feminino,28,Médio Completo,Paineiras,1,CRAS Barra,CRAS Barra,Público Geral,Cadastro Único
Masculino,34,Médio Completo,Pimenteiras,1,CRAS Barra,CRAS Barra,Público Geral,Cadastro Único
Feminino,21,Médio Completo,Barra do Imbuí,1,CRAS Barra,CRAS Barra,Público Geral,Cadastro Único
Feminino,34,Fundamental Incompleto,Paineiras,1,CRAS Barra,CRAS Barra,PAIF,Cadastro Único
Feminino,57,Superior Completo,Cascata do Imbuí ,1,CRAS Barra,CRAS Barra,Público Geral,Cadastro Único
Masculino,71,Fundamental Incompleto,Barra do Imbuí,1,CRAS Barra,CRAS Barra,Público Geral,Cadastro Único
Feminino,52,Fundamental Completo,Barra do Imbuí,1,CRAS Barra,CRAS Barra,Público Geral,Cadastro Único
Feminino,24,Médio Completo,Paineiras,1,CRAS Barra,CRAS Barra,Público Geral,Cadastro Único
Feminino,66,Fundamental Incompleto,Campo Grande,1,CRAS Barra,CRAS Barra,Público Geral,Cadastro Único
Feminino,81,Fundamental Incompleto,Espanhol,1,CRAS Barra,CRAS Barra,Público Geral,Cadastro Único
Feminino,41,Superior Completo,Quinta da Barra,1,CRAS Barra,CRAS Barra,Público Geral,Cadastro Único
Feminino,29,Médio Incompleto,Paineiras,1,CRAS Barra,CRAS Barra,Público Geral,Cadastro Único
Feminino,38,Médio Completo,Caleme,1,CRAS Barra,CRAS Barra,Público Geral,Cadastro Único
Masculino,51,Fundamental Incompleto,Meudon,1,CRAS Barra,CRAS Barra,Público Geral,Cadastro Único
Feminino,38,Fundamental Incompleto,Granja Florestal,1,CRAS Barra,CRAS Barra,Público Geral,Cadastro Único
Feminino,35,Fundamental Completo,Jardim Feo,1,CRAS Barra,CRAS Barra,Público Geral,Cadastro Único
Masculino,76,Fundamental Incompleto,Jardim Feo,1,CRAS Barra,CRAS Barra,Público Geral,Cadastro Único
Feminino,48,Fundamental Incompleto,Granja Florestal,1,CRAS Barra,CRAS Barra,Público Geral,Cadastro Único
Feminino,34,Superior Completo,Salaquinho,1,CRAS Barra,CRAS Barra,Público Geral,Assistente Social
Feminino,60,Superior Incompleto,Jardim Feo,1,CRAS Barra,CRAS Barra,Público Geral,Assistente Social
Feminino,20,Médio Incompleto,Paineiras,1,CRAS Barra,CRAS Barra,Público Geral,Assistente Social
Masculino,65,Fundamental Incompleto,Golf,1,CRAS Barra,CRAS Barra,PAIF,Assistente Social
Feminino,50,Médio Completo,Barra do Imbuí,1,CRAS Barra,CRAS Barra,Público Geral,Assistente Social
Masculino,42,Fundamental Incompleto,Granja Florestal,1,CRAS Barra,CRAS Barra,Público Geral,Cadastro Único
Masculino,53,Fundamental Incompleto,Granja Florestal,1,CRAS Barra,CRAS Barra,Público Geral,Cadastro Único
Feminino,57,Fundamental Incompleto,Espanhol,1,CRAS Barra,CRAS Barra,Público Geral,Cadastro Único
Feminino,50,Fundamental Incompleto,Barra do Imbuí,1,CRAS Barra,CRAS Barra,Público Geral,Cadastro Único
Feminino,28,Fundamental Completo,Caleme,1,CRAS Barra,CRAS Barra,Público Geral,Cadastro Único
Feminino,53,Médio Completo,Paineiras,1,CRAS Barra,CRAS Barra,Público Geral,Cadastro Único
Feminino,47,Fundamental Incompleto,Pimenteiras,1,CRAS Barra,CRAS Barra,Público Geral,Cadastro Único
Feminino,57,Não Escolarizado,Salaco,1,CRAS Barra,CRAS Barra,Público Geral,Cadastro Único
Feminino,20,Médio Completo,Cascata do Imbuí ,1,CRAS Barra,CRAS Barra,Público Geral,Cadastro Único
Masculino,43,Fundamental Incompleto,Espanhol,1,CRAS Barra,CRAS Barra,Público Geral,Cadastro Único
Feminino,55,Médio Incompleto,Jardim Feo,1,CRAS Barra,CRAS Barra,Público Geral,Cadastro Único
Feminino,25,Médio Completo,Barra do Imbuí,1,CRAS Barra,CRAS Barra,Público Geral,Cadastro Único
Masculino,64,Fundamental Incompleto,Barra do Imbuí,1,CRAS Barra,CRAS Barra,Público Geral,Cadastro Único
Feminino,42,Fundamental Incompleto,Posse,1,CRAS Barra,CRAS Barra,Público Geral,Cadastro Único
Feminino,78,Fundamental Incompleto,Quebra Frascos,1,CRAS Barra,CRAS Barra,Público Geral,Cadastro Único
Feminino,21,Médio Completo,Pimenteiras,1,CRAS Barra,CRAS Barra,Público Geral,Cadastro Único
Feminino,33,Médio Completo,Vila Muqui,1,CRAS Barra,CRAS Barra,Público Geral,Cadastro Único
Feminino,66,Fundamental Incompleto,Caleme,1,CRAS Barra,CRAS Barra,Público Geral,Cadastro Único
Feminino,18,Médio Incompleto,Paineiras,1,CRAS Barra,CRAS Barra,Público Geral,Cadastro Único
Feminino,57,Fundamental Incompleto,Espanhol,1,CRAS Barra,CRAS Barra,Público Geral,Cadastro Único
Feminino,43,Médio Completo,Paineiras,1,CRAS Barra,CRAS Barra,Público Geral,Cadastro Único
Feminino,60,Fundamental Incompleto,Paineiras,1,CRAS Barra,CRAS Barra,Público Geral,Cadastro Único
Feminino,55,Médio Incompleto,Jardim Feo,1,CRAS Barra,CRAS Barra,Público Geral,Cadastro Único
Feminino,38,Fundamental Incompleto,Granja Florestal,1,CRAS Barra,CRAS Barra,Público Geral,Cadastro Único
Masculino,51,Superior Completo,Barra do Imbuí,1,CRAS Barra,CRAS Barra,Público Geral,Cadastro Único
Feminino,25,Médio Completo,Paineiras,1,CRAS Barra,CRAS Barra,Público Geral,Cadastro Único
Feminino,51,Médio Completo,Caleme,1,CRAS Barra,CRAS Barra,Público Geral,Cadastro Único
Masculino,64,Fundamental Incompleto,Barra do Imbuí,1,CRAS Barra,CRAS Barra,Público Geral,Cadastro Único
Feminino,43,Médio Completo,Paineiras,1,CRAS Barra,CRAS Barra,Público Geral,Cadastro Único
Feminino,20,Médio Completo,Cascata do Imbuí ,1,CRAS Barra,CRAS Barra,Público Geral,Cadastro Único
Feminino,28,Médio Incompleto,Pimenteiras,1,CRAS Barra,CRAS Barra,Público Geral,Cadastro Único
Feminino,70,Fundamental Incompleto,Barra do Imbuí,1,CRAS Barra,CRAS Barra,Público Geral,Cadastro Único
Masculino,58,Fundamental Incompleto,Paineiras,1,CRAS Barra,CRAS Barra,Público Geral,Cadastro Único
Feminino,30,Médio Completo,Pimenteiras,1,CRAS Barra,CRAS Barra,Público Geral,Cadastro Único
Feminino,21,Médio Completo,Pimenteiras,1,CRAS Barra,CRAS Barra,Público Geral,Cadastro Único
Feminino,18,Médio Completo,Caleme,1,CRAS Barra,CRAS Barra,Público Geral,Cadastro Único
Feminino,48,Superior Incompleto,Golf,1,CRAS Barra,CRAS Barra,Público Geral,Cadastro Único
Feminino,38,Fundamental Incompleto,Paineiras,1,CRAS Barra,CRAS Barra,Público Geral,Cadastro Único
Masculino,64,Fundamental Incompleto,Jardim Pimenteiras,1,CRAS Barra,CRAS Barra,Público Geral,Cadastro Único
Feminino,54,Médio Completo,Paineiras,1,CRAS Barra,CRAS Barra,Público Geral,Cadastro Único
Feminino,61,Fundamental Incompleto,Jardim Feo,1,CRAS Barra,CRAS Barra,Público Geral,Cadastro Único
Feminino,34,Médio Completo,Parque do Imbuí,1,CRAS Barra,CRAS Barra,Público Geral,Cadastro Único
Feminino,57,Não Escolarizado,Parque do Imbuí,1,CRAS Barra,CRAS Barra,Público Geral,Cadastro Único
Masculino,46,Médio Completo,Barra do Imbuí,1,CRAS Barra,CRAS Barra,Público Geral,Cadastro Único
Feminino,47,Fundamental Incompleto,Posse,1,CRAS Barra,CRAS Barra,Público Geral,Cadastro Único
Feminino,39,Fundamental Incompleto,Jardim Feo,1,CRAS Barra,CRAS Barra,Público Geral,Cadastro Único
Feminino,39,Superior Completo,Caleme,1,CRAS Barra,CRAS Barra,Público Geral,Cadastro Único
Feminino,41,Fundamental Incompleto,Barra do Imbuí,1,CRAS Barra,CRAS Barra,Público Geral,Cadastro Único
Masculino,31,Fundamental Incompleto,Barra do Imbuí,1,CRAS Barra,CRAS Barra,Público Geral,Cadastro Único
Masculino,43,Médio Incompleto,Caleme,1,CRAS Barra,CRAS Barra,Público Geral,Cadastro Único
Feminino,36,Médio Incompleto,Paineiras,1,CRAS Barra,CRAS Barra,Público Geral,Cadastro Único
Feminino,38,Fundamental Incompleto,Campo Grande,1,CRAS Barra,CRAS Barra,Público Geral,Cadastro Único
Feminino,71,Médio Completo,Pimenteiras,1,CRAS Barra,CRAS Barra,Público Geral,Cadastro Único
Feminino,40,Médio Incompleto,Vila Muqui,1,CRAS Barra,CRAS Barra,Público Geral,Cadastro Único
Feminino,60,Fundamental Incompleto,Caleme,1,CRAS Barra,CRAS Barra,Público Geral,Cadastro Único
Masculino,47,Médio Completo,Caleme,1,CRAS Barra,CRAS Barra,Público Geral,Cadastro Único
Feminino,18,Fundamental Incompleto,Espanhol,1,CRAS Barra,CRAS Barra,Público Geral,Cadastro Único
Feminino,32,Médio Completo,Barra do Imbuí,1,CRAS Barra,CRAS Barra,Público Geral,Cadastro Único
Feminino,47,Médio Completo,Barra do Imbuí,1,CRAS Barra,CRAS Barra,Público Geral,Cadastro Único
Feminino,42,Médio Incompleto,Paineiras,1,CRAS Barra,CRAS Barra,Público Geral,Cadastro Único
Masculino,35,Médio Completo,Espanhol,1,CRAS Barra,CRAS Barra,Público Geral,Cadastro Único
Masculino,32,Médio Incompleto,Paineiras,1,CRAS Barra,CRAS Barra,Público Geral,Cadastro Único
Feminino,29,Médio Incompleto,Paineiras,1,CRAS Barra,CRAS Barra,Público Geral,Assistente Social
Feminino,38,Fundamental Incompleto,Paineiras,1,CRAS Barra,CRAS Barra,Público Geral,Assistente Social
Feminino,47,Médio Incompleto,Barra do Imbuí,1,CRAS Barra,CRAS Barra,Público Geral,Assistente Social
Feminino,68,Fundamental Completo,Vale do Paraíso,1,CRAS Barra,CRAS Barra,Público Geral,Assistente Social
Feminino,38,Médio Incompleto,Barra do Imbuí,1,CRAS Barra,CRAS Barra,Público Geral,Assistente Social
Masculino,55,Superior Completo,Paineiras,1,CRAS Barra,CRAS Barra,Público Geral,Assistente Social
Feminino,18,Superior Incompleto,Vila Muqui,1,CRAS Barra,CRAS Barra,Público Geral,Assistente Social
Feminino,33,Médio Incompleto,Vila Muqui,1,CRAS Barra,CRAS Barra,Público Geral,Assistente Social
Feminino,46,Médio Completo,Posse,1,CRAS Barra,CRAS Barra,Público Geral,Cadastro Único
Feminino,43,Médio Completo,Posse,1,CRAS Barra,CRAS Barra,Público Geral,Cadastro Único
Feminino,69,Fundamental Incompleto,Espanhol,1,CRAS Barra,CRAS Barra,Público Geral,Cadastro Único
Masculino,32,Fundamental Completo,Vila Muqui,1,CRAS Barra,CRAS Barra,Público Geral,Cadastro Único
Feminino,55,Fundamental Incompleto,Caleme,1,CRAS Barra,CRAS Barra,Público Geral,Cadastro Único
Masculino,62,Médio Incompleto,Barra do Imbuí,1,CRAS Barra,CRAS Barra,Público Geral,Cadastro Único
Feminino,49,Fundamental Incompleto,Quebra Frascos,1,CRAS Barra,CRAS Barra,Público Geral,Cadastro Único
Feminino,37,Fundamental Incompleto,Paineiras,1,CRAS Barra,CRAS Barra,Público Geral,Cadastro Único
Feminino,25,Médio Completo,Golf,1,CRAS Barra,CRAS Barra,Público Geral,Cadastro Único
Feminino,60,Superior Completo,Pimenteiras,1,CRAS Barra,CRAS Barra,Público Geral,Cadastro Único
Feminino,41,Médio Completo,Jardim Feo,1,CRAS Barra,CRAS Barra,Público Geral,Cadastro Único
Feminino,42,Médio Incompleto,Vila Muqui,1,CRAS Barra,CRAS Barra,Público Geral,Cadastro Único
Feminino,58,Fundamental Incompleto,Barra do Imbuí,1,CRAS Barra,CRAS Barra,Público Geral,Cadastro Único
Feminino,36,Médio Completo,Pimenteiras,1,CRAS Barra,CRAS Barra,Público Geral,Cadastro Único
Feminino,59,Fundamental Incompleto,Cascata do Imbuí ,1,CRAS Barra,CRAS Barra,Público Geral,Cadastro Único
Masculino,62,Fundamental Incompleto,Barra do Imbuí,1,CRAS Barra,CRAS Barra,Público Geral,Cadastro Único
Feminino,57,Fundamental Incompleto,Caleme,1,CRAS Barra,CRAS Barra,Público Geral,Cadastro Único
Feminino,24,Médio Completo,Posse,1,CRAS Barra,CRAS Barra,Público Geral,Cadastro Único
Masculino,41,Fundamental Incompleto,Posse,1,CRAS Barra,CRAS Barra,Público Geral,Cadastro Único
Feminino,70,Fundamental Incompleto,Caleme,1,CRAS Barra,CRAS Barra,Público Geral,Cadastro Único
Masculino,27,Médio Completo,Caleme,1,CRAS Barra,CRAS Barra,Público Geral,Cadastro Único
Masculino,59,Médio Completo,Barra do Imbuí,1,CRAS Barra,CRAS Barra,Público Geral,Cadastro Único
Masculino,32,Médio Completo,Paineiras,1,CRAS Barra,CRAS Barra,Público Geral,Cadastro Único
Feminino,70,Superior Completo,Barra do Imbuí,1,CRAS Barra,CRAS Barra,Público Geral,Assistente Social
Feminino,70,Superior Completo,Jardim Feo,1,CRAS Barra,CRAS Barra,Público Geral,Assistente Social
Feminino,43,Médio Completo,Posse,1,CRAS Barra,CRAS Barra,Público Geral,Assistente Social
Feminino,58,Fundamental Incompleto,Barra do Imbuí,1,CRAS Barra,CRAS Barra,Público Geral,Assistente Social
Feminino,37,Fundamental Incompleto,Paineiras,1,CRAS Barra,CRAS Barra,Público Geral,Assistente Social
Masculino,38,Médio Completo,Pimenteiras,1,CRAS Barra,CRAS Barra,Público Geral,Assistente Social
Feminino,25,Médio Completo,Golf,1,CRAS Barra,CRAS Barra,Público Geral,Assistente Social
Feminino,29,Fundamental Completo,Vila Muqui,1,CRAS Barra,CRAS Barra,Público Geral,Assistente Social
Feminino,42,Médio Incompleto,Vila Muqui,1,CRAS Barra,CRAS Barra,Público Geral,Assistente Social
Feminino,59,Fundamental Incompleto,Cascata do Imbuí ,1,CRAS Barra,CRAS Barra,Público Geral,Assistente Social
Feminino,36,Médio Completo,Pimenteiras,1,CRAS Barra,CRAS Barra,Público Geral,Assistente Social
Feminino,54,Fundamental Incompleto,Barra do Imbuí,1,CRAS Barra,CRAS Barra,Público Geral,Assistente Social
Feminino,80,Superior Completo,Barra do Imbuí,1,CRAS Barra,CRAS Barra,Público Geral,Assistente Social
Feminino,41,Médio Completo,Jardim Feo,1,CRAS Barra,CRAS Barra,Público Geral,Assistente Social
Feminino,38,Fundamental Incompleto,Granja Florestal,1,CRAS Barra,CRAS Barra,Público Geral,Assistente Social
Feminino,39,Médio Completo,Barra do Imbuí,1,CRAS Barra,CRAS Barra,Público Geral,Assistente Social
Feminino,41,Médio Completo,Jardim Feo,1,CRAS Barra,CRAS Barra,Público Geral,Assistente Social
Feminino,45,Fundamental Incompleto,Barra do Imbuí,1,CRAS Barra,CRAS Barra,Público Geral,Assistente Social
Feminino,59,Médio Completo,Barra do Imbuí,1,CRAS Barra,CRAS Barra,Público Geral,Assistente Social
Masculino,59,Médio Completo,Barra do Imbuí,1,CRAS Barra,CRAS Barra,Público Geral,Assistente Social
Feminino,21,Médio Incompleto,Quebra Frascos,1,CRAS Barra,CRAS Barra,Público Geral,Assistente Social
Feminino,48,Médio Completo,Pimenteiras,1,CRAS Barra,CRAS Barra,Público Geral,Assistente Social
Feminino,18,Médio Completo,Caleme,1,CRAS Barra,CRAS Barra,Público Geral,Assistente Social
Feminino,30,Médio Incompleto,Jardim Feo,1,CRAS Barra,CRAS Barra,Público Geral,Assistente Social
Feminino,27,Médio Completo,Jardim Feo,1,CRAS Barra,CRAS Barra,Público Geral,Assistente Social
Masculino,24,Médio Completo,Espanhol,1,CRAS Barra,CRAS Barra,Público Geral,Assistente Social
Feminino,73,Fundamental Incompleto,Pimenteiras,1,CRAS Barra,CRAS Barra,Público Geral,Assistente Social
Feminino,32,Médio Completo,Barra do Imbuí,1,CRAS Barra,CRAS Barra,Público Geral,Assistente Social
Feminino,35,Médio Completo,Barra do Imbuí,1,CRAS Barra,CRAS Barra,Público Geral,Assistente Social
Feminino,29,Fundamental Incompleto,Caleme,1,CRAS Barra,CRAS Barra,Público Geral,Cadastro Único
Feminino,44,Fundamental Incompleto,Granja Florestal,1,CRAS Barra,CRAS Barra,Público Geral,Cadastro Único
Feminino,45,Fundamental Incompleto,Jardim Feo,1,CRAS Barra,CRAS Barra,Público Geral,Cadastro Único
Feminino,57,Não Escolarizado,Barra do Imbuí,1,CRAS Barra,CRAS Barra,Público Geral,Cadastro Único
Feminino,62,Fundamental Incompleto,Parque do Imbuí,1,CRAS Barra,CRAS Barra,Público Geral,Cadastro Único
Feminino,28,Fundamental Incompleto,Cascata do Imbuí ,1,CRAS Barra,CRAS Barra,Público Geral,Cadastro Único
Feminino,70,Fundamental Incompleto,Granja Florestal,1,CRAS Barra,CRAS Barra,Público Geral,Cadastro Único
Feminino,43,Fundamental Incompleto,Parque do Imbuí,1,CRAS Barra,CRAS Barra,Público Geral,Cadastro Único
Masculino,48,Médio Completo,Barra do Imbuí,1,CRAS Barra,CRAS Barra,Público Geral,Cadastro Único
Feminino,58,Fundamental Incompleto,Posse,1,CRAS Barra,CRAS Barra,Público Geral,Cadastro Único
Feminino,52,Fundamental Incompleto,Granja Florestal,1,CRAS Barra,CRAS Barra,Público Geral,Cadastro Único
Feminino,25,Médio Completo,Paineiras,1,CRAS Barra,CRAS Barra,Público Geral,Cadastro Único
Feminino,34,Fundamental Completo,Quebra Frascos,1,CRAS Barra,CRAS Barra,Público Geral,Cadastro Único
Feminino,31,Fundamental Incompleto,Pimenteiras,1,CRAS Barra,CRAS Barra,Público Geral,Cadastro Único
Feminino,38,Médio Completo,Caleme,1,CRAS Barra,CRAS Barra,Público Geral,Cadastro Único
Feminino,63,Fundamental Incompleto,Golf,1,CRAS Barra,CRAS Barra,Público Geral,Cadastro Único
Feminino,64,Não Escolarizado,Paineiras,1,CRAS Barra,CRAS Barra,Público Geral,Cadastro Único
Masculino,56,Fundamental Incompleto,Barra do Imbuí,1,CRAS Barra,CRAS Barra,Público Geral,Cadastro Único
Feminino,27,Fundamental Completo,Paineiras,1,CRAS Barra,CRAS Barra,Público Geral,Cadastro Único
Feminino,22,Médio Completo,Caleme,1,CRAS Barra,CRAS Barra,Público Geral,Cadastro Único
Masculino,35,Fundamental Incompleto,Paineiras,1,CRAS Barra,CRAS Barra,Público Geral,Cadastro Único
Feminino,71,Médio Completo,Pimenteiras,1,CRAS Barra,CRAS Barra,Público Geral,Assistente Social
Feminino,46,Fundamental Incompleto,Jardim Feo,1,CRAS Barra,CRAS Barra,Público Geral,Assistente Social
Feminino,26,Médio Completo,Paineiras,1,CRAS Barra,CRAS Barra,Público Geral,Assistente Social
Feminino,43,Fundamental Incompleto,Parque do Imbuí,1,CRAS Barra,CRAS Barra,Público Geral,Assistente Social
Feminino,52,Fundamental Incompleto,Granja Florestal,1,CRAS Barra,CRAS Barra,Público Geral,Assistente Social
Masculino,68,Fundamental Incompleto,Paineiras,1,CRAS Barra,CRAS Barra,Público Geral,Assistente Social
Feminino,34,Fundamental Completo,Quebra Frascos,1,CRAS Barra,CRAS Barra,Público Geral,Assistente Social
Feminino,51,Fundamental Incompleto,Paineiras,1,CRAS Barra,CRAS Barra,Público Geral,Assistente Social
Feminino,64,Não Escolarizado,Paineiras,1,CRAS Barra,CRAS Barra,Público Geral,Assistente Social
Feminino,22,Médio Completo,Caleme,1,CRAS Barra,CRAS Barra,Público Geral,Assistente Social
Feminino,27,Fundamental Completo,Paineiras,1,CRAS Barra,CRAS Barra,Público Geral,Assistente Social
Feminino,29,Superior Completo,Posse,1,CRAS Barra,CRAS Barra,Público Geral,Assistente Social
Feminino,47,Fundamental Incompleto,Caleme,1,CRAS Barra,CRAS Barra,Público Geral,Assistente Social
Feminino,37,Médio Completo,Posse,1,CRAS Barra,CRAS Barra,Público Geral,Cadastro Único
Feminino,50,Não Escolarizado,Jardim Feo,1,CRAS Barra,CRAS Barra,Público Geral,Cadastro Único
Feminino,55,Fundamental Incompleto,Espanhol,1,CRAS Barra,CRAS Barra,Público Geral,Cadastro Único
Feminino,52,Médio Completo,Barra do Imbuí,1,CRAS Barra,CRAS Barra,Público Geral,Cadastro Único
Feminino,41,Superior Completo,Quinta da Barra,1,CRAS Barra,CRAS Barra,Público Geral,Cadastro Único
Feminino,28,Médio Completo,Jardim Feo,1,CRAS Barra,CRAS Barra,Público Geral,Cadastro Único
Feminino,26,Médio Completo,Barra do Imbuí,1,CRAS Barra,CRAS Barra,Público Geral,Cadastro Único
Feminino,71,Fundamental Incompleto,Barra do Imbuí,1,CRAS Barra,CRAS Barra,Público Geral,Cadastro Único
Feminino,28,Fundamental Incompleto,Cascata do Imbuí ,1,CRAS Barra,CRAS Barra,Público Geral,Cadastro Único
Feminino,41,Médio Incompleto,Caleme,1,CRAS Barra,CRAS Barra,Público Geral,Cadastro Único
Feminino,57,Médio Incompleto,Paineiras,1,CRAS Barra,CRAS Barra,Público Geral,Cadastro Único
Feminino,38,Fundamental Incompleto,Salaco,1,CRAS Barra,CRAS Barra,Público Geral,Cadastro Único
Feminino,42,Médio Completo,Paineiras,1,CRAS Barra,CRAS Barra,Público Geral,Cadastro Único
Feminino,36,Médio Completo,Caleme,1,CRAS Barra,CRAS Barra,Público Geral,Cadastro Único
Feminino,50,Fundamental Incompleto,Granja Florestal,1,CRAS Barra,CRAS Barra,Público Geral,Cadastro Único
Feminino,27,Superior Completo,Granja Florestal,1,CRAS Barra,CRAS Barra,Público Geral,Cadastro Único
Feminino,50,Fundamental Incompleto,Caleme,1,CRAS Barra,CRAS Barra,Público Geral,Cadastro Único
Feminino,21,Médio Completo,Paineiras,1,CRAS Barra,CRAS Barra,Público Geral,Cadastro Único
Masculino,45,Fundamental Incompleto,Jardim Salaco,1,CRAS Barra,CRAS Barra,Público Geral,Cadastro Único
Masculino,48,Médio Completo,Pimenteiras,1,CRAS Barra,CRAS Barra,Público Geral,Cadastro Único
Masculino,39,Fundamental Completo,Paineiras,1,CRAS Barra,CRAS Barra,Público Geral,Cadastro Único
Masculino,53,Não Escolarizado,Vila Muqui,1,CRAS Barra,CRAS Barra,Público Geral,Cadastro Único
Feminino,31,Médio Completo,Barra do Imbuí,1,CRAS Barra,CRAS Barra,Público Geral,Cadastro Único
Feminino,47,Superior Completo,Caleme,1,CRAS Barra,CRAS Barra,Público Geral,Cadastro Único
Feminino,59,Fundamental Incompleto,São Pedro ,1,CRAS Barra,CRAS Barra,Público Geral,Assistente Social
Feminino,33,Fundamental Incompleto,Salaco,1,CRAS Barra,CRAS Barra,Público Geral,Assistente Social
Feminino,7,Fundamental Incompleto,Caleme,1,CRAS Barra,CRAS Barra,Público Geral,Assistente Social
Feminino,54,Fundamental Incompleto,Jardim Feo,1,CRAS Barra,CRAS Barra,Público Geral,Assistente Social
Feminino,34,Médio Incompleto,Parque do Imbuí,1,CRAS Barra,CRAS Barra,Público Geral,Assistente Social
Feminino,67,Fundamental Incompleto,Granja Florestal,1,CRAS Barra,CRAS Barra,Público Geral,Assistente Social
Masculino,62,Fundamental Incompleto,Granja Florestal,1,CRAS Barra,CRAS Barra,Público Geral,Assistente Social
Feminino,36,Médio Incompleto,Caleme,1,CRAS Barra,CRAS Barra,Público Geral,Assistente Social
Feminino,23,Fundamental Incompleto,Paineiras,1,CRAS Barra,CRAS Barra,Público Geral,Assistente Social
Feminino,50,Fundamental Incompleto,Granja Florestal,1,CRAS Barra,CRAS Barra,Público Geral,Assistente Social
Feminino,27,Superior Completo,Granja Florestal,1,CRAS Barra,CRAS Barra,Público Geral,Assistente Social
Feminino,25,Médio Completo,Cascata do Imbuí ,1,CRAS Barra,CRAS Barra,Público Geral,Assistente Social
Feminino,37,Médio Completo,Caleme,1,CRAS Barra,CRAS Barra,Público Geral,Cadastro Único
Masculino,54,Fundamental Incompleto,Cascata do Imbuí ,1,CRAS Barra,CRAS Barra,Público Geral,Cadastro Único
Feminino,48,Médio Incompleto,Golf,1,CRAS Barra,CRAS Barra,Público Geral,Cadastro Único
Feminino,65,Fundamental Incompleto,Paineiras,1,CRAS Barra,CRAS Barra,Público Geral,Cadastro Único
Feminino,48,Fundamental Incompleto,Caleme,1,CRAS Barra,CRAS Barra,Público Geral,Cadastro Único
Masculino,54,Médio Completo,Barra do Imbuí,1,CRAS Barra,CRAS Barra,Público Geral,Cadastro Único
Feminino,44,Fundamental Completo,Pimenteiras,1,CRAS Barra,CRAS Barra,Público Geral,Cadastro Único
Feminino,57,Fundamental Incompleto,Caleme,1,CRAS Barra,CRAS Barra,Público Geral,Cadastro Único
Feminino,44,Fundamental Incompleto,Granja Florestal,1,CRAS Barra,CRAS Barra,Público Geral,Cadastro Único
Feminino,17,Médio Incompleto,Barra do Imbuí,1,CRAS Barra,CRAS Barra,Público Geral,Cadastro Único
Feminino,29,Médio Completo,Barra do Imbuí,1,CRAS Barra,CRAS Barra,Público Geral,Cadastro Único
Feminino,20,Médio Completo,Granja Florestal,1,CRAS Barra,CRAS Barra,Público Geral,Cadastro Único
Feminino,38,Superior Incompleto,Jardim Feo,1,CRAS Barra,CRAS Barra,Público Geral,Cadastro Único
Feminino,20,Médio Incompleto,Barra do Imbuí,1,CRAS Barra,CRAS Barra,Público Geral,Cadastro Único
Feminino,48,Médio Completo,Pimenteiras,1,CRAS Barra,CRAS Barra,Público Geral,Cadastro Único
Feminino,61,Fundamental Incompleto,Granja Florestal,1,CRAS Barra,CRAS Barra,Público Geral,Cadastro Único
Feminino,19,Médio Incompleto,Quebra Frascos,1,CRAS Barra,CRAS Barra,Público Geral,Cadastro Único
Feminino,49,Superior Completo,Caleme,1,CRAS Barra,CRAS Barra,Público Geral,Cadastro Único
Feminino,26,Superior Incompleto,Caleme,1,CRAS Barra,CRAS Barra,Público Geral,Cadastro Único
Feminino,33,Médio Completo,Vila Muqui,1,CRAS Barra,CRAS Barra,Público Geral,Cadastro Único
Feminino,37,Fundamental Incompleto,Paineiras,1,CRAS Barra,CRAS Barra,Público Geral,Cadastro Único
Feminino,25,Médio Completo,Cascata do Imbuí ,1,CRAS Barra,CRAS Barra,Público Geral,Assistente Social
Feminino,54,Médio Completo,Barra do Imbuí,1,CRAS Barra,CRAS Barra,Público Geral,Assistente Social
Feminino,56,Médio Incompleto,Morro dos Pinheiros,1,CRAS Barra,CRAS Barra,Público Geral,Assistente Social
Feminino,52,Fundamental Incompleto,Caleme,1,CRAS Barra,CRAS Barra,Público Geral,Assistente Social
Feminino,58,Fundamental Incompleto,Jardim Feo,1,CRAS Barra,CRAS Barra,Público Geral,Assistente Social
Feminino,44,Superior Completo,Barra do Imbuí,1,CRAS Barra,CRAS Barra,Público Geral,Assistente Social
Feminino,67,Fundamental Incompleto,Caleme,1,CRAS Barra,CRAS Barra,Público Geral,Assistente Social
Feminino,19,Médio Completo,Caleme,1,CRAS Barra,CRAS Barra,Público Geral,Assistente Social
Feminino,18,Médio Completo,Caleme,1,CRAS Barra,CRAS Barra,Público Geral,Assistente Social
Feminino,19,Médio Completo,Salaco,1,CRAS Barra,CRAS Barra,Público Geral,Assistente Social
Feminino,29,Médio Completo,Barra do Imbuí,1,CRAS Barra,CRAS Barra,Público Geral,Assistente Social
Feminino,65,Fundamental Incompleto,Barra do Imbuí,1,CRAS Barra,CRAS Barra,Público Geral,Assistente Social
Feminino,24,Médio Completo,Pimenteiras,1,CRAS Barra,CRAS Barra,Público Geral,Assistente Social
Feminino,41,Fundamental Incompleto,Salaco ,1,CRAS Barra,CRAS Barra,Público Geral,Assistente Social
Feminino,32,Médio Completo,Espanhol,1,CRAS Barra,CRAS Barra,Público Geral,Assistente Social
Masculino,47,Fundamental Incompleto,Pimenteiras,1,CRAS Barra,CRAS Barra,Público Geral,Assistente Social
Feminino,36,Médio Incompleto,Paineiras,1,CRAS Barra,CRAS Barra,Público Geral,Assistente Social
Feminino,52,Superior Incompleto,Quinta Lebrão,1,CRAS Barra,CRAS Barra,Público Geral,Assistente Social
Masculino,25,Médio Completo,Pimenteiras,1,CRAS Barra,CRAS Barra,Público Geral,Assistente Social
Feminino,65,Fundamental Incompleto,Barra do Imbuí,1,CRAS Barra,CRAS Barra,Público Geral,Assistente Social
Masculino,68,Fundamental Incompleto,Salaco,1,CRAS Barra,CRAS Barra,Público Geral,Assistente Social
Feminino,30,Superior Incompleto,Pimenteiras,1,CRAS Barra,CRAS Barra,Público Geral,Assistente Social
Feminino,47,Fundamental Incompleto,Caleme,1,CRAS Barra,CRAS Barra,Público Geral,Cadastro Único
Feminino,30,Médio Incompleto,Paineiras,1,CRAS Barra,CRAS Barra,Público Geral,Cadastro Único
Feminino,44,Médio Completo,Granja Florestal,1,CRAS Barra,CRAS Barra,Público Geral,Cadastro Único
Masculino,57,Fundamental Incompleto,Caleme,1,CRAS Barra,CRAS Barra,Público Geral,Cadastro Único
Feminino,39,Superior Completo,Caleme,1,CRAS Barra,CRAS Barra,Público Geral,Cadastro Único
Feminino,30,Superior Incompleto,Pimenteiras,1,CRAS Barra,CRAS Barra,Público Geral,Cadastro Único
Feminino,36,Médio Completo,Barra do Imbuí,1,CRAS Barra,CRAS Barra,Público Geral,Cadastro Único
Feminino,48,Médio Completo,Pimenteiras,1,CRAS Barra,CRAS Barra,Público Geral,Cadastro Único
Feminino,72,Fundamental Incompleto,Caleme,1,CRAS Barra,CRAS Barra,Público Geral,Cadastro Único
Feminino,24,Médio Completo,Caleme,1,CRAS Barra,CRAS Barra,Público Geral,Cadastro Único
Feminino,61,Médio Completo,Barra do Imbuí,1,CRAS Barra,CRAS Barra,Público Geral,Cadastro Único
Feminino,34,Médio Incompleto,Granja Florestal,1,CRAS Barra,CRAS Barra,Público Geral,Cadastro Único
Feminino,39,Fundamental Incompleto,Caleme,1,CRAS Barra,CRAS Barra,Público Geral,Cadastro Único
Masculino,30,Médio Completo,Salaco,1,CRAS Barra,CRAS Barra,Público Geral,Cadastro Único
Feminino,44,Fundamental Incompleto,Paineiras,1,CRAS Barra,CRAS Barra,Público Geral,Cadastro Único
Feminino,46,Superior Completo,Golf,1,CRAS Barra,CRAS Barra,Público Geral,Cadastro Único
Feminino,47,Superior Completo,Pimenteiras,1,CRAS Barra,CRAS Barra,Público Geral,Cadastro Único
Feminino,24,Fundamental Incompleto,Posse,1,CRAS Barra,CRAS Barra,Público Geral,Cadastro Único
Feminino,35,Médio Completo,Salaco,1,CRAS Barra,CRAS Barra,Público Geral,Cadastro Único
Feminino,38,Superior Completo,Barra do Imbuí,1,CRAS Barra,CRAS Barra,Público Geral,Cadastro Único
Feminino,22,Médio Completo,Paineiras,1,CRAS Barra,CRAS Barra,Público Geral,Cadastro Único
Feminino,18,Fundamental Incompleto,Barra do Imbuí,1,CRAS Barra,CRAS Barra,Público Geral,Cadastro Único
Feminino,39,Médio Completo,Paineiras,1,CRAS Barra,CRAS Barra,Público Geral,Cadastro Único
Feminino,39,Fundamental Incompleto,Barra do Imbuí,1,CRAS Barra,CRAS Barra,Público Geral,Cadastro Único
Feminino,57,Fundamental Incompleto,Barra do Imbuí,1,CRAS Barra,CRAS Barra,Público Geral,Cadastro Único
Feminino,43,Médio Completo,Paineiras,1,CRAS Barra,CRAS Barra,Público Geral,Cadastro Único
Feminino,16,Médio Incompleto,Morro dos Pinheiros,1,CRAS Barra,CRAS Barra,Público Geral,Cadastro Único
Feminino,16,Médio Incompleto,Morro dos Pinheiros,1,CRAS Barra,CRAS Barra,Público Geral,Cadastro Único
Feminino,29,Médio Completo,Vila Muqui,1,CRAS Barra,CRAS Barra,Público Geral,Cadastro Único
Feminino,55,Médio Completo,Caleme,1,CRAS Barra,CRAS Barra,Público Geral,Cadastro Único
Feminino,69,Fundamental Incompleto,Paineiras,1,CRAS Barra,CRAS Barra,Público Geral,Cadastro Único
Feminino,30,Fundamental Incompleto,Barra do Imbuí,1,CRAS Barra,CRAS Barra,Público Geral,Cadastro Único
Feminino,71,Médio Completo,Barra do Imbuí,1,CRAS Barra,CRAS Barra,Público Geral,Cadastro Único
Feminino,73,Fundamental Incompleto,Paineiras,1,CRAS Barra,CRAS Barra,Público Geral,Cadastro Único
Masculino,41,Fundamental Incompleto,Barra do Imbuí,1,CRAS Barra,CRAS Barra,Público Geral,Cadastro Único
Feminino,26,Médio Incompleto,Cascata do Imbuí ,1,CRAS Barra,CRAS Barra,Público Geral,Cadastro Único
Feminino,48,Médio Completo,Pimenteiras,1,CRAS Barra,CRAS Barra,Público Geral,Cadastro Único
Masculino,46,Médio Completo,Barra do Imbuí,1,CRAS Barra,CRAS Barra,Público Geral,Cadastro Único
Feminino,48,Médio Completo,Pimenteiras,1,CRAS Barra,CRAS Barra,Público Geral,Cadastro Único
Feminino,27,Médio Completo,Vila Muqui,1,CRAS Barra,CRAS Barra,Público Geral,Cadastro Único
Feminino,48,Fundamental Incompleto,Salaco,1,CRAS Barra,CRAS Barra,Público Geral,Cadastro Único
Feminino,32,Médio Completo,Salaquinho,1,CRAS Barra,CRAS Barra,Público Geral,Cadastro Único
Feminino,20,Médio Completo,Cascata do Imbuí ,1,CRAS Barra,CRAS Barra,Público Geral,Cadastro Único
Feminino,46,Médio Completo,Jardim Pimenteiras,1,CRAS Barra,CRAS Barra,Público Geral,Cadastro Único
Feminino,24,Fundamental Incompleto,Jardim Pimenteiras,1,CRAS Barra,CRAS Barra,Público Geral,Cadastro Único
Feminino,44,Médio Completo,Vila Muqui,1,CRAS Barra,CRAS Barra,Público Geral,Cadastro Único
Masculino,22,Médio Incompleto,Jardim Pimenteiras,1,CRAS Barra,CRAS Barra,Público Geral,Cadastro Único
Feminino,18,Médio Incompleto,Jardim Pimenteiras,1,CRAS Barra,CRAS Barra,Público Geral,Cadastro Único
Feminino,41,Fundamental Incompleto,Paineiras,1,CRAS Barra,CRAS Barra,Público Geral,Cadastro Único
Feminino,27,Fundamental Incompleto,Barra do Imbuí,1,CRAS Barra,CRAS Barra,Público Geral,Cadastro Único
Feminino,38,Médio Completo,Pimenteiras,1,CRAS Barra,CRAS Barra,Público Geral,Cadastro Único
Feminino,60,Fundamental Incompleto,Jardim Feo,1,CRAS Barra,CRAS Barra,Público Geral,Cadastro Único
Feminino,24,Médio Completo,Paineiras,1,CRAS Barra,CRAS Barra,Público Geral,Cadastro Único
Feminino,69,Fundamental Incompleto,Paineiras,1,CRAS Barra,CRAS Barra,Público Geral,Assistente Social
Feminino,27,Médio Completo,Vila Muqui,1,CRAS Barra,CRAS Barra,Público Geral,Assistente Social
Feminino,41,Superior Incompleto,Salaco,1,CRAS Barra,CRAS Barra,Público Geral,Assistente Social
Feminino,44,Médio Completo,Vila Muqui,1,CRAS Barra,CRAS Barra,Público Geral,Assistente Social
Masculino,22,Médio Completo,Jardim Pimenteiras,1,CRAS Barra,CRAS Barra,Público Geral,Assistente Social
Feminino,18,Médio Incompleto,Jardim Pimenteiras,1,CRAS Barra,CRAS Barra,Público Geral,Assistente Social
Feminino,24,Fundamental Incompleto,Jardim Pimenteiras,1,CRAS Barra,CRAS Barra,Público Geral,Assistente Social
Feminino,23,Médio Completo,Barra do Imbuí,1,CRAS Barra,CRAS Barra,Público Geral,Cadastro Único
Feminino,32,Médio Completo,Granja Florestal,1,CRAS Barra,CRAS Barra,Público Geral,Cadastro Único
Masculino,35,Fundamental Incompleto,Pimenteiras,1,CRAS Barra,CRAS Barra,Público Geral,Cadastro Único
Feminino,63,Superior Completo,Barra do Imbuí,1,CRAS Barra,CRAS Barra,Público Geral,Cadastro Único
Masculino,62,Médio Incompleto,Barra do Imbuí,1,CRAS Barra,CRAS Barra,Público Geral,Cadastro Único
Feminino,38,Médio Completo,Caleme,1,CRAS Barra,CRAS Barra,Público Geral,Cadastro Único
Feminino,37,Fundamental Completo,Granja Florestal,1,CRAS Barra,CRAS Barra,Público Geral,Cadastro Único
Feminino,57,Fundamental Incompleto,Barra do Imbuí,1,CRAS Barra,CRAS Barra,Público Geral,Cadastro Único
Masculino,43,Superior Completo,Pimenteiras,1,CRAS Barra,CRAS Barra,Público Geral,Cadastro Único
Feminino,60,Fundamental Incompleto,Vila Muqui,1,CRAS Barra,CRAS Barra,Público Geral,Cadastro Único
Feminino,30,Médio Completo,Caleme,1,CRAS Barra,CRAS Barra,Público Geral,Cadastro Único
Feminino,35,Médio Completo,Paineiras,1,CRAS Barra,CRAS Barra,Público Geral,Cadastro Único
Feminino,34,Médio Completo,Caleme,1,CRAS Barra,CRAS Barra,Público Geral,Cadastro Único
Feminino,36,Médio Completo,Salaquinho,1,CRAS Barra,CRAS Barra,Público Geral,Cadastro Único
Feminino,29,Médio Completo,Paineiras,1,CRAS Barra,CRAS Barra,Público Geral,Cadastro Único
Feminino,35,Médio Completo,Pimenteiras,1,CRAS Barra,CRAS Barra,Público Geral,Cadastro Único
Feminino,34,Médio Completo,Caleme,1,CRAS Barra,CRAS Barra,Público Geral,Cadastro Único
Feminino,60,Fundamental Incompleto,Barra do Imbuí,1,CRAS Barra,CRAS Barra,Público Geral,Cadastro Único
Feminino,68,Fundamental Incompleto,Alto,1,CRAS Barra,CRAS Barra,Público Geral,Cadastro Único
Feminino,68,Fundamental Incompleto,Alto,1,CRAS Barra,CRAS Barra,Público Geral,Assistente Social
Feminino,23,Superior Completo,Barra do Imbuí,1,CRAS Barra,CRAS Barra,Público Geral,Assistente Social
Feminino,57,Fundamental Incompleto,Barra do Imbuí,1,CRAS Barra,CRAS Barra,Público Geral,Assistente Social
Feminino,58,Fundamental Completo,Caleme,1,CRAS Barra,CRAS Barra,Público Geral,Assistente Social
Feminino,29,Médio Completo,Paineiras,1,CRAS Barra,CRAS Barra,Público Geral,Assistente Social
Feminino,49,Fundamental Incompleto,Pimenteiras,1,CRAS Barra,CRAS Barra,Público Geral,Cadastro Único
Feminino,43,Fundamental Completo,Pimenteiras,1,CRAS Barra,CRAS Barra,Público Geral,Cadastro Único
Feminino,21,Médio Incompleto,Parque do Imbuí,1,CRAS Barra,CRAS Barra,Público Geral,Cadastro Único
Feminino,72,Médio Completo,Granja Florestal,1,CRAS Barra,CRAS Barra,Público Geral,Cadastro Único
Feminino,39,Médio Incompleto,Paineiras,1,CRAS Barra,CRAS Barra,Público Geral,Cadastro Único
Masculino,63,Fundamental Incompleto,Barra do Imbuí,1,CRAS Barra,CRAS Barra,Público Geral,Cadastro Único
Feminino,65,Fundamental Completo,Barra do Imbuí,1,CRAS Barra,CRAS Barra,Público Geral,Cadastro Único
Feminino,55,Médio Completo,Barra do Imbuí,1,CRAS Barra,CRAS Barra,Público Geral,Cadastro Único
Feminino,19,Superior Incompleto,Barra do Imbuí,1,CRAS Barra,CRAS Barra,Público Geral,Cadastro Único
Feminino,54,Fundamental Incompleto,Barra do Imbuí,1,CRAS Barra,CRAS Barra,Público Geral,Cadastro Único
Feminino,48,Médio Completo,Barra do Imbuí,1,CRAS Barra,CRAS Barra,Público Geral,Cadastro Único
Feminino,59,Médio Completo,Barra do Imbuí,1,CRAS Barra,CRAS Barra,Público Geral,Cadastro Único
Masculino,61,Fundamental Incompleto,Posse,1,CRAS Barra,CRAS Barra,Público Geral,Cadastro Único
Masculino,70,Fundamental Completo,Jardim Pimenteiras,1,CRAS Barra,CRAS Barra,Público Geral,Cadastro Único
Feminino,33,Médio Incompleto,Vila Muqui,1,CRAS Barra,CRAS Barra,Público Geral,Cadastro Único
Feminino,43,Superior Completo,Pimenteiras,1,CRAS Barra,CRAS Barra,Público Geral,Cadastro Único
Masculino,63,Fundamental Incompleto,Barra do Imbuí,1,CRAS Barra,CRAS Barra,Público Geral,Cadastro Único
Feminino,38,Médio Incompleto,Salaco,1,CRAS Barra,CRAS Barra,Público Geral,Cadastro Único
Feminino,62,Fundamental Incompleto,Barra do Imbuí,1,CRAS Barra,CRAS Barra,Público Geral,Cadastro Único
Masculino,41,Médio Completo,Pimenteiras,1,CRAS Barra,CRAS Barra,Público Geral,Cadastro Único
Feminino,31,Fundamental Completo,Pimenteiras,1,CRAS Barra,CRAS Barra,Público Geral,Cadastro Único
Feminino,33,Médio Completo,Vila Muqui,1,CRAS Barra,CRAS Barra,Público Geral,Cadastro Único
Masculino,61,Fundamental Incompleto,Posse,1,CRAS Barra,CRAS Barra,Público Geral,Cadastro Único
Feminino,42,Fundamental Incompleto,Granja Florestal,1,CRAS Barra,CRAS Barra,Público Geral,Cadastro Único
Feminino,45,Médio Completo,Barra do Imbuí,1,CRAS Barra,CRAS Barra,Público Geral,Cadastro Único
Feminino,47,Superior Completo,Parque do Imbuí,1,CRAS Barra,CRAS Barra,Público Geral,Cadastro Único
Feminino,76,Fundamental Incompleto,Barra do Imbuí,1,CRAS Barra,CRAS Barra,Público Geral,Cadastro Único
Feminino,44,Fundamental Incompleto,Vila Muqui,1,CRAS Barra,CRAS Barra,Público Geral,Cadastro Único
Feminino,33,Médio Completo,Barra do Imbuí,1,CRAS Barra,CRAS Barra,Público Geral,Cadastro Único
Feminino,59,Médio Completo,Pimenteiras,1,CRAS Barra,CRAS Barra,Público Geral,Assistente Social
Feminino,34,Fundamental Incompleto,Caleme,1,CRAS Barra,CRAS Barra,Público Geral,Assistente Social
Masculino,63,Fundamental Incompleto,Barra do Imbuí,1,CRAS Barra,CRAS Barra,Público Geral,Assistente Social
Masculino,60,Fundamental Incompleto,Paineiras,1,CRAS Barra,CRAS Barra,Público Geral,Assistente Social
Feminino,54,Médio Completo,Barra do Imbuí,1,CRAS Barra,CRAS Barra,Público Geral,Assistente Social
Feminino,48,Médio Completo,Barra do Imbuí,1,CRAS Barra,CRAS Barra,Público Geral,Assistente Social
Feminino,21,Médio Incompleto,Parque do Imbuí,1,CRAS Barra,CRAS Barra,Público Geral,Assistente Social
Feminino,20,Médio Incompleto,Cascata do Imbuí ,1,CRAS Barra,CRAS Barra,Público Geral,Assistente Social
Feminino,33,Fundamental Incompleto,Barra do Imbuí,1,CRAS Barra,CRAS Barra,Público Geral,Assistente Social
Feminino,54,Médio Completo,Barra do Imbuí,1,CRAS Barra,CRAS Barra,Público Geral,Assistente Social
Feminino,68,Fundamental Incompleto,Granja Florestal,1,CRAS Barra,CRAS Barra,Público Geral,Assistente Social
Feminino,56,Fundamental Incompleto,Pimenteiras,1,CRAS Barra,CRAS Barra,Público Geral,Assistente Social
Feminino,62,Fundamental Incompleto,Barra do Imbuí,1,CRAS Barra,CRAS Barra,Público Geral,Assistente Social
Feminino,22,Médio Incompleto,Granja Florestal,1,CRAS Barra,CRAS Barra,Público Geral,Assistente Social
Masculino,41,Médio Completo,Pimenteiras,1,CRAS Barra,CRAS Barra,Público Geral,Assistente Social
Feminino,33,Médio Completo,Vila Muqui,1,CRAS Barra,CRAS Barra,Público Geral,Assistente Social
Masculino,61,Fundamental Incompleto,Posse,1,CRAS Barra,CRAS Barra,Público Geral,Assistente Social
Feminino,39,Médio Completo,Barra do Imbuí,1,CRAS Barra,CRAS Barra,Público Geral,Assistente Social
Feminino,76,Fundamental Incompleto,Barra do Imbuí,1,CRAS Barra,CRAS Barra,Público Geral,Assistente Social
Feminino,44,Fundamental Incompleto,Vila Muqui,1,CRAS Barra,CRAS Barra,Público Geral,Assistente Social
Feminino,43,Fundamental Completo,Quinta Lebrão,1,CRAS Barra,CRAS Barra,Público Geral,Assistente Social
Feminino,36,Fundamental Incompleto,Parque do Imbuí,1,CRAS Barra,CRAS Barra,Público Geral,Cadastro Único
Feminino,58,Médio Completo,Paineiras,1,CRAS Barra,CRAS Barra,Público Geral,Cadastro Único
Feminino,55,Médio Completo,Jardim Feo,1,CRAS Barra,CRAS Barra,Público Geral,Cadastro Único
Feminino,46,Superior Completo,Caleme,1,CRAS Barra,CRAS Barra,Público Geral,Cadastro Único
Feminino,49,Fundamental Completo,Caleme,1,CRAS Barra,CRAS Barra,Público Geral,Cadastro Único
Masculino,78,Fundamental Incompleto,Jardim Feo,1,CRAS Barra,CRAS Barra,Público Geral,Cadastro Único
Feminino,34,Fundamental Completo,Parque do Imbuí,1,CRAS Barra,CRAS Barra,Público Geral,Cadastro Único
Feminino,49,Médio Completo,Paineiras,1,CRAS Barra,CRAS Barra,Público Geral,Cadastro Único
Feminino,25,Médio Completo,Barra do Imbuí,1,CRAS Barra,CRAS Barra,Público Geral,Cadastro Único
Masculino,29,Fundamental Completo,Paineiras,1,CRAS Barra,CRAS Barra,Público Geral,Cadastro Único
Feminino,43,Fundamental Incompleto,Jardim Salaco,1,CRAS Barra,CRAS Barra,Público Geral,Cadastro Único
Feminino,32,Fundamental Incompleto,Vila Muqui,1,CRAS Barra,CRAS Barra,Público Geral,Cadastro Único
Feminino,37,Superior Completo,Barra do Imbuí,1,CRAS Barra,CRAS Barra,Público Geral,Cadastro Único
Feminino,37,Médio Completo,Barra do Imbuí,1,CRAS Barra,CRAS Barra,Público Geral,Cadastro Único
Feminino,27,Médio Completo,Cascata do Imbuí ,1,CRAS Barra,CRAS Barra,Público Geral,Cadastro Único
Feminino,60,Superior Incompleto,Jardim Feo,1,CRAS Barra,CRAS Barra,Público Geral,Cadastro Único
Feminino,39,Médio Incompleto,Paineiras,1,CRAS Barra,CRAS Barra,Público Geral,Cadastro Único
Feminino,56,Fundamental Incompleto,Caleme,1,CRAS Barra,CRAS Barra,Público Geral,Cadastro Único
Feminino,16,Médio Incompleto,Jardim Feo,1,CRAS Barra,CRAS Barra,Público Geral,Cadastro Único
Feminino,58,Fundamental Incompleto,Paineiras,1,CRAS Barra,CRAS Barra,Público Geral,Cadastro Único
Masculino,27,Médio Completo,Caleme,1,CRAS Barra,CRAS Barra,Público Geral,Cadastro Único
Feminino,50,Fundamental Incompleto,Salaco,1,CRAS Barra,CRAS Barra,Público Geral,Cadastro Único
Feminino,27,Fundamental Incompleto,Paineiras,1,CRAS Barra,CRAS Barra,Público Geral,Cadastro Único
Feminino,50,Fundamental Incompleto,Jardim Feo,1,CRAS Barra,CRAS Barra,Público Geral,Assistente Social
Feminino,46,Superior Completo,Caleme,1,CRAS Barra,CRAS Barra,Público Geral,Assistente Social
Feminino,36,Fundamental Incompleto,Parque do Imbuí,1,CRAS Barra,CRAS Barra,Público Geral,Assistente Social
Masculino,20,Médio Completo,Posse,1,CRAS Barra,CRAS Barra,Público Geral,Assistente Social
Masculino,66,Fundamental Incompleto,Jardim Feo,1,CRAS Barra,CRAS Barra,Público Geral,Assistente Social
Feminino,49,Médio Completo,Paineiras,1,CRAS Barra,CRAS Barra,Público Geral,Assistente Social
Masculino,37,Médio Completo,Barra do Imbuí,1,CRAS Barra,CRAS Barra,Público Geral,Assistente Social
Feminino,51,Fundamental Completo,Cascata do Imbuí ,1,CRAS Barra,CRAS Barra,Público Geral,Assistente Social
Feminino,43,Médio Incompleto,Barra do Imbuí,1,CRAS Barra,CRAS Barra,Público Geral,Assistente Social
Feminino,68,Superior Incompleto,Barra do Imbuí,1,CRAS Barra,CRAS Barra,Público Geral,Assistente Social
Masculino,40,Fundamental Incompleto,Barra do Imbuí,1,CRAS Barra,CRAS Barra,Público Geral,Assistente Social
Feminino,56,Fundamental Incompleto,Caleme,1,CRAS Barra,CRAS Barra,Público Geral,Assistente Social
Feminino,27,Fundamental Incompleto,Paineiras,1,CRAS Barra,CRAS Barra,Público Geral,Assistente Social
Feminino,30,Médio Incompleto,Pimenteiras,1,CRAS Barra,CRAS Barra,Público Geral,Assistente Social
Feminino,43,Fundamental Completo,Pimenteiras,1,CRAS Barra,CRAS Barra,Público Geral,Assistente Social
Feminino,58,Médio Completo,Paineiras,1,CRAS Barra,CRAS Barra,Público Geral,Cadastro Único
Feminino,27,Médio Completo,Paineiras,1,CRAS Barra,CRAS Barra,Público Geral,Cadastro Único
Feminino,23,Médio Completo,Espanhol,1,CRAS Barra,CRAS Barra,Público Geral,Cadastro Único
Feminino,65,Fundamental Completo,Pimenteiras,1,CRAS Barra,CRAS Barra,Público Geral,Cadastro Único
Feminino,30,Fundamental Incompleto,Pimenteiras,1,CRAS Barra,CRAS Barra,Público Geral,Cadastro Único
Feminino,57,Médio Completo,Posse,1,CRAS Barra,CRAS Barra,Público Geral,Cadastro Único
Feminino,66,Fundamental Incompleto,Pimenteiras,1,CRAS Barra,CRAS Barra,Público Geral,Cadastro Único
Feminino,31,Superior Completo,Barra do Imbuí,1,CRAS Barra,CRAS Barra,Público Geral,Cadastro Único
Feminino,93,Fundamental Incompleto,Caleme,1,CRAS Barra,CRAS Barra,Público Geral,Cadastro Único
Feminino,44,Médio Completo,Vila Muqui,1,CRAS Barra,CRAS Barra,Público Geral,Cadastro Único
Feminino,32,Fundamental Incompleto,Vila Muqui,1,CRAS Barra,CRAS Barra,Público Geral,Cadastro Único
Feminino,19,Médio Completo,Caleme,1,CRAS Barra,CRAS Barra,Público Geral,Cadastro Único
Feminino,35,Fundamental Completo,Granja Florestal,1,CRAS Barra,CRAS Barra,Público Geral,Cadastro Único
Feminino,26,Fundamental Incompleto,Vila Muqui,1,CRAS Barra,CRAS Barra,Público Geral,Cadastro Único
Feminino,28,Médio Incompleto,Jardim Pimenteiras,1,CRAS Barra,CRAS Barra,Público Geral,Cadastro Único
Feminino,34,Médio Completo,Pimenteiras,1,CRAS Barra,CRAS Barra,Público Geral,Cadastro Único
Feminino,27,Médio Incompleto,Posse,1,CRAS Barra,CRAS Barra,Público Geral,Cadastro Único
Feminino,60,Fundamental Completo,Caleme,1,CRAS Barra,CRAS Barra,Público Geral,Cadastro Único
Feminino,52,Médio Completo,Barra do Imbuí,1,CRAS Barra,CRAS Barra,Público Geral,Cadastro Único
Feminino,47,Médio Completo,Paineiras,1,CRAS Barra,CRAS Barra,Público Geral,Cadastro Único
Feminino,23,Médio Incompleto,Espanhol,1,CRAS Barra,CRAS Barra,Público Geral,Cadastro Único
Feminino,55,Médio Completo,Barra do Imbuí,1,CRAS Barra,CRAS Barra,Público Geral,Cadastro Único
Feminino,18,Médio Incompleto,Pimenteiras,1,CRAS Barra,CRAS Barra,Público Geral,Cadastro Único
Feminino,34,Médio Completo,Barra do Imbuí,1,CRAS Barra,CRAS Barra,Público Geral,Cadastro Único
Masculino,53,Fundamental Incompleto,Granja Florestal,1,CRAS Barra,CRAS Barra,Público Geral,Cadastro Único
Feminino,53,Fundamental Completo,Jardim Pimenteiras,1,CRAS Barra,CRAS Barra,Público Geral,Cadastro Único
Feminino,49,Fundamental Incompleto,Caleme,1,CRAS Barra,CRAS Barra,Público Geral,Cadastro Único
Feminino,33,Médio Completo,Caleme,1,CRAS Barra,CRAS Barra,Público Geral,Cadastro Único
Feminino,43,Superior Completo,Pimenteiras,1,CRAS Barra,CRAS Barra,Público Geral,Cadastro Único
Masculino,47,Médio Incompleto,Paineiras,1,CRAS Barra,CRAS Barra,Público Geral,Cadastro Único
Feminino,59,Médio Completo,Barra do Imbuí,1,CRAS Barra,CRAS Barra,Público Geral,Cadastro Único
Feminino,45,Médio Incompleto,Caleme,1,CRAS Barra,CRAS Barra,Público Geral,Cadastro Único
Feminino,40,Fundamental Incompleto,Caleme,1,CRAS Barra,CRAS Barra,Público Geral,Cadastro Único
Feminino,34,Médio Completo,Jardim Feo,1,CRAS Barra,CRAS Barra,Público Geral,Cadastro Único
Masculino,64,Fundamental Completo,Pimenteiras,1,CRAS Barra,CRAS Barra,Público Geral,Cadastro Único
Feminino,67,Superior Completo,Pimenteiras,1,CRAS Barra,CRAS Barra,Público Geral,Cadastro Único
Feminino,87,Fundamental Completo,Paineiras,1,CRAS Barra,CRAS Barra,Público Geral,Cadastro Único
Feminino,43,Médio Completo,Barra do Imbuí,1,CRAS Barra,CRAS Barra,Público Geral,Cadastro Único
Feminino,54,Não Escolarizado,Caleme,1,CRAS Barra,CRAS Barra,Público Geral,Cadastro Único
Feminino,30,Fundamental Completo,Espanhol,1,CRAS Barra,CRAS Barra,Público Geral,Cadastro Único
Masculino,49,Médio Completo,Pimenteiras,1,CRAS Barra,CRAS Barra,Público Geral,Cadastro Único
Feminino,53,Superior Completo,Pimenteiras,1,CRAS Barra,CRAS Barra,Público Geral,Cadastro Único
Feminino,35,Médio Completo,Caleme,1,CRAS Barra,CRAS Barra,Público Geral,Cadastro Único
Feminino,19,Médio Incompleto,Golf,1,CRAS Barra,CRAS Barra,Público Geral,Cadastro Único
Feminino,49,Médio Incompleto,Jardim Feo,1,CRAS Barra,CRAS Barra,Público Geral,Cadastro Único
Feminino,37,Superior Completo,Caleme,1,CRAS Barra,CRAS Barra,Público Geral,Cadastro Único
Feminino,41,Fundamental Completo,Vila Muqui,1,CRAS Barra,CRAS Barra,Público Geral,Assistente Social
Feminino,68,Fundamental Incompleto,Caleme,1,CRAS Barra,CRAS Barra,Público Geral,Assistente Social
Feminino,40,Fundamental Incompleto,Caleme,1,CRAS Barra,CRAS Barra,Público Geral,Assistente Social
Feminino,24,Médio Completo,Granja Florestal,1,CRAS Barra,CRAS Barra,Público Geral,Assistente Social
Feminino,34,Médio Completo,Jardim Feo,1,CRAS Barra,CRAS Barra,Público Geral,Assistente Social
Feminino,28,Superior Incompleto,Barra do Imbuí,1,CRAS Barra,CRAS Barra,Público Geral,Assistente Social
Feminino,67,Superior Completo,Pimenteiras,1,CRAS Barra,CRAS Barra,Público Geral,Assistente Social
Feminino,18,Médio Completo,Caleme,1,CRAS Barra,CRAS Barra,Público Geral,Assistente Social
Feminino,60,Fundamental Completo,Caleme,1,CRAS Barra,CRAS Barra,Público Geral,Assistente Social
Feminino,39,Médio Completo,Vila Muqui,1,CRAS Barra,CRAS Barra,Público Geral,Assistente Social
Feminino,21,Superior Incompleto,Caleme,1,CRAS Barra,CRAS Barra,Público Geral,Assistente Social
Masculino,37,Médio Completo,Barra do Imbuí,1,CRAS Barra,CRAS Barra,Público Geral,Assistente Social
Feminino,41,Médio Completo,Barra do Imbuí,1,CRAS Barra,CRAS Barra,Público Geral,Assistente Social
Feminino,53,Superior Completo,Pimenteiras,1,CRAS Barra,CRAS Barra,Público Geral,Assistente Social
Feminino,26,Fundamental Incompleto,Vila Muqui,1,CRAS Barra,CRAS Barra,Público Geral,Assistente Social
Feminino,20,Médio Completo,Jardim Feo,1,CRAS Barra,CRAS Barra,Público Geral,Assistente Social
Feminino,38,Superior Completo,Barra do Imbuí,1,CRAS Barra,CRAS Barra,Público Geral,Assistente Social
Feminino,24,Médio Completo,Barra do Imbuí,1,CRAS Barra,CRAS Barra,Público Geral,Assistente Social
Masculino,65,Fundamental Incompleto,Caleme,1,CRAS Barra,CRAS Barra,Público Geral,Assistente Social
Feminino,53,Fundamental Completo,Pimenteiras,1,CRAS Barra,CRAS Barra,Público Geral,Cadastro Único
Feminino,63,Médio Completo,Jardim Feo,1,CRAS Barra,CRAS Barra,Público Geral,Cadastro Único
Masculino,39,Fundamental Incompleto,Barra do Imbuí,1,CRAS Barra,CRAS Barra,Público Geral,Cadastro Único
Feminino,37,Fundamental Completo,Barra do Imbuí,1,CRAS Barra,CRAS Barra,Público Geral,Cadastro Único
Masculino,40,Médio Incompleto,Caleme,1,CRAS Barra,CRAS Barra,Público Geral,Cadastro Único
Feminino,36,Superior Completo,Pimenteiras,1,CRAS Barra,CRAS Barra,Público Geral,Cadastro Único
Feminino,30,Médio Completo,Pimenteiras,1,CRAS Barra,CRAS Barra,Público Geral,Cadastro Único
Feminino,45,Superior Completo,Posse,1,CRAS Barra,CRAS Barra,Público Geral,Cadastro Único
Feminino,60,Fundamental Incompleto,Caleme,1,CRAS Barra,CRAS Barra,Público Geral,Cadastro Único
Masculino,64,Fundamental Incompleto,Pimenteiras,1,CRAS Barra,CRAS Barra,Público Geral,Cadastro Único
Masculino,49,Fundamental Completo,Barra do Imbuí,1,CRAS Barra,CRAS Barra,Público Geral,Cadastro Único
Feminino,20,Médio Completo,Jardim Feo,1,CRAS Barra,CRAS Barra,Público Geral,Cadastro Único
Feminino,70,Fundamental Incompleto,Barra do Imbuí,1,CRAS Barra,CRAS Barra,Público Geral,Cadastro Único
Feminino,67,Fundamental Incompleto,Jardim Feo,1,CRAS Barra,CRAS Barra,Público Geral,Cadastro Único
Feminino,48,Médio Completo,Pimenteiras,1,CRAS Barra,CRAS Barra,Público Geral,Cadastro Único
Feminino,35,Fundamental Incompleto,Posse,1,CRAS Barra,CRAS Barra,Público Geral,Cadastro Único
Masculino,42,Fundamental Incompleto,Salaco,1,CRAS Barra,CRAS Barra,Público Geral,Cadastro Único
Feminino,22,Fundamental Incompleto,Barra do Imbuí,1,CRAS Barra,CRAS Barra,Público Geral,Cadastro Único
Masculino,33,Fundamental Incompleto,Jardim Feo,1,CRAS Barra,CRAS Barra,Público Geral,Cadastro Único
Feminino,43,Médio Completo,Jardim Feo,1,CRAS Barra,CRAS Barra,Público Geral,Cadastro Único
Feminino,38,Superior Completo,Barra do Imbuí,1,CRAS Barra,CRAS Barra,Público Geral,Cadastro Único
Feminino,64,Fundamental Incompleto,Pimenteiras,1,CRAS Barra,CRAS Barra,Público Geral,Cadastro Único
Masculino,69,Fundamental Incompleto,Barra do Imbuí,1,CRAS Barra,CRAS Barra,Público Geral,Cadastro Único
Feminino,43,Médio Completo,Salaco,1,CRAS Barra,CRAS Barra,Público Geral,Cadastro Único
Feminino,31,Médio Completo,Barra do Imbuí,1,CRAS Barra,CRAS Barra,Público Geral,Cadastro Único
Feminino,22,Médio Incompleto,Salaco,1,CRAS Barra,CRAS Barra,Público Geral,Assistente Social
Feminino,36,Superior Completo,Pimenteiras,1,CRAS Barra,CRAS Barra,Público Geral,Assistente Social
Feminino,39,Médio Completo,Barra do Imbuí,1,CRAS Barra,CRAS Barra,Público Geral,Assistente Social
Feminino,70,Fundamental Incompleto,Barra do Imbuí,1,CRAS Barra,CRAS Barra,Público Geral,Assistente Social
Feminino,35,Médio Completo,Paineiras,1,CRAS Barra,CRAS Barra,Público Geral,Assistente Social
Masculino,49,Fundamental Completo,Barra do Imbuí,1,CRAS Barra,CRAS Barra,Público Geral,Assistente Social
Feminino,26,Fundamental Incompleto,Barra do Imbuí,1,CRAS Barra,CRAS Barra,Público Geral,Assistente Social
Masculino,42,Fundamental Incompleto,Posse,1,CRAS Barra,CRAS Barra,Público Geral,Assistente Social
Feminino,32,Fundamental Incompleto,Salaco,1,CRAS Barra,CRAS Barra,Público Geral,Assistente Social
Feminino,20,Médio Completo,Jardim Feo,1,CRAS Barra,CRAS Barra,Público Geral,Assistente Social
Feminino,70,Médio Incompleto,Barra do Imbuí,1,CRAS Barra,CRAS Barra,Público Geral,Assistente Social
Feminino,38,Superior Completo,Barra do Imbuí,1,CRAS Barra,CRAS Barra,Público Geral,Assistente Social
Feminino,19,Médio Completo,Pimenteiras,1,CRAS Barra,CRAS Barra,Público Geral,Assistente Social
Feminino,24,Médio Completo,Barra do Imbuí,1,CRAS Barra,CRAS Barra,Público Geral,Assistente Social
Feminino,31,Médio Completo,Barra do Imbuí,1,CRAS Barra,CRAS Barra,Público Geral,Assistente Social
Feminino,70,Médio Incompleto,Jardim Feo,1,CRAS Barra,CRAS Barra,Público Geral,Assistente Social
Feminino,55,Médio Completo,Jardim Feo,1,CRAS Barra,CRAS Barra,Público Geral,Cadastro Único
Feminino,39,Médio Completo,Espanhol,1,CRAS Barra,CRAS Barra,Público Geral,Cadastro Único
Feminino,39,Superior Completo,Caleme,1,CRAS Barra,CRAS Barra,Público Geral,Cadastro Único
Feminino,64,Fundamental Completo,Granja Florestal,1,CRAS Barra,CRAS Barra,Público Geral,Cadastro Único
Feminino,41,Fundamental Incompleto,Jardim Feo,1,CRAS Barra,CRAS Barra,Público Geral,Cadastro Único
Masculino,46,Fundamental Incompleto,Cascata do Imbuí ,1,CRAS Barra,CRAS Barra,Público Geral,Cadastro Único
Masculino,72,Fundamental Incompleto,Caleme,1,CRAS Barra,CRAS Barra,Público Geral,Cadastro Único
Masculino,79,Fundamental Incompleto,Barra do Imbuí,1,CRAS Barra,CRAS Barra,Público Geral,Cadastro Único
Feminino,62,Fundamental Incompleto,Jardim Feo,1,CRAS Barra,CRAS Barra,Público Geral,Cadastro Único
Feminino,63,Médio Completo,Paineiras,1,CRAS Barra,CRAS Barra,Público Geral,Cadastro Único
Feminino,60,Fundamental Completo,Vila Muqui,1,CRAS Barra,CRAS Barra,Público Geral,Cadastro Único
Feminino,67,Fundamental Completo,Vale do Paraíso,1,CRAS Barra,CRAS Barra,Público Geral,Cadastro Único
Feminino,52,Fundamental Completo,Barra do Imbuí,1,CRAS Barra,CRAS Barra,Público Geral,Cadastro Único
Feminino,42,Fundamental Incompleto,Barra do Imbuí,1,CRAS Barra,CRAS Barra,Público Geral,Cadastro Único
Masculino,28,Médio Completo,Barra do Imbuí,1,CRAS Barra,CRAS Barra,Público Geral,Cadastro Único
Masculino,46,Fundamental Incompleto,Posse,1,CRAS Barra,CRAS Barra,Público Geral,Cadastro Único
Feminino,30,Médio Incompleto,Salaco,1,CRAS Barra,CRAS Barra,Público Geral,Cadastro Único
Masculino,25,Médio Incompleto,Barra do Imbuí,1,CRAS Barra,CRAS Barra,Público Geral,Cadastro Único
Feminino,65,Fundamental Incompleto,Paineiras,1,CRAS Barra,CRAS Barra,Público Geral,Cadastro Único
Feminino,61,Fundamental Incompleto,Barra do Imbuí,1,CRAS Barra,CRAS Barra,Público Geral,Cadastro Único
Feminino,55,Médio Completo,Barra do Imbuí,1,CRAS Barra,CRAS Barra,Público Geral,Cadastro Único
Feminino,55,Médio Incompleto,Caleme,1,CRAS Barra,CRAS Barra,Público Geral,Cadastro Único
Feminino,27,Médio Completo,Barra do Imbuí,1,CRAS Barra,CRAS Barra,Público Geral,Cadastro Único
Feminino,19,Médio Incompleto,Pimenteiras,1,CRAS Barra,CRAS Barra,Público Geral,Cadastro Único
Feminino,28,Médio Incompleto,Salaco,1,CRAS Barra,CRAS Barra,Público Geral,Cadastro Único
Feminino,21,Médio Incompleto,Caleme,1,CRAS Barra,CRAS Barra,Público Geral,Cadastro Único
Feminino,55,Médio Incompleto,Golf,1,CRAS Barra,CRAS Barra,Público Geral,Cadastro Único
Feminino,55,Médio Completo,Jardim Feo,1,CRAS Barra,CRAS Barra,Público Geral,Assistente Social
Masculino,42,Fundamental Completo,Barra do Imbuí,1,CRAS Barra,CRAS Barra,Público Geral,Assistente Social
Feminino,66,Fundamental Completo,Cascata do Imbuí ,1,CRAS Barra,CRAS Barra,Público Geral,Assistente Social
Masculino,72,Fundamental Incompleto,Caleme,1,CRAS Barra,CRAS Barra,Público Geral,Assistente Social
Feminino,63,Médio Completo,Paineiras,1,CRAS Barra,CRAS Barra,Público Geral,Assistente Social
Feminino,37,Superior Incompleto,Agriões,1,CRAS Barra,CRAS Barra,Público Geral,Assistente Social
Feminino,36,Superior Completo,Pimenteiras,1,CRAS Barra,CRAS Barra,Público Geral,Assistente Social
Masculino,27,Médio Completo,Barra do Imbuí,1,CRAS Barra,CRAS Barra,Público Geral,Assistente Social
Feminino,65,Fundamental Incompleto,Paineiras,1,CRAS Barra,CRAS Barra,Público Geral,Assistente Social
Feminino,55,Fundamental Incompleto,Vila Muqui,1,CRAS Barra,CRAS Barra,Público Geral,Cadastro Único
Masculino,36,Fundamental Incompleto,Pimenteiras,1,CRAS Barra,CRAS Barra,Público Geral,Cadastro Único
Feminino,69,Fundamental Completo,Jardim Feo,1,CRAS Barra,CRAS Barra,Público Geral,Cadastro Único
Masculino,69,Médio Completo,Salaco,1,CRAS Barra,CRAS Barra,Público Geral,Cadastro Único
Feminino,75,Médio Completo,Caleme,1,CRAS Barra,CRAS Barra,Público Geral,Cadastro Único
Masculino,69,Fundamental Completo,Dente de Ouro,1,CRAS Barra,CRAS Barra,Público Geral,Cadastro Único
Feminino,61,Fundamental Completo,Parque do Imbuí,1,CRAS Barra,CRAS Barra,Público Geral,Cadastro Único
Feminino,44,Médio Completo,Pimenteiras,1,CRAS Barra,CRAS Barra,Público Geral,Cadastro Único
Feminino,22,Médio Completo,Caleme,1,CRAS Barra,CRAS Barra,Público Geral,Cadastro Único
Feminino,73,Médio Completo,Paineiras,1,CRAS Barra,CRAS Barra,Público Geral,Cadastro Único
Feminino,29,Médio Completo,Caleme,1,CRAS Barra,CRAS Barra,Público Geral,Cadastro Único
Feminino,28,Médio Completo,Barra do Imbuí,1,CRAS Barra,CRAS Barra,Público Geral,Cadastro Único
Feminino,17,Médio Incompleto,Jardim Feo,1,CRAS Barra,CRAS Barra,Público Geral,Cadastro Único
Masculino,26,Médio Incompleto,Barra do Imbuí,1,CRAS Barra,CRAS Barra,Público Geral,Cadastro Único
Feminino,35,Fundamental Incompleto,Caleme,1,CRAS Barra,CRAS Barra,Público Geral,Cadastro Único
Feminino,45,Fundamental Incompleto,Caleme,1,CRAS Barra,CRAS Barra,Público Geral,Cadastro Único
Feminino,65,Fundamental Incompleto,Paineiras,1,CRAS Barra,CRAS Barra,Público Geral,Cadastro Único
Feminino,32,Médio Incompleto,Vila Muqui,1,CRAS Barra,CRAS Barra,Público Geral,Cadastro Único
Feminino,55,Fundamental Incompleto,Cascata do Imbuí ,1,CRAS Barra,CRAS Barra,Público Geral,Cadastro Único
Feminino,30,Médio Incompleto,Pimenteiras,1,CRAS Barra,CRAS Barra,Público Geral,Cadastro Único
Feminino,44,Fundamental Incompleto,Vila Muqui,1,CRAS Barra,CRAS Barra,Público Geral,Cadastro Único
Feminino,18,Médio Incompleto,Pimenteiras,1,CRAS Barra,CRAS Barra,Público Geral,Cadastro Único
Feminino,18,Médio Completo,Barra do Imbuí,1,CRAS Barra,CRAS Barra,Público Geral,Cadastro Único
Feminino,33,Médio Completo,Paineiras,1,CRAS Barra,CRAS Barra,Público Geral,Assistente Social
Feminino,36,Fundamental Incompleto,Vila Muqui,1,CRAS Barra,CRAS Barra,Público Geral,Assistente Social
Masculino,66,Médio Completo,Barra do Imbuí,1,CRAS Barra,CRAS Barra,Público Geral,Assistente Social
Feminino,29,Fundamental Incompleto,Vila Muqui,1,CRAS Barra,CRAS Barra,Público Geral,Assistente Social
Feminino,55,Médio Incompleto,Golf,1,CRAS Barra,CRAS Barra,Público Geral,Assistente Social
Feminino,61,Fundamental Completo,Parque do Imbuí,1,CRAS Barra,CRAS Barra,Público Geral,Assistente Social
Feminino,18,Médio Completo,Barra do Imbuí,1,CRAS Barra,CRAS Barra,Público Geral,Assistente Social
Masculino,59,Superior Incompleto,Quebra Frascos,1,CRAS Barra,CRAS Barra,Público Geral,Assistente Social
Feminino,30,Fundamental Incompleto,Espanhol,1,CRAS Barra,CRAS Barra,Público Geral,Assistente Social
Feminino,30,Médio Incompleto,Pimenteiras,1,CRAS Barra,CRAS Barra,Público Geral,Assistente Social
Feminino,29,Médio Completo,Granja Florestal,1,CRAS Barra,CRAS Barra,Público Geral,Assistente Social
Feminino,32,Médio Incompleto,Vila Muqui,1,CRAS Barra,CRAS Barra,Público Geral,Assistente Social
Feminino,37,Médio Completo,Jardim Feo,1,CRAS Barra,CRAS Barra,Público Geral,Assistente Social
Feminino,18,Médio Incompleto,Pimenteiras,1,CRAS Barra,CRAS Barra,Público Geral,Assistente Social
Masculino,69,Fundamental Incompleto,Barra do Imbuí,1,CRAS Barra,CRAS Barra,Público Geral,Assistente Social
Masculino,28,Médio Incompleto,Barra do Imbuí,1,CRAS Barra,CRAS Barra,Público Geral,Assistente Social
Feminino,39,Superior Incompleto,Salaco,1,CRAS Barra,CRAS Barra,Público Geral,Cadastro Único
Feminino,20,Médio Incompleto,Barra do Imbuí,1,CRAS Barra,CRAS Barra,Público Geral,Cadastro Único
Feminino,30,Médio Incompleto,Pimenteiras,1,CRAS Barra,CRAS Barra,Público Geral,Cadastro Único
Feminino,30,Fundamental Incompleto,Barra do Imbuí,1,CRAS Barra,CRAS Barra,Público Geral,Cadastro Único
Feminino,44,Médio Completo,Jardim Pimenteiras,1,CRAS Barra,CRAS Barra,Público Geral,Cadastro Único
Masculino,16,Médio Incompleto,Paineiras,1,CRAS Barra,CRAS Barra,Público Geral,Cadastro Único
Feminino,41,Médio Incompleto,Barra do Imbuí,1,CRAS Barra,CRAS Barra,Público Geral,Cadastro Único
Feminino,45,Fundamental Incompleto,Caleme,1,CRAS Barra,CRAS Barra,Público Geral,Cadastro Único
Feminino,51,Médio Completo,Pimenteiras,1,CRAS Barra,CRAS Barra,Público Geral,Cadastro Único
Masculino,22,Superior Incompleto,Pimenteiras,1,CRAS Barra,CRAS Barra,Público Geral,Cadastro Único
Feminino,53,Médio Completo,Barra do Imbuí,1,CRAS Barra,CRAS Barra,Público Geral,Cadastro Único
Masculino,36,Não Escolarizado,Parque do Imbuí,1,CRAS Barra,CRAS Barra,Público Geral,Cadastro Único
Feminino,63,Fundamental Incompleto,Caleme,1,CRAS Barra,CRAS Barra,Público Geral,Cadastro Único
Feminino,37,Médio Completo,Caleme,1,CRAS Barra,CRAS Barra,Público Geral,Cadastro Único
Feminino,66,Fundamental Incompleto,Vila Muqui,1,CRAS Barra,CRAS Barra,Público Geral,Cadastro Único
Feminino,19,Médio Completo,Jardim Feo,1,CRAS Barra,CRAS Barra,Público Geral,Cadastro Único
Feminino,44,Médio Incompleto,Espanhol,1,CRAS Barra,CRAS Barra,Público Geral,Cadastro Único
Feminino,28,Médio Completo,Paineiras,1,CRAS Barra,CRAS Barra,Público Geral,Cadastro Único
Feminino,66,Médio Completo,Barra do Imbuí,1,CRAS Barra,CRAS Barra,Público Geral,Cadastro Único
Feminino,41,Superior Completo,Granja Florestal,1,CRAS Barra,CRAS Barra,Público Geral,Cadastro Único
Feminino,43,Fundamental Incompleto,Vila Muqui,1,CRAS Barra,CRAS Barra,Público Geral,Cadastro Único
Feminino,37,Médio Completo,Jardim Feo,1,CRAS Barra,CRAS Barra,Público Geral,Cadastro Único
Masculino,73,Fundamental Incompleto,Jardim Feo,1,CRAS Barra,CRAS Barra,Público Geral,Cadastro Único
Feminino,45,Médio Completo,Espanhol,1,CRAS Barra,CRAS Barra,Público Geral,Cadastro Único
Feminino,20,Médio Incompleto,Quebra Frascos,1,CRAS Barra,CRAS Barra,Público Geral,Cadastro Único
Feminino,33,Médio Completo,Granja Florestal,1,CRAS Barra,CRAS Barra,Público Geral,Cadastro Único
Feminino,33,Médio Incompleto,Parque do Imbuí,1,CRAS Barra,CRAS Barra,Público Geral,Cadastro Único
Feminino,37,Fundamental Incompleto,Paineiras,1,CRAS Barra,CRAS Barra,Público Geral,Cadastro Único
Feminino,41,Médio Completo,Pimenteiras,1,CRAS Barra,CRAS Barra,Público Geral,Cadastro Único
Feminino,29,Médio Completo,Barra do Imbuí,1,CRAS Barra,CRAS Barra,Público Geral,Cadastro Único
Feminino,37,Fundamental Incompleto,Barra do Imbuí,1,CRAS Barra,CRAS Barra,Público Geral,Cadastro Único
Feminino,56,Fundamental Incompleto,Granja Florestal,1,CRAS Barra,CRAS Barra,Público Geral,Cadastro Único
Feminino,44,Médio Completo,Pimenteiras,1,CRAS Barra,CRAS Barra,Público Geral,Cadastro Único
Feminino,30,Médio Incompleto,Pimenteiras,1,CRAS Barra,CRAS Barra,Público Geral,Assistente Social
Feminino,54,Fundamental Incompleto,Pimenteiras,1,CRAS Barra,CRAS Barra,Público Geral,Assistente Social
Feminino,57,Fundamental Incompleto,Paineiras,1,CRAS Barra,CRAS Barra,Público Geral,Assistente Social
Masculino,46,Fundamental Incompleto,Pimenteiras,1,CRAS Barra,CRAS Barra,Público Geral,Assistente Social
Feminino,58,Fundamental Incompleto,Vila Muqui,1,CRAS Barra,CRAS Barra,Público Geral,Assistente Social
Feminino,48,Médio Completo,Vila Muqui,1,CRAS Barra,CRAS Barra,Público Geral,Assistente Social
Feminino,37,Médio Completo,Caleme,1,CRAS Barra,CRAS Barra,Público Geral,Assistente Social
Feminino,41,Superior Incompleto,Salaco,1,CRAS Barra,CRAS Barra,Público Geral,Assistente Social
Feminino,53,Médio Completo,Barra do Imbuí,1,CRAS Barra,CRAS Barra,Público Geral,Assistente Social
Feminino,45,Médio Completo,Espanhol,1,CRAS Barra,CRAS Barra,Público Geral,Assistente Social
Feminino,66,Médio Completo,Barra do Imbuí,1,CRAS Barra,CRAS Barra,Público Geral,Assistente Social
Feminino,66,Fundamental Incompleto,Vila Muqui,1,CRAS Barra,CRAS Barra,Público Geral,Assistente Social
Feminino,33,Médio Completo,Barra do Imbuí,1,CRAS Barra,CRAS Barra,Público Geral,Assistente Social
Feminino,49,Médio Completo,Caleme,1,CRAS Barra,CRAS Barra,Público Geral,Assistente Social
Feminino,20,Médio Incompleto,Quebra Frascos,1,CRAS Barra,CRAS Barra,Público Geral,Assistente Social
Masculino,78,Fundamental Incompleto,Pimenteiras,1,CRAS Barra,CRAS Barra,Público Geral,Assistente Social
Feminino,29,Médio Incompleto,Paineiras,1,CRAS Barra,CRAS Barra,Público Geral,Assistente Social
Feminino,20,Médio Completo,Salaco,1,CRAS Barra,CRAS Barra,Público Geral,Assistente Social
Feminino,41,Médio Completo,Pimenteiras,1,CRAS Barra,CRAS Barra,Público Geral,Assistente Social
Feminino,37,Médio Completo,Jardim Feo,1,CRAS Barra,CRAS Barra,Público Geral,Assistente Social
Feminino,25,Médio Incompleto,Barra do Imbuí,1,CRAS Barra,CRAS Barra,Público Geral,Assistente Social
Feminino,20,Médio Incompleto,Quebra Frascos,1,CRAS Barra,CRAS Barra,Público Geral,Assistente Social
Feminino,32,Médio Incompleto,Vila Muqui,1,CRAS Barra,CRAS Barra,Público Geral,Assistente Social
Feminino,36,Médio Incompleto,Paineiras,1,CRAS Barra,CRAS Barra,Público Geral,Assistente Social
Feminino,39,Superior Completo,Salaco,1,CRAS Barra,CRAS Barra,Público Geral,Cadastro Único
Feminino,28,Médio Completo,Cascata do Imbuí ,1,CRAS Barra,CRAS Barra,Público Geral,Cadastro Único
Feminino,31,Médio Completo,Granja Florestal,1,CRAS Barra,CRAS Barra,Público Geral,Cadastro Único
Feminino,46,Médio Incompleto,Caleme,1,CRAS Barra,CRAS Barra,Público Geral,Cadastro Único
Feminino,65,Fundamental Incompleto,Paineiras,1,CRAS Barra,CRAS Barra,Público Geral,Cadastro Único
Feminino,46,Fundamental Incompleto,Paineiras,1,CRAS Barra,CRAS Barra,Público Geral,Cadastro Único
Feminino,29,Médio Completo,Granja Florestal,1,CRAS Barra,CRAS Barra,Público Geral,Cadastro Único
Feminino,59,Fundamental Incompleto,Granja Florestal,1,CRAS Barra,CRAS Barra,Público Geral,Cadastro Único
Feminino,66,Fundamental Incompleto,Vila Muqui,1,CRAS Barra,CRAS Barra,Público Geral,Cadastro Único
Feminino,38,Médio Completo,Caleme,1,CRAS Barra,CRAS Barra,Público Geral,Cadastro Único
Feminino,67,Fundamental Incompleto,Caleme,1,CRAS Barra,CRAS Barra,Público Geral,Cadastro Único
Feminino,37,Fundamental Incompleto,Posse,1,CRAS Barra,CRAS Barra,Público Geral,Cadastro Único
Feminino,27,Fundamental Completo,Parque do Imbuí,1,CRAS Barra,CRAS Barra,Público Geral,Cadastro Único
Feminino,55,Médio Completo,Barra do Imbuí,1,CRAS Barra,CRAS Barra,Público Geral,Cadastro Único
Masculino,30,Médio Completo,Caleme,1,CRAS Barra,CRAS Barra,Público Geral,Cadastro Único
Feminino,32,Fundamental Incompleto,Salaco,1,CRAS Barra,CRAS Barra,Público Geral,Cadastro Único
Feminino,68,Não Escolarizado,Paineiras,1,CRAS Barra,CRAS Barra,Público Geral,Cadastro Único
Masculino,34,Médio Incompleto,Salaco,1,CRAS Barra,CRAS Barra,Público Geral,Cadastro Único
Masculino,26,Médio Incompleto,Salaco,1,CRAS Barra,CRAS Barra,Público Geral,Cadastro Único
Feminino,52,Fundamental Incompleto,Jardim Pimenteiras,1,CRAS Barra,CRAS Barra,Público Geral,Cadastro Único
Feminino,65,Fundamental Incompleto,Paineiras,1,CRAS Barra,CRAS Barra,Público Geral,Cadastro Único
Feminino,24,Médio Completo,Barra do Imbuí,1,CRAS Barra,CRAS Barra,Público Geral,Cadastro Único
Feminino,39,Médio Completo,Caleme,1,CRAS Barra,CRAS Barra,Público Geral,Cadastro Único
Feminino,28,Superior Incompleto,Campo Grande,1,CRAS Barra,CRAS Barra,Público Geral,Cadastro Único
Feminino,64,Fundamental Incompleto,Caleme,1,CRAS Barra,CRAS Barra,Público Geral,Cadastro Único
Feminino,24,Superior Completo,Vila Muqui,1,CRAS Barra,CRAS Barra,Público Geral,Cadastro Único
Feminino,27,Fundamental Completo,Caleme,1,CRAS Barra,CRAS Barra,Público Geral,Cadastro Único
Feminino,19,Médio Incompleto,Caleme,1,CRAS Barra,CRAS Barra,Público Geral,Cadastro Único
Feminino,29,Médio Completo,Granja Florestal,1,CRAS Barra,CRAS Barra,Público Geral,Assistente Social
Feminino,43,Médio Completo,Paineiras,1,CRAS Barra,CRAS Barra,Público Geral,Assistente Social
Feminino,67,Fundamental Incompleto,Caleme,1,CRAS Barra,CRAS Barra,Público Geral,Assistente Social
Masculino,34,Médio Incompleto,Salaco,1,CRAS Barra,CRAS Barra,Público Geral,Assistente Social
Feminino,27,Fundamental Completo,Parque do Imbuí,1,CRAS Barra,CRAS Barra,Público Geral,Assistente Social
Feminino,27,Médio Completo,Pimenteiras,1,CRAS Barra,CRAS Barra,Público Geral,Assistente Social
Feminino,34,Médio Completo,Barra do Imbuí,1,CRAS Barra,CRAS Barra,Público Geral,Assistente Social
Feminino,29,Médio Incompleto,Caleme,1,CRAS Barra,CRAS Barra,Público Geral,Assistente Social
Feminino,33,Médio Completo,Vila Muqui,1,CRAS Barra,CRAS Barra,Público Geral,Assistente Social
Feminino,68,Não Escolarizado,Paineiras,1,CRAS Barra,CRAS Barra,Público Geral,Assistente Social
Feminino,30,Médio Completo,Granja Florestal,1,CRAS Barra,CRAS Barra,Público Geral,Assistente Social
Masculino,32,Fundamental Incompleto,Paineiras,1,CRAS Barra,CRAS Barra,Público Geral,Assistente Social
Feminino,29,Fundamental Incompleto,Vila Muqui,1,CRAS Barra,CRAS Barra,Público Geral,Assistente Social
Feminino,70,Médio Completo,Barra do Imbuí,1,CRAS Barra,CRAS Barra,Público Geral,Assistente Social
Feminino,19,Médio Incompleto,Caleme,1,CRAS Barra,CRAS Barra,Público Geral,Assistente Social
Feminino,41,Superior Incompleto,Jardim Pimenteiras,1,CRAS Barra,CRAS Barra,Público Geral,Assistente Social
Masculino,22,Médio Incompleto,Pimenteiras,1,CRAS Barra,CRAS Barra,Público Geral,Assistente Social
Feminino,56,Médio Completo,Barra do Imbuí,1,CRAS Barra,CRAS Barra,Público Geral,Assistente Social
Feminino,22,Médio Completo,Paineiras,1,CRAS Barra,CRAS Barra,Público Geral,Assistente Social
Feminino,20,Médio Incompleto,Paineiras,1,CRAS Barra,CRAS Barra,Público Geral,Assistente Social
Feminino,55,Fundamental Incompleto,Paineiras,1,CRAS Barra,CRAS Barra,Público Geral,Assistente Social
Feminino,31,Médio Completo,Paineiras,1,CRAS Barra,CRAS Barra,Público Geral,Assistente Social
Feminino,56,Não Escolarizado,Caleme,1,CRAS Barra,CRAS Barra,Público Geral,Assistente Social
Feminino,31,Médio Completo,Barra do Imbuí,1,CRAS Barra,CRAS Barra,Público Geral,Assistente Social
Feminino,57,Fundamental Incompleto,Caleme,1,CRAS Barra,CRAS Barra,Público Geral,Cadastro Único
Masculino,21,Médio Incompleto,Salaco,1,CRAS Barra,CRAS Barra,Público Geral,Cadastro Único
Feminino,65,Fundamental Incompleto,Paineiras,1,CRAS Barra,CRAS Barra,Público Geral,Cadastro Único
Feminino,53,Fundamental Incompleto,Paineiras,1,CRAS Barra,CRAS Barra,Público Geral,Cadastro Único
Feminino,41,Fundamental Incompleto,Jardim Feo,1,CRAS Barra,CRAS Barra,Público Geral,Cadastro Único
Masculino,53,Fundamental Incompleto,Jardim Feo,1,CRAS Barra,CRAS Barra,Público Geral,Cadastro Único
Feminino,37,Médio Completo,Cascata do Imbuí ,1,CRAS Barra,CRAS Barra,Público Geral,Cadastro Único
Feminino,35,Médio Incompleto,Paineiras,1,CRAS Barra,CRAS Barra,Público Geral,Cadastro Único
Feminino,48,Médio Completo,Parque do Imbuí,1,CRAS Barra,CRAS Barra,Público Geral,Cadastro Único
Feminino,40,Médio Completo,Granja Florestal,1,CRAS Barra,CRAS Barra,Público Geral,Cadastro Único
Feminino,35,Médio Incompleto,Paineiras,1,CRAS Barra,CRAS Barra,Público Geral,Cadastro Único
Feminino,65,Fundamental Incompleto,Barra do Imbuí,1,CRAS Barra,CRAS Barra,Público Geral,Cadastro Único
Feminino,60,Fundamental Incompleto,Barra do Imbuí,1,CRAS Barra,CRAS Barra,Público Geral,Cadastro Único
Masculino,66,Médio Completo,Caleme,1,CRAS Barra,CRAS Barra,Público Geral,Cadastro Único
Feminino,69,Superior Completo,Barra do Imbuí,1,CRAS Barra,CRAS Barra,Público Geral,Cadastro Único
Feminino,34,Fundamental Incompleto,Pimenteiras,1,CRAS Barra,CRAS Barra,Público Geral,Cadastro Único
Feminino,48,Fundamental Incompleto,Paineiras,1,CRAS Barra,CRAS Barra,Público Geral,Cadastro Único
Masculino,77,Fundamental Incompleto,Barra do Imbuí,1,CRAS Barra,CRAS Barra,Público Geral,Cadastro Único
Feminino,23,Médio Completo,Jardim Feo,1,CRAS Barra,CRAS Barra,Público Geral,Cadastro Único
Feminino,61,Fundamental Incompleto,Paineiras,1,CRAS Barra,CRAS Barra,Público Geral,Cadastro Único
Feminino,40,Fundamental Incompleto,Barra do Imbuí,1,CRAS Barra,CRAS Barra,Público Geral,Cadastro Único
Feminino,52,Fundamental Incompleto,Vila Muqui,1,CRAS Barra,CRAS Barra,Público Geral,Assistente Social
Feminino,37,Médio Completo,Cascata do Imbuí ,1,CRAS Barra,CRAS Barra,Público Geral,Assistente Social
Feminino,35,Médio Incompleto,Paineiras,1,CRAS Barra,CRAS Barra,Público Geral,Assistente Social
Feminino,40,Médio Completo,Barra do Imbuí,1,CRAS Barra,CRAS Barra,Público Geral,Assistente Social
Feminino,48,Médio Completo,Parque do Imbuí,1,CRAS Barra,CRAS Barra,Público Geral,Assistente Social
Feminino,40,Médio Completo,Granja Florestal,1,CRAS Barra,CRAS Barra,Público Geral,Assistente Social
Feminino,28,Médio Completo,Salaco,1,CRAS Barra,CRAS Barra,Público Geral,Assistente Social
Feminino,35,Médio Completo,Paineiras,1,CRAS Barra,CRAS Barra,Público Geral,Assistente Social
Feminino,35,Médio Incompleto,Paineiras,1,CRAS Barra,CRAS Barra,Público Geral,Assistente Social
Masculino,32,Fundamental Incompleto,Paineiras,1,CRAS Barra,CRAS Barra,Público Geral,Assistente Social
Feminino,45,Médio Incompleto,Salaco,1,CRAS Barra,CRAS Barra,Público Geral,Assistente Social
Feminino,40,Fundamental Incompleto,Barra do Imbuí,1,CRAS Barra,CRAS Barra,Público Geral,Assistente Social
Feminino,39,Médio Completo,Barra do Imbuí,1,CRAS Barra,CRAS Barra,Público Geral,Assistente Social
Feminino,34,Fundamental Incompleto,Parque do Imbuí,1,CRAS Barra,CRAS Barra,Público Geral,Assistente Social
Feminino,65,Fundamental Incompleto,Paineiras,1,CRAS Barra,CRAS Barra,Público Geral,Assistente Social
Feminino,66,Fundamental Incompleto,Barra do Imbuí,1,CRAS Barra,CRAS Barra,Público Geral,Assistente Social
Feminino,60,Fundamental Incompleto,Jardim Feo,1,CRAS Barra,CRAS Barra,Público Geral,Assistente Social
Feminino,40,Fundamental Incompleto,Paineiras,1,CRAS Barra,CRAS Barra,Público Geral,Assistente Social
Feminino,66,Fundamental Incompleto,Barra do Imbuí,1,CRAS Barra,CRAS Barra,Público Geral,Assistente Social
Feminino,48,Superior Completo,Posse,1,CRAS Barra,CRAS Barra,Público Geral,Assistente Social
Feminino,48,Superior Completo,Posse,1,CRAS Barra,CRAS Barra,Público Geral,Psicóloga
Feminino,29,Médio Completo,Paineiras,1,CRAS Barra,CRAS Barra,Público Geral,Assistente Social
Feminino,23,Médio Completo,Jardim Feo,1,CRAS Barra,CRAS Barra,Público Geral,Assistente Social
Feminino,30,Médio Incompleto,Pimenteiras,1,CRAS Barra,CRAS Barra,Público Geral,Assistente Social
Masculino,40,Fundamental Incompleto,Espanhol,1,CRAS Barra,CRAS Barra,Público Geral,Assistente Social
Feminino,23,Médio Completo,Paineiras,1,CRAS Barra,CRAS Barra,Público Geral,Assistente Social
Feminino,43,Médio Completo,Vila Muqui,1,CRAS Barra,CRAS Barra,Público Geral,Assistente Social
Feminino,31,Fundamental Completo,Vila Muqui,1,CRAS Barra,CRAS Barra,Público Geral,Assistente Social
Feminino,59,Superior Completo,Parque do Imbuí,1,CRAS Barra,CRAS Barra,Público Geral,Assistente Social
Feminino,30,Médio Incompleto,Caleme,1,CRAS Barra,CRAS Barra,Público Geral,Assistente Social
Feminino,34,Médio Completo,Vila Muqui,1,CRAS Barra,CRAS Barra,Público Geral,Assistente Social
Masculino,74,Médio Completo,Barra do Imbuí,1,CRAS Barra,CRAS Barra,Público Geral,Assistente Social
Feminino,28,Médio Completo,Vila Muqui,1,CRAS Barra,CRAS Barra,Público Geral,Assistente Social
Feminino,57,Fundamental Incompleto,Caleme,1,CRAS Barra,CRAS Barra,Público Geral,Assistente Social
Feminino,40,Médio Incompleto,Caleme,1,CRAS Barra,CRAS Barra,Público Geral,Psicóloga
Feminino,53,Fundamental Incompleto,Paineiras,1,CRAS Barra,CRAS Barra,Público Geral,Assistente Social
Feminino,26,Médio Incompleto,Barra do Imbuí,1,CRAS Barra,CRAS Barra,Público Geral,Assistente Social
Feminino,23,Fundamental Incompleto,Jardim Feo,1,CRAS Barra,CRAS Barra,Público Geral,Assistente Social
Feminino,28,Médio Completo,Salaco,1,CRAS Barra,CRAS Barra,Público Geral,Assistente Social
Feminino,48,Médio Completo,Paineiras,1,CRAS Barra,CRAS Barra,Público Geral,Assistente Social
Feminino,19,Médio Completo,Paineiras,1,CRAS Barra,CRAS Barra,Público Geral,Assistente Social
Masculino,29,Fundamental Completo,Dente de Ouro,1,CRAS Barra,CRAS Barra,Público Geral,Cadastro Único
Feminino,42,Médio Incompleto,Posse,1,CRAS Barra,CRAS Barra,Público Geral,Cadastro Único
Feminino,73,Superior Completo,Salaco,1,CRAS Barra,CRAS Barra,Público Geral,Cadastro Único
Feminino,60,Fundamental Incompleto,Jardim Feo,1,CRAS Barra,CRAS Barra,Público Geral,Cadastro Único
Feminino,62,Médio Completo,Granja Florestal,1,CRAS Barra,CRAS Barra,Público Geral,Cadastro Único
Feminino,27,Fundamental Incompleto,Barra do Imbuí,1,CRAS Barra,CRAS Barra,Público Geral,Cadastro Único
Masculino,46,Fundamental Completo,Granja Florestal,1,CRAS Barra,CRAS Barra,Público Geral,Cadastro Único
Masculino,67,Fundamental Incompleto,Salaco,1,CRAS Barra,CRAS Barra,Público Geral,Cadastro Único
Feminino,29,Médio Completo,Paineiras,1,CRAS Barra,CRAS Barra,Público Geral,Cadastro Único
Feminino,48,Superior Completo,Posse,1,CRAS Barra,CRAS Barra,Público Geral,Cadastro Único
Feminino,40,Fundamental Incompleto,Paineiras,1,CRAS Barra,CRAS Barra,Público Geral,Cadastro Único
Feminino,31,Médio Completo,Salaco,1,CRAS Barra,CRAS Barra,Público Geral,Cadastro Único
Feminino,64,Não Escolarizado,Paineiras,1,CRAS Barra,CRAS Barra,Público Geral,Cadastro Único
Feminino,28,Médio Completo,Salaco,1,CRAS Barra,CRAS Barra,Público Geral,Cadastro Único
Feminino,17,Fundamental Completo,Posse,1,CRAS Barra,CRAS Barra,Público Geral,Cadastro Único
Feminino,23,Médio Completo,Granja Florestal,1,CRAS Barra,CRAS Barra,Público Geral,Cadastro Único
Masculino,55,Fundamental Completo,Granja Florestal,1,CRAS Barra,CRAS Barra,Público Geral,Cadastro Único
Feminino,19,Médio Completo,Barra do Imbuí,1,CRAS Barra,CRAS Barra,Público Geral,Cadastro Único
Feminino,27,Superior Incompleto,Caleme,1,CRAS Barra,CRAS Barra,Público Geral,Cadastro Único
Masculino,42,Superior Completo,Pimenteiras,1,CRAS Barra,CRAS Barra,Público Geral,Cadastro Único
Feminino,67,Fundamental Incompleto,Jardim Feo,1,CRAS Barra,CRAS Barra,Público Geral,Cadastro Único
Feminino,29,Médio Completo,Vila Muqui,1,CRAS Barra,CRAS Barra,Público Geral,Cadastro Único
Feminino,31,Médio Completo,Paineiras,1,CRAS Barra,CRAS Barra,Público Geral,Cadastro Único
Feminino,60,Fundamental Incompleto,Jardim Feo,1,CRAS Barra,CRAS Barra,Público Geral,Cadastro Único
Masculino,58,Fundamental Incompleto,Vila Muqui,1,CRAS Barra,CRAS Barra,Público Geral,Cadastro Único
Feminino,57,Médio Completo,Paineiras,1,CRAS Barra,CRAS Barra,Público Geral,Cadastro Único
Feminino,72,Fundamental Incompleto,Caleme,1,CRAS Barra,CRAS Barra,Público Geral,Cadastro Único
Feminino,21,Médio Incompleto,Espanhol,1,CRAS Barra,CRAS Barra,Público Geral,Cadastro Único
Feminino,50,Médio Completo,Paineiras,1,CRAS Barra,CRAS Barra,Público Geral,Cadastro Único
Feminino,44,Médio Completo,Barra do Imbuí,1,CRAS Barra,CRAS Barra,Público Geral,Cadastro Único
Feminino,55,Médio Incompleto,Barra do Imbuí,1,CRAS Barra,CRAS Barra,Público Geral,Cadastro Único
Masculino,65,Fundamental Incompleto,Barra do Imbuí,1,CRAS Barra,CRAS Barra,Público Geral,Cadastro Único
Feminino,28,Médio Completo,Vila Muqui,1,CRAS Barra,CRAS Barra,Público Geral,Cadastro Único
Feminino,20,Médio Completo,Barra do Imbuí,1,CRAS Barra,CRAS Barra,Público Geral,Cadastro Único
Feminino,67,Fundamental Incompleto,Caleme,1,CRAS Barra,CRAS Barra,Público Geral,Cadastro Único
Masculino,64,Fundamental Incompleto,Jardim Feo,1,CRAS Barra,CRAS Barra,Público Geral,Cadastro Único
Masculino,45,Superior Incompleto,Barra do Imbuí,1,CRAS Barra,CRAS Barra,Público Geral,Cadastro Único
Feminino,20,Médio Completo,Caleme,1,CRAS Barra,CRAS Barra,Público Geral,Cadastro Único
Feminino,31,Médio Completo,Barra do Imbuí,1,CRAS Barra,CRAS Barra,Público Geral,Cadastro Único
Feminino,20,Médio Completo,Barra do Imbuí,1,CRAS Barra,CRAS Barra,Público Geral,Cadastro Único
Masculino,38,Fundamental Completo,Caleme,1,CRAS Barra,CRAS Barra,Público Geral,Cadastro Único
Feminino,39,Médio Completo,Barra do Imbuí,1,CRAS Barra,CRAS Barra,Público Geral,Cadastro Único
Feminino,51,Médio Completo,Posse,1,CRAS Barra,CRAS Barra,Público Geral,Cadastro Único
Feminino,56,Superior Incompleto,Barra do Imbuí,1,CRAS Barra,CRAS Barra,Público Geral,Cadastro Único
Feminino,61,Médio Completo,Granja Florestal,1,CRAS Barra,CRAS Barra,Público Geral,Assistente Social
Feminino,41,Superior Completo,Barra do Imbuí,1,CRAS Barra,CRAS Barra,Público Geral,Assistente Social
Feminino,40,Médio Incompleto,Pimenteiras,1,CRAS Barra,CRAS Barra,Público Geral,Assistente Social
Feminino,35,Médio Completo,Pimenteiras,1,CRAS Barra,CRAS Barra,Público Geral,Assistente Social
Feminino,78,Fundamental Incompleto,Espanhol,1,CRAS Barra,CRAS Barra,Público Geral,Assistente Social
Feminino,41,Fundamental Incompleto,Barra do Imbuí,1,CRAS Barra,CRAS Barra,Público Geral,Assistente Social
Masculino,65,Fundamental Incompleto,Barra do Imbuí,1,CRAS Barra,CRAS Barra,Público Geral,Assistente Social
Feminino,33,Fundamental Incompleto,Paineiras,1,CRAS Barra,CRAS Barra,Público Geral,Assistente Social
Feminino,67,Médio Completo,Caleme,1,CRAS Barra,CRAS Barra,Público Geral,Assistente Social
Feminino,34,Superior Completo,Barra do Imbuí,1,CRAS Barra,CRAS Barra,Público Geral,Assistente Social
Feminino,28,Médio Completo,Cascata do Imbuí ,1,CRAS Barra,CRAS Barra,Público Geral,Assistente Social
Feminino,55,Fundamental Incompleto,Barra do Imbuí,1,CRAS Barra,CRAS Barra,Público Geral,Assistente Social
Feminino,30,Médio Completo,Paineiras,1,CRAS Barra,CRAS Barra,Público Geral,Assistente Social
Feminino,43,Fundamental Incompleto,Granja Florestal,1,CRAS Barra,CRAS Barra,Público Geral,Assistente Social
Feminino,34,Fundamental Incompleto,Paineiras,1,CRAS Barra,CRAS Barra,Público Geral,Assistente Social
Feminino,65,Médio Completo,Pimenteiras,1,CRAS Barra,CRAS Barra,Público Geral,Cadastro Único
Feminino,62,Médio Completo,Granja Florestal,1,CRAS Barra,CRAS Barra,Público Geral,Cadastro Único
Feminino,57,Fundamental Incompleto,Granja Florestal,1,CRAS Barra,CRAS Barra,Público Geral,Cadastro Único
Feminino,55,Fundamental Incompleto,Barra do Imbuí,1,CRAS Barra,CRAS Barra,Público Geral,Cadastro Único
Masculino,61,Fundamental Incompleto,São Pedro ,1,CRAS Barra,CRAS Barra,Público Geral,Cadastro Único
Feminino,51,Médio Completo,Granja Florestal,1,CRAS Barra,CRAS Barra,Público Geral,Cadastro Único
Masculino,33,Médio Completo,Barra do Imbuí,1,CRAS Barra,CRAS Barra,Público Geral,Cadastro Único
Feminino,30,Superior Incompleto,Caleme,1,CRAS Barra,CRAS Barra,Público Geral,Cadastro Único
Feminino,22,Médio Completo,Jardim Feo,1,CRAS Barra,CRAS Barra,Público Geral,Cadastro Único
Masculino,30,Fundamental Incompleto,Paineiras,1,CRAS Barra,CRAS Barra,Público Geral,Cadastro Único
Masculino,61,Fundamental Incompleto,Vila Muqui,1,CRAS Barra,CRAS Barra,Público Geral,Cadastro Único
Feminino,26,Médio Incompleto,Salaco,1,CRAS Barra,CRAS Barra,Público Geral,Cadastro Único
Masculino,65,Fundamental Incompleto,Salaco,1,CRAS Barra,CRAS Barra,Público Geral,Cadastro Único
Feminino,31,Médio Completo,Vila Muqui,1,CRAS Barra,CRAS Barra,Público Geral,Cadastro Único
Feminino,24,Médio Completo,Paineiras,1,CRAS Barra,CRAS Barra,Público Geral,Cadastro Único
Feminino,65,Fundamental Incompleto,Caleme,1,CRAS Barra,CRAS Barra,Público Geral,Cadastro Único
Feminino,44,Fundamental Incompleto,Caleme,1,CRAS Barra,CRAS Barra,Público Geral,Cadastro Único
Masculino,41,Médio Completo,Meudon,1,CRAS Barra,CRAS Barra,Público Geral,Cadastro Único
Feminino,30,Superior Incompleto,Caleme,1,CRAS Barra,CRAS Barra,Público Geral,Cadastro Único
Feminino,41,Médio Incompleto,Barra do Imbuí,1,CRAS Barra,CRAS Barra,Público Geral,Cadastro Único
Masculino,66,Fundamental Incompleto,Pimenteiras,1,CRAS Barra,CRAS Barra,Público Geral,Cadastro Único
Feminino,39,Médio Completo,Espanhol,1,CRAS Barra,CRAS Barra,Público Geral,Cadastro Único
Masculino,30,Fundamental Incompleto,Paineiras,1,CRAS Barra,CRAS Barra,Público Geral,Assistente Social
Masculino,58,Médio Completo,Granja Florestal,1,CRAS Barra,CRAS Barra,Público Geral,Assistente Social
Feminino,26,Médio Incompleto,Salaco,1,CRAS Barra,CRAS Barra,Público Geral,Assistente Social
Feminino,31,Médio Completo,Vila Muqui,1,CRAS Barra,CRAS Barra,Público Geral,Assistente Social
Feminino,24,Médio Completo,Paineiras,1,CRAS Barra,CRAS Barra,Público Geral,Assistente Social
Feminino,37,Médio Incompleto,Barra do Imbuí,1,CRAS Barra,CRAS Barra,Público Geral,Assistente Social
Feminino,18,Médio Completo,Paineiras,1,CRAS Barra,CRAS Barra,Público Geral,Assistente Social
Feminino,20,Médio Completo,Barra do Imbuí,1,CRAS Barra,CRAS Barra,Público Geral,Assistente Social
Masculino,63,Fundamental Incompleto,Barra do Imbuí,1,CRAS Barra,CRAS Barra,Público Geral,Assistente Social
Feminino,37,Médio Completo,Caleme,1,CRAS Barra,CRAS Barra,Público Geral,Assistente Social
Feminino,57,Fundamental Completo,Granja Florestal,1,CRAS Barra,CRAS Barra,Público Geral,Assistente Social
Masculino,26,Médio Completo,Pimenteiras,1,CRAS Barra,CRAS Barra,Público Geral,Assistente Social
Feminino,45,Médio Completo,Caleme,1,CRAS Barra,CRAS Barra,Público Geral,Assistente Social
Feminino,48,Fundamental Incompleto,Granja Florestal,1,CRAS Barra,CRAS Barra,Público Geral,Assistente Social
Masculino,42,Superior Completo,Caleme,1,CRAS Barra,CRAS Barra,Público Geral,Assistente Social
Feminino,59,Fundamental Incompleto,Salaco,1,CRAS Barra,CRAS Barra,Público Geral,Assistente Social
Feminino,56,Médio Completo,Barra do Imbuí,1,CRAS Barra,CRAS Barra,Público Geral,Assistente Social
Feminino,64,Fundamental Incompleto,Barra do Imbuí,1,CRAS Barra,CRAS Barra,Público Geral,Assistente Social
Masculino,55,Fundamental Incompleto,Vila Muqui,1,CRAS Barra,CRAS Barra,Público Geral,Assistente Social
Feminino,47,Fundamental Incompleto,Paineiras,1,CRAS Barra,CRAS Barra,Público Geral,Assistente Social
Feminino,35,Médio Completo,Barra do Imbuí,1,CRAS Barra,CRAS Barra,Público Geral,Assistente Social
Feminino,22,Fundamental Incompleto,Barra do Imbuí,1,CRAS Barra,CRAS Barra,Público Geral,Assistente Social
Masculino,32,Médio Completo,Salaco,1,CRAS Barra,CRAS Barra,Público Geral,Assistente Social
Feminino,41,Superior Completo,Pimenteiras,1,CRAS Barra,CRAS Barra,Público Geral,Assistente Social
Feminino,56,Fundamental Incompleto,Paineiras,1,CRAS Barra,CRAS Barra,Público Geral,Assistente Social
Feminino,32,Médio Completo,Pimenteiras,1,CRAS Barra,CRAS Barra,Público Geral,Assistente Social
Feminino,40,Médio Completo,Paineiras,1,CRAS Barra,CRAS Barra,Público Geral,Assistente Social
Masculino,45,Fundamental Incompleto,Granja Florestal,1,CRAS Barra,CRAS Barra,Público Geral,Cadastro Único
Feminino,55,Fundamental Completo,Pimenteiras,1,CRAS Barra,CRAS Barra,Público Geral,Cadastro Único
Masculino,70,Fundamental Incompleto,Granja Florestal,1,CRAS Barra,CRAS Barra,Público Geral,Cadastro Único
Feminino,29,Superior Completo,Pimenteiras,1,CRAS Barra,CRAS Barra,Público Geral,Cadastro Único
Masculino,56,Fundamental Incompleto,Vila Muqui,1,CRAS Barra,CRAS Barra,Público Geral,Cadastro Único
Feminino,25,Médio Completo,Caleme,1,CRAS Barra,CRAS Barra,Público Geral,Cadastro Único
Feminino,85,Fundamental Completo,Parque do Imbuí,1,CRAS Barra,CRAS Barra,Público Geral,Cadastro Único
Masculino,56,Fundamental Incompleto,Jardim Feo,1,CRAS Barra,CRAS Barra,Público Geral,Cadastro Único
Feminino,37,Fundamental Completo,Caleme,1,CRAS Barra,CRAS Barra,Público Geral,Cadastro Único
Feminino,57,Fundamental Incompleto,Granja Florestal,1,CRAS Barra,CRAS Barra,Público Geral,Cadastro Único
Feminino,47,Fundamental Completo,Paineiras,1,CRAS Barra,CRAS Barra,Público Geral,Cadastro Único
Masculino,65,Superior Completo,Pimenteiras,1,CRAS Barra,CRAS Barra,Público Geral,Cadastro Único
Masculino,29,Superior Completo,Barra do Imbuí,1,CRAS Barra,CRAS Barra,Público Geral,Cadastro Único
Feminino,66,Fundamental Incompleto,Paineiras,1,CRAS Barra,CRAS Barra,Público Geral,Cadastro Único
Feminino,45,Médio Completo,Caleme,1,CRAS Barra,CRAS Barra,Público Geral,Cadastro Único
Masculino,72,Fundamental Incompleto,Caleme,1,CRAS Barra,CRAS Barra,Público Geral,Cadastro Único
Masculino,65,Fundamental Incompleto,Pimenteiras,1,CRAS Barra,CRAS Barra,Público Geral,Cadastro Único
Feminino,59,Fundamental Incompleto,Salaco,1,CRAS Barra,CRAS Barra,Público Geral,Cadastro Único
Feminino,46,Fundamental Incompleto,Vila Muqui,1,CRAS Barra,CRAS Barra,Público Geral,Cadastro Único
Feminino,64,Fundamental Incompleto,Barra do Imbuí,1,CRAS Barra,CRAS Barra,Público Geral,Cadastro Único
Feminino,22,Fundamental Incompleto,Barra do Imbuí,1,CRAS Barra,CRAS Barra,Público Geral,Cadastro Único
Feminino,29,Médio Incompleto,Caleme,1,CRAS Barra,CRAS Barra,Público Geral,Cadastro Único
Feminino,53,Fundamental Incompleto,Barra do Imbuí,1,CRAS Barra,CRAS Barra,Público Geral,Cadastro Único
Feminino,48,Superior Completo,Posse,1,CRAS Barra,CRAS Barra,Público Geral,Cadastro Único
Feminino,48,Fundamental Incompleto,Granja Florestal,1,CRAS Barra,CRAS Barra,Público Geral,Cadastro Único
Feminino,43,Médio Incompleto,Barra do Imbuí,1,CRAS Barra,CRAS Barra,Público Geral,Cadastro Único
Masculino,32,Médio Completo,Salaco,1,CRAS Barra,CRAS Barra,Público Geral,Cadastro Único
Feminino,63,Médio Completo,Barra do Imbuí,1,CRAS Barra,CRAS Barra,Público Geral,Cadastro Único
Feminino,48,Fundamental Incompleto,Barra do Imbuí,1,CRAS Barra,CRAS Barra,Público Geral,Cadastro Único
Feminino,41,Superior Completo,Pimenteiras,1,CRAS Barra,CRAS Barra,Público Geral,Cadastro Único
Feminino,57,Médio Completo,Jardim Feo,1,CRAS Barra,CRAS Barra,Público Geral,Cadastro Único
Masculino,62,Fundamental Incompleto,Granja Florestal,1,CRAS Barra,CRAS Barra,Público Geral,Cadastro Único
Feminino,56,Fundamental Incompleto,Paineiras,1,CRAS Barra,CRAS Barra,Público Geral,Cadastro Único
Feminino,32,Médio Completo,Pimenteiras,1,CRAS Barra,CRAS Barra,Público Geral,Cadastro Único
Feminino,81,Não Escolarizado,Pimenteiras,1,CRAS Barra,CRAS Barra,Público Geral,Assistente Social
Masculino,77,Não Escolarizado,Caleme,1,CRAS Barra,CRAS Barra,Público Geral,Assistente Social
Feminino,52,Médio Incompleto,Jardim Feo,1,CRAS Barra,CRAS Barra,Público Geral,Assistente Social
Feminino,48,Médio Completo,Salaco,1,CRAS Barra,CRAS Barra,Público Geral,Assistente Social
Masculino,65,Fundamental Incompleto,Paineiras,1,CRAS Barra,CRAS Barra,Público Geral,Assistente Social
Feminino,30,Fundamental Incompleto,Paineiras,1,CRAS Barra,CRAS Barra,Público Geral,Assistente Social
Feminino,21,Médio Completo,Paineiras,1,CRAS Barra,CRAS Barra,Público Geral,Assistente Social
Feminino,25,Fundamental Completo,Pimenteiras,1,CRAS Barra,CRAS Barra,Público Geral,Assistente Social
Masculino,66,Fundamental Incompleto,Parque do Imbuí,1,CRAS Barra,CRAS Barra,Público Geral,Assistente Social
Feminino,61,Médio Incompleto,Granja Florestal,1,CRAS Barra,CRAS Barra,Público Geral,Assistente Social
Feminino,49,Fundamental Incompleto,Granja Florestal,1,CRAS Barra,CRAS Barra,Público Geral,Assistente Social
Masculino,28,Médio Completo,Granja Florestal,1,CRAS Barra,CRAS Barra,Público Geral,Assistente Social
Feminino,52,Fundamental Incompleto,Barra do Imbuí,1,CRAS Barra,CRAS Barra,Público Geral,Assistente Social
Masculino,77,Não Escolarizado,Caleme,1,CRAS Barra,CRAS Barra,Público Geral,Cadastro Único
Masculino,67,Não Escolarizado,Parque do Imbuí,1,CRAS Barra,CRAS Barra,Público Geral,Cadastro Único
Feminino,67,Médio Completo,Vila Muqui,1,CRAS Barra,CRAS Barra,Público Geral,Cadastro Único
Feminino,36,Médio Incompleto,Salaco,1,CRAS Barra,CRAS Barra,Público Geral,Cadastro Único
Feminino,71,Fundamental Incompleto,Granja Florestal,1,CRAS Barra,CRAS Barra,Público Geral,Cadastro Único
Feminino,37,Médio Incompleto,Barra do Imbuí,1,CRAS Barra,CRAS Barra,Público Geral,Cadastro Único
Feminino,67,Médio Completo,Caleme,1,CRAS Barra,CRAS Barra,Público Geral,Cadastro Único
Feminino,54,Não Escolarizado,Parque do Imbuí,1,CRAS Barra,CRAS Barra,Público Geral,Cadastro Único
Feminino,24,Médio Completo,Barra do Imbuí,1,CRAS Barra,CRAS Barra,Público Geral,Cadastro Único
Masculino,47,Fundamental Incompleto,Vila Muqui,1,CRAS Barra,CRAS Barra,Público Geral,Cadastro Único
Feminino,32,Médio Completo,Caleme,1,CRAS Barra,CRAS Barra,Público Geral,Cadastro Único
Feminino,62,Fundamental Completo,Paineiras,1,CRAS Barra,CRAS Barra,Público Geral,Cadastro Único
Feminino,61,Fundamental Incompleto,Jardim Feo,1,CRAS Barra,CRAS Barra,Público Geral,Cadastro Único
Feminino,21,Médio Completo,Paineiras,1,CRAS Barra,CRAS Barra,Público Geral,Cadastro Único
Feminino,28,Médio Completo,Albuquerque,1,CRAS Barra,CRAS Barra,Público Geral,Cadastro Único
Feminino,43,Médio Completo,Caleme,1,CRAS Barra,CRAS Barra,Público Geral,Cadastro Único
Feminino,59,Fundamental Completo,Granja Florestal,1,CRAS Barra,CRAS Barra,Público Geral,Cadastro Único
Feminino,52,Médio Completo,Barra do Imbuí,1,CRAS Barra,CRAS Barra,Público Geral,Cadastro Único
Feminino,42,Médio Completo,Pimenteiras,1,CRAS Barra,CRAS Barra,Público Geral,Cadastro Único
Feminino,40,Médio Completo,Salaco,1,CRAS Barra,CRAS Barra,Público Geral,Cadastro Único
Feminino,52,Médio Incompleto,Jardim Feo,1,CRAS Barra,CRAS Barra,Público Geral,Cadastro Único
Feminino,61,Fundamental Incompleto,Pimenteiras,1,CRAS Barra,CRAS Barra,Público Geral,Cadastro Único
Feminino,58,Fundamental Incompleto,Paineiras,1,CRAS Barra,CRAS Barra,Público Geral,Cadastro Único
Feminino,50,Médio Incompleto,Jardim Feo,1,CRAS Barra,CRAS Barra,Público Geral,Cadastro Único
Feminino,72,Fundamental Incompleto,Caleme,1,CRAS Barra,CRAS Barra,Público Geral,Cadastro Único
Feminino,91,Fundamental Incompleto,Caleme,1,CRAS Barra,CRAS Barra,Público Geral,Cadastro Único
Feminino,58,Médio Incompleto,Paineiras,1,CRAS Barra,CRAS Barra,Público Geral,Cadastro Único
Masculino,32,Fundamental Incompleto,Paineiras,1,CRAS Barra,CRAS Barra,Público Geral,Cadastro Único
Feminino,43,Fundamental Incompleto,Barra do Imbuí,1,CRAS Barra,CRAS Barra,Público Geral,Cadastro Único
Feminino,33,Médio Incompleto,Quebra Frascos,1,CRAS Barra,CRAS Barra,Público Geral,Cadastro Único
Feminino,68,Médio Completo,Jardim Feo,1,CRAS Barra,CRAS Barra,Público Geral,Cadastro Único
Feminino,23,Médio Completo,Salaco,1,CRAS Barra,CRAS Barra,Público Geral,Cadastro Único
Masculino,46,Médio Completo,Cascata do Imbuí ,1,CRAS Barra,CRAS Barra,Público Geral,Cadastro Único
Feminino,40,Médio Completo,Caleme,1,CRAS Barra,CRAS Barra,Público Geral,Cadastro Único
Masculino,20,Médio Completo,Paineiras,1,CRAS Barra,CRAS Barra,Público Geral,Cadastro Único
Feminino,44,Médio Completo,Barra do Imbuí,1,CRAS Barra,CRAS Barra,Público Geral,Cadastro Único
Feminino,20,Médio Completo,Barra do Imbuí,1,CRAS Barra,CRAS Barra,Público Geral,Cadastro Único
Feminino,28,Médio Incompleto,Caleme,1,CRAS Barra,CRAS Barra,Público Geral,Cadastro Único
Feminino,29,Médio Completo,Pimenteiras,1,CRAS Barra,CRAS Barra,Público Geral,Cadastro Único
Feminino,19,Médio Completo,Pimenteiras,1,CRAS Barra,CRAS Barra,Público Geral,Cadastro Único
Masculino,43,Superior Completo,Pimenteiras,1,CRAS Barra,CRAS Barra,Público Geral,Cadastro Único
Feminino,65,Médio Completo,Barra do Imbuí,1,CRAS Barra,CRAS Barra,Público Geral,Cadastro Único
Feminino,69,Médio Completo,Paineiras,1,CRAS Barra,CRAS Barra,Público Geral,Cadastro Único
Feminino,53,Fundamental Incompleto,Barra do Imbuí,1,CRAS Barra,CRAS Barra,Público Geral,Cadastro Único
Masculino,64,Não Escolarizado,Salaco,1,CRAS Barra,CRAS Barra,Público Geral,Cadastro Único
Masculino,68,Fundamental Incompleto,Barra do Imbuí,1,CRAS Barra,CRAS Barra,Público Geral,Cadastro Único
Feminino,28,Médio Incompleto,Granja Florestal,1,CRAS Barra,CRAS Barra,Público Geral,Cadastro Único
Feminino,29,Médio Completo,Jardim Feo,1,CRAS Barra,CRAS Barra,Público Geral,Cadastro Único
Feminino,51,Superior Completo,Cascata do Imbuí ,1,CRAS Barra,CRAS Barra,Público Geral,Cadastro Único
Feminino,59,Médio Completo,Barra do Imbuí,1,CRAS Barra,CRAS Barra,Público Geral,Cadastro Único
Feminino,43,Fundamental Incompleto,Barra do Imbuí,1,CRAS Barra,CRAS Barra,Público Geral,Assistente Social
Feminino,72,Fundamental Incompleto,Caleme,1,CRAS Barra,CRAS Barra,Público Geral,Assistente Social
Feminino,51,Fundamental Incompleto,Paineiras,1,CRAS Barra,CRAS Barra,Público Geral,Assistente Social
Feminino,45,Médio Incompleto,Caleme,1,CRAS Barra,CRAS Barra,Público Geral,Assistente Social
Masculino,42,Fundamental Incompleto,Parque do Imbuí,1,CRAS Barra,CRAS Barra,Público Geral,Assistente Social
Feminino,59,Médio Completo,Barra do Imbuí,1,CRAS Barra,CRAS Barra,Público Geral,Assistente Social
Feminino,76,Não Escolarizado,Caleme,1,CRAS Barra,CRAS Barra,Público Geral,Assistente Social
Feminino,29,Médio Completo,Pimenteiras,1,CRAS Barra,CRAS Barra,Público Geral,Assistente Social
Feminino,78,Não Escolarizado,Paineiras,1,CRAS Barra,CRAS Barra,Público Geral,Assistente Social
Feminino,32,Médio Completo,Pimenteiras,1,CRAS Barra,CRAS Barra,Público Geral,Assistente Social
Feminino,19,Médio Completo,Barra do Imbuí,1,CRAS Barra,CRAS Barra,Público Geral,Assistente Social
Masculino,40,Fundamental Incompleto,Paineiras,1,CRAS Barra,CRAS Barra,Público Geral,Assistente Social
Feminino,69,Médio Completo,Paineiras,1,CRAS Barra,CRAS Barra,Público Geral,Assistente Social
Feminino,53,Fundamental Incompleto,Barra do Imbuí,1,CRAS Barra,CRAS Barra,Público Geral,Assistente Social
Feminino,51,Fundamental Incompleto,Paineiras,1,CRAS Barra,CRAS Barra,Público Geral,Assistente Social
Feminino,51,Superior Completo,Cascata do Imbuí ,1,CRAS Barra,CRAS Barra,Público Geral,Assistente Social
Feminino,53,Fundamental Incompleto,Espanhol,1,CRAS Barra,CRAS Barra,Público Geral,Assistente Social
Feminino,26,Fundamental Incompleto,Jardim Feo,1,CRAS Barra,CRAS Barra,Público Geral,Assistente Social
Feminino,50,Fundamental Incompleto,Jardim Feo,1,CRAS Barra,CRAS Barra,Público Geral,Assistente Social
Feminino,61,Médio Incompleto,Vila Muqui,1,CRAS Barra,CRAS Barra,Público Geral,Assistente Social
Feminino,50,Fundamental Incompleto,Jardim Feo,1,CRAS Barra,CRAS Barra,Público Geral,Assistente Social
Feminino,32,Médio Completo,Paineiras,1,CRAS Barra,CRAS Barra,Público Geral,Assistente Social
Feminino,29,Médio Completo,Paineiras,1,CRAS Barra,CRAS Barra,Público Geral,Assistente Social
Feminino,18,Médio Completo,Caleme,1,CRAS Barra,CRAS Barra,Público Geral,Assistente Social
Feminino,15,Fundamental Incompleto,Caleme,1,CRAS Barra,CRAS Barra,Público Geral,Assistente Social
Masculino,55,Fundamental Incompleto,Vila Muqui,1,CRAS Barra,CRAS Barra,Público Geral,Assistente Social
Feminino,42,Médio Incompleto,Pimenteiras,1,CRAS Barra,CRAS Barra,Público Geral,Assistente Social
Feminino,18,Médio Incompleto,Pimenteiras,1,CRAS Barra,CRAS Barra,Público Geral,Assistente Social
Feminino,52,Médio Completo,Barra do Imbuí,1,CRAS Barra,CRAS Barra,Público Geral,Assistente Social
Masculino,74,Fundamental Incompleto,Parque do Imbuí,1,CRAS Barra,CRAS Barra,Público Geral,Assistente Social
Feminino,20,Médio Completo,Barra do Imbuí,1,CRAS Barra,CRAS Barra,Público Geral,Assistente Social
Feminino,44,Médio Completo,Barra do Imbuí,1,CRAS Barra,CRAS Barra,Público Geral,Assistente Social
Masculino,28,Médio Completo,Granja Florestal,1,CRAS Barra,CRAS Barra,Público Geral,Assistente Social
Feminino,18,Médio Completo,Granja Florestal,1,CRAS Barra,CRAS Barra,Público Geral,Assistente Social
Masculino,62,Fundamental Incompleto,Vila Muqui,1,CRAS Barra,CRAS Barra,Público Geral,Assistente Social
Feminino,31,Médio Completo,Paineiras,1,CRAS Barra,CRAS Barra,Público Geral,Assistente Social
Feminino,55,Médio Completo,Barra do Imbuí,1,CRAS Barra,CRAS Barra,Público Geral,Assistente Social
Masculino,60,Fundamental Incompleto,Pimenteiras,1,CRAS Barra,CRAS Barra,Público Geral,Assistente Social
Feminino,48,Fundamental Incompleto,Caleme,1,CRAS Barra,CRAS Barra,Público Geral,Cadastro Único
Feminino,53,Fundamental Incompleto,Espanhol,1,CRAS Barra,CRAS Barra,Público Geral,Cadastro Único
Feminino,29,Médio Completo,Paineiras,1,CRAS Barra,CRAS Barra,Público Geral,Cadastro Único
Feminino,32,Médio Completo,Paineiras,1,CRAS Barra,CRAS Barra,Público Geral,Cadastro Único
Feminino,26,Fundamental Incompleto,Jardim Feo,1,CRAS Barra,CRAS Barra,Público Geral,Cadastro Único
Masculino,54,Fundamental Incompleto,Paineiras,1,CRAS Barra,CRAS Barra,Público Geral,Cadastro Único
Masculino,37,Médio Incompleto,Pimenteiras,1,CRAS Barra,CRAS Barra,Público Geral,Cadastro Único
Feminino,18,Médio Completo,Caleme,1,CRAS Barra,CRAS Barra,Público Geral,Cadastro Único
Feminino,39,Fundamental Completo,Vila Muqui,1,CRAS Barra,CRAS Barra,Público Geral,Cadastro Único
Feminino,63,Superior Completo,Barra do Imbuí,1,CRAS Barra,CRAS Barra,Público Geral,Cadastro Único
Feminino,39,Fundamental Incompleto,Paineiras,1,CRAS Barra,CRAS Barra,Público Geral,Cadastro Único
Feminino,18,Médio Incompleto,Pimenteiras,1,CRAS Barra,CRAS Barra,Público Geral,Cadastro Único
Masculino,74,Fundamental Incompleto,Parque do Imbuí,1,CRAS Barra,CRAS Barra,Público Geral,Cadastro Único
Feminino,38,Médio Incompleto,Barra do Imbuí,1,CRAS Barra,CRAS Barra,Público Geral,Cadastro Único
Feminino,45,Fundamental Incompleto,Barra do Imbuí,1,CRAS Barra,CRAS Barra,Público Geral,Cadastro Único
Masculino,68,Fundamental Incompleto,Granja Florestal,1,CRAS Barra,CRAS Barra,Público Geral,Cadastro Único
Masculino,72,Médio Completo,Vila Muqui,1,CRAS Barra,CRAS Barra,Público Geral,Cadastro Único
Masculino,62,Fundamental Incompleto,Vila Muqui,1,CRAS Barra,CRAS Barra,Público Geral,Cadastro Único
Masculino,28,Médio Completo,Granja Florestal,1,CRAS Barra,CRAS Barra,Público Geral,Cadastro Único
Feminino,46,Médio Completo,Caleme,1,CRAS Barra,CRAS Barra,Público Geral,Cadastro Único
Feminino,31,Fundamental Incompleto,Vila Muqui,1,CRAS Barra,CRAS Barra,Público Geral,Cadastro Único
Feminino,60,Fundamental Incompleto,Granja Florestal,1,CRAS Barra,CRAS Barra,Público Geral,Assistente Social
Feminino,63,Fundamental Completo,Granja Florestal,1,CRAS Barra,CRAS Barra,Público Geral,Assistente Social
Feminino,45,Fundamental Incompleto,Quebra Frascos,1,CRAS Barra,CRAS Barra,Público Geral,Assistente Social
Masculino,50,Médio Completo,Caleme ,1,CRAS Barra,CRAS Barra,Público Geral,Assistente Social
Feminino,27,Fundamental Completo,Espanhol,1,CRAS Barra,CRAS Barra,Público Geral,Assistente Social
Masculino,60,Fundamental Incompleto,Cascata do Imbuí ,1,CRAS Barra,CRAS Barra,Público Geral,Assistente Social
Feminino,47,Fundamental Incompleto,Morro dos Pinheiros,1,CRAS Barra,CRAS Barra,Público Geral,Assistente Social
Feminino,29,Fundamental Incompleto,Posse ,1,CRAS Barra,CRAS Barra,Público Geral,Assistente Social
Feminino,22,Superior Completo,Pimenteiras,1,CRAS Barra,CRAS Barra,Público Geral,Assistente Social
Masculino,20,Médio Incompleto,Pimenteiras,1,CRAS Barra,CRAS Barra,Público Geral,Assistente Social
Feminino,63,Médio Incompleto,Pimenteiras,1,CRAS Barra,CRAS Barra,Público Geral,Assistente Social
Feminino,25,Médio Completo,Barra do Imbuí,1,CRAS Barra,CRAS Barra,Público Geral,Assistente Social
Masculino,83,Fundamental Incompleto,Barra do Imbuí,1,CRAS Barra,CRAS Barra,Público Geral,Assistente Social
Feminino,52,Médio Incompleto,Posse ,1,CRAS Barra,CRAS Barra,Público Geral,Assistente Social
Feminino,18,Médio Incompleto,Pimenteiras,1,CRAS Barra,CRAS Barra,Público Geral,Assistente Social
Feminino,58,Fundamental Incompleto,Caleme,1,CRAS Barra,CRAS Barra,Público Geral,Cadastro Único
Masculino,47,Fundamental Incompleto,Caleme,1,CRAS Barra,CRAS Barra,Público Geral,Cadastro Único
Feminino,60,Fundamental Completo,Granja Florestal,1,CRAS Barra,CRAS Barra,Público Geral,Cadastro Único
Feminino,63,Fundamental Incompleto,Quebra Frascos,1,CRAS Barra,CRAS Barra,Público Geral,Cadastro Único
Feminino,50,Fundamental Incompleto,Paineiras,1,CRAS Barra,CRAS Barra,Público Geral,Cadastro Único
Masculino,73,Fundamental Incompleto,Paineiras,1,CRAS Barra,CRAS Barra,Público Geral,Cadastro Único
Feminino,27,Fundamental Incompleto,Cascata do Imbuí ,1,CRAS Barra,CRAS Barra,Público Geral,Cadastro Único
Feminino,47,Médio Completo,Barra do Imbuí,1,CRAS Barra,CRAS Barra,Público Geral,Cadastro Único
Masculino,49,Superior Completo,Caleme,1,CRAS Barra,CRAS Barra,Público Geral,Cadastro Único
Feminino,64,Médio Completo,Vila Muqui,1,CRAS Barra,CRAS Barra,Público Geral,Cadastro Único
Feminino,84,Não Escolarizado,Caleme,1,CRAS Barra,CRAS Barra,Público Geral,Cadastro Único
Feminino,22,Médio Completo,Pimenteiras,1,CRAS Barra,CRAS Barra,Público Geral,Cadastro Único
Feminino,18,Médio Incompleto,Pimenteiras,1,CRAS Barra,CRAS Barra,Público Geral,Cadastro Único
Masculino,20,Médio Incompleto,Pimenteiras,1,CRAS Barra,CRAS Barra,Público Geral,Cadastro Único
Masculino,62,Fundamental Incompleto,Vila Muqui,1,CRAS Barra,CRAS Barra,Público Geral,Cadastro Único
Feminino,33,Médio Completo,Caleme,1,CRAS Barra,CRAS Barra,Público Geral,Cadastro Único
Feminino,35,Médio Completo,Pimenteiras,1,CRAS Barra,CRAS Barra,Público Geral,Cadastro Único
Feminino,70,Médio Completo,Barra do Imbuí,1,CRAS Barra,CRAS Barra,Público Geral,Cadastro Único
Feminino,72,Superior Completo,Paineiras,1,CRAS Barra,CRAS Barra,Público Geral,Cadastro Único
Feminino,53,Não Escolarizado,Caleme,1,CRAS Barra,CRAS Barra,Público Geral,Cadastro Único
Feminino,28,Superior Incompleto,Pimenteiras,1,CRAS Barra,CRAS Barra,Público Geral,Cadastro Único
Feminino,39,Fundamental Completo,Paineiras,1,CRAS Barra,CRAS Barra,Público Geral,Cadastro Único
Feminino,37,Fundamental Incompleto,Barra do Imbuí,1,CRAS Barra,CRAS Barra,Público Geral,Cadastro Único
Feminino,36,Médio Completo,Caleme ,1,CRAS Barra,CRAS Barra,Público Geral,Cadastro Único
Masculino,75,Fundamental Completo,Salaco,1,CRAS Barra,CRAS Barra,Público Geral,Cadastro Único
Masculino,76,Superior Completo,Barra do Imbuí,1,CRAS Barra,CRAS Barra,Público Geral,Cadastro Único
Feminino,20,Médio Completo,Barra do Imbuí,1,CRAS Barra,CRAS Barra,Público Geral,Cadastro Único
Masculino,48,Fundamental Incompleto,Vila Muqui,1,CRAS Barra,CRAS Barra,Público Geral,Cadastro Único
Feminino,29,Médio Completo,Paineiras,1,CRAS Barra,CRAS Barra,Público Geral,Cadastro Único
Feminino,52,Superior Completo,Pimenteiras,1,CRAS Barra,CRAS Barra,Público Geral,Cadastro Único
Feminino,27,Médio Completo,Barra do Imbuí,1,CRAS Barra,CRAS Barra,Público Geral,Cadastro Único
Feminino,22,Médio Completo,Vila Muqui,1,CRAS Barra,CRAS Barra,Público Geral,Cadastro Único
Feminino,37,Fundamental Incompleto,Paineiras,1,CRAS Barra,CRAS Barra,Público Geral,Cadastro Único
Feminino,49,Fundamental Incompleto,Barra do Imbuí,1,CRAS Barra,CRAS Barra,Público Geral,Cadastro Único
Feminino,24,Médio Incompleto,Paineiras,1,CRAS Barra,CRAS Barra,Público Geral,Cadastro Único
Feminino,37,Médio Incompleto,Pimenteiras,1,CRAS Barra,CRAS Barra,Público Geral,Cadastro Único
Feminino,37,Médio Completo,Salaco,1,CRAS Barra,CRAS Barra,Público Geral,Cadastro Único
Masculino,46,Médio Completo,Pimenteiras,1,CRAS Barra,CRAS Barra,Público Geral,Cadastro Único
Feminino,34,Fundamental Completo,Vila Muqui,1,CRAS Barra,CRAS Barra,Público Geral,Cadastro Único
Feminino,52,Médio Incompleto,Posse ,1,CRAS Barra,CRAS Barra,Público Geral,Cadastro Único
Masculino,68,Fundamental Incompleto,Barra do Imbuí,1,CRAS Barra,CRAS Barra,Público Geral,Cadastro Único
Feminino,44,Fundamental Incompleto,Caleme ,1,CRAS Barra,CRAS Barra,Público Geral,Cadastro Único
Feminino,34,Fundamental Completo,Salaco,1,CRAS Barra,CRAS Barra,Público Geral,Cadastro Único
Masculino,36,Médio Incompleto,Granja Florestal,1,CRAS Barra,CRAS Barra,Público Geral,Assistente Social
Feminino,37,Superior Incompleto,Barra do Imbuí,1,CRAS Barra,CRAS Barra,Público Geral,Assistente Social
Masculino,68,Fundamental Incompleto,Barra do Imbuí,1,CRAS Barra,CRAS Barra,Público Geral,Assistente Social
Feminino,55,Fundamental Incompleto,Golf,1,CRAS Barra,CRAS Barra,Público Geral,Assistente Social
Feminino,34,Fundamental Completo,Salaco,1,CRAS Barra,CRAS Barra,Público Geral,Assistente Social
Feminino,19,Médio Completo,Barra do Imbuí,1,CRAS Barra,CRAS Barra,Público Geral,Assistente Social
Masculino,50,Superior Completo,Espanhol,1,CRAS Barra,CRAS Barra,Público Geral,Cadastro Único
Masculino,47,Médio Completo,Jardim Feo,1,CRAS Barra,CRAS Barra,Público Geral,Cadastro Único
Masculino,55,Médio Incompleto,Granja Florestal,1,CRAS Barra,CRAS Barra,Público Geral,Cadastro Único
Masculino,47,Fundamental Incompleto,Golf,1,CRAS Barra,CRAS Barra,Público Geral,Cadastro Único
Feminino,30,Fundamental Incompleto,Barra do Imbuí,1,CRAS Barra,CRAS Barra,Público Geral,Assistente Social
Feminino,24,Fundamental Completo,Jardim Feo,1,CRAS Barra,CRAS Barra,Público Geral,Assistente Social
Feminino,29,Médio Completo,Paineiras,1,CRAS Barra,CRAS Barra,Público Geral,Assistente Social
Feminino,20,Médio Completo,Barra do Imbuí,1,CRAS Barra,CRAS Barra,Público Geral,Assistente Social
Feminino,48,Médio Incompleto,Salaco,1,CRAS Barra,CRAS Barra,Público Geral,Assistente Social
Feminino,46,Médio Completo,Barra do Imbuí,1,CRAS Barra,CRAS Barra,Público Geral,Assistente Social
Feminino,35,Fundamental Incompleto,Barra do Imbuí,1,CRAS Barra,CRAS Barra,Público Geral,Assistente Social
Feminino,37,Médio Incompleto,Paineiras,1,CRAS Barra,CRAS Barra,Público Geral,Assistente Social
Feminino,30,Fundamental Completo,Barra do Imbuí,1,CRAS Barra,CRAS Barra,Público Geral,Assistente Social
Feminino,22,Médio Completo,Vila Muqui,1,CRAS Barra,CRAS Barra,Público Geral,Assistente Social
Feminino,22,Médio Completo,Jardim Feo,1,CRAS Barra,CRAS Barra,Público Geral,Assistente Social
Feminino,23,Médio Completo,Salaco,1,CRAS Barra,CRAS Barra,Público Geral,Assistente Social
Feminino,49,Fundamental Incompleto,Barra do Imbuí,1,CRAS Barra,CRAS Barra,Público Geral,Assistente Social
Feminino,19,Médio Completo,Barra do Imbuí,1,CRAS Barra,CRAS Barra,Público Geral,Assistente Social
Feminino,70,Fundamental Incompleto,Pimenteiras,1,CRAS Barra,CRAS Barra,Público Geral,Assistente Social
Feminino,28,Médio Incompleto,Paineiras,1,CRAS Barra,CRAS Barra,Público Geral,Assistente Social
Feminino,46,Médio Completo,Caleme,1,CRAS Barra,CRAS Barra,Público Geral,Assistente Social
Feminino,42,Médio Completo,Caleme ,1,CRAS Barra,CRAS Barra,Público Geral,Assistente Social
Masculino,27,Não Escolarizado,Barra do Imbuí,1,CRAS Barra,CRAS Barra,Público Geral,Assistente Social
Masculino,47,Médio Incompleto,Barra do Imbuí,1,CRAS Barra,CRAS Barra,Público Geral,Cadastro Único
Feminino,35,Médio Completo,Paineiras,1,CRAS Barra,CRAS Barra,Público Geral,Cadastro Único
Feminino,50,Fundamental Incompleto,Paineiras,1,CRAS Barra,CRAS Barra,Público Geral,Cadastro Único
Masculino,41,Fundamental Completo,Espanhol,1,CRAS Barra,CRAS Barra,Público Geral,Cadastro Único
Feminino,28,Médio Incompleto,Paineiras,1,CRAS Barra,CRAS Barra,Público Geral,Cadastro Único
Masculino,43,Fundamental Completo,Barra do Imbuí,1,CRAS Barra,CRAS Barra,Público Geral,Cadastro Único
Feminino,60,Não Escolarizado,Pimenteiras,1,CRAS Barra,CRAS Barra,Público Geral,Cadastro Único
Feminino,35,Fundamental Incompleto,Pimenteiras,1,CRAS Barra,CRAS Barra,Público Geral,Cadastro Único
Masculino,72,Médio Incompleto,Granja Florestal,1,CRAS Barra,CRAS Barra,Público Geral,Cadastro Único
Feminino,69,Fundamental Incompleto,Caleme,1,CRAS Barra,CRAS Barra,Público Geral,Cadastro Único
Feminino,76,Fundamental Incompleto,Caleme,1,CRAS Barra,CRAS Barra,Público Geral,Cadastro Único
Feminino,24,Médio Incompleto,Jardim Feo,1,CRAS Barra,CRAS Barra,Público Geral,Cadastro Único
Feminino,36,Médio Incompleto,Caleme,1,CRAS Barra,CRAS Barra,Público Geral,Cadastro Único
Feminino,51,Fundamental Incompleto,Barra do Imbuí,1,CRAS Barra,CRAS Barra,Público Geral,Cadastro Único
Feminino,51,Fundamental Incompleto,Barra do Imbuí,1,CRAS Barra,CRAS Barra,Público Geral,Assistente Social
Feminino,29,Médio Completo,Jardim Feo,1,CRAS Barra,CRAS Barra,Público Geral,Cadastro Único
Masculino,38,Médio Completo,Jardim Feo,1,CRAS Barra,CRAS Barra,Público Geral,Cadastro Único
Feminino,21,Médio Completo,Barra do Imbuí,1,CRAS Barra,CRAS Barra,Público Geral,Cadastro Único
Feminino,48,Superior Completo,Barra do Imbuí,1,CRAS Barra,CRAS Barra,Público Geral,Cadastro Único
Feminino,69,Fundamental Incompleto,Paineiras,1,CRAS Barra,CRAS Barra,Público Geral,Cadastro Único
Feminino,42,Superior Completo,Barra do Imbuí,1,CRAS Barra,CRAS Barra,Público Geral,Cadastro Único
Feminino,38,Médio Completo,Jardim Feo,1,CRAS Barra,CRAS Barra,Público Geral,Cadastro Único
Feminino,42,Médio Incompleto,Barra do Imbuí,1,CRAS Barra,CRAS Barra,Público Geral,Cadastro Único
Masculino,19,Médio Incompleto,Paineiras,1,CRAS Barra,CRAS Barra,Público Geral,Cadastro Único
Feminino,39,Médio Completo,Paineiras,1,CRAS Barra,CRAS Barra,Público Geral,Cadastro Único
Feminino,35,Médio Completo,Pimenteiras,1,CRAS Barra,CRAS Barra,Público Geral,Cadastro Único
Feminino,66,Fundamental Incompleto,Três Córregos,1,CRAS Barra,CRAS Barra,Público Geral,Cadastro Único
Feminino,56,Fundamental Incompleto,Caleme,1,CRAS Barra,CRAS Barra,Público Geral,Cadastro Único
Feminino,58,Fundamental Incompleto,Paineiras,1,CRAS Barra,CRAS Barra,Público Geral,Cadastro Único
Feminino,49,Médio Completo,Pimenteiras,1,CRAS Barra,CRAS Barra,Público Geral,Cadastro Único
Feminino,33,Médio Incompleto,Paineiras,1,CRAS Barra,CRAS Barra,Público Geral,Cadastro Único
Feminino,58,Fundamental Incompleto,Barra do Imbuí,1,CRAS Barra,CRAS Barra,Público Geral,Cadastro Único
Feminino,69,Fundamental Incompleto,Paineiras,1,CRAS Barra,CRAS Barra,Público Geral,Cadastro Único
Masculino,71,Fundamental Incompleto,Barra do Imbuí,1,CRAS Barra,CRAS Barra,Público Geral,Cadastro Único
Feminino,22,Fundamental Incompleto,Pimenteiras,1,CRAS Barra,CRAS Barra,Público Geral,Cadastro Único
Feminino,58,Fundamental Incompleto,Vila Muqui,1,CRAS Barra,CRAS Barra,Público Geral,Cadastro Único
Feminino,40,Médio Incompleto,Jardim Feo,1,CRAS Barra,CRAS Barra,Público Geral,Cadastro Único
Feminino,30,Médio Completo,Barra do Imbuí,1,CRAS Barra,CRAS Barra,Público Geral,Cadastro Único
Feminino,25,Médio Completo,Barra do Imbuí,1,CRAS Barra,CRAS Barra,Público Geral,Cadastro Único
Feminino,51,Fundamental Incompleto,Barra do Imbuí,1,CRAS Barra,CRAS Barra,Público Geral,Cadastro Único
Feminino,33,Fundamental Incompleto,Barra do Imbuí,1,CRAS Barra,CRAS Barra,Público Geral,Cadastro Único
Masculino,48,Médio Completo,Jardim Feo,1,CRAS Barra,CRAS Barra,Público Geral,Cadastro Único
Feminino,38,Médio Completo,Barra do Imbuí,1,CRAS Barra,CRAS Barra,Público Geral,Cadastro Único
Masculino,39,Médio Incompleto,Granja Florestal,1,CRAS Barra,CRAS Barra,Público Geral,Cadastro Único
Masculino,65,Fundamental Incompleto,Caleme,1,CRAS Barra,CRAS Barra,Público Geral,Cadastro Único
Feminino,42,Superior Completo,Barra do Imbuí,1,CRAS Barra,CRAS Barra,Público Geral,Cadastro Único
Feminino,57,Não Escolarizado,Barra do Imbuí,1,CRAS Barra,CRAS Barra,Público Geral,Cadastro Único
Feminino,40,Superior Completo,Caleme,1,CRAS Barra,CRAS Barra,Público Geral,Cadastro Único
Feminino,34,Médio Completo,Pimenteiras,1,CRAS Barra,CRAS Barra,Público Geral,Cadastro Único
Feminino,45,Médio Incompleto,Barra do Imbuí,1,CRAS Barra,CRAS Barra,Público Geral,Cadastro Único
Masculino,74,Fundamental Incompleto,Jardim Feo,1,CRAS Barra,CRAS Barra,Público Geral,Cadastro Único
Feminino,39,Fundamental Incompleto,Caleme,1,CRAS Barra,CRAS Barra,Público Geral,Cadastro Único
Feminino,37,Fundamental Incompleto,Barra do Imbuí,1,CRAS Barra,CRAS Barra,Público Geral,Cadastro Único
Feminino,48,Médio Incompleto,Barra do Imbuí,1,CRAS Barra,CRAS Barra,Público Geral,Cadastro Único
Feminino,23,Médio Incompleto,Paineiras,1,CRAS Barra,CRAS Barra,Público Geral,Cadastro Único
Feminino,31,Médio Completo,Caleme,1,CRAS Barra,CRAS Barra,Público Geral,Cadastro Único
Feminino,49,Médio Completo,Caleme,1,CRAS Barra,CRAS Barra,Público Geral,Cadastro Único
Feminino,36,Médio Completo,Caleme,1,CRAS Barra,CRAS Barra,Público Geral,Cadastro Único
Feminino,19,Médio Completo,Pimenteiras,1,CRAS Barra,CRAS Barra,Público Geral,Cadastro Único
Masculino,47,Fundamental Completo,Barra do Imbuí,1,CRAS Barra,CRAS Barra,Público Geral,Cadastro Único
Masculino,47,Fundamental Incompleto,Golf,1,CRAS Barra,CRAS Barra,Público Geral,Cadastro Único
Masculino,22,Médio Completo,Barra do Imbuí,1,CRAS Barra,CRAS Barra,Público Geral,Cadastro Único
Feminino,33,Médio Incompleto,Paineiras,1,CRAS Barra,CRAS Barra,Público Geral,Assistente Social
Feminino,58,Fundamental Incompleto,Barra do Imbuí,1,CRAS Barra,CRAS Barra,Público Geral,Assistente Social
Feminino,36,Médio Completo,Jardim Feo,1,CRAS Barra,CRAS Barra,Público Geral,Assistente Social
Feminino,18,Médio Incompleto,Vila Muqui,1,CRAS Barra,CRAS Barra,Público Geral,Assistente Social
Feminino,22,Fundamental Incompleto,Pimenteiras,1,CRAS Barra,CRAS Barra,Público Geral,Assistente Social
Feminino,40,Médio Incompleto,Jardim Feo,1,CRAS Barra,CRAS Barra,Público Geral,Assistente Social
Feminino,51,Fundamental Incompleto,Barra do Imbuí,1,CRAS Barra,CRAS Barra,Público Geral,Assistente Social
Masculino,48,Médio Completo,Jardim Feo,1,CRAS Barra,CRAS Barra,Público Geral,Assistente Social
Feminino,33,Fundamental Incompleto,Barra do Imbuí,1,CRAS Barra,CRAS Barra,Público Geral,Assistente Social
Feminino,63,Médio Incompleto,Rosário,1,CRAS Barra,CRAS Barra,Público Geral,Assistente Social
Feminino,31,Fundamental Completo,Barra do Imbuí,1,CRAS Barra,CRAS Barra,Público Geral,Assistente Social
Masculino,39,Médio Incompleto,Granja Florestal,1,CRAS Barra,CRAS Barra,Público Geral,Assistente Social
Feminino,21,Médio Completo,Barra do Imbuí,1,CRAS Barra,CRAS Barra,Público Geral,Assistente Social
Feminino,40,Superior Completo,Caleme ,1,CRAS Barra,CRAS Barra,Público Geral,Assistente Social
Masculino,71,Médio Completo,Caleme ,1,CRAS Barra,CRAS Barra,Público Geral,Assistente Social
Feminino,39,Fundamental Incompleto,Caleme ,1,CRAS Barra,CRAS Barra,Público Geral,Assistente Social
Feminino,31,Médio Completo,Caleme ,1,CRAS Barra,CRAS Barra,Público Geral,Assistente Social
Feminino,69,Fundamental Incompleto,Paineiras,1,CRAS Barra,CRAS Barra,Público Geral,Assistente Social
Feminino,32,Fundamental Incompleto,Salaco,1,CRAS Barra,CRAS Barra,Público Geral,Assistente Social
Feminino,44,Médio Completo,Caleme,1,CRAS Barra,CRAS Barra,Público Geral,Assistente Social
Feminino,42,Médio Completo,Caleme,1,CRAS Barra,CRAS Barra,Público Geral,Assistente Social
Masculino,58,Não Escolarizado,Barra do Imbuí,1,CRAS Barra,CRAS Barra,Público Geral,Assistente Social
Feminino,48,Médio Completo,Granja Florestal,1,CRAS Barra,CRAS Barra,Público Geral,Assistente Social
Feminino,38,Fundamental Incompleto,Barra do Imbuí,1,CRAS Barra,CRAS Barra,Público Geral,Assistente Social
Masculino,49,Médio Completo,Pimenteiras,1,CRAS Barra,CRAS Barra,Público Geral,Assistente Social
Feminino,43,Médio Incompleto,Barra do Imbuí,1,CRAS Barra,CRAS Barra,Público Geral,Assistente Social
Feminino,34,Fundamental Completo,Salaco,1,CRAS Barra,CRAS Barra,Público Geral,Assistente Social
Feminino,19,Médio Incompleto,Salaco,1,CRAS Barra,CRAS Barra,Público Geral,Assistente Social
Feminino,36,Médio Completo,Pimenteiras,1,CRAS Barra,CRAS Barra,Público Geral,Assistente Social
Masculino,74,Não Escolarizado,Barra do Imbuí,1,CRAS Barra,CRAS Barra,Público Geral,Cadastro Único
Feminino,83,Não Escolarizado,Barra do Imbuí,1,CRAS Barra,CRAS Barra,Público Geral,Cadastro Único
Feminino,78,Não Escolarizado,Barra do Imbuí,1,CRAS Barra,CRAS Barra,Público Geral,Cadastro Único
Masculino,65,Não Escolarizado,Barra do Imbuí,1,CRAS Barra,CRAS Barra,Público Geral,Cadastro Único
Masculino,79,Não Escolarizado,Barra do Imbuí,1,CRAS Barra,CRAS Barra,Público Geral,Cadastro Único
Masculino,71,Não Escolarizado,Barra do Imbuí,1,CRAS Barra,CRAS Barra,Público Geral,Cadastro Único
Feminino,91,Não Escolarizado,Barra do Imbuí,1,CRAS Barra,CRAS Barra,Público Geral,Cadastro Único
Masculino,74,Não Escolarizado,Barra do Imbuí,1,CRAS Barra,CRAS Barra,Público Geral,Cadastro Único
Masculino,80,Não Escolarizado,Barra do Imbuí,1,CRAS Barra,CRAS Barra,Público Geral,Cadastro Único
Feminino,36,Fundamental Incompleto,Vila Muqui,1,CRAS Barra,CRAS Barra,Público Geral,Cadastro Único
Feminino,61,Fundamental Incompleto,Jardim Feo,1,CRAS Barra,CRAS Barra,Público Geral,Cadastro Único
Feminino,58,Fundamental Incompleto,Vila Muqui,1,CRAS Barra,CRAS Barra,Público Geral,Cadastro Único
Feminino,60,Médio Incompleto,Barra do Imbuí,1,CRAS Barra,CRAS Barra,Público Geral,Cadastro Único
Masculino,52,Fundamental Completo,Quebra Frascos,1,CRAS Barra,CRAS Barra,Público Geral,Cadastro Único
Feminino,82,Fundamental Incompleto,Pimenteiras,1,CRAS Barra,CRAS Barra,Público Geral,Cadastro Único
Masculino,53,Fundamental Incompleto,Vila Muqui,1,CRAS Barra,CRAS Barra,Público Geral,Cadastro Único
Feminino,61,Fundamental Incompleto,Jardim Feo,1,CRAS Barra,CRAS Barra,Público Geral,Assistente Social
Feminino,60,Médio Incompleto,Barra do Imbuí,1,CRAS Barra,CRAS Barra,Público Geral,Assistente Social
Feminino,34,Fundamental Completo,Salaco,1,CRAS Barra,CRAS Barra,Público Geral,Assistente Social
Feminino,19,Médio Completo,Barra do Imbuí,1,CRAS Barra,CRAS Barra,Público Geral,Assistente Social
Feminino,44,Médio Completo,Barra do Imbuí,1,CRAS Barra,CRAS Barra,Público Geral,Assistente Social
Feminino,41,Médio Completo,Jardim Feo,1,CRAS Barra,CRAS Barra,Público Geral,Assistente Social
Masculino,24,Médio Completo,Caleme,1,CRAS Barra,CRAS Barra,Público Geral,Assistente Social
Feminino,40,Fundamental Incompleto,Barra do Imbuí,1,CRAS Barra,CRAS Barra,Público Geral,Assistente Social
Feminino,56,Fundamental Incompleto,Caleme,1,CRAS Barra,CRAS Barra,Público Geral,Cadastro Único
Masculino,33,Fundamental Incompleto,Jardim Feo,1,CRAS Barra,CRAS Barra,Público Geral,Cadastro Único
Feminino,34,Médio Completo,Barra do Imbuí,1,CRAS Barra,CRAS Barra,Público Geral,Cadastro Único
Feminino,42,Médio Completo,Caleme,1,CRAS Barra,CRAS Barra,Público Geral,Cadastro Único
Feminino,24,Médio Completo,Parque do Imbuí,1,CRAS Barra,CRAS Barra,Público Geral,Cadastro Único
Masculino,46,Fundamental Incompleto,Espanhol,1,CRAS Barra,CRAS Barra,Público Geral,Cadastro Único
Feminino,30,Médio Completo,Jardim Feo,1,CRAS Barra,CRAS Barra,Público Geral,Cadastro Único
Feminino,57,Fundamental Incompleto,Espanhol,1,CRAS Barra,CRAS Barra,Público Geral,Cadastro Único
Feminino,46,Médio Completo,Barra do Imbuí,1,CRAS Barra,CRAS Barra,Público Geral,Cadastro Único
Feminino,52,Fundamental Incompleto,Barra do Imbuí,1,CRAS Barra,CRAS Barra,Público Geral,Cadastro Único
Feminino,53,Fundamental Incompleto,Granja Florestal,1,CRAS Barra,CRAS Barra,Público Geral,Cadastro Único
Feminino,55,Fundamental Incompleto,Jardim Feo,1,CRAS Barra,CRAS Barra,Público Geral,Cadastro Único
Feminino,38,Médio Completo,Barra do Imbuí,1,CRAS Barra,CRAS Barra,Público Geral,Cadastro Único
Masculino,55,Não Escolarizado,Vila Muqui,1,CRAS Barra,CRAS Barra,Público Geral,Cadastro Único
Feminino,36,Médio Completo,Caleme,1,CRAS Barra,CRAS Barra,Público Geral,Cadastro Único
Feminino,26,Médio Incompleto,Salaco,1,CRAS Barra,CRAS Barra,Público Geral,Cadastro Único
Feminino,20,Médio Incompleto,Paineiras,1,CRAS Barra,CRAS Barra,Público Geral,Cadastro Único
Feminino,29,Médio Incompleto,Vila Muqui,1,CRAS Barra,CRAS Barra,Público Geral,Cadastro Único
Feminino,29,Fundamental Incompleto,Caleme,1,CRAS Barra,CRAS Barra,Público Geral,Cadastro Único
Feminino,23,Médio Incompleto,Caleme,1,CRAS Barra,CRAS Barra,Público Geral,Cadastro Único
Feminino,46,Médio Completo,Caleme,1,CRAS Barra,CRAS Barra,Público Geral,Cadastro Único
Feminino,22,Médio Incompleto,Jardim Feo,1,CRAS Barra,CRAS Barra,Público Geral,Cadastro Único
Feminino,41,Superior Incompleto,Pimenteiras,1,CRAS Barra,CRAS Barra,Público Geral,Cadastro Único
Feminino,69,Fundamental Incompleto,Paineiras,1,CRAS Barra,CRAS Barra,Público Geral,Assistente Social
Feminino,47,Fundamental Incompleto,Barra do Imbuí,1,CRAS Barra,CRAS Barra,Público Geral,Assistente Social
Feminino,36,Médio Completo,Caleme,1,CRAS Barra,CRAS Barra,Público Geral,Assistente Social
Feminino,55,Fundamental Incompleto,Jardim Feo,1,CRAS Barra,CRAS Barra,Público Geral,Assistente Social
Feminino,40,Fundamental Incompleto,Barra do Imbuí,1,CRAS Barra,CRAS Barra,Público Geral,Assistente Social
Feminino,29,Fundamental Incompleto,Barra do Imbuí,1,CRAS Barra,CRAS Barra,Público Geral,Assistente Social
Feminino,65,Médio Incompleto,Barra do Imbuí,1,CRAS Barra,CRAS Barra,Público Geral,Assistente Social
Feminino,42,Fundamental Incompleto,Caleme,1,CRAS Barra,CRAS Barra,Público Geral,Cadastro Único
Feminino,53,Fundamental Incompleto,Granja Florestal,1,CRAS Barra,CRAS Barra,Público Geral,Cadastro Único
Feminino,34,Médio Completo,Granja Florestal,1,CRAS Barra,CRAS Barra,Público Geral,Cadastro Único
Masculino,58,Superior Completo,Pimenteiras,1,CRAS Barra,CRAS Barra,Público Geral,Cadastro Único
Feminino,85,Fundamental Incompleto,Salaco,1,CRAS Barra,CRAS Barra,Público Geral,Cadastro Único
Masculino,27,Médio Completo,Espanhol,1,CRAS Barra,CRAS Barra,Público Geral,Cadastro Único
Feminino,44,Médio Completo,Paineiras,1,CRAS Barra,CRAS Barra,Público Geral,Cadastro Único
Feminino,57,Fundamental Incompleto,Espanhol,1,CRAS Barra,CRAS Barra,Público Geral,Cadastro Único
Feminino,28,Médio Completo,Barra do Imbuí,1,CRAS Barra,CRAS Barra,Público Geral,Cadastro Único
Masculino,26,Fundamental Incompleto,Paineiras,1,CRAS Barra,CRAS Barra,Público Geral,Cadastro Único
Feminino,57,Fundamental Incompleto,Barra do Imbuí,1,CRAS Barra,CRAS Barra,Público Geral,Cadastro Único
Masculino,50,Superior Completo,Espanhol,1,CRAS Barra,CRAS Barra,Público Geral,Cadastro Único
Feminino,54,Fundamental Incompleto,Paineiras,1,CRAS Barra,CRAS Barra,Público Geral,Cadastro Único
Feminino,35,Médio Completo,Granja Florestal,1,CRAS Barra,CRAS Barra,Público Geral,Cadastro Único
Feminino,82,Não Escolarizado,Paineiras,1,CRAS Barra,CRAS Barra,Público Geral,Cadastro Único
Feminino,34,Médio Incompleto,Jardim Feo,1,CRAS Barra,CRAS Barra,Público Geral,Cadastro Único
Feminino,29,Fundamental Incompleto,Barra do Imbuí,1,CRAS Barra,CRAS Barra,Público Geral,Cadastro Único
Feminino,21,Médio Completo,Vila Muqui,1,CRAS Barra,CRAS Barra,Público Geral,Cadastro Único
Feminino,48,Médio Incompleto,Espanhol,1,CRAS Barra,CRAS Barra,Público Geral,Cadastro Único
Masculino,33,Fundamental Incompleto,Paineiras,1,CRAS Barra,CRAS Barra,Público Geral,Cadastro Único
Feminino,47,Fundamental Incompleto,Caleme,1,CRAS Barra,CRAS Barra,Público Geral,Assistente Social
Feminino,28,Médio Completo,Jardim Feo,1,CRAS Barra,CRAS Barra,Público Geral,Assistente Social
Feminino,21,Médio Incompleto,Espanhol,1,CRAS Barra,CRAS Barra,Público Geral,Assistente Social
Feminino,53,Fundamental Incompleto,Paineiras,1,CRAS Barra,CRAS Barra,Público Geral,Assistente Social
Feminino,43,Médio Completo,Barra do Imbuí,1,CRAS Barra,CRAS Barra,Público Geral,Assistente Social
Feminino,40,Médio Completo,Barra do Imbuí,1,CRAS Barra,CRAS Barra,Público Geral,Assistente Social
Masculino,43,Médio Completo,Barra do Imbuí,1,CRAS Barra,CRAS Barra,Público Geral,Assistente Social
Feminino,40,Médio Completo,Granja Florestal,1,CRAS Barra,CRAS Barra,Público Geral,Assistente Social
Feminino,57,Fundamental Incompleto,Pimenteiras,1,CRAS Barra,CRAS Barra,Público Geral,Assistente Social
Feminino,32,Médio Completo,Espanhol,1,CRAS Barra,CRAS Barra,Público Geral,Assistente Social
Feminino,43,Médio Completo,Jardim Feo,1,CRAS Barra,CRAS Barra,Público Geral,Assistente Social
Feminino,34,Médio Completo,Barra do Imbuí,1,CRAS Barra,CRAS Barra,Público Geral,Assistente Social
Feminino,57,Fundamental Incompleto,Espanhol,1,CRAS Barra,CRAS Barra,Público Geral,Assistente Social
Masculino,53,Fundamental Incompleto,Barra do Imbuí,1,CRAS Barra,CRAS Barra,Público Geral,Assistente Social
Masculino,33,Fundamental Incompleto,Jardim Feo,1,CRAS Barra,CRAS Barra,Público Geral,Assistente Social
Masculino,31,Fundamental Incompleto,Posse,1,CRAS Barra,CRAS Barra,Público Geral,Assistente Social
Feminino,31,Superior Incompleto,Jardim Feo,1,CRAS Barra,CRAS Barra,Público Geral,Assistente Social
Feminino,29,Fundamental Incompleto,Salaco,1,CRAS Barra,CRAS Barra,Público Geral,Assistente Social
Feminino,21,Médio Completo,Vila Muqui,1,CRAS Barra,CRAS Barra,Público Geral,Assistente Social
Feminino,48,Médio Incompleto,Espanhol,1,CRAS Barra,CRAS Barra,Público Geral,Assistente Social
Feminino,36,Fundamental Incompleto,Salaco,1,CRAS Barra,CRAS Barra,Público Geral,Assistente Social
Feminino,57,Fundamental Incompleto,Pimenteiras,1,CRAS Barra,CRAS Barra,Público Geral,Assistente Social
Feminino,55,Fundamental Incompleto,Caleme,1,CRAS Barra,CRAS Barra,Público Geral,Cadastro Único
Feminino,42,Fundamental Incompleto,Pimenteiras,1,CRAS Barra,CRAS Barra,Público Geral,Cadastro Único
Feminino,55,Não Escolarizado,Caleme,1,CRAS Barra,CRAS Barra,Público Geral,Cadastro Único
Feminino,59,Fundamental Incompleto,Vila Muqui,1,CRAS Barra,CRAS Barra,Público Geral,Cadastro Único
Feminino,32,Fundamental Completo,Paineiras,1,CRAS Barra,CRAS Barra,Público Geral,Cadastro Único
Feminino,48,Médio Completo,Paineiras,1,CRAS Barra,CRAS Barra,Público Geral,Cadastro Único
Feminino,68,Fundamental Incompleto,Jardim Feo,1,CRAS Barra,CRAS Barra,Público Geral,Cadastro Único
Feminino,27,Médio Completo,Paineiras,1,CRAS Barra,CRAS Barra,Público Geral,Cadastro Único
Feminino,39,Médio Completo,Pimenteiras,1,CRAS Barra,CRAS Barra,Público Geral,Cadastro Único
Feminino,33,Médio Completo,Caleme,1,CRAS Barra,CRAS Barra,Público Geral,Cadastro Único
Feminino,69,Fundamental Incompleto,Paineiras,1,CRAS Barra,CRAS Barra,Público Geral,Cadastro Único
Feminino,47,Médio Completo,Barra do Imbuí,1,CRAS Barra,CRAS Barra,Público Geral,Cadastro Único
Masculino,48,Fundamental Incompleto,Barra do Imbuí,1,CRAS Barra,CRAS Barra,Público Geral,Cadastro Único
Feminino,60,Médio Incompleto,Quebra Frascos,1,CRAS Barra,CRAS Barra,Público Geral,Cadastro Único
Masculino,65,Fundamental Completo,Jardim Feo,1,CRAS Barra,CRAS Barra,Público Geral,Cadastro Único
Masculino,34,Fundamental Incompleto,Jardim Feo,1,CRAS Barra,CRAS Barra,Público Geral,Cadastro Único
Feminino,61,Superior Completo,Parque do Imbuí,1,CRAS Barra,CRAS Barra,Público Geral,Cadastro Único
Masculino,26,Fundamental Incompleto,Posse,1,CRAS Barra,CRAS Barra,Público Geral,Cadastro Único
Feminino,60,Não Escolarizado,Pimenteiras,1,CRAS Barra,CRAS Barra,Público Geral,Cadastro Único
Feminino,29,Médio Incompleto,Vila Muqui,1,CRAS Barra,CRAS Barra,Público Geral,Cadastro Único
Masculino,55,Fundamental Incompleto,Vila Muqui,1,CRAS Barra,CRAS Barra,Público Geral,Cadastro Único
Feminino,82,Fundamental Incompleto,Granja Florestal,1,CRAS Barra,CRAS Barra,Público Geral,Cadastro Único
Feminino,23,Médio Completo,Granja Florestal,1,CRAS Barra,CRAS Barra,Público Geral,Cadastro Único
Feminino,59,Fundamental Incompleto,Granja Florestal,1,CRAS Barra,CRAS Barra,Público Geral,Cadastro Único
Feminino,40,Médio Completo,Jardim Feo,1,CRAS Barra,CRAS Barra,Público Geral,Cadastro Único
Feminino,35,Médio Incompleto,Salaco,1,CRAS Barra,CRAS Barra,Público Geral,Cadastro Único
Masculino,23,Fundamental Completo,Paineiras,1,CRAS Barra,CRAS Barra,Público Geral,Cadastro Único
Feminino,59,Médio Incompleto,Barra do Imbuí,1,CRAS Barra,CRAS Barra,Público Geral,Cadastro Único
Feminino,47,Fundamental Incompleto,Jardim Feo,1,CRAS Barra,CRAS Barra,Público Geral,Cadastro Único
Feminino,25,Superior Completo,Barra do Imbuí,1,CRAS Barra,CRAS Barra,Público Geral,Cadastro Único
Feminino,69,Fundamental Incompleto,Paineiras,1,CRAS Barra,CRAS Barra,Público Geral,Cadastro Único
Feminino,72,Fundamental Incompleto,Barra do Imbuí,1,CRAS Barra,CRAS Barra,Público Geral,Cadastro Único
Feminino,49,Fundamental Incompleto,Caleme,1,CRAS Barra,CRAS Barra,Público Geral,Assistente Social
Feminino,55,Não Escolarizado,Caleme,1,CRAS Barra,CRAS Barra,Público Geral,Assistente Social
Feminino,29,Médio Completo,Vila Muqui,1,CRAS Barra,CRAS Barra,Público Geral,Assistente Social
Feminino,47,Fundamental Completo,Paineiras,1,CRAS Barra,CRAS Barra,Público Geral,Assistente Social
Feminino,27,Médio Completo,Paineiras,1,CRAS Barra,CRAS Barra,Público Geral,Assistente Social
Feminino,48,Médio Completo,Paineiras,1,CRAS Barra,CRAS Barra,Público Geral,Assistente Social
Feminino,46,Superior Completo,Golf,1,CRAS Barra,CRAS Barra,Público Geral,Assistente Social
Feminino,33,Médio Completo,Caleme,1,CRAS Barra,CRAS Barra,Público Geral,Assistente Social
Feminino,39,Médio Completo,Pimenteiras,1,CRAS Barra,CRAS Barra,Público Geral,Assistente Social
Feminino,32,Fundamental Completo,Paineiras,1,CRAS Barra,CRAS Barra,Público Geral,Assistente Social
Feminino,36,Médio Incompleto,Parque do Imbuí,1,CRAS Barra,CRAS Barra,Público Geral,Assistente Social
Masculino,76,Fundamental Incompleto,Paineiras,1,CRAS Barra,CRAS Barra,Público Geral,Assistente Social
Feminino,22,Médio Incompleto,Jardim Feo,1,CRAS Barra,CRAS Barra,Público Geral,Assistente Social
Feminino,20,Médio Incompleto,Jardim Feo,1,CRAS Barra,CRAS Barra,Público Geral,Assistente Social
Feminino,47,Médio Completo,Barra do Imbuí,1,CRAS Barra,CRAS Barra,Público Geral,Assistente Social
Feminino,35,Médio Completo,Pimenteiras,1,CRAS Barra,CRAS Barra,Público Geral,Assistente Social
Feminino,32,Fundamental Incompleto,Jardim Feo,1,CRAS Barra,CRAS Barra,Público Geral,Assistente Social
Feminino,73,Fundamental Incompleto,Paineiras,1,CRAS Barra,CRAS Barra,Público Geral,Assistente Social
Masculino,65,Médio Completo,Jardim Feo,1,CRAS Barra,CRAS Barra,Público Geral,Assistente Social
Feminino,23,Fundamental Incompleto,Granja Florestal,1,CRAS Barra,CRAS Barra,Público Geral,Assistente Social
Feminino,49,Fundamental Incompleto,Caleme,1,CRAS Barra,CRAS Barra,Público Geral,Assistente Social
Masculino,44,Médio Completo,Barra do Imbuí,1,CRAS Barra,CRAS Barra,Público Geral,Assistente Social
Feminino,46,Superior Completo,Barra do Imbuí,1,CRAS Barra,CRAS Barra,Público Geral,Assistente Social
Feminino,37,Médio Completo,Barra do Imbuí,1,CRAS Barra,CRAS Barra,Público Geral,Assistente Social
Feminino,34,Fundamental Incompleto,Vila Muqui,1,CRAS Barra,CRAS Barra,Público Geral,Assistente Social
Feminino,18,Médio Incompleto,Vila Muqui,1,CRAS Barra,CRAS Barra,Público Geral,Assistente Social
Feminino,32,Médio Incompleto,Golf,1,CRAS Barra,CRAS Barra,Público Geral,Assistente Social
Feminino,55,Médio Incompleto,Barra do Imbuí,1,CRAS Barra,CRAS Barra,Público Geral,Assistente Social
Feminino,24,Médio Completo,Vila Muqui,1,CRAS Barra,CRAS Barra,Público Geral,Cadastro Único
Feminino,58,Superior Completo,Barra do Imbuí,1,CRAS Barra,CRAS Barra,Público Geral,Cadastro Único
Feminino,70,Fundamental Incompleto,Paineiras,1,CRAS Barra,CRAS Barra,Público Geral,Cadastro Único
Feminino,63,Não Escolarizado,Jardim Feo,1,CRAS Barra,CRAS Barra,Público Geral,Cadastro Único
Feminino,72,Fundamental Incompleto,Paineiras,1,CRAS Barra,CRAS Barra,Público Geral,Cadastro Único
Feminino,26,Fundamental Completo,Paineiras,1,CRAS Barra,CRAS Barra,Público Geral,Cadastro Único
Feminino,25,Médio Incompleto,Paineiras,1,CRAS Barra,CRAS Barra,Público Geral,Cadastro Único
Feminino,46,Médio Completo,Caleme,1,CRAS Barra,CRAS Barra,Público Geral,Cadastro Único
Feminino,42,Fundamental Incompleto,Granja Florestal,1,CRAS Barra,CRAS Barra,Público Geral,Cadastro Único
Feminino,34,Médio Completo,Granja Florestal,1,CRAS Barra,CRAS Barra,Público Geral,Cadastro Único
Feminino,42,Fundamental Completo,Paineiras,1,CRAS Barra,CRAS Barra,Público Geral,Cadastro Único
Feminino,48,Médio Incompleto,Paineiras,1,CRAS Barra,CRAS Barra,Público Geral,Cadastro Único
Feminino,61,Fundamental Incompleto,Barra do Imbuí,1,CRAS Barra,CRAS Barra,Público Geral,Cadastro Único
Feminino,32,Fundamental Incompleto,Paineiras,1,CRAS Barra,CRAS Barra,Público Geral,Cadastro Único
Feminino,30,Médio Completo,Salaco,1,CRAS Barra,CRAS Barra,Público Geral,Cadastro Único
Feminino,38,Médio Completo,Morro dos Pinheiros,1,CRAS Barra,CRAS Barra,Público Geral,Cadastro Único
Feminino,34,Médio Completo,Granja Florestal,1,CRAS Barra,CRAS Barra,Público Geral,Cadastro Único
Feminino,23,Médio Incompleto,Paineiras,1,CRAS Barra,CRAS Barra,Público Geral,Assistente Social
Feminino,47,Médio Completo,Barra do Imbuí,1,CRAS Barra,CRAS Barra,Público Geral,Assistente Social
Masculino,43,Fundamental Completo,Situação de Rua,1,CRAS Barra,CRAS Barra,Público Geral,Assistente Social
Feminino,32,Médio Incompleto,Golf,1,CRAS Barra,CRAS Barra,Público Geral,Assistente Social
Masculino,42,Fundamental Incompleto,Quebra Frascos,1,CRAS Barra,CRAS Barra,Público Geral,Assistente Social
Feminino,34,Médio Completo,Vila Muqui,1,CRAS Barra,CRAS Barra,Público Geral,Assistente Social
Feminino,34,Médio Completo,Barra do Imbuí,1,CRAS Barra,CRAS Barra,Público Geral,Assistente Social
Feminino,63,Fundamental Incompleto,Jardim Feo,1,CRAS Barra,CRAS Barra,Público Geral,Assistente Social
Feminino,48,Médio Incompleto,Paineiras,1,CRAS Barra,CRAS Barra,Público Geral,Assistente Social
Feminino,46,Fundamental Completo,Posse,1,CRAS Barra,CRAS Barra,Público Geral,Cadastro Único
Masculino,44,Médio Completo,Salaco,1,CRAS Barra,CRAS Barra,Público Geral,Cadastro Único
Feminino,39,Médio Incompleto,Cascata do Imbuí ,1,CRAS Barra,CRAS Barra,Público Geral,Cadastro Único
Feminino,27,Médio Completo,Posse,1,CRAS Barra,CRAS Barra,Público Geral,Cadastro Único
Masculino,55,Médio Completo,Posse,1,CRAS Barra,CRAS Barra,Público Geral,Cadastro Único
Feminino,39,Médio Completo,Barra do Imbuí,1,CRAS Barra,CRAS Barra,Público Geral,Cadastro Único
Masculino,72,Fundamental Incompleto,Paineiras,1,CRAS Barra,CRAS Barra,Público Geral,Cadastro Único
Masculino,35,Médio Completo,Pimenteiras,1,CRAS Barra,CRAS Barra,Público Geral,Cadastro Único
Feminino,62,Médio Completo,Pimenteiras,1,CRAS Barra,CRAS Barra,Público Geral,Cadastro Único
Feminino,21,Médio Completo,Vila Muqui,1,CRAS Barra,CRAS Barra,Público Geral,Cadastro Único
Feminino,6,Médio Completo,Pimenteiras,1,CRAS Barra,CRAS Barra,Público Geral,Cadastro Único
Feminino,56,Superior Completo,Pimenteiras,1,CRAS Barra,CRAS Barra,Público Geral,Cadastro Único
Feminino,20,Médio Completo,Barra do Imbuí,1,CRAS Barra,CRAS Barra,Público Geral,Cadastro Único
Feminino,82,Fundamental Incompleto,Paineiras,1,CRAS Barra,CRAS Barra,Público Geral,Cadastro Único
Feminino,72,Fundamental Completo,Golf,1,CRAS Barra,CRAS Barra,Público Geral,Cadastro Único
Feminino,32,Fundamental Completo,Vale do Paraíso,1,CRAS Barra,CRAS Barra,Público Geral,Cadastro Único
Masculino,21,Médio Incompleto,Posse,1,CRAS Barra,CRAS Barra,Público Geral,Cadastro Único
Feminino,24,Superior Incompleto,Granja Florestal,1,CRAS Barra,CRAS Barra,Público Geral,Cadastro Único
Feminino,57,Não Escolarizado,Barra do Imbuí,1,CRAS Barra,CRAS Barra,Público Geral,Cadastro Único
Masculino,42,Fundamental Incompleto,Granja Florestal,1,CRAS Barra,CRAS Barra,Público Geral,Cadastro Único
Masculino,20,Médio Completo,Pimenteiras,1,CRAS Barra,CRAS Barra,Público Geral,Cadastro Único
Feminino,41,Médio Completo,Posse,1,CRAS Barra,CRAS Barra,Público Geral,Cadastro Único
Feminino,66,Fundamental Incompleto,Paineiras,1,CRAS Barra,CRAS Barra,Público Geral,Assistente Social
Feminino,44,Médio Completo,Salaco,1,CRAS Barra,CRAS Barra,Público Geral,Assistente Social
Feminino,57,Fundamental Completo,Caleme,1,CRAS Barra,CRAS Barra,Público Geral,Assistente Social
Masculino,39,Médio Incompleto,Cascata do Imbuí ,1,CRAS Barra,CRAS Barra,Público Geral,Assistente Social
Masculino,55,Médio Completo,Posse,1,CRAS Barra,CRAS Barra,Público Geral,Assistente Social
Masculino,42,Fundamental Incompleto,Posse,1,CRAS Barra,CRAS Barra,Público Geral,Assistente Social
Masculino,64,Fundamental Incompleto,Vila Muqui,1,CRAS Barra,CRAS Barra,Público Geral,Assistente Social
Feminino,62,Médio Completo,Pimenteiras,1,CRAS Barra,CRAS Barra,Público Geral,Assistente Social
Feminino,46,Médio Completo,Salaco,1,CRAS Barra,CRAS Barra,Público Geral,Assistente Social
Feminino,37,Médio Incompleto,Paineiras,1,CRAS Barra,CRAS Barra,Público Geral,Assistente Social
Feminino,56,Superior Completo,Pimenteiras,1,CRAS Barra,CRAS Barra,Público Geral,Assistente Social
Feminino,62,Fundamental Incompleto,Cascata do Imbuí ,1,CRAS Barra,CRAS Barra,Público Geral,Assistente Social
Masculino,64,Fundamental Incompleto,Espanhol,1,CRAS Barra,CRAS Barra,Público Geral,Assistente Social
Feminino,57,Não Escolarizado,Barra do Imbuí,1,CRAS Barra,CRAS Barra,Público Geral,Assistente Social
Feminino,49,Fundamental Incompleto,Caleme,1,CRAS Barra,CRAS Barra,Público Geral,Assistente Social
Masculino,73,Fundamental Incompleto,Granja Florestal,1,CRAS Barra,CRAS Barra,Público Geral,Cadastro Único
Feminino,32,Fundamental Completo,Paineiras,1,CRAS Barra,CRAS Barra,Público Geral,Cadastro Único
Feminino,74,Fundamental Incompleto,Granja Florestal,1,CRAS Barra,CRAS Barra,Público Geral,Cadastro Único
Feminino,52,Médio Completo,Golf,1,CRAS Barra,CRAS Barra,Público Geral,Cadastro Único
Feminino,42,Médio Completo,Cascata do Imbuí ,1,CRAS Barra,CRAS Barra,Público Geral,Cadastro Único
Masculino,46,Fundamental Incompleto,Espanhol,1,CRAS Barra,CRAS Barra,Público Geral,Cadastro Único
Masculino,47,Fundamental Incompleto,Paineiras,1,CRAS Barra,CRAS Barra,Público Geral,Cadastro Único
Feminino,41,Fundamental Incompleto,Cascata do Imbuí ,1,CRAS Barra,CRAS Barra,Público Geral,Cadastro Único
Feminino,37,Superior Incompleto,Pimenteiras,1,CRAS Barra,CRAS Barra,Público Geral,Cadastro Único
Feminino,52,Fundamental Incompleto,Cascata do Imbuí ,1,CRAS Barra,CRAS Barra,Público Geral,Cadastro Único
Feminino,72,Fundamental Completo,Pimenteiras,1,CRAS Barra,CRAS Barra,Público Geral,Cadastro Único
Feminino,18,Médio Incompleto,Pimenteiras,1,CRAS Barra,CRAS Barra,Público Geral,Cadastro Único
Feminino,66,Fundamental Incompleto,Caleme,1,CRAS Barra,CRAS Barra,Público Geral,Cadastro Único
Feminino,22,Médio Completo,Caleme,1,CRAS Barra,CRAS Barra,Público Geral,Cadastro Único
Masculino,23,Fundamental Completo,Paineiras,1,CRAS Barra,CRAS Barra,Público Geral,Cadastro Único
Feminino,52,Fundamental Completo,Cascata do Imbuí ,1,CRAS Barra,CRAS Barra,Público Geral,Cadastro Único
Feminino,41,Médio Incompleto,Pimenteiras,1,CRAS Barra,CRAS Barra,Público Geral,Cadastro Único
Feminino,34,Médio Completo,Granja Florestal,1,CRAS Barra,CRAS Barra,Público Geral,Assistente Social
Feminino,32,Fundamental Completo,Paineiras,1,CRAS Barra,CRAS Barra,Público Geral,Assistente Social
Feminino,25,Médio Completo,Barra do Imbuí,1,CRAS Barra,CRAS Barra,Público Geral,Assistente Social
Feminino,41,Superior Incompleto,Pimenteiras,1,CRAS Barra,CRAS Barra,Público Geral,Assistente Social
Feminino,18,Médio Incompleto,Pimenteiras,1,CRAS Barra,CRAS Barra,Público Geral,Assistente Social
Feminino,52,Médio Completo,Golf,1,CRAS Barra,CRAS Barra,Público Geral,Assistente Social
Feminino,48,Superior Completo,Barra do Imbuí,1,CRAS Barra,CRAS Barra,Público Geral,Assistente Social
Feminino,23,Fundamental Incompleto,Paineiras,1,CRAS Barra,CRAS Barra,Público Geral,Assistente Social
Feminino,33,Fundamental Incompleto,Paineiras,1,CRAS Barra,CRAS Barra,Público Geral,Assistente Social
Feminino,37,Superior Incompleto,Pimenteiras,1,CRAS Barra,CRAS Barra,Público Geral,Assistente Social
Feminino,39,Médio Completo,Granja Florestal,1,CRAS Barra,CRAS Barra,Público Geral,Assistente Social
Masculino,39,Médio Incompleto,Granja Florestal,1,CRAS Barra,CRAS Barra,Público Geral,Assistente Social
Masculino,58,Fundamental Incompleto,Granja Florestal,1,CRAS Barra,CRAS Barra,Público Geral,Assistente Social
Feminino,72,Fundamental Completo,Pimenteiras,1,CRAS Barra,CRAS Barra,Público Geral,Assistente Social
Feminino,66,Fundamental Incompleto,Caleme,1,CRAS Barra,CRAS Barra,Público Geral,Assistente Social
Feminino,52,Fundamental Completo,Cascata do Imbuí ,1,CRAS Barra,CRAS Barra,Público Geral,Assistente Social
Feminino,28,Médio Completo,Vila Muqui,1,CRAS Barra,CRAS Barra,Público Geral,Assistente Social
Feminino,45,Fundamental Incompleto,Granja Florestal,1,CRAS Barra,CRAS Barra,Público Geral,Assistente Social
Feminino,41,Médio Incompleto,Pimenteiras,1,CRAS Barra,CRAS Barra,Público Geral,Assistente Social
Feminino,18,Médio Incompleto,Vila Muqui,1,CRAS Barra,CRAS Barra,Público Geral,Assistente Social
Feminino,22,Médio Completo,Pimenteiras,1,CRAS Barra,CRAS Barra,Público Geral,Assistente Social
Feminino,42,Médio Completo,Barra do Imbuí,1,CRAS Barra,CRAS Barra,Público Geral,Assistente Social
Feminino,36,Superior Completo,Barra do Imbuí,1,CRAS Barra,CRAS Barra,Público Geral,Assistente Social
Feminino,22,Médio Completo,Pimenteiras,1,CRAS Barra,CRAS Barra,Público Geral,Assistente Social
Feminino,41,Fundamental Incompleto,Jardim Feo,1,CRAS Barra,CRAS Barra,Público Geral,Assistente Social
Feminino,45,Fundamental Incompleto,Caleme,1,CRAS Barra,CRAS Barra,Público Geral,Assistente Social
Feminino,33,Fundamental Incompleto,Caleme,1,CRAS Barra,CRAS Barra,Público Geral,Assistente Social
Masculino,30,Fundamental Incompleto,Paineiras,1,CRAS Barra,CRAS Barra,Público Geral,Assistente Social
Feminino,56,Superior Completo,Pimenteiras,1,CRAS Barra,CRAS Barra,Público Geral,Assistente Social
Feminino,62,Fundamental Completo,Jardim Feo,1,CRAS Barra,CRAS Barra,Público Geral,Assistente Social
Feminino,42,Fundamental Incompleto,Vila Muqui,1,CRAS Barra,CRAS Barra,Público Geral,Assistente Social
Feminino,59,Fundamental Incompleto,Granja Florestal,1,CRAS Barra,CRAS Barra,Público Geral,Assistente Social
Feminino,41,Superior Completo,Barra do Imbuí,1,CRAS Barra,CRAS Barra,Público Geral,Assistente Social
Feminino,47,Fundamental Incompleto,Jardim Serrano,1,CRAS Barra,CRAS Barra,Público Geral,Assistente Social
Feminino,31,Superior Completo,Barra do Imbuí,1,CRAS Barra,CRAS Barra,Público Geral,Assistente Social
Feminino,39,Superior Completo,Barra do Imbuí,1,CRAS Barra,CRAS Barra,Público Geral,Assistente Social
Masculino,31,Médio Incompleto,Barra do Imbuí,1,CRAS Barra,CRAS Barra,Público Geral,Assistente Social
Feminino,39,Médio Completo,Barra do Imbuí,1,CRAS Barra,CRAS Barra,Público Geral,Assistente Social
Masculino,57,Médio Incompleto,Jardim Feo,1,CRAS Barra,CRAS Barra,Público Geral,Assistente Social
Feminino,34,Superior Incompleto,Vila Muqui,1,CRAS Barra,CRAS Barra,Público Geral,Assistente Social
Feminino,52,Superior Incompleto,Vila Muqui,1,CRAS Barra,CRAS Barra,Público Geral,Assistente Social
Masculino,43,Superior Completo,Pimenteiras,1,CRAS Barra,CRAS Barra,Público Geral,Assistente Social
Feminino,30,Médio Completo,Jardim Feo,1,CRAS Barra,CRAS Barra,Público Geral,Assistente Social
Masculino,40,Médio Completo,Pimenteiras,1,CRAS Barra,CRAS Barra,Público Geral,Cadastro Único
Feminino,52,Fundamental Incompleto,Vila Muqui,1,CRAS Barra,CRAS Barra,Público Geral,Cadastro Único
Feminino,23,Médio Completo,Barra do Imbuí,1,CRAS Barra,CRAS Barra,Público Geral,Cadastro Único
Masculino,83,Não Escolarizado,Barra do Imbuí,1,CRAS Barra,CRAS Barra,Público Geral,Cadastro Único
Feminino,66,Fundamental Completo,Salaco,1,CRAS Barra,CRAS Barra,Público Geral,Cadastro Único
Feminino,23,Médio Completo,Paineiras,1,CRAS Barra,CRAS Barra,Público Geral,Cadastro Único
Feminino,33,Fundamental Incompleto,Paineiras,1,CRAS Barra,CRAS Barra,Público Geral,Cadastro Único
Feminino,22,Médio Completo,Pimenteiras,1,CRAS Barra,CRAS Barra,Público Geral,Cadastro Único
Feminino,66,Fundamental Completo,Salaco,1,CRAS Barra,CRAS Barra,Público Geral,Cadastro Único
Masculino,30,Fundamental Incompleto,Paineiras,1,CRAS Barra,CRAS Barra,Público Geral,Cadastro Único
Feminino,60,Fundamental Incompleto,Parque do Imbuí,1,CRAS Barra,CRAS Barra,Público Geral,Cadastro Único
Feminino,73,Fundamental Incompleto,Barra do Imbuí,1,CRAS Barra,CRAS Barra,Público Geral,Cadastro Único
Feminino,59,Fundamental Incompleto,Granja Florestal,1,CRAS Barra,CRAS Barra,Público Geral,Cadastro Único
Feminino,69,Fundamental Incompleto,Pimenteiras,1,CRAS Barra,CRAS Barra,Público Geral,Cadastro Único
Feminino,58,Fundamental Incompleto,Barra do Imbuí,1,CRAS Barra,CRAS Barra,Público Geral,Cadastro Único
Masculino,31,Superior Completo,Barra do Imbuí,1,CRAS Barra,CRAS Barra,Público Geral,Cadastro Único
Feminino,39,Médio Incompleto,Barra do Imbuí,1,CRAS Barra,CRAS Barra,Público Geral,Cadastro Único
Feminino,57,Não Escolarizado,Caleme,1,CRAS Barra,CRAS Barra,Público Geral,Cadastro Único
Feminino,52,Superior Incompleto,Vila Muqui,1,CRAS Barra,CRAS Barra,Público Geral,Cadastro Único
Masculino,34,Superior Incompleto,Salaco,1,CRAS Barra,CRAS Barra,Público Geral,Cadastro Único
Feminino,58,Fundamental Incompleto,Barra do Imbuí,1,CRAS Barra,CRAS Barra,Público Geral,Cadastro Único
Feminino,77,Não Escolarizado,Paineiras,1,CRAS Barra,CRAS Barra,Público Geral,Cadastro Único
Feminino,29,Superior Completo,Barra do Imbuí,1,CRAS Barra,CRAS Barra,Público Geral,Cadastro Único
Feminino,38,Médio Completo,Paineiras,1,CRAS Barra,CRAS Barra,Público Geral,Cadastro Único
Feminino,41,Médio Completo,Pimenteiras,1,CRAS Barra,CRAS Barra,Público Geral,Cadastro Único
Feminino,54,Fundamental Incompleto,Granja Florestal,1,CRAS Barra,CRAS Barra,Público Geral,Cadastro Único
Feminino,76,Fundamental Incompleto,Jardim Feo,1,CRAS Barra,CRAS Barra,Público Geral,Cadastro Único
Feminino,80,Não Escolarizado,Vila Muqui,1,CRAS Barra,CRAS Barra,Público Geral,Cadastro Único
Feminino,61,Fundamental Completo,Paineiras,1,CRAS Barra,CRAS Barra,Público Geral,Cadastro Único
Feminino,63,Médio Completo,Caleme,1,CRAS Barra,CRAS Barra,Público Geral,Cadastro Único
Feminino,54,Fundamental Incompleto,Paineiras,1,CRAS Barra,CRAS Barra,Público Geral,Cadastro Único
Feminino,30,Médio Completo,Salaco,1,CRAS Barra,CRAS Barra,Público Geral,Cadastro Único
Feminino,67,Fundamental Incompleto,Jardim Feo,1,CRAS Barra,CRAS Barra,Público Geral,Cadastro Único
Feminino,26,Médio Completo,Barra do Imbuí,1,CRAS Barra,CRAS Barra,Público Geral,Cadastro Único
Masculino,46,Médio Completo,Vila Muqui,1,CRAS Barra,CRAS Barra,Público Geral,Cadastro Único
Feminino,30,Médio Completo,Granja Florestal,1,CRAS Barra,CRAS Barra,Público Geral,Cadastro Único
Feminino,64,Fundamental Incompleto,Barra do Imbuí,1,CRAS Barra,CRAS Barra,Público Geral,Cadastro Único
Feminino,41,Superior Completo,Jardim Feo,1,CRAS Barra,CRAS Barra,Público Geral,Cadastro Único
Feminino,51,Superior Completo,Cascata do Imbuí ,1,CRAS Barra,CRAS Barra,Público Geral,Cadastro Único
Feminino,54,Médio Completo,Barra do Imbuí,1,CRAS Barra,CRAS Barra,Público Geral,Cadastro Único
Feminino,55,Médio Completo,Barra do Imbuí,1,CRAS Barra,CRAS Barra,Público Geral,Cadastro Único
Feminino,37,Médio Completo,Barra do Imbuí,1,CRAS Barra,CRAS Barra,Público Geral,Assistente Social
Feminino,36,Médio Completo,Caleme,1,CRAS Barra,CRAS Barra,Público Geral,Assistente Social
Feminino,29,Fundamental Incompleto,Barra do Imbuí,1,CRAS Barra,CRAS Barra,Público Geral,Assistente Social
Feminino,61,Fundamental Completo,Paineiras,1,CRAS Barra,CRAS Barra,Público Geral,Assistente Social
Feminino,41,Médio Completo,Pimenteiras,1,CRAS Barra,CRAS Barra,Público Geral,Assistente Social
Feminino,25,Médio Incompleto,Caleme,1,CRAS Barra,CRAS Barra,Público Geral,Assistente Social
Feminino,42,Fundamental Incompleto,Ermitagem,1,CRAS Barra,CRAS Barra,Público Geral,Assistente Social
Feminino,37,Médio Completo,Barra do Imbuí,1,CRAS Barra,CRAS Barra,Público Geral,Assistente Social
Feminino,44,Médio Completo,Barra do Imbuí,1,CRAS Barra,CRAS Barra,Público Geral,Assistente Social
Feminino,42,Médio Completo,Paineiras,1,CRAS Barra,CRAS Barra,Público Geral,Assistente Social
Feminino,38,Superior Completo,Vila Muqui,1,CRAS Barra,CRAS Barra,Público Geral,Assistente Social
Feminino,39,Fundamental Incompleto,Caleme,1,CRAS Barra,CRAS Barra,Público Geral,Assistente Social
Masculino,36,Médio Incompleto,Salaco,1,CRAS Barra,CRAS Barra,Público Geral,Assistente Social
Feminino,38,Fundamental Incompleto,Granja Florestal,1,CRAS Barra,CRAS Barra,Público Geral,Assistente Social
Feminino,29,Médio Completo,Caleme,1,CRAS Barra,CRAS Barra,Público Geral,Assistente Social
Masculino,56,Fundamental Incompleto,Vila Muqui,1,CRAS Barra,CRAS Barra,Público Geral,Assistente Social
Feminino,51,Superior Completo,Cascata do Imbuí ,1,CRAS Barra,CRAS Barra,Público Geral,Assistente Social
Feminino,48,Médio Completo,Barra do Imbuí,1,CRAS Barra,CRAS Barra,Público Geral,Assistente Social
Feminino,40,Médio Completo,Espanhol,1,CRAS Barra,CRAS Barra,Público Geral,Cadastro Único
Feminino,51,Superior Completo,Pimenteiras,1,CRAS Barra,CRAS Barra,Público Geral,Cadastro Único
Feminino,34,Superior Completo,Pimenteiras,1,CRAS Barra,CRAS Barra,Público Geral,Cadastro Único
Feminino,77,Não Escolarizado,Paineiras,1,CRAS Barra,CRAS Barra,Público Geral,Cadastro Único
Feminino,77,Fundamental Incompleto,Paineiras,1,CRAS Barra,CRAS Barra,Público Geral,Cadastro Único
Feminino,78,Fundamental Completo,Barra do Imbuí,1,CRAS Barra,CRAS Barra,Público Geral,Cadastro Único
Masculino,67,Médio Incompleto,Paineiras,1,CRAS Barra,CRAS Barra,Público Geral,Cadastro Único
Feminino,58,Fundamental Incompleto,Salaco,1,CRAS Barra,CRAS Barra,Público Geral,Cadastro Único
Feminino,26,Médio Completo,Barra do Imbuí,1,CRAS Barra,CRAS Barra,Público Geral,Cadastro Único
Masculino,51,Fundamental Incompleto,Vila Muqui,1,CRAS Barra,CRAS Barra,Público Geral,Cadastro Único
Feminino,29,Médio Incompleto,Jardim Feo,1,CRAS Barra,CRAS Barra,Público Geral,Cadastro Único
Feminino,18,Fundamental Incompleto,Barra do Imbuí,1,CRAS Barra,CRAS Barra,Público Geral,Cadastro Único
Feminino,55,Fundamental Incompleto,Vila Muqui,1,CRAS Barra,CRAS Barra,Público Geral,Cadastro Único
Feminino,56,Fundamental Incompleto,Paineiras,1,CRAS Barra,CRAS Barra,Público Geral,Assistente Social
Feminino,43,Superior Completo,Jardim Feo,1,CRAS Barra,CRAS Barra,Público Geral,Assistente Social
Masculino,49,Superior Completo,Caleme,1,CRAS Barra,CRAS Barra,Público Geral,Assistente Social
Feminino,51,Superior Completo,Pimenteiras,1,CRAS Barra,CRAS Barra,Público Geral,Assistente Social
Feminino,43,Superior Completo,Barra do Imbuí,1,CRAS Barra,CRAS Barra,Público Geral,Assistente Social
Feminino,21,Médio Completo,Barra do Imbuí,1,CRAS Barra,CRAS Barra,Público Geral,Assistente Social
Feminino,26,Médio Completo,Barra do Imbuí,1,CRAS Barra,CRAS Barra,Público Geral,Assistente Social
Feminino,34,Superior Completo,Caleme,1,CRAS Barra,CRAS Barra,Público Geral,Assistente Social
Feminino,46,Superior Completo,Caleme,1,CRAS Barra,CRAS Barra,Público Geral,Assistente Social
Feminino,60,Fundamental Incompleto,Barra do Imbuí,1,CRAS Barra,CRAS Barra,Público Geral,Assistente Social
Feminino,35,Fundamental Incompleto,Vila Muqui,1,CRAS Barra,CRAS Barra,Público Geral,Assistente Social
Masculino,43,Fundamental Incompleto,Paineiras,1,CRAS Barra,CRAS Barra,Público Geral,Assistente Social
Feminino,39,Superior Incompleto,Caleme,1,CRAS Barra,CRAS Barra,Público Geral,Assistente Social
Feminino,46,Fundamental Completo,Caleme,1,CRAS Barra,CRAS Barra,Público Geral,Assistente Social
Feminino,43,Médio Completo,Barra do Imbuí,1,CRAS Barra,CRAS Barra,Público Geral,Assistente Social
Feminino,36,Fundamental Incompleto,Barra do Imbuí,1,CRAS Barra,CRAS Barra,Público Geral,Assistente Social
Feminino,39,Médio Completo,Barra do Imbuí,1,CRAS Barra,CRAS Barra,Público Geral,Assistente Social
Feminino,37,Fundamental Completo,Meudon,1,CRAS Barra,CRAS Barra,Público Geral,Assistente Social
Feminino,43,Médio Completo,Paineiras,1,CRAS Barra,CRAS Barra,Público Geral,Assistente Social
Feminino,58,Fundamental Incompleto,Barra do Imbuí,1,CRAS Barra,CRAS Barra,Público Geral,Assistente Social
Feminino,29,Superior Completo,Posse,1,CRAS Barra,CRAS Barra,Público Geral,Assistente Social
Masculino,32,Médio Completo,Cascata do Imbuí ,1,CRAS Barra,CRAS Barra,Público Geral,Assistente Social
Feminino,32,Superior Incompleto,Pimenteiras,1,CRAS Barra,CRAS Barra,Público Geral,Assistente Social
Feminino,70,Fundamental Incompleto,Caleme,1,CRAS Barra,CRAS Barra,Público Geral,Cadastro Único
Feminino,48,Fundamental Incompleto,Jardim Feo,1,CRAS Barra,CRAS Barra,Público Geral,Cadastro Único
Feminino,72,Fundamental Incompleto,Caleme,1,CRAS Barra,CRAS Barra,Público Geral,Cadastro Único
Feminino,37,Fundamental Completo,Salaco,1,CRAS Barra,CRAS Barra,Público Geral,Cadastro Único
Feminino,44,Fundamental Incompleto,Pimenteiras,1,CRAS Barra,CRAS Barra,Público Geral,Cadastro Único
Feminino,44,Fundamental Incompleto,Caleme,1,CRAS Barra,CRAS Barra,Público Geral,Cadastro Único
Feminino,46,Superior Incompleto,Pimenteiras,1,CRAS Barra,CRAS Barra,Público Geral,Cadastro Único
Feminino,30,Superior Completo,Jardim Feo,1,CRAS Barra,CRAS Barra,Público Geral,Cadastro Único
Masculino,20,Superior Incompleto,Barra do Imbuí,1,CRAS Barra,CRAS Barra,Público Geral,Cadastro Único
Feminino,43,Fundamental Incompleto,Jardim Feo,1,CRAS Barra,CRAS Barra,Público Geral,Cadastro Único
Masculino,63,Fundamental Incompleto,Quebra Frascos,1,CRAS Barra,CRAS Barra,Público Geral,Cadastro Único
Feminino,37,Superior Completo,Barra do Imbuí,1,CRAS Barra,CRAS Barra,Público Geral,Cadastro Único
Feminino,25,Médio Completo,Vila Muqui,1,CRAS Barra,CRAS Barra,Público Geral,Cadastro Único
Feminino,22,Médio Completo,Caleme,1,CRAS Barra,CRAS Barra,Público Geral,Cadastro Único
Feminino,34,Médio Incompleto,Caleme,1,CRAS Barra,CRAS Barra,Público Geral,Cadastro Único
Feminino,72,Médio Completo,Posse,1,CRAS Barra,CRAS Barra,Público Geral,Cadastro Único
Masculino,63,Fundamental Incompleto,Pimenteiras,1,CRAS Barra,CRAS Barra,Público Geral,Cadastro Único
Feminino,45,Médio Completo,Barra do Imbuí,1,CRAS Barra,CRAS Barra,Público Geral,Cadastro Único
Masculino,25,Médio Completo,Vila Muqui,1,CRAS Barra,CRAS Barra,Público Geral,Cadastro Único
Feminino,48,Médio Completo,Barra do Imbuí,1,CRAS Barra,CRAS Barra,Público Geral,Cadastro Único
Feminino,51,Médio Completo,Paineiras,1,CRAS Barra,CRAS Barra,Público Geral,Cadastro Único
Feminino,24,Médio Incompleto,Barra do Imbuí,1,CRAS Barra,CRAS Barra,Público Geral,Assistente Social
Feminino,25,Fundamental Incompleto,Paineiras,1,CRAS Barra,CRAS Barra,Público Geral,Assistente Social
Feminino,26,Médio Completo,Jardim Feo,1,CRAS Barra,CRAS Barra,Público Geral,Assistente Social
Feminino,64,Fundamental Incompleto,Granja Florestal,1,CRAS Barra,CRAS Barra,Público Geral,Assistente Social
Feminino,74,Fundamental Incompleto,Jardim Feo,1,CRAS Barra,CRAS Barra,Público Geral,Assistente Social
Feminino,34,Médio Incompleto,Parque do Imbuí,1,CRAS Barra,CRAS Barra,Público Geral,Assistente Social
Feminino,34,Médio Completo,Pimenteiras,1,CRAS Barra,CRAS Barra,Público Geral,Cadastro Único
Feminino,27,Médio Incompleto,Cascata do Imbuí ,1,CRAS Barra,CRAS Barra,Público Geral,Cadastro Único
Masculino,61,Fundamental Incompleto,Cascata do Imbuí ,1,CRAS Barra,CRAS Barra,Público Geral,Cadastro Único
Feminino,81,Fundamental Incompleto,Vila Muqui,1,CRAS Barra,CRAS Barra,Público Geral,Cadastro Único
Feminino,67,Superior Incompleto,Paineiras,1,CRAS Barra,CRAS Barra,Público Geral,Cadastro Único
Feminino,56,Fundamental Incompleto,Paineiras,1,CRAS Barra,CRAS Barra,Público Geral,Cadastro Único
Feminino,86,Fundamental Incompleto,Parque do Imbuí,1,CRAS Barra,CRAS Barra,Público Geral,Cadastro Único
Feminino,41,Superior Completo,Caleme,1,CRAS Barra,CRAS Barra,Público Geral,Cadastro Único
Masculino,71,Fundamental Incompleto,Jardim Pimenteiras,1,CRAS Barra,CRAS Barra,Público Geral,Cadastro Único
Masculino,65,Fundamental Incompleto,Espanhol,1,CRAS Barra,CRAS Barra,Público Geral,Cadastro Único
Feminino,38,Fundamental Incompleto,Paineiras,1,CRAS Barra,CRAS Barra,Público Geral,Assistente Social
Masculino,50,Superior Completo,Espanhol,1,CRAS Barra,CRAS Barra,Público Geral,Cadastro Único
Feminino,33,Médio Incompleto,Jardim Feo,1,CRAS Barra,CRAS Barra,Público Geral,Cadastro Único
Feminino,30,Fundamental Incompleto,Barra do Imbuí,1,CRAS Barra,CRAS Barra,Público Geral,Cadastro Único
Feminino,36,Fundamental Incompleto,Barra do Imbuí,1,CRAS Barra,CRAS Barra,Público Geral,Assistente Social
Feminino,32,Fundamental Incompleto,Granja Florestal,1,CRAS Barra,CRAS Barra,Público Geral,Cadastro Único
Feminino,23,Médio Completo,Barra do Imbuí,1,CRAS Barra,CRAS Barra,Público Geral,Cadastro Único
Feminino,42,Médio Incompleto,Pimenteiras,1,CRAS Barra,CRAS Barra,Público Geral,Cadastro Único
Masculino,42,Fundamental Incompleto,Paineiras,1,CRAS Barra,CRAS Barra,Público Geral,Cadastro Único
Feminino,42,Médio Incompleto,Pimenteiras,1,CRAS Barra,CRAS Barra,Público Geral,Assistente Social
Feminino,27,Médio Completo,Caleme,1,CRAS Barra,CRAS Barra,Público Geral,Cadastro Único
Masculino,63,Médio Incompleto,Caleme,1,CRAS Barra,CRAS Barra,Público Geral,Assistente Social
Masculino,63,Médio Incompleto,Caleme,1,CRAS Barra,CRAS Barra,Público Geral,Cadastro Único
Feminino,60,Fundamental Completo,Barra do Imbuí,1,CRAS Barra,CRAS Barra,Público Geral,Cadastro Único
Feminino,29,Médio Incompleto,Caleme,1,CRAS Barra,CRAS Barra,Público Geral,Cadastro Único
Feminino,28,Médio Completo,Caleme,1,CRAS Barra,CRAS Barra,Público Geral,Assistente Social
Feminino,57,Médio Completo,Caleme,1,CRAS Barra,CRAS Barra,Público Geral,Cadastro Único
Masculino,83,Fundamental Incompleto,Barra do Imbuí,1,CRAS Barra,CRAS Barra,Público Geral,Cadastro Único
Masculino,54,Fundamental Incompleto,Barra do Imbuí,1,CRAS Barra,CRAS Barra,Público Geral,Assistente Social
Feminino,47,Fundamental Incompleto,Barra do Imbuí,1,CRAS Barra,CRAS Barra,Público Geral,Assistente Social
Masculino,57,Fundamental Incompleto,Barra do Imbuí,1,CRAS Barra,CRAS Barra,Público Geral,Assistente Social
Feminino,57,Fundamental Incompleto,Paineiras,1,CRAS Barra,CRAS Barra,Público Geral,Assistente Social
Masculino,73,Fundamental Incompleto,Granja Florestal,1,CRAS Barra,CRAS Barra,Público Geral,Assistente Social
Masculino,31,Médio Completo,Pimenteiras,1,CRAS Barra,CRAS Barra,Público Geral,Assistente Social
Masculino,18,Médio Completo,Vila Muqui,1,CRAS Barra,CRAS Barra,Público Geral,Assistente Social
Feminino,55,Fundamental Incompleto,Barra do Imbuí,1,CRAS Barra,CRAS Barra,Público Geral,Cadastro Único
Feminino,47,Fundamental Incompleto,Barra do Imbuí,1,CRAS Barra,CRAS Barra,Público Geral,Cadastro Único
Feminino,57,Fundamental Incompleto,Paineiras,1,CRAS Barra,CRAS Barra,Público Geral,Cadastro Único
Masculino,57,Fundamental Incompleto,Barra do Imbuí,1,CRAS Barra,CRAS Barra,Público Geral,Cadastro Único
Masculino,31,Médio Completo,Pimenteiras,1,CRAS Barra,CRAS Barra,Público Geral,Cadastro Único
Masculino,75,Fundamental Incompleto,Vila Muqui,1,CRAS Barra,CRAS Barra,Público Geral,Cadastro Único
Feminino,50,Médio Incompleto,Paineiras,1,CRAS Barra,CRAS Barra,Público Geral,Cadastro Único
Feminino,50,Médio Completo,Jardim Feo,1,CRAS Barra,CRAS Barra,Público Geral,Cadastro Único
Feminino,31,Fundamental Incompleto,Jardim Feo,1,CRAS Barra,CRAS Barra,Público Geral,Cadastro Único
Feminino,65,Médio Completo,Barra do Imbuí,1,CRAS Barra,CRAS Barra,Público Geral,Cadastro Único
Masculino,15,Médio Incompleto,Barra do Imbuí,1,CRAS Barra,CRAS Barra,Público Geral,Cadastro Único
Feminino,29,Superior Completo,Vila Muqui,1,CRAS Barra,CRAS Barra,Público Geral,Cadastro Único
Masculino,63,Fundamental Incompleto,Caleme,1,CRAS Barra,CRAS Barra,Público Geral,Cadastro Único
Feminino,18,Médio Completo,Barra do Imbuí,1,CRAS Barra,CRAS Barra,Público Geral,Cadastro Único
Feminino,18,Médio Completo,Barra do Imbuí,1,CRAS Barra,CRAS Barra,Público Geral,Assistente Social
Feminino,55,Médio Completo,Vila Muqui,1,CRAS Barra,CRAS Barra,Público Geral,Cadastro Único
Feminino,55,Médio Completo,Vila Muqui,1,CRAS Barra,CRAS Barra,Público Geral,Assistente Social
Feminino,19,Superior Incompleto,Paineiras,1,CRAS Barra,CRAS Barra,Público Geral,Assistente Social
Masculino,64,Médio Completo,Caleme,1,CRAS Barra,CRAS Barra,Público Geral,Cadastro Único
Masculino,47,Fundamental Incompleto,Barra do Imbuí,1,CRAS Barra,CRAS Barra,Público Geral,Cadastro Único
Feminino,65,Fundamental Incompleto,Espanhol,1,CRAS Barra,CRAS Barra,Público Geral,Assistente Social
Feminino,25,Superior Incompleto,Caleme,1,CRAS Barra,CRAS Barra,Público Geral,Cadastro Único
Feminino,43,Fundamental Incompleto,Espanhol,1,CRAS Barra,CRAS Barra,Público Geral,Cadastro Único
Feminino,56,Médio Incompleto,Jardim Feo,1,CRAS Barra,CRAS Barra,Público Geral,Cadastro Único
Feminino,42,Médio Completo,Barra do Imbuí,1,CRAS Barra,CRAS Barra,Público Geral,Assistente Social
Feminino,64,Não Escolarizado,Paineiras,1,CRAS Barra,CRAS Barra,Público Geral,Cadastro Único
Masculino,44,Médio Completo,Barra do Imbuí,1,CRAS Barra,CRAS Barra,Público Geral,Assistente Social
Feminino,40,Médio Completo,Salaco,1,CRAS Barra,CRAS Barra,Público Geral,Assistente Social
Feminino,34,Médio Completo,Barra do Imbuí,1,CRAS Barra,CRAS Barra,Público Geral,Assistente Social
Masculino,34,Médio Completo,Pimenteiras,1,CRAS Barra,CRAS Barra,Público Geral,Cadastro Único
Feminino,31,Médio Completo,Caleme,1,CRAS Barra,CRAS Barra,Público Geral,Assistente Social
Masculino,41,Fundamental Incompleto,Barra do Imbuí,1,CRAS Barra,CRAS Barra,Público Geral,Assistente Social
Masculino,63,Fundamental Incompleto,Posse,1,CRAS Barra,CRAS Barra,Público Geral,Assistente Social
Feminino,43,Médio Completo,Paineiras,1,CRAS Barra,CRAS Barra,Público Geral,Assistente Social
Feminino,38,Fundamental Completo,Barra do Imbuí,1,CRAS Barra,CRAS Barra,Público Geral,Assistente Social
Masculino,33,Superior Incompleto,Pimenteiras,1,CRAS Barra,CRAS Barra,Público Geral,Psicóloga
Feminino,41,Médio Completo,Barra do Imbuí,1,CRAS Barra,CRAS Barra,Público Geral,Assistente Social
Feminino,37,Médio Incompleto,Barra do Imbuí,1,CRAS Barra,CRAS Barra,Público Geral,Assistente Social
Feminino,31,Médio Completo,Caleme,1,CRAS Barra,CRAS Barra,Público Geral,Cadastro Único
Feminino,53,Fundamental Incompleto,Pimenteiras,1,CRAS Barra,CRAS Barra,Público Geral,Cadastro Único
Masculino,49,Fundamental Incompleto,Vila Muqui,1,CRAS Barra,CRAS Barra,Público Geral,Cadastro Único
Feminino,37,Médio Incompleto,Salaco,1,CRAS Barra,CRAS Barra,Público Geral,Cadastro Único
Feminino,46,Fundamental Incompleto,Salaco,1,CRAS Barra,CRAS Barra,Público Geral,Cadastro Único
Feminino,43,Médio Completo,Paineiras,1,CRAS Barra,CRAS Barra,Público Geral,Cadastro Único
Masculino,41,Fundamental Incompleto,Barra do Imbuí,1,CRAS Barra,CRAS Barra,Público Geral,Cadastro Único
Feminino,38,Fundamental Completo,Barra do Imbuí,1,CRAS Barra,CRAS Barra,Público Geral,Cadastro Único
Feminino,41,Médio Completo,Granja Florestal,1,CRAS Barra,CRAS Barra,Público Geral,Cadastro Único
Feminino,36,Médio Completo,Pimenteiras,1,CRAS Barra,CRAS Barra,Público Geral,Cadastro Único
Masculino,65,Fundamental Incompleto,Caleme,1,CRAS Barra,CRAS Barra,Público Geral,Assistente Social
Feminino,39,Médio Completo,Paineiras,1,CRAS Barra,CRAS Barra,Público Geral,Assistente Social
Masculino,45,Médio Completo,Barra do Imbuí,1,CRAS Barra,CRAS Barra,Público Geral,Assistente Social
Feminino,31,Fundamental Incompleto,Granja Florestal,1,CRAS Barra,CRAS Barra,Público Geral,Assistente Social
Feminino,64,Não Escolarizado,Jardim Serrano,1,CRAS Barra,CRAS Barra,Público Geral,Assistente Social
Feminino,42,Médio Completo,Caleme,1,CRAS Barra,CRAS Barra,Público Geral,Assistente Social
Feminino,42,Médio Completo,Caleme,1,CRAS Barra,CRAS Barra,Público Geral,Cadastro Único
Feminino,42,Médio Completo,Caleme,1,CRAS Barra,CRAS Barra,Público Geral,Assistente Social
Feminino,42,Superior Completo,Pimenteiras,1,CRAS Barra,CRAS Barra,Público Geral,Cadastro Único
Masculino,44,Fundamental Incompleto,Barra do Imbuí,1,CRAS Barra,CRAS Barra,Público Geral,Cadastro Único
Feminino,57,Fundamental Incompleto,Jardim Feo,1,CRAS Barra,CRAS Barra,Público Geral,Cadastro Único
Feminino,41,Fundamental Completo,Paineiras,1,CRAS Barra,CRAS Barra,Público Geral,Cadastro Único
Masculino,49,Fundamental Incompleto,Vila Muqui,1,CRAS Barra,CRAS Barra,Público Geral,Cadastro Único
Feminino,34,Médio Completo,Barra do Imbuí,1,CRAS Barra,CRAS Barra,Público Geral,Assistente Social
Feminino,48,Médio Incompleto,Barra do Imbuí,1,CRAS Barra,CRAS Barra,Público Geral,Cadastro Único
Feminino,23,Fundamental Completo,Jardim Feo,1,CRAS Barra,CRAS Barra,Público Geral,Cadastro Único
Feminino,23,Fundamental Completo,Jardim Feo,1,CRAS Barra,CRAS Barra,Público Geral,Assistente Social
Feminino,26,Médio Incompleto,Caleme,1,CRAS Barra,CRAS Barra,Público Geral,Cadastro Único
Masculino,60,Fundamental Incompleto,Barra do Imbuí,1,CRAS Barra,CRAS Barra,Público Geral,Cadastro Único
Feminino,23,Médio Completo,Caleme,1,CRAS Barra,CRAS Barra,Público Geral,Cadastro Único
Feminino,24,Médio Completo,Barra do Imbuí,1,CRAS Barra,CRAS Barra,Público Geral,Assistente Social
Feminino,49,Superior Completo,Barra do Imbuí,1,CRAS Barra,CRAS Barra,Público Geral,Cadastro Único
Feminino,73,Fundamental Completo,Barra do Imbuí,1,CRAS Barra,CRAS Barra,Público Geral,Cadastro Único
Feminino,59,Fundamental Incompleto,Jardim Feo,1,CRAS Barra,CRAS Barra,Público Geral,Cadastro Único
Feminino,78,Fundamental Incompleto,Jardim Feo,1,CRAS Barra,CRAS Barra,Público Geral,Cadastro Único
Feminino,55,Fundamental Incompleto,Paineiras,1,CRAS Barra,CRAS Barra,Público Geral,Cadastro Único
Feminino,18,Médio Completo,Pimenteiras,1,CRAS Barra,CRAS Barra,Público Geral,Assistente Social
Feminino,66,Fundamental Incompleto,Jardim Feo,1,CRAS Barra,CRAS Barra,Público Geral,Cadastro Único
Feminino,63,Fundamental Incompleto,Espanhol,1,CRAS Barra,CRAS Barra,Público Geral,Cadastro Único
Feminino,63,Fundamental Incompleto,Espanhol,1,CRAS Barra,CRAS Barra,Público Geral,Psicóloga
Feminino,66,Médio Completo,Barra do Imbuí,1,CRAS Barra,CRAS Barra,Público Geral,Cadastro Único
Feminino,69,Fundamental Incompleto,Salaco,1,CRAS Barra,CRAS Barra,Público Geral,Cadastro Único
Feminino,63,Fundamental Incompleto,Paineiras,1,CRAS Barra,CRAS Barra,Público Geral,Cadastro Único
Feminino,28,Médio Completo,Cascata do Imbuí ,1,CRAS Barra,CRAS Barra,Público Geral,Cadastro Único
Feminino,63,Fundamental Completo,Caleme,1,CRAS Barra,CRAS Barra,Público Geral,Cadastro Único
Feminino,44,Fundamental Incompleto,Posse,1,CRAS Barra,CRAS Barra,Público Geral,Cadastro Único
Masculino,73,Fundamental Incompleto,Paineiras,1,CRAS Barra,CRAS Barra,Público Geral,Cadastro Único
Feminino,35,Fundamental Incompleto,Paineiras,1,CRAS Barra,CRAS Barra,Público Geral,Assistente Social
Feminino,44,Fundamental Incompleto,Posse,1,CRAS Barra,CRAS Barra,Público Geral,Assistente Social
Feminino,21,Superior Incompleto,Barra do Imbuí,1,CRAS Barra,CRAS Barra,Público Geral,Cadastro Único
Feminino,58,Fundamental Incompleto,Barra do Imbuí,1,CRAS Barra,CRAS Barra,Público Geral,Cadastro Único
Feminino,83,Não Escolarizado,Pimenteiras,1,CRAS Barra,CRAS Barra,Público Geral,Cadastro Único
Feminino,64,Fundamental Incompleto,Paineiras,1,CRAS Barra,CRAS Barra,Público Geral,Cadastro Único
Feminino,68,Fundamental Incompleto,Pimenteiras,1,CRAS Barra,CRAS Barra,Público Geral,Cadastro Único
Feminino,35,Fundamental Incompleto,Caleme,1,CRAS Barra,CRAS Barra,Público Geral,Assistente Social
Feminino,68,Fundamental Incompleto,Pimenteiras,1,CRAS Barra,CRAS Barra,Público Geral,Cadastro Único
Feminino,60,Fundamental Incompleto,Barra do Imbuí,1,CRAS Barra,CRAS Barra,Público Geral,Cadastro Único
Feminino,53,Não Escolarizado,Caleme ,1,CRAS Barra,CRAS Barra,Público Geral,Assistente Social
Feminino,49,Superior Completo,Vila Muqui,1,CRAS Barra,CRAS Barra,Público Geral,Assistente Social
Feminino,54,Fundamental Completo,Caleme ,1,CRAS Barra,CRAS Barra,Público Geral,Cadastro Único
Feminino,28,Superior Completo,Pimenteiras ,1,CRAS Barra,CRAS Barra,Público Geral,Cadastro Único
Feminino,39,Médio Completo,Barra do Imbuí,1,CRAS Barra,CRAS Barra,Público Geral,Cadastro Único
Masculino,65,Fundamental Incompleto,Espanhol,1,CRAS Barra,CRAS Barra,Público Geral,Cadastro Único
Feminino,37,Médio Completo,Caleme ,1,CRAS Barra,CRAS Barra,Público Geral,Cadastro Único
Feminino,66,Fundamental Incompleto,Barra do Imbuí,1,CRAS Barra,CRAS Barra,Público Geral,Cadastro Único
Masculino,54,Fundamental Incompleto,Granja Florestal,1,CRAS Barra,CRAS Barra,Público Geral,Cadastro Único
Feminino,60,Médio Incompleto,Jardim Feo,1,CRAS Barra,CRAS Barra,Público Geral,Cadastro Único
Feminino,51,Médio Completo,Pimenteiras ,1,CRAS Barra,CRAS Barra,Público Geral,Cadastro Único
Feminino,22,Médio Completo,Vila Muqui,1,CRAS Barra,CRAS Barra,Público Geral,Assistente Social
Feminino,32,Médio Completo,Barra do Imbuí,1,CRAS Barra,CRAS Barra,Público Geral,Cadastro Único
Feminino,61,Fundamental Incompleto,Barra do Imbuí,1,CRAS Barra,CRAS Barra,Público Geral,Cadastro Único
Feminino,32,Médio Incompleto,Caleme ,1,CRAS Barra,CRAS Barra,Público Geral,Cadastro Único
Feminino,28,Fundamental Incompleto,Jardim Feo,1,CRAS Barra,CRAS Barra,Público Geral,Cadastro Único
Feminino,18,Fundamental Completo,Pimenteiras ,1,CRAS Barra,CRAS Barra,Público Geral,Cadastro Único
Feminino,21,Médio Completo,Paineiras,1,CRAS Barra,CRAS Barra,Público Geral,Cadastro Único
Feminino,27,Superior Incompleto,Jardim Feo,1,CRAS Barra,CRAS Barra,Público Geral,Cadastro Único
Feminino,32,Médio Incompleto,Caleme ,1,CRAS Barra,CRAS Barra,Público Geral,Assistente Social
Feminino,18,Fundamental Completo,Pimenteiras ,1,CRAS Barra,CRAS Barra,Público Geral,Assistente Social
Masculino,46,Médio Completo,Vila Muqui,1,CRAS Barra,CRAS Barra,Público Geral,Assistente Social
Feminino,61,Fundamental Incompleto,Barra do Imbuí,1,CRAS Barra,CRAS Barra,Público Geral,Assistente Social
Feminino,27,Superior Incompleto,Jardim Feo,1,CRAS Barra,CRAS Barra,Público Geral,Assistente Social
Masculino,39,Fundamental Incompleto,Cascata do Imbuí ,1,CRAS Barra,CRAS Barra,Público Geral,Assistente Social
Masculino,39,Fundamental Incompleto,Cascata do Imbuí ,1,CRAS Barra,CRAS Barra,Público Geral,Cadastro Único
Feminino,70,Fundamental Incompleto,Caleme ,1,CRAS Barra,CRAS Barra,Público Geral,Cadastro Único
Feminino,47,Fundamental Completo,Paineiras,1,CRAS Barra,CRAS Barra,Público Geral,Cadastro Único
Feminino,64,Fundamental Incompleto,Caleme ,1,CRAS Barra,CRAS Barra,Público Geral,Cadastro Único
Masculino,60,Fundamental Incompleto,Barra do Imbuí,1,CRAS Barra,CRAS Barra,Público Geral,Cadastro Único
Masculino,25,Médio Completo,Vila Muqui,1,CRAS Barra,CRAS Barra,Público Geral,Cadastro Único
Feminino,57,Fundamental Incompleto,Paineiras,1,CRAS Barra,CRAS Barra,Público Geral,Cadastro Único
Feminino,75,Fundamental Incompleto,Caleme ,1,CRAS Barra,CRAS Barra,Público Geral,Cadastro Único
Feminino,22,Médio Incompleto,Paineiras,1,CRAS Barra,CRAS Barra,Público Geral,Cadastro Único
Feminino,69,Fundamental Incompleto,Salaco,1,CRAS Barra,CRAS Barra,Público Geral,Cadastro Único
Feminino,74,Médio Completo,Barra do Imbuí,1,CRAS Barra,CRAS Barra,Público Geral,Cadastro Único
Feminino,52,Médio Completo,Salaco,1,CRAS Barra,CRAS Barra,Público Geral,Cadastro Único
Feminino,45,Médio Completo,Pimenteiras ,1,CRAS Barra,CRAS Barra,Público Geral,Cadastro Único
Feminino,30,Médio Completo,Caleme ,1,CRAS Barra,CRAS Barra,Público Geral,Cadastro Único
Masculino,70,Superior Completo,Pimenteiras ,1,CRAS Barra,CRAS Barra,Público Geral,Cadastro Único
Feminino,25,Superior Completo,Caleme ,1,CRAS Barra,CRAS Barra,Público Geral,Cadastro Único
Feminino,22,Médio Incompleto,Paineiras,1,CRAS Barra,CRAS Barra,Público Geral,Assistente Social
Feminino,47,Médio Completo,Granja Florestal,1,CRAS Barra,CRAS Barra,Público Geral,Assistente Social
Feminino,45,Médio Completo,Pimenteiras ,1,CRAS Barra,CRAS Barra,Público Geral,Assistente Social
Feminino,61,Fundamental Incompleto,Barra do Imbuí,1,CRAS Barra,CRAS Barra,Público Geral,Assistente Social
Feminino,27,Médio Incompleto,Cascata do Imbuí ,1,CRAS Barra,CRAS Barra,Público Geral,Assistente Social
Masculino,41,Fundamental Incompleto,Posse,1,CRAS Barra,CRAS Barra,Público Geral,Cadastro Único
Masculino,41,Fundamental Incompleto,Posse,1,CRAS Barra,CRAS Barra,Público Geral,Assistente Social
Masculino,41,Fundamental Incompleto,Posse,1,CRAS Barra,CRAS Barra,Público Geral,Cadastro Único
Feminino,37,Superior Completo,Barra do Imbuí,1,CRAS Barra,CRAS Barra,Público Geral,Assistente Social
Feminino,29,Médio Incompleto,Vila Muqui,1,CRAS Barra,CRAS Barra,Público Geral,Cadastro Único
Feminino,56,Médio Completo,Jardim Feo,1,CRAS Barra,CRAS Barra,Público Geral,Cadastro Único
Masculino,69,Fundamental Incompleto,Barra do Imbuí,1,CRAS Barra,CRAS Barra,Público Geral,Cadastro Único
Feminino,72,Fundamental Incompleto,Quebra Frascos,1,CRAS Barra,CRAS Barra,Público Geral,Assistente Social
Feminino,47,Fundamental Completo,Paineiras,1,CRAS Barra,CRAS Barra,Público Geral,Assistente Social
Feminino,69,Fundamental Incompleto,Barra do Imbuí,1,CRAS Barra,CRAS Barra,Público Geral,Cadastro Único
Feminino,40,Médio Completo,Pimenteiras ,1,CRAS Barra,CRAS Barra,Público Geral,Cadastro Único
Feminino,23,Médio Completo,Caleme ,1,CRAS Barra,CRAS Barra,Público Geral,Cadastro Único
Feminino,23,Médio Completo,Caleme ,1,CRAS Barra,CRAS Barra,Público Geral,Assistente Social
Feminino,19,Médio Completo,Espanhol,1,CRAS Barra,CRAS Barra,Público Geral,Assistente Social
Feminino,21,Médio Incompleto,Barra do Imbuí,1,CRAS Barra,CRAS Barra,Público Geral,Assistente Social
Masculino,70,Fundamental Incompleto,Caleme ,1,CRAS Barra,CRAS Barra,Público Geral,Cadastro Único
Feminino,61,Fundamental Incompleto,Barra do Imbuí,1,CRAS Barra,CRAS Barra,Público Geral,Cadastro Único
Masculino,26,Médio Completo,Caleme ,1,CRAS Barra,CRAS Barra,Público Geral,Assistente Social
Feminino,33,Médio Completo,Paineiras,1,CRAS Barra,CRAS Barra,Público Geral,Cadastro Único
Masculino,47,Médio Completo,Pimenteiras ,1,CRAS Barra,CRAS Barra,Público Geral,Cadastro Único
Feminino,54,Médio Completo,Posse,1,CRAS Barra,CRAS Barra,Público Geral,Cadastro Único
Masculino,56,Fundamental Incompleto,Caleme ,1,CRAS Barra,CRAS Barra,Público Geral,Cadastro Único
Feminino,70,Fundamental Incompleto,Pimenteiras ,1,CRAS Barra,CRAS Barra,Público Geral,Cadastro Único
Feminino,21,Médio Incompleto,Posse,1,CRAS Barra,CRAS Barra,Público Geral,Cadastro Único
Feminino,63,Fundamental Incompleto,Caleme ,1,CRAS Barra,CRAS Barra,Público Geral,Cadastro Único
Feminino,24,Médio Incompleto,Caleme ,1,CRAS Barra,CRAS Barra,Público Geral,Cadastro Único
Masculino,52,Médio Completo,Vila Muqui,1,CRAS Barra,CRAS Barra,Público Geral,Cadastro Único
Feminino,63,Médio Completo,Paineiras,1,CRAS Barra,CRAS Barra,Público Geral,Cadastro Único
Feminino,57,Fundamental Incompleto,Salaco,1,CRAS Barra,CRAS Barra,Público Geral,Cadastro Único
Feminino,61,Fundamental Incompleto,Barra do Imbuí,1,CRAS Barra,CRAS Barra,Público Geral,Assistente Social
Feminino,33,Médio Incompleto,Barra do Imbuí,1,CRAS Barra,CRAS Barra,Público Geral,Assistente Social
Feminino,80,Fundamental Incompleto,Pimenteiras ,1,CRAS Barra,CRAS Barra,Público Geral,Assistente Social
Feminino,24,Médio Completo,Granja Florestal,1,CRAS Barra,CRAS Barra,Público Geral,Assistente Social
Feminino,63,Fundamental Incompleto,Caleme ,1,CRAS Barra,CRAS Barra,Público Geral,Assistente Social
Feminino,64,Fundamental Incompleto,Paineiras,1,CRAS Barra,CRAS Barra,Público Geral,Assistente Social
Feminino,21,Médio Incompleto,Posse,1,CRAS Barra,CRAS Barra,Público Geral,Assistente Social
Feminino,55,Superior Completo,Granja Florestal,1,CRAS Barra,CRAS Barra,Público Geral,Cadastro Único
Masculino,42,Fundamental Incompleto,Barra do Imbuí,1,CRAS Barra,CRAS Barra,Público Geral,Assistente Social
Feminino,62,Médio Completo,Barra do Imbuí,1,CRAS Barra,CRAS Barra,Público Geral,Cadastro Único
Feminino,75,Superior Incompleto,Posse,1,CRAS Barra,CRAS Barra,Público Geral,Cadastro Único
Feminino,56,Não Escolarizado,Posse,1,CRAS Barra,CRAS Barra,Público Geral,Cadastro Único
Masculino,68,Médio Completo,Cascata do Imbuí ,1,CRAS Barra,CRAS Barra,Público Geral,Cadastro Único
Feminino,42,Médio Completo,Paineiras,1,CRAS Barra,CRAS Barra,Público Geral,Cadastro Único
Feminino,42,Médio Completo,Paineiras,1,CRAS Barra,CRAS Barra,Público Geral,Assistente Social
Masculino,68,Médio Completo,Cascata do Imbuí ,1,CRAS Barra,CRAS Barra,Público Geral,Assistente Social
Feminino,45,Médio Completo,Caleme ,1,CRAS Barra,CRAS Barra,Público Geral,Cadastro Único
Feminino,47,Médio Completo,Granja Florestal,1,CRAS Barra,CRAS Barra,Público Geral,Cadastro Único
Masculino,66,Fundamental Incompleto,Jardim Feo,1,CRAS Barra,CRAS Barra,Público Geral,Cadastro Único
Masculino,85,Fundamental Incompleto,Barra do Imbuí,1,CRAS Barra,CRAS Barra,Público Geral,Cadastro Único
Feminino,48,Superior Completo,Pimenteiras ,1,CRAS Barra,CRAS Barra,Público Geral,Cadastro Único
Masculino,54,Fundamental Incompleto,Barra do Imbuí,1,CRAS Barra,CRAS Barra,Público Geral,Cadastro Único
Masculino,68,Superior Completo,Barra do Imbuí,1,CRAS Barra,CRAS Barra,Público Geral,Cadastro Único
Feminino,37,Superior Completo,Paineiras,1,CRAS Barra,CRAS Barra,Público Geral,Cadastro Único
Feminino,51,Médio Incompleto,Barra do Imbuí,1,CRAS Barra,CRAS Barra,Público Geral,Assistente Social
Feminino,37,Superior Completo,Paineiras,1,CRAS Barra,CRAS Barra,Público Geral,Assistente Social
Feminino,34,Médio Completo,Barra do Imbuí,1,CRAS Barra,CRAS Barra,Público Geral,Assistente Social
Feminino,25,Médio Completo,Barra do Imbuí,1,CRAS Barra,CRAS Barra,Público Geral,Assistente Social
Feminino,32,Fundamental Incompleto,Granja Florestal,1,CRAS Barra,CRAS Barra,Público Geral,Assistente Social
Feminino,26,Médio Completo,Granja Florestal,1,CRAS Barra,CRAS Barra,Público Geral,Assistente Social
Masculino,37,Fundamental Incompleto,Parque do Imbuí,1,CRAS Barra,CRAS Barra,Público Geral,Cadastro Único
Feminino,52,Médio Completo,Barra do Imbuí,1,CRAS Barra,CRAS Barra,Público Geral,Cadastro Único
Masculino,75,Superior Incompleto,Barra do Imbuí,1,CRAS Barra,CRAS Barra,Público Geral,Cadastro Único
Feminino,29,Médio Completo,Quebra Frascos,1,CRAS Barra,CRAS Barra,Público Geral,Cadastro Único
Feminino,51,Médio Completo,Barra do Imbuí,1,CRAS Barra,CRAS Barra,Público Geral,Cadastro Único
Feminino,43,Médio Completo,Caleme ,1,CRAS Barra,CRAS Barra,Público Geral,Cadastro Único
Masculino,68,Superior Completo,Barra do Imbuí,1,CRAS Barra,CRAS Barra,Público Geral,Cadastro Único
Feminino,39,Médio Completo,Jardim Feo,1,CRAS Barra,CRAS Barra,Público Geral,Cadastro Único
Feminino,45,Superior Incompleto,Pimenteiras ,1,CRAS Barra,CRAS Barra,Público Geral,Cadastro Único
Feminino,28,Médio Incompleto,Pimenteiras ,1,CRAS Barra,CRAS Barra,Público Geral,Cadastro Único
Masculino,48,Fundamental Incompleto,Barra do Imbuí,1,CRAS Barra,CRAS Barra,Público Geral,Cadastro Único
Feminino,24,Médio Completo,Espanhol,1,CRAS Barra,CRAS Barra,Público Geral,Cadastro Único
Feminino,73,Fundamental Incompleto,Caleme ,1,CRAS Barra,CRAS Barra,Público Geral,Cadastro Único
Feminino,42,Superior Completo,Barra do Imbuí,1,CRAS Barra,CRAS Barra,Público Geral,Cadastro Único
Feminino,54,Médio Completo,Vila Muqui,1,CRAS Barra,CRAS Barra,Público Geral,Cadastro Único
Feminino,42,Fundamental Incompleto,Alto,1,CRAS Barra,CRAS Barra,Público Geral,Assistente Social
Feminino,75,Superior Incompleto,Barra do Imbuí,1,CRAS Barra,CRAS Barra,Público Geral,Assistente Social
Feminino,52,Médio Completo,Barra do Imbuí,1,CRAS Barra,CRAS Barra,Público Geral,Assistente Social
Feminino,51,Médio Completo,Barra do Imbuí,1,CRAS Barra,CRAS Barra,Público Geral,Assistente Social
Feminino,37,Superior Completo,Paineiras,1,CRAS Barra,CRAS Barra,Público Geral,Assistente Social
Feminino,29,Médio Completo,Paineiras,1,CRAS Barra,CRAS Barra,Público Geral,Assistente Social
Feminino,43,Médio Completo,Caleme ,1,CRAS Barra,CRAS Barra,Público Geral,Assistente Social
Feminino,54,Médio Completo,Vila Muqui,1,CRAS Barra,CRAS Barra,Público Geral,Assistente Social
Feminino,22,Médio Completo,Pimenteiras ,1,CRAS Barra,CRAS Barra,Público Geral,Assistente Social
Feminino,53,Médio Completo,Barra do Imbuí,1,CRAS Barra,CRAS Barra,Público Geral,Assistente Social
Feminino,35,Fundamental Incompleto,Caleme ,1,CRAS Barra,CRAS Barra,Público Geral,Assistente Social
Feminino,35,Fundamental Incompleto,Salaco,1,CRAS Barra,CRAS Barra,Público Geral,Assistente Social
Feminino,19,Médio Completo,Caleme ,1,CRAS Barra,CRAS Barra,Público Geral,Assistente Social
Feminino,30,Fundamental Incompleto,Barra do Imbuí,1,CRAS Barra,CRAS Barra,Público Geral,Assistente Social
Feminino,22,Médio Completo,Paineiras,1,CRAS Barra,CRAS Barra,Público Geral,Assistente Social
Feminino,60,Médio Completo,Cascata do Imbuí ,1,CRAS Barra,CRAS Barra,Público Geral,Cadastro Único
Feminino,42,Fundamental Incompleto,Barra do Imbuí,1,CRAS Barra,CRAS Barra,Público Geral,Cadastro Único
Feminino,53,Médio Completo,Barra do Imbuí,1,CRAS Barra,CRAS Barra,Público Geral,Cadastro Único
Feminino,68,Fundamental Incompleto,Pimenteiras ,1,CRAS Barra,CRAS Barra,Público Geral,Cadastro Único
Feminino,37,Fundamental Incompleto,Caleme ,1,CRAS Barra,CRAS Barra,Público Geral,Cadastro Único
Feminino,26,Médio Completo,Granja Florestal,1,CRAS Barra,CRAS Barra,Público Geral,Cadastro Único
Feminino,53,Fundamental Completo,Paineiras,1,CRAS Barra,CRAS Barra,Público Geral,Cadastro Único
Feminino,36,Superior Completo,Caleme ,1,CRAS Barra,CRAS Barra,Público Geral,Cadastro Único
Feminino,80,Fundamental Incompleto,Jardim Feo,1,CRAS Barra,CRAS Barra,Público Geral,Cadastro Único
Feminino,65,Médio Incompleto,Barra do Imbuí,1,CRAS Barra,CRAS Barra,Público Geral,Cadastro Único
Feminino,23,Médio Incompleto,Jardim Feo,1,CRAS Barra,CRAS Barra,Público Geral,Cadastro Único
Feminino,55,Fundamental Incompleto,Espanhol,1,CRAS Barra,CRAS Barra,Público Geral,Cadastro Único
Feminino,65,Médio Completo,Posse,1,CRAS Barra,CRAS Barra,Público Geral,Cadastro Único
Masculino,50,Fundamental Incompleto,Espanhol,1,CRAS Barra,CRAS Barra,Público Geral,Cadastro Único
Feminino,53,Médio Completo,Barra do Imbuí,1,CRAS Barra,CRAS Barra,Público Geral,Cadastro Único
Feminino,21,Médio Completo,Caleme ,1,CRAS Barra,CRAS Barra,Público Geral,Cadastro Único
Feminino,26,Fundamental Incompleto,Jardim Feo,1,CRAS Barra,CRAS Barra,Público Geral,Assistente Social
Feminino,43,Fundamental Incompleto,Granja Florestal,1,CRAS Barra,CRAS Barra,Público Geral,Assistente Social
Feminino,27,Fundamental Completo,Quebra Frascos,1,CRAS Barra,CRAS Barra,Público Geral,Assistente Social
Masculino,19,Médio Incompleto,Barra do Imbuí,1,CRAS Barra,CRAS Barra,Público Geral,Assistente Social
Feminino,61,Fundamental Incompleto,Barra do Imbuí,1,CRAS Barra,CRAS Barra,Público Geral,Assistente Social
Feminino,23,Médio Incompleto,Jardim Feo,1,CRAS Barra,CRAS Barra,Público Geral,Assistente Social
Feminino,33,Médio Completo,Jardim Feo,1,CRAS Barra,CRAS Barra,Público Geral,Assistente Social
Feminino,51,Superior Completo,Pimenteiras ,1,CRAS Barra,CRAS Barra,Público Geral,Assistente Social
Feminino,53,Médio Completo,Barra do Imbuí,1,CRAS Barra,CRAS Barra,Público Geral,Assistente Social
Feminino,45,Médio Completo,Pimenteiras ,1,CRAS Barra,CRAS Barra,Público Geral,Assistente Social
Feminino,24,Fundamental Incompleto,Paineiras,1,CRAS Barra,CRAS Barra,Público Geral,Assistente Social
Feminino,69,Fundamental Incompleto,Paineiras,1,CRAS Barra,CRAS Barra,Público Geral,Cadastro Único
Feminino,18,Médio Completo,Pimenteiras ,1,CRAS Barra,CRAS Barra,Público Geral,Cadastro Único
Feminino,24,Médio Incompleto,Caleme ,1,CRAS Barra,CRAS Barra,Público Geral,Cadastro Único
Masculino,60,Médio Completo,Pimenteiras ,1,CRAS Barra,CRAS Barra,Público Geral,Cadastro Único
Feminino,47,Médio Incompleto,Salaco,1,CRAS Barra,CRAS Barra,Público Geral,Cadastro Único
Feminino,63,Fundamental Incompleto,Jardim Feo,1,CRAS Barra,CRAS Barra,Público Geral,Assistente Social
Feminino,30,Fundamental Incompleto,Vila Muqui,1,CRAS Barra,CRAS Barra,Público Geral,Assistente Social
Feminino,28,Médio Incompleto,Paineiras,1,CRAS Barra,CRAS Barra,Público Geral,Assistente Social
Feminino,22,Médio Completo,Jardim Feo,1,CRAS Barra,CRAS Barra,Público Geral,Cadastro Único
Masculino,71,Médio Completo,Caleme ,1,CRAS Barra,CRAS Barra,Público Geral,Cadastro Único
Masculino,46,Médio Completo,Paineiras,1,CRAS Barra,CRAS Barra,Público Geral,Cadastro Único
Masculino,46,Médio Completo,Paineiras,1,CRAS Barra,CRAS Barra,Público Geral,Assistente Social
Masculino,52,Fundamental Completo,Barra do Imbuí,1,CRAS Barra,CRAS Barra,Público Geral,Cadastro Único
Masculino,26,Médio Incompleto,Barra do Imbuí,1,CRAS Barra,CRAS Barra,Público Geral,Cadastro Único
Masculino,48,Médio Incompleto,Golf,1,CRAS Barra,CRAS Barra,Público Geral,Cadastro Único
Feminino,30,Médio Incompleto,Posse,1,CRAS Barra,CRAS Barra,Público Geral,Assistente Social
Feminino,51,Superior Completo,Pimenteiras ,1,CRAS Barra,CRAS Barra,Público Geral,Assistente Social
Feminino,24,Médio Incompleto,Barra do Imbuí,1,CRAS Barra,CRAS Barra,Público Geral,Assistente Social
Feminino,53,Médio Completo,Barra do Imbuí,1,CRAS Barra,CRAS Barra,Público Geral,Assistente Social
Masculino,30,Médio Incompleto,Paineiras,1,CRAS Barra,CRAS Barra,Público Geral,Assistente Social
Feminino,43,Superior Completo,Barra do Imbuí,1,CRAS Barra,CRAS Barra,Público Geral,Assistente Social
Feminino,48,Superior Completo,Granja Florestal,1,CRAS Barra,CRAS Barra,Público Geral,Assistente Social
Feminino,41,Fundamental Incompleto,Jardim Feo,1,CRAS Barra,CRAS Barra,Público Geral,Assistente Social
Feminino,46,Fundamental Incompleto,Pimenteiras ,1,CRAS Barra,CRAS Barra,Público Geral,Assistente Social
Feminino,64,Médio Completo,Golf,1,CRAS Barra,CRAS Barra,Público Geral,Assistente Social
Masculino,65,Superior Completo,Parque do Imbuí,1,CRAS Barra,CRAS Barra,Público Geral,Assistente Social
Feminino,49,Superior Completo,Barra do Imbuí,1,CRAS Barra,CRAS Barra,Público Geral,Cadastro Único
Feminino,53,Médio Completo,Barra do Imbuí,1,CRAS Barra,CRAS Barra,Público Geral,Cadastro Único
Masculino,54,Fundamental Incompleto,Jardim Feo,1,CRAS Barra,CRAS Barra,Público Geral,Cadastro Único
Feminino,30,Médio Incompleto,Jardim Feo,1,CRAS Barra,CRAS Barra,Público Geral,Cadastro Único
Feminino,32,Médio Completo,Vila Muqui,1,CRAS Barra,CRAS Barra,Público Geral,Cadastro Único
Feminino,45,Fundamental Incompleto,Pimenteiras ,1,CRAS Barra,CRAS Barra,Público Geral,Cadastro Único
Feminino,64,Médio Completo,Golf,1,CRAS Barra,CRAS Barra,Público Geral,Cadastro Único
Feminino,18,Médio Completo,Quinta da Barra,1,CRAS Barra,CRAS Barra,Público Geral,Assistente Social
Masculino,18,Médio Completo,Pimenteiras ,1,CRAS Barra,CRAS Barra,Público Geral,Cadastro Único
Feminino,40,Fundamental Completo,Paineiras,1,CRAS Barra,CRAS Barra,Público Geral,Cadastro Único
Feminino,21,Superior Incompleto,Jardim Feo,1,CRAS Barra,CRAS Barra,Público Geral,Cadastro Único
Feminino,74,Médio Completo,Paineiras,1,CRAS Barra,CRAS Barra,Público Geral,Cadastro Único
Feminino,31,Superior Completo,Vila Muqui,1,CRAS Barra,CRAS Barra,Público Geral,Cadastro Único
Feminino,40,Médio Completo,Barra do Imbuí,1,CRAS Barra,CRAS Barra,Público Geral,Cadastro Único
Feminino,42,Médio Completo,Jardim Feo,1,CRAS Barra,CRAS Barra,Público Geral,Cadastro Único
Feminino,29,Médio Incompleto,Granja Florestal,1,CRAS Barra,CRAS Barra,Público Geral,Cadastro Único
Masculino,18,Médio Completo,Pimenteiras ,1,CRAS Barra,CRAS Barra,Público Geral,Cadastro Único
Feminino,58,Fundamental Incompleto,Jardim Feo,1,CRAS Barra,CRAS Barra,Público Geral,Assistente Social
Masculino,18,Médio Incompleto,Granja Florestal,1,CRAS Barra,CRAS Barra,Público Geral,Assistente Social
Feminino,29,Médio Completo,Vila Muqui,1,CRAS Barra,CRAS Barra,Público Geral,Assistente Social
Feminino,58,Fundamental Incompleto,Paineiras,1,CRAS Barra,CRAS Barra,Público Geral,Assistente Social
Feminino,44,Médio Incompleto,Pimenteiras ,1,CRAS Barra,CRAS Barra,Público Geral,Assistente Social
Feminino,22,Fundamental Incompleto,Jardim Feo,1,CRAS Barra,CRAS Barra,Público Geral,Assistente Social
Feminino,23,Médio Completo,Jardim Feo,1,CRAS Barra,CRAS Barra,Público Geral,Assistente Social
Masculino,71,Fundamental Incompleto,Caleme ,1,CRAS Barra,CRAS Barra,Público Geral,Cadastro Único
Feminino,75,Fundamental Incompleto,Barra do Imbuí,1,CRAS Barra,CRAS Barra,Público Geral,Cadastro Único
Masculino,59,Fundamental Incompleto,Barra do Imbuí,1,CRAS Barra,CRAS Barra,Público Geral,Cadastro Único
Masculino,62,Fundamental Incompleto,Espanhol,1,CRAS Barra,CRAS Barra,Público Geral,Cadastro Único
Masculino,63,Fundamental Completo,Barra do Imbuí,1,CRAS Barra,CRAS Barra,Público Geral,Assistente Social
Feminino,19,Médio Completo,Caleme ,1,CRAS Barra,CRAS Barra,Público Geral,Assistente Social
Feminino,36,Fundamental Completo,Barra do Imbuí,1,CRAS Barra,CRAS Barra,Público Geral,Assistente Social
Feminino,46,Fundamental Incompleto,Pimenteiras ,1,CRAS Barra,CRAS Barra,Público Geral,Assistente Social
Feminino,27,Fundamental Incompleto,Vila Muqui,1,CRAS Barra,CRAS Barra,Público Geral,Assistente Social
Feminino,29,Médio Completo,Barra do Imbuí,1,CRAS Barra,CRAS Barra,Público Geral,Assistente Social
Feminino,60,Fundamental Incompleto,Salaco,1,CRAS Barra,CRAS Barra,Público Geral,Assistente Social
Feminino,35,Médio Completo,Pimenteiras ,1,CRAS Barra,CRAS Barra,Público Geral,Cadastro Único
Feminino,29,Médio Completo,Barra do Imbuí,1,CRAS Barra,CRAS Barra,Público Geral,Cadastro Único
Masculino,59,Fundamental Incompleto,Paineiras,1,CRAS Barra,CRAS Barra,Público Geral,Cadastro Único
Feminino,60,Fundamental Incompleto,Salaco,1,CRAS Barra,CRAS Barra,Público Geral,Cadastro Único
Feminino,19,Médio Completo,Jardim Feo,1,CRAS Barra,CRAS Barra,Público Geral,Cadastro Único
Feminino,52,Médio Incompleto,Barra do Imbuí,1,CRAS Barra,CRAS Barra,Público Geral,Cadastro Único
Feminino,46,Fundamental Incompleto,Caleme ,1,CRAS Barra,CRAS Barra,Público Geral,Cadastro Único
Feminino,22,Fundamental Completo,Jardim Feo,1,CRAS Barra,CRAS Barra,Público Geral,Cadastro Único
Masculino,29,Fundamental Incompleto,Barra do Imbuí,1,CRAS Barra,CRAS Barra,Público Geral,Cadastro Único
Masculino,35,Médio Incompleto,Pimenteiras ,1,CRAS Barra,CRAS Barra,Público Geral,Cadastro Único
Masculino,39,Médio Incompleto,Cascata do Imbuí ,1,CRAS Barra,CRAS Barra,Público Geral,Assistente Social
Feminino,32,Médio Incompleto,Paineiras,1,CRAS Barra,CRAS Barra,Público Geral,Assistente Social
Masculino,47,Médio Completo,Paineiras,1,CRAS Barra,CRAS Barra,Público Geral,Assistente Social
Feminino,46,Fundamental Incompleto,Caleme ,1,CRAS Barra,CRAS Barra,Público Geral,Assistente Social
Masculino,39,Médio Incompleto,Pimenteiras ,1,CRAS Barra,CRAS Barra,Público Geral,Cadastro Único
Feminino,73,Fundamental Incompleto,Granja Florestal,1,CRAS Barra,CRAS Barra,Público Geral,Cadastro Único
Masculino,35,Médio Incompleto,Pimenteiras ,1,CRAS Barra,CRAS Barra,Público Geral,Cadastro Único
Feminino,35,Médio Completo,Parque do Imbuí,1,CRAS Barra,CRAS Barra,Público Geral,Cadastro Único
Feminino,51,Fundamental Incompleto,Paineiras,1,CRAS Barra,CRAS Barra,Público Geral,Cadastro Único
Feminino,71,Fundamental Incompleto,Paineiras,1,CRAS Barra,CRAS Barra,Público Geral,Cadastro Único
Feminino,56,Superior Incompleto,Barra do Imbuí,1,CRAS Barra,CRAS Barra,Público Geral,Cadastro Único
Feminino,78,Fundamental Incompleto,Barra do Imbuí,1,CRAS Barra,CRAS Barra,Público Geral,Cadastro Único
Feminino,50,Superior Completo,Pimenteiras ,1,CRAS Barra,CRAS Barra,Público Geral,Assistente Social
Feminino,45,Médio Completo,Espanhol,1,CRAS Barra,CRAS Barra,Público Geral,Assistente Social
Feminino,38,Médio Incompleto,Caleme ,1,CRAS Barra,CRAS Barra,Público Geral,Assistente Social
Feminino,43,Fundamental Incompleto,Barra do Imbuí,1,CRAS Barra,CRAS Barra,Público Geral,Assistente Social
Feminino,56,Fundamental Incompleto,Paineiras,1,CRAS Barra,CRAS Barra,Público Geral,Assistente Social
Feminino,42,Fundamental Incompleto,Caleme ,1,CRAS Barra,CRAS Barra,Público Geral,Assistente Social
Feminino,25,Médio Incompleto,Pimenteiras ,1,CRAS Barra,CRAS Barra,Público Geral,Assistente Social
Masculino,34,Médio Completo,Pimenteiras ,1,CRAS Barra,CRAS Barra,Público Geral,Cadastro Único
Feminino,38,Médio Incompleto,Caleme ,1,CRAS Barra,CRAS Barra,Público Geral,Cadastro Único
Masculino,26,Superior Incompleto,Salaco,1,CRAS Barra,CRAS Barra,Público Geral,Assistente Social
Feminino,22,Fundamental Incompleto,Jardim Feo,1,CRAS Barra,CRAS Barra,Público Geral,Cadastro Único
Feminino,47,Fundamental Incompleto,Jardim Feo,1,CRAS Barra,CRAS Barra,Público Geral,Cadastro Único
Feminino,40,Médio Incompleto,Pimenteiras ,1,CRAS Barra,CRAS Barra,Público Geral,Cadastro Único
Feminino,25,Médio Incompleto,Pimenteiras ,1,CRAS Barra,CRAS Barra,Público Geral,Cadastro Único
Feminino,33,Médio Completo,Barra do Imbuí,1,CRAS Barra,CRAS Barra,Público Geral,Cadastro Único
Feminino,44,Médio Completo,Barra do Imbuí,1,CRAS Barra,CRAS Barra,Público Geral,Assistente Social
Feminino,46,Médio Completo,Pimenteiras ,1,CRAS Barra,CRAS Barra,Público Geral,Cadastro Único
Feminino,33,Médio Completo,Barra do Imbuí,1,CRAS Barra,CRAS Barra,Público Geral,Assistente Social
Feminino,46,Médio Completo,Golf,1,CRAS Barra,CRAS Barra,Público Geral,Cadastro Único
Feminino,24,Médio Completo,Paineiras,1,CRAS Barra,CRAS Barra,Público Geral,Cadastro Único
Masculino,54,Fundamental Incompleto,Caleme ,1,CRAS Barra,CRAS Barra,Público Geral,Cadastro Único
Feminino,60,Médio Completo,Barra do Imbuí,1,CRAS Barra,CRAS Barra,Público Geral,Cadastro Único
Feminino,62,Fundamental Incompleto,Quebra Frascos,1,CRAS Barra,CRAS Barra,Público Geral,Cadastro Único
Feminino,19,Médio Completo,Vila Muqui,1,CRAS Barra,CRAS Barra,Público Geral,Cadastro Único
Feminino,62,Fundamental Incompleto,Quebra Frascos,1,CRAS Barra,CRAS Barra,Público Geral,Assistente Social
Feminino,19,Médio Completo,Vila Muqui,1,CRAS Barra,CRAS Barra,Público Geral,Assistente Social
Feminino,19,Médio Completo,Vila Muqui,1,CRAS Barra,CRAS Barra,Público Geral,Psicóloga
Feminino,48,Médio Incompleto,Barra do Imbuí,1,CRAS Barra,CRAS Barra,Público Geral,Assistente Social
Masculino,26,Médio Incompleto,Barra do Imbuí,1,CRAS Barra,CRAS Barra,Público Geral,Psicóloga
Feminino,16,Médio Incompleto,Jardim Feo,1,CRAS Barra,CRAS Barra,Público Geral,Assistente Social
Masculino,68,Superior Incompleto,Pimenteiras ,1,CRAS Barra,CRAS Barra,Público Geral,Cadastro Único
Feminino,39,Médio Completo,Posse,1,CRAS Barra,CRAS Barra,Público Geral,Cadastro Único
Feminino,51,Médio Incompleto,Jardim Feo,1,CRAS Barra,CRAS Barra,Público Geral,Assistente Social
Feminino,58,Fundamental Incompleto,Barra do Imbuí,1,CRAS Barra,CRAS Barra,Público Geral,Assistente Social
Feminino,42,Médio Completo,Jardim Feo,1,CRAS Barra,CRAS Barra,Público Geral,Assistente Social
Masculino,51,Fundamental Completo,Barra do Imbuí,1,CRAS Barra,CRAS Barra,Público Geral,Cadastro Único
Feminino,68,Fundamental Incompleto,Posse,1,CRAS Barra,CRAS Barra,Público Geral,Cadastro Único
Feminino,23,Médio Incompleto,Salaco,1,CRAS Barra,CRAS Barra,Público Geral,Cadastro Único
Feminino,56,Fundamental Incompleto,Jardim Feo,1,CRAS Barra,CRAS Barra,Público Geral,Cadastro Único
Feminino,19,Fundamental Incompleto,Paineiras,1,CRAS Barra,CRAS Barra,Público Geral,Cadastro Único
Feminino,70,Fundamental Incompleto,Caleme ,1,CRAS Barra,CRAS Barra,Público Geral,Cadastro Único
Feminino,55,Fundamental Incompleto,Vila Muqui,1,CRAS Barra,CRAS Barra,Público Geral,Cadastro Único
Feminino,44,Médio Completo,Espanhol,1,CRAS Barra,CRAS Barra,Público Geral,Cadastro Único
Feminino,52,Médio Completo,Paineiras,1,CRAS Barra,CRAS Barra,Público Geral,Cadastro Único
Feminino,20,Médio Incompleto,Barra do Imbuí,1,CRAS Barra,CRAS Barra,Público Geral,Cadastro Único
Feminino,60,Médio Completo,Paineiras,1,CRAS Barra,CRAS Barra,Público Geral,Cadastro Único
Feminino,48,Fundamental Incompleto,Pimenteiras ,1,CRAS Barra,CRAS Barra,Público Geral,Cadastro Único
Feminino,41,Médio Completo,Jardim Feo,1,CRAS Barra,CRAS Barra,Público Geral,Cadastro Único
Feminino,49,Médio Incompleto,Jardim Feo,1,CRAS Barra,CRAS Barra,Público Geral,Cadastro Único
Feminino,28,Médio Completo,Cascata do Imbuí ,1,CRAS Barra,CRAS Barra,Público Geral,Cadastro Único
Feminino,50,Superior Completo,Paineiras,1,CRAS Barra,CRAS Barra,Público Geral,Cadastro Único
Feminino,34,Médio Completo,Paineiras,1,CRAS Barra,CRAS Barra,Público Geral,Cadastro Único
Feminino,49,Médio Incompleto,Caleme ,1,CRAS Barra,CRAS Barra,Público Geral,Cadastro Único
Feminino,44,Fundamental Incompleto,Parque do Imbuí,1,CRAS Barra,CRAS Barra,Público Geral,Cadastro Único
Feminino,34,Médio Completo,Caleme ,1,CRAS Barra,CRAS Barra,Público Geral,Cadastro Único
Feminino,19,Médio Completo,Paineiras,1,CRAS Barra,CRAS Barra,Público Geral,Assistente Social
Masculino,51,Fundamental Completo,Barra do Imbuí,1,CRAS Barra,CRAS Barra,Público Geral,Assistente Social
Feminino,45,Médio Completo,Pimenteiras ,1,CRAS Barra,CRAS Barra,Público Geral,Assistente Social
Feminino,47,Médio Incompleto,Granja Florestal,1,CRAS Barra,CRAS Barra,Público Geral,Assistente Social
Feminino,19,Fundamental Incompleto,Paineiras,1,CRAS Barra,CRAS Barra,Público Geral,Assistente Social
Feminino,48,Fundamental Incompleto,Pimenteiras ,1,CRAS Barra,CRAS Barra,Público Geral,Assistente Social
Feminino,49,Médio Incompleto,Jardim Feo,1,CRAS Barra,CRAS Barra,Público Geral,Assistente Social
Feminino,20,Médio Completo,Caleme ,1,CRAS Barra,CRAS Barra,Público Geral,Cadastro Único
Feminino,28,Médio Completo,Jardim Feo,1,CRAS Barra,CRAS Barra,Público Geral,Cadastro Único
Feminino,40,Superior Incompleto,Jardim Feo,1,CRAS Barra,CRAS Barra,Público Geral,Cadastro Único
Masculino,54,Fundamental Incompleto,Cascata do Imbuí ,1,CRAS Barra,CRAS Barra,Público Geral,Cadastro Único
Feminino,18,Médio Completo,Barra do Imbuí,1,CRAS Barra,CRAS Barra,Público Geral,Cadastro Único
Feminino,18,Médio Completo,Barra do Imbuí,1,CRAS Barra,CRAS Barra,Público Geral,Cadastro Único
Masculino,59,Fundamental Incompleto,Barra do Imbuí,1,CRAS Barra,CRAS Barra,Público Geral,Cadastro Único
Feminino,48,Fundamental Incompleto,Caleme ,1,CRAS Barra,CRAS Barra,Público Geral,Assistente Social
Feminino,18,Médio Completo,Barra do Imbuí,1,CRAS Barra,CRAS Barra,Público Geral,Assistente Social
Masculino,37,Médio Completo,Pimenteiras ,1,CRAS Barra,CRAS Barra,Público Geral,Assistente Social
Masculino,59,Fundamental Incompleto,Paineiras,1,CRAS Barra,CRAS Barra,Público Geral,Cadastro Único
Feminino,49,Fundamental Incompleto,Espanhol,1,CRAS Barra,CRAS Barra,Público Geral,Cadastro Único
Feminino,35,Médio Completo,Pimenteiras ,1,CRAS Barra,CRAS Barra,Público Geral,Cadastro Único
Feminino,45,Superior Incompleto,Paineiras,1,CRAS Barra,CRAS Barra,Público Geral,Cadastro Único
Masculino,22,Médio Incompleto,Paineiras,1,CRAS Barra,CRAS Barra,Público Geral,Cadastro Único
Feminino,59,Fundamental Incompleto,Granja Florestal,1,CRAS Barra,CRAS Barra,Público Geral,Assistente Social
Feminino,39,Médio Completo,Várzea,1,CRAS Barra,CRAS Barra,Público Geral,Assistente Social
Feminino,66,Fundamental Incompleto,Espanhol,1,CRAS Barra,CRAS Barra,Público Geral,Assistente Social
Feminino,60,Fundamental Incompleto,Barra do Imbuí,1,CRAS Barra,CRAS Barra,Público Geral,Cadastro Único
Feminino,18,Médio Completo,Barra do Imbuí,1,CRAS Barra,CRAS Barra,Público Geral,Cadastro Único
Feminino,54,Fundamental Incompleto,Jardim Feo,1,CRAS Barra,CRAS Barra,Público Geral,Assistente Social
Feminino,29,Médio Completo,Pimenteiras ,1,CRAS Barra,CRAS Barra,Público Geral,Assistente Social
Feminino,24,Médio Completo,Salaco,1,CRAS Barra,CRAS Barra,Público Geral,Cadastro Único
Feminino,66,Fundamental Incompleto,Pimenteiras ,1,CRAS Barra,CRAS Barra,Público Geral,Cadastro Único
Feminino,64,Fundamental Incompleto,Espanhol,1,CRAS Barra,CRAS Barra,Público Geral,Cadastro Único
Masculino,63,Médio Incompleto,Barra do Imbuí,1,CRAS Barra,CRAS Barra,Público Geral,Cadastro Único
Feminino,48,Fundamental Incompleto,Caleme ,1,CRAS Barra,CRAS Barra,Público Geral,Cadastro Único
Feminino,64,Fundamental Incompleto,Cascata do Imbuí ,1,CRAS Barra,CRAS Barra,Público Geral,Cadastro Único
Feminino,62,Médio Incompleto,Jardim Feo,1,CRAS Barra,CRAS Barra,Público Geral,Cadastro Único
Feminino,69,Médio Completo,Jardim Feo,1,CRAS Barra,CRAS Barra,Público Geral,Cadastro Único
Feminino,33,Médio Incompleto,Jardim Feo,1,CRAS Barra,CRAS Barra,Público Geral,Cadastro Único
Feminino,34,Médio Completo,Parque do Imbuí,1,CRAS Barra,CRAS Barra,Público Geral,Assistente Social
Feminino,37,Médio Completo,Caleme ,1,CRAS Barra,CRAS Barra,Público Geral,Assistente Social
Feminino,62,Médio Incompleto,Jardim Feo,1,CRAS Barra,CRAS Barra,Público Geral,Assistente Social
Feminino,29,Fundamental Incompleto,Barra do Imbuí,1,CRAS Barra,CRAS Barra,Público Geral,Cadastro Único
Feminino,29,Fundamental Incompleto,Barra do Imbuí,1,CRAS Barra,CRAS Barra,Público Geral,Assistente Social
Feminino,23,Médio Completo,Posse,1,CRAS Barra,CRAS Barra,Público Geral,Assistente Social
Feminino,23,Médio Completo,Posse,1,CRAS Barra,CRAS Barra,Público Geral,Cadastro Único
Masculino,50,Fundamental Incompleto,Espanhol,1,CRAS Barra,CRAS Barra,Público Geral,Assistente Social
Feminino,34,Fundamental Incompleto,Parque do Imbuí,1,CRAS Barra,CRAS Barra,Público Geral,Assistente Social
Feminino,41,Médio Completo,Granja Florestal,1,CRAS Barra,CRAS Barra,Público Geral,Assistente Social
Feminino,41,Médio Completo,Granja Florestal,1,CRAS Barra,CRAS Barra,Público Geral,Cadastro Único
Feminino,41,Médio Completo,Vila Muqui,1,CRAS Barra,CRAS Barra,Público Geral,Assistente Social
Feminino,42,Médio Incompleto,Espanhol,1,CRAS Barra,CRAS Barra,Público Geral,Assistente Social
Feminino,59,Fundamental Incompleto,Parque do Imbuí,1,CRAS Barra,CRAS Barra,Público Geral,Assistente Social
Feminino,20,Médio Incompleto,Vila Muqui,1,CRAS Barra,CRAS Barra,Público Geral,Assistente Social
Feminino,59,Fundamental Incompleto,Parque do Imbuí,1,CRAS Barra,CRAS Barra,Público Geral,Cadastro Único
Feminino,34,Superior Completo,Barra do Imbuí,1,CRAS Barra,CRAS Barra,Público Geral,Cadastro Único
Feminino,21,Médio Completo,Barra do Imbuí,1,CRAS Barra,CRAS Barra,Público Geral,Cadastro Único
Feminino,74,Médio Completo,Paineiras,1,CRAS Barra,CRAS Barra,Público Geral,Cadastro Único
Feminino,18,Médio Completo,Granja Florestal,1,CRAS Barra,CRAS Barra,Público Geral,Cadastro Único
Feminino,35,Superior Completo,Barra do Imbuí,1,CRAS Barra,CRAS Barra,Público Geral,Cadastro Único
Feminino,50,Fundamental Incompleto,Caleme ,1,CRAS Barra,CRAS Barra,Público Geral,Cadastro Único
Feminino,33,Médio Incompleto,Salaco,1,CRAS Barra,CRAS Barra,Público Geral,Cadastro Único
Feminino,33,Médio Incompleto,Salaco,1,CRAS Barra,CRAS Barra,Público Geral,Assistente Social
Feminino,18,Médio Completo,Granja Florestal,1,CRAS Barra,CRAS Barra,Público Geral,Assistente Social
Feminino,46,Médio Completo,Pimenteiras ,1,CRAS Barra,CRAS Barra,Público Geral,Assistente Social
Feminino,21,Médio Completo,Barra do Imbuí,1,CRAS Barra,CRAS Barra,Público Geral,Assistente Social
Feminino,23,Médio Incompleto,Caleme ,1,CRAS Barra,CRAS Barra,Público Geral,Cadastro Único
Feminino,39,Fundamental Incompleto,Barra do Imbuí,1,CRAS Barra,CRAS Barra,Público Geral,Cadastro Único
Feminino,24,Médio Completo,Paineiras,1,CRAS Barra,CRAS Barra,Público Geral,Cadastro Único
Feminino,49,Fundamental Completo,Paineiras,1,CRAS Barra,CRAS Barra,Público Geral,Cadastro Único
Feminino,49,Fundamental Completo,Paineiras,1,CRAS Barra,CRAS Barra,Público Geral,Assistente Social
Feminino,43,Fundamental Incompleto,Pimenteiras ,1,CRAS Barra,CRAS Barra,Público Geral,Cadastro Único
Feminino,30,Superior Incompleto,Paineiras,1,CRAS Barra,CRAS Barra,Público Geral,Assistente Social
Feminino,39,Médio Completo,Pimenteiras ,1,CRAS Barra,CRAS Barra,Público Geral,Cadastro Único
Masculino,39,Médio Incompleto,Cascata do Imbuí ,1,CRAS Barra,CRAS Barra,Público Geral,Cadastro Único
Masculino,39,Fundamental Completo,Barra do Imbuí,1,CRAS Barra,CRAS Barra,Público Geral,Cadastro Único
Feminino,33,Fundamental Incompleto,Vila Muqui,1,CRAS Barra,CRAS Barra,Público Geral,Cadastro Único
Feminino,44,Fundamental Completo,Jardim Feo,1,CRAS Barra,CRAS Barra,Público Geral,Cadastro Único
Feminino,39,Médio Completo,Jardim Feo,1,CRAS Barra,CRAS Barra,Público Geral,Cadastro Único
Feminino,44,Fundamental Incompleto,Vila Muqui,1,CRAS Barra,CRAS Barra,Público Geral,Cadastro Único
Feminino,67,Fundamental Completo,Granja Florestal,1,CRAS Barra,CRAS Barra,Público Geral,Cadastro Único
Feminino,21,Médio Completo,Paineiras,1,CRAS Barra,CRAS Barra,Público Geral,Cadastro Único
Feminino,25,Médio Completo,Barra do Imbuí,1,CRAS Barra,CRAS Barra,Público Geral,Cadastro Único
Feminino,42,Médio Completo,Jardim Feo,1,CRAS Barra,CRAS Barra,Público Geral,Cadastro Único
Feminino,33,Médio Incompleto,Salaco,1,CRAS Barra,CRAS Barra,Público Geral,Cadastro Único
Feminino,33,Médio Completo,Barra do Imbuí,1,CRAS Barra,CRAS Barra,Público Geral,Cadastro Único
Feminino,30,Médio Completo,Espanhol,1,CRAS Barra,CRAS Barra,Público Geral,Assistente Social
Feminino,39,Médio Completo,Jardim Feo,1,CRAS Barra,CRAS Barra,Público Geral,Assistente Social
Feminino,21,Médio Completo,Paineiras,1,CRAS Barra,CRAS Barra,Público Geral,Assistente Social
Feminino,25,Médio Completo,Barra do Imbuí,1,CRAS Barra,CRAS Barra,Público Geral,Assistente Social
Feminino,30,Superior Completo,Pimenteiras ,1,CRAS Barra,CRAS Barra,Público Geral,Assistente Social
Feminino,65,Fundamental Incompleto,Paineiras,1,CRAS Barra,CRAS Barra,Público Geral,Assistente Social
Feminino,45,Médio Completo,Barra do Imbuí,1,CRAS Barra,CRAS Barra,Público Geral,Assistente Social
Feminino,42,Médio Completo,Jardim Feo,1,CRAS Barra,CRAS Barra,Público Geral,Assistente Social
Masculino,37,Médio Incompleto,Paineiras,1,CRAS Barra,CRAS Barra,Público Geral,Assistente Social
Feminino,30,Médio Incompleto,Paineiras,1,CRAS Barra,CRAS Barra,Público Geral,Assistente Social
Feminino,35,Superior Completo,Pimenteiras ,1,CRAS Barra,CRAS Barra,Público Geral,Assistente Social
Feminino,32,Fundamental Completo,Parque do Imbuí,1,CRAS Barra,CRAS Barra,Público Geral,Assistente Social
Masculino,66,Fundamental Incompleto,Parque do Imbuí,1,CRAS Barra,CRAS Barra,Público Geral,Assistente Social
Feminino,29,Fundamental Completo,Pimenteiras ,1,CRAS Barra,CRAS Barra,Público Geral,Assistente Social
Feminino,59,Médio Incompleto,Jardim Feo,1,CRAS Barra,CRAS Barra,Público Geral,Assistente Social
Feminino,60,Fundamental Incompleto,Paineiras,1,CRAS Barra,CRAS Barra,Público Geral,Assistente Social
Masculino,66,Fundamental Incompleto,Parque do Imbuí,1,CRAS Barra,CRAS Barra,Público Geral,Cadastro Único
Feminino,59,Médio Completo,Barra do Imbuí,1,CRAS Barra,CRAS Barra,Público Geral,Cadastro Único
Feminino,29,Médio Incompleto,Granja Florestal,1,CRAS Barra,CRAS Barra,Público Geral,Cadastro Único
Feminino,27,Médio Incompleto,Posse,1,CRAS Barra,CRAS Barra,Público Geral,Cadastro Único
Feminino,60,Fundamental Completo,Paineiras,1,CRAS Barra,CRAS Barra,Público Geral,Cadastro Único
Feminino,32,Fundamental Completo,Parque do Imbuí,1,CRAS Barra,CRAS Barra,Público Geral,Cadastro Único
Feminino,59,Médio Incompleto,Jardim Feo,1,CRAS Barra,CRAS Barra,Público Geral,Cadastro Único
Masculino,37,Médio Incompleto,Jardim Feo,1,CRAS Barra,CRAS Barra,Público Geral,Cadastro Único
Feminino,34,Fundamental Incompleto,Vila Muqui,1,CRAS Barra,CRAS Barra,Público Geral,Cadastro Único
Masculino,36,Médio Completo,Pimenteiras ,1,CRAS Barra,CRAS Barra,Público Geral,Cadastro Único
Masculino,36,Médio Completo,Pimenteiras ,1,CRAS Barra,CRAS Barra,Público Geral,Assistente Social
Feminino,47,Superior Completo,Cascata do Imbuí ,1,CRAS Barra,CRAS Barra,Público Geral,Cadastro Único
Feminino,65,Fundamental Incompleto,Barra do Imbuí,1,CRAS Barra,CRAS Barra,Público Geral,Assistente Social
Masculino,24,Médio Completo,Vila Muqui,1,CRAS Barra,CRAS Barra,Público Geral,Assistente Social
Feminino,44,Médio Completo,Barra do Imbuí,1,CRAS Barra,CRAS Barra,Público Geral,Assistente Social
Feminino,51,Fundamental Completo,Parque do Imbuí,1,CRAS Barra,CRAS Barra,Público Geral,Cadastro Único
Masculino,55,Médio Completo,Barra do Imbuí,1,CRAS Barra,CRAS Barra,Público Geral,Assistente Social
Feminino,22,Médio Incompleto,Vila Muqui,1,CRAS Barra,CRAS Barra,Público Geral,Cadastro Único
Feminino,55,Fundamental Incompleto,Vila Muqui,1,CRAS Barra,CRAS Barra,Público Geral,Cadastro Único
Feminino,68,Fundamental Incompleto,Caleme ,1,CRAS Barra,CRAS Barra,Público Geral,Cadastro Único
Feminino,22,Fundamental Incompleto,Paineiras,1,CRAS Barra,CRAS Barra,Público Geral,Cadastro Único
Feminino,58,Médio Completo,Barra do Imbuí,1,CRAS Barra,CRAS Barra,Público Geral,Cadastro Único
Feminino,58,Médio Completo,Barra do Imbuí,1,CRAS Barra,CRAS Barra,Público Geral,Assistente Social
Feminino,19,Médio Completo,Jardim Feo,1,CRAS Barra,CRAS Barra,Público Geral,Cadastro Único
Feminino,46,Fundamental Incompleto,Granja Florestal,1,CRAS Barra,CRAS Barra,Público Geral,Cadastro Único
Feminino,34,Fundamental Incompleto,Fonte Santa ,1,CRAS Barra,CRAS Barra,Público Geral,Cadastro Único
Feminino,28,Médio Completo,Paineiras,1,CRAS Barra,CRAS Barra,Público Geral,Cadastro Único
Feminino,23,Médio Completo,Jardim Pimenteiras,1,CRAS Barra,CRAS Barra,Público Geral,Cadastro Único
Feminino,16,Fundamental Incompleto,Paineiras,1,CRAS Barra,CRAS Barra,Público Geral,Cadastro Único
Masculino,54,Fundamental Incompleto,Caleme ,1,CRAS Barra,CRAS Barra,Público Geral,Cadastro Único
Feminino,18,Médio Completo,Vila Muqui,1,CRAS Barra,CRAS Barra,Público Geral,Cadastro Único
Feminino,18,Médio Completo,Vila Muqui,1,CRAS Barra,CRAS Barra,Público Geral,Assistente Social
Feminino,20,Superior Completo,Caleme ,1,CRAS Barra,CRAS Barra,Público Geral,Cadastro Único
Feminino,63,Fundamental Incompleto,Espanhol,1,CRAS Barra,CRAS Barra,Público Geral,Cadastro Único
Feminino,60,Fundamental Incompleto,Paineiras,1,CRAS Barra,CRAS Barra,Público Geral,Assistente Social
Feminino,63,Não Escolarizado,Caleme ,1,CRAS Barra,CRAS Barra,Público Geral,Cadastro Único
Feminino,24,Médio Completo,Espanhol,1,CRAS Barra,CRAS Barra,Público Geral,Cadastro Único
Feminino,34,Médio Incompleto,Caleme ,1,CRAS Barra,CRAS Barra,Público Geral,Cadastro Único
Masculino,75,Fundamental Incompleto,Espanhol,1,CRAS Barra,CRAS Barra,Público Geral,Cadastro Único
Masculino,42,Fundamental Incompleto,Granja Florestal,1,CRAS Barra,CRAS Barra,Público Geral,Assistente Social
Feminino,64,Fundamental Incompleto,Espanhol,1,CRAS Barra,CRAS Barra,Público Geral,Assistente Social
Feminino,20,Médio Incompleto,Caleme ,1,CRAS Barra,CRAS Barra,Público Geral,Assistente Social
Feminino,18,Médio Completo,Pimenteiras ,1,CRAS Barra,CRAS Barra,Público Geral,Assistente Social
Feminino,51,Fundamental Incompleto,Parque do Imbuí,1,CRAS Barra,CRAS Barra,Público Geral,Assistente Social
Feminino,32,Médio Completo,Barra do Imbuí,1,CRAS Barra,CRAS Barra,Público Geral,Assistente Social
Feminino,19,Médio Completo,Jardim Feo,1,CRAS Barra,CRAS Barra,Público Geral,Assistente Social
Feminino,42,Médio Completo,Granja Florestal,1,CRAS Barra,CRAS Barra,Público Geral,Cadastro Único
Masculino,34,Médio Completo,Paineiras,1,CRAS Barra,CRAS Barra,Público Geral,Cadastro Único
Feminino,52,Fundamental Incompleto,Caleme ,1,CRAS Barra,CRAS Barra,Público Geral,Assistente Social
Feminino,33,Fundamental Incompleto,Paineiras,1,CRAS Barra,CRAS Barra,Público Geral,Cadastro Único
Masculino,75,Médio Completo,Golf,1,CRAS Barra,CRAS Barra,Público Geral,Cadastro Único
Feminino,31,Médio Incompleto,Salaco,1,CRAS Barra,CRAS Barra,Público Geral,Cadastro Único
Masculino,34,Médio Completo,Paineiras,1,CRAS Barra,CRAS Barra,Público Geral,Assistente Social
Feminino,32,Fundamental Completo,Salaco,1,CRAS Barra,CRAS Barra,Público Geral,Assistente Social
Feminino,31,Médio Incompleto,Salaco,1,CRAS Barra,CRAS Barra,Público Geral,Assistente Social
Feminino,48,Fundamental Incompleto,Caleme ,1,CRAS Barra,CRAS Barra,Público Geral,Psicóloga
Feminino,27,Médio Completo,Barra do Imbuí,1,CRAS Barra,CRAS Barra,Público Geral,Assistente Social
Feminino,41,Médio Completo,Posse,1,CRAS Barra,CRAS Barra,Público Geral,Cadastro Único
Feminino,45,Fundamental Completo,Barra do Imbuí,1,CRAS Barra,CRAS Barra,Público Geral,Assistente Social
Feminino,31,Médio Completo,Pimenteiras ,1,CRAS Barra,CRAS Barra,Público Geral,Cadastro Único
Feminino,57,Fundamental Completo,Paineiras,1,CRAS Barra,CRAS Barra,Público Geral,Assistente Social
Feminino,56,Fundamental Incompleto,Caleme ,1,CRAS Barra,CRAS Barra,Público Geral,Assistente Social
Feminino,28,Médio Completo,Barra do Imbuí,1,CRAS Barra,CRAS Barra,Público Geral,Assistente Social
Masculino,81,Não Escolarizado,Caleme ,1,CRAS Barra,CRAS Barra,Público Geral,Assistente Social
Feminino,49,Médio Incompleto,Jardim Feo,1,CRAS Barra,CRAS Barra,Público Geral,Assistente Social
Feminino,20,Médio Incompleto,Jardim Feo,1,CRAS Barra,CRAS Barra,Público Geral,Cadastro Único
Masculino,63,Fundamental Incompleto,Granja Florestal,1,CRAS Barra,CRAS Barra,Público Geral,Cadastro Único
Feminino,68,Médio Incompleto,Barra do Imbuí,1,CRAS Barra,CRAS Barra,Público Geral,Cadastro Único
Feminino,56,Fundamental Incompleto,Caleme ,1,CRAS Barra,CRAS Barra,Público Geral,Cadastro Único
Feminino,21,Superior Incompleto,Paineiras,1,CRAS Barra,CRAS Barra,Público Geral,Cadastro Único
Feminino,48,Superior Completo,Caleme ,1,CRAS Barra,CRAS Barra,Público Geral,Cadastro Único
Masculino,49,Fundamental Completo,Paineiras,1,CRAS Barra,CRAS Barra,Público Geral,Cadastro Único
Feminino,66,Fundamental Incompleto,Paineiras,1,CRAS Barra,CRAS Barra,Público Geral,Cadastro Único
Feminino,31,Fundamental Incompleto,Barra do Imbuí,1,CRAS Barra,CRAS Barra,Público Geral,Cadastro Único
Feminino,30,Fundamental Incompleto,Jardim Serrano,1,CRAS Barra,CRAS Barra,Público Geral,Cadastro Único
Masculino,60,Fundamental Incompleto,Jardim Feo,1,CRAS Barra,CRAS Barra,Público Geral,Cadastro Único
Feminino,48,Superior Completo,Caleme ,1,CRAS Barra,CRAS Barra,Público Geral,Assistente Social
Feminino,33,Médio Incompleto,Salaco,1,CRAS Barra,CRAS Barra,Público Geral,Assistente Social
Feminino,57,Fundamental Incompleto,Jardim Pimenteiras,1,CRAS Barra,CRAS Barra,Público Geral,Assistente Social
Feminino,42,Fundamental Completo,Paineiras,1,CRAS Barra,CRAS Barra,Público Geral,Assistente Social
Feminino,44,Médio Completo,Barra do Imbuí,1,CRAS Barra,CRAS Barra,Público Geral,Assistente Social
Masculino,35,Médio Incompleto,Barra do Imbuí,1,CRAS Barra,CRAS Barra,Público Geral,Assistente Social
Feminino,36,Médio Incompleto,Caleme ,1,CRAS Barra,CRAS Barra,Público Geral,Assistente Social
Masculino,61,Fundamental Incompleto,Paineiras,1,CRAS Barra,CRAS Barra,Público Geral,Assistente Social
Feminino,51,Fundamental Completo,Cascata do Imbuí ,1,CRAS Barra,CRAS Barra,Público Geral,Cadastro Único
Feminino,30,Superior Incompleto,Jardim Feo,1,CRAS Barra,CRAS Barra,Público Geral,Assistente Social
Feminino,67,Fundamental Incompleto,Paineiras,1,CRAS Barra,CRAS Barra,Público Geral,Cadastro Único
Feminino,24,Médio Completo,Pimenteiras ,1,CRAS Barra,CRAS Barra,Público Geral,Cadastro Único
Feminino,73,Fundamental Completo,Quebra Frascos,1,CRAS Barra,CRAS Barra,Público Geral,Assistente Social
Feminino,43,Médio Completo,Barra do Imbuí,1,CRAS Barra,CRAS Barra,Público Geral,Cadastro Único
Feminino,68,Fundamental Incompleto,Paineiras,1,CRAS Barra,CRAS Barra,Público Geral,Cadastro Único
Feminino,41,Fundamental Incompleto,Salaco,1,CRAS Barra,CRAS Barra,Público Geral,Cadastro Único
Feminino,60,Fundamental Incompleto,Granja Florestal,1,CRAS Barra,CRAS Barra,Público Geral,Cadastro Único
Feminino,27,Fundamental Incompleto,Paineiras,1,CRAS Barra,CRAS Barra,Público Geral,Cadastro Único
Feminino,38,Fundamental Completo,Barra do Imbuí,1,CRAS Barra,CRAS Barra,Público Geral,Cadastro Único
Feminino,46,Fundamental Incompleto,Vila Muqui,1,CRAS Barra,CRAS Barra,Público Geral,Cadastro Único
Masculino,58,Fundamental Incompleto,Corta Vento,1,CRAS Barra,CRAS Barra,Público Geral,Cadastro Único
Feminino,45,Médio Completo,Barra do Imbuí,1,CRAS Barra,CRAS Barra,Público Geral,Cadastro Único
Feminino,66,Fundamental Incompleto,Barra do Imbuí,1,CRAS Barra,CRAS Barra,Público Geral,Cadastro Único
Feminino,46,Médio Completo,Parque do Imbuí,1,CRAS Barra,CRAS Barra,Público Geral,Cadastro Único
Masculino,28,Fundamental Incompleto,Paineiras,1,CRAS Barra,CRAS Barra,Público Geral,Cadastro Único
Feminino,44,Fundamental Incompleto,Barra do Imbuí,1,CRAS Barra,CRAS Barra,Público Geral,Cadastro Único
Feminino,25,Superior Incompleto,Caleme ,1,CRAS Barra,CRAS Barra,Público Geral,Cadastro Único
Feminino,22,Médio Completo,Barra do Imbuí,1,CRAS Barra,CRAS Barra,Público Geral,Cadastro Único
Masculino,40,Fundamental Completo,Paineiras,1,CRAS Barra,CRAS Barra,Público Geral,Cadastro Único
Feminino,27,Fundamental Incompleto,Barra do Imbuí,1,CRAS Barra,CRAS Barra,Público Geral,Cadastro Único
Feminino,43,Médio Completo,Barra do Imbuí,1,CRAS Barra,CRAS Barra,Público Geral,Cadastro Único
Feminino,24,Médio Completo,Barra do Imbuí,1,CRAS Barra,CRAS Barra,Público Geral,Cadastro Único
Feminino,68,Fundamental Incompleto,Paineiras,1,CRAS Barra,CRAS Barra,Público Geral,Assistente Social
Feminino,43,Médio Completo,Barra do Imbuí,1,CRAS Barra,CRAS Barra,Público Geral,Assistente Social
Feminino,30,Superior Completo,Granja Florestal,1,CRAS Barra,CRAS Barra,Público Geral,Assistente Social
Feminino,36,Médio Incompleto,Espanhol,1,CRAS Barra,CRAS Barra,Público Geral,Assistente Social
Feminino,27,Fundamental Incompleto,Paineiras,1,CRAS Barra,CRAS Barra,Público Geral,Assistente Social
Feminino,19,Fundamental Incompleto,Jardim Feo ,1,CRAS Barra,CRAS Barra,Público Geral,Assistente Social
Feminino,24,Médio Completo,Barra do Imbuí,1,CRAS Barra,CRAS Barra,Público Geral,Assistente Social
Feminino,67,Fundamental Completo,Vila Muqui,1,CRAS Barra,CRAS Barra,Público Geral,Assistente Social
Feminino,64,Superior Incompleto,Golf,1,CRAS Barra,CRAS Barra,Público Geral,Assistente Social
Feminino,30,Superior Completo,Granja Florestal,1,CRAS Barra,CRAS Barra,Público Geral,Cadastro Único
Feminino,19,Fundamental Incompleto,Jardim Feo ,1,CRAS Barra,CRAS Barra,Público Geral,Cadastro Único
Feminino,68,Fundamental Incompleto,Posse,1,CRAS Barra,CRAS Barra,Público Geral,Cadastro Único
Feminino,81,Médio Incompleto,Barra do Imbuí,1,CRAS Barra,CRAS Barra,Público Geral,Cadastro Único
Feminino,27,Fundamental Incompleto,Paineiras,1,CRAS Barra,CRAS Barra,Público Geral,Cadastro Único
Feminino,29,Médio Completo,Granja Florestal,1,CRAS Barra,CRAS Barra,Público Geral,Cadastro Único
Feminino,65,Fundamental Incompleto,Barra do Imbuí,1,CRAS Barra,CRAS Barra,Público Geral,Assistente Social
Feminino,76,Fundamental Incompleto,Vila Muqui,1,CRAS Barra,CRAS Barra,Público Geral,Assistente Social
Masculino,36,Médio Completo,Pimenteiras ,1,CRAS Barra,CRAS Barra,Público Geral,Cadastro Único
Masculino,18,Médio Completo,Pimenteiras ,1,CRAS Barra,CRAS Barra,Público Geral,Cadastro Único
Feminino,32,Médio Incompleto,Paineiras,1,CRAS Barra,CRAS Barra,Público Geral,Cadastro Único
Feminino,75,Fundamental Completo,Posse,1,CRAS Barra,CRAS Barra,Público Geral,Cadastro Único
Feminino,40,Médio Completo,Granja Florestal,1,CRAS Barra,CRAS Barra,Público Geral,Cadastro Único
Feminino,41,Fundamental Completo,Paineiras,1,CRAS Barra,CRAS Barra,Público Geral,Cadastro Único
Feminino,57,Médio Completo,Barra do Imbuí,1,CRAS Barra,CRAS Barra,Público Geral,Cadastro Único
Feminino,72,Fundamental Incompleto,Cascata do Imbuí ,1,CRAS Barra,CRAS Barra,Público Geral,Cadastro Único
Feminino,36,Médio Completo,Granja Florestal,1,CRAS Barra,CRAS Barra,Público Geral,Cadastro Único
Feminino,57,Fundamental Incompleto,Barra do Imbuí,1,CRAS Barra,CRAS Barra,Público Geral,Cadastro Único
Feminino,25,Médio Completo,Barra do Imbuí,1,CRAS Barra,CRAS Barra,Público Geral,Assistente Social
