Sexo,Idade,Escolaridade,Bairro de Origem,Distrito,Referência,Local de Atendimento,Programa Vinculado,Tipo de Atendimento
Masculino,38, Fundamental Incompleto,São Pedro,1,CRAS São Pedro,CRAS São Pedro,Público Geral,Cadastro Único
Feminino,62, Fundamental Incompleto,Pimentel,1,CRAS São Pedro,CRAS São Pedro,Público Geral,Cadastro Único
Feminino,34, Médio Incompleto,São Pedro,1,CRAS São Pedro,CRAS São Pedro,Público Geral,Cadastro Único
Feminino,57, Fundamental Incompleto,São Pedro,1,CRAS São Pedro,CRAS São Pedro,Público Geral,Cadastro Único
Feminino,54, Fundamental Incompleto,Perpétuo,1,CRAS São Pedro,CRAS São Pedro,Público Geral,Cadastro Único
Feminino,65, Fundamental Incompleto,Bairro dos Funcionários,1,CRAS São Pedro,CRAS São Pedro,Público Geral,Cadastro Único
Feminino,51, Médio Completo,São Pedro,1,CRAS São Pedro,CRAS São Pedro,Público Geral,Cadastro Único
Feminino,30, Médio Completo,São Pedro,1,CRAS São Pedro,CRAS São Pedro,Público Geral,Cadastro Único
Feminino,42, Médio Completo,São Pedro,1,CRAS São Pedro,CRAS São Pedro,Público Geral,Cadastro Único
Feminino,46, Fundamental Incompleto,São Pedro,1,CRAS São Pedro,CRAS São Pedro,Público Geral,Cadastro Único
Feminino,37, Fundamental Incompleto,Bairro dos Funcionários,1,CRAS São Pedro,CRAS São Pedro,Público Geral,Cadastro Único
Feminino,31,Superior Completo,São Pedro,1,CRAS São Pedro,CRAS São Pedro,Público Geral,Cadastro Único
Masculino,67,Superior Completo,São Pedro,1,CRAS São Pedro,CRAS São Pedro,Público Geral,Cadastro Único
Feminino,50, Fundamental Incompleto,Bairro dos Funcionários,1,CRAS São Pedro,CRAS São Pedro,Público Geral,Cadastro Único
Feminino,42, Médio Incompleto,Fazendinha ,1,CRAS São Pedro,CRAS São Pedro,Público Geral,Cadastro Único
Feminino,70, Fundamental Incompleto,São Pedro,1,CRAS São Pedro,CRAS São Pedro,Público Geral,Cadastro Único
Masculino,32, Médio Completo,São Pedro,1,CRAS São Pedro,CRAS São Pedro,Público Geral,Cadastro Único
Feminino,48, Médio Completo,São Pedro,1,CRAS São Pedro,CRAS São Pedro,Público Geral,Cadastro Único
Feminino,42,Superior Completo,São Pedro,1,CRAS São Pedro,CRAS São Pedro,Público Geral,Cadastro Único
Feminino,32, Fundamental Incompleto,Morro do Tiro ,1,CRAS São Pedro,CRAS São Pedro,Público Geral,Cadastro Único
Feminino,60, Fundamental Incompleto,Morro do Tiro ,1,CRAS São Pedro,CRAS São Pedro,Público Geral,Cadastro Único
Masculino,42, Médio Completo,São Pedro,1,CRAS São Pedro,CRAS São Pedro,Público Geral,Cadastro Único
Feminino,18, Fundamental Incompleto,Perpétuo,1,CRAS São Pedro,CRAS São Pedro,Público Geral,Cadastro Único
Feminino,21, Médio Completo,São Pedro,1,CRAS São Pedro,CRAS São Pedro,Público Geral,Cadastro Único
Feminino,29, Fundamental Incompleto,São Pedro,1,CRAS São Pedro,CRAS São Pedro,Público Geral,Cadastro Único
Feminino,49, Médio Incompleto,São Pedro,1,CRAS São Pedro,CRAS São Pedro,Público Geral,Cadastro Único
Masculino,78, Fundamental Incompleto,Perpétuo,1,CRAS São Pedro,CRAS São Pedro,Público Geral,Cadastro Único
Feminino,19, Médio Completo,São Pedro,1,CRAS São Pedro,CRAS São Pedro,Público Geral,Cadastro Único
Feminino,34,Superior Completo,Bairro dos Funcionários,1,CRAS São Pedro,CRAS São Pedro,Público Geral,Cadastro Único
Feminino,38, Médio Completo,São Pedro,1,CRAS São Pedro,CRAS São Pedro,Público Geral,Cadastro Único
Feminino,35, Fundamental Incompleto,São Pedro,1,CRAS São Pedro,CRAS São Pedro,Público Geral,Cadastro Único
Feminino,27, Fundamental Incompleto,São Pedro,1,CRAS São Pedro,CRAS São Pedro,Público Geral,Cadastro Único
Feminino,26, Fundamental Incompleto,Perpétuo,1,CRAS São Pedro,CRAS São Pedro,Público Geral,Cadastro Único
Feminino,24, Médio Completo,Pimentel,1,CRAS São Pedro,CRAS São Pedro,Público Geral,Cadastro Único
Masculino,19, Médio Completo,Perpétuo,1,CRAS São Pedro,CRAS São Pedro,Público Geral,Cadastro Único
Feminino,30, Fundamental Completo,Pimentel,1,CRAS São Pedro,CRAS São Pedro,Público Geral,Cadastro Único
Masculino,25, Médio Completo,Granja Primor,1,CRAS São Pedro,CRAS São Pedro,Público Geral,Cadastro Único
Feminino,50, Fundamental Completo,São Pedro,1,CRAS São Pedro,CRAS São Pedro,Público Geral,Cadastro Único
Feminino,21, Médio Completo,São Pedro,1,CRAS São Pedro,CRAS São Pedro,Público Geral,Cadastro Único
Feminino,31, Fundamental Incompleto,Perpétuo,1,CRAS São Pedro,CRAS São Pedro,Público Geral,Cadastro Único
Feminino,47, Médio Completo,Bairro dos Funcionários,1,CRAS São Pedro,CRAS São Pedro,Público Geral,Cadastro Único
Feminino,51, Médio Completo,São Pedro,1,CRAS São Pedro,CRAS São Pedro,Público Geral,Cadastro Único
Masculino,35, Médio Completo,Pimentel,1,CRAS São Pedro,CRAS São Pedro,Público Geral,Cadastro Único
Feminino,31, Médio Completo,São Pedro,1,CRAS São Pedro,CRAS São Pedro,Público Geral,Cadastro Único
Feminino,41, Fundamental Incompleto,São Pedro,1,CRAS São Pedro,CRAS São Pedro,Público Geral,Cadastro Único
Feminino,35, Médio Completo,São Pedro,1,CRAS São Pedro,CRAS São Pedro,Público Geral,Cadastro Único
Feminino,52, Médio Incompleto,São Pedro,1,CRAS São Pedro,CRAS São Pedro,Público Geral,Cadastro Único
Feminino,53, Fundamental Incompleto,São Pedro,1,CRAS São Pedro,CRAS São Pedro,Público Geral,Cadastro Único
Feminino,25, Médio Completo,Morro do Tiro,1,CRAS São Pedro,CRAS São Pedro,Público Geral,Cadastro Único
Feminino,65, Fundamental Incompleto,São Pedro,1,CRAS São Pedro,CRAS São Pedro,Público Geral,Cadastro Único
Feminino,37, Médio Completo,São Pedro,1,CRAS São Pedro,CRAS São Pedro,Público Geral,Cadastro Único
Feminino,73, Fundamental Incompleto,Pimentel,1,CRAS São Pedro,CRAS São Pedro,Público Geral,Cadastro Único
Feminino,32, Fundamental Incompleto,São Pedro,1,CRAS São Pedro,CRAS São Pedro,Público Geral,Cadastro Único
Feminino,42, Fundamental Incompleto,Pimentel,1,CRAS São Pedro,CRAS São Pedro,Público Geral,Cadastro Único
Masculino,67, Fundamental Incompleto,Morro do Tiro,1,CRAS São Pedro,CRAS São Pedro,Público Geral,Cadastro Único
Feminino,70, Médio Incompleto,São Pedro,1,CRAS São Pedro,CRAS São Pedro,Público Geral,Cadastro Único
Feminino,77, Fundamental Incompleto,São Pedro,1,CRAS São Pedro,CRAS São Pedro,Público Geral,Cadastro Único
Feminino,39,Superior Completo,São Pedro,1,CRAS São Pedro,CRAS São Pedro,Público Geral,Cadastro Único
Feminino,43, Fundamental Incompleto,São Pedro,1,CRAS São Pedro,CRAS São Pedro,Público Geral,Cadastro Único
Feminino,59, Fundamental Incompleto,Perpétuo,1,CRAS São Pedro,CRAS São Pedro,Público Geral,Cadastro Único
Feminino,37, Médio Completo,São Pedro,1,CRAS São Pedro,CRAS São Pedro,Público Geral,Cadastro Único
Masculino,61, Fundamental Incompleto,São Pedro,1,CRAS São Pedro,CRAS São Pedro,Público Geral,Cadastro Único
Feminino,42,Superior Completo,São Pedro,1,CRAS São Pedro,CRAS São Pedro,Público Geral,Cadastro Único
Feminino,24, Médio Completo,Perpétuo,1,CRAS São Pedro,CRAS São Pedro,Público Geral,Cadastro Único
Masculino,43,Superior Completo,São Pedro,1,CRAS São Pedro,CRAS São Pedro,Público Geral,Cadastro Único
Masculino,61, Fundamental Incompleto,São Pedro,1,CRAS São Pedro,CRAS São Pedro,Público Geral,Cadastro Único
Feminino,53, Fundamental Incompleto,São Pedro,1,CRAS São Pedro,CRAS São Pedro,Público Geral,Cadastro Único
Masculino,18, Médio Completo,Perpétuo,1,CRAS São Pedro,CRAS São Pedro,Público Geral,Cadastro Único
Masculino,66, Fundamental Incompleto,Pimentel,1,CRAS São Pedro,CRAS São Pedro,Público Geral,Cadastro Único
Feminino,65, Fundamental Incompleto,Perpétuo,1,CRAS São Pedro,CRAS São Pedro,Público Geral,Cadastro Único
Feminino,71,Não Escolarizado,São Pedro,1,CRAS São Pedro,CRAS São Pedro,Público Geral,Cadastro Único
Feminino,43, Médio Completo,Morro do Tiro,1,CRAS São Pedro,CRAS São Pedro,Público Geral,Cadastro Único
Masculino,49, Fundamental Incompleto,Fazendinha,1,CRAS São Pedro,CRAS São Pedro,Público Geral,Cadastro Único
Feminino,49, Fundamental Incompleto,Fazendinha,1,CRAS São Pedro,CRAS São Pedro,Público Geral,Cadastro Único
Feminino,41, Médio Completo,São Pedro,1,CRAS São Pedro,CRAS São Pedro,Público Geral,Cadastro Único
Feminino,34, Fundamental Incompleto,São Pedro,1,CRAS São Pedro,CRAS São Pedro,Público Geral,Cadastro Único
Feminino,27, Médio Incompleto,Morro do Tiro,1,CRAS São Pedro,CRAS São Pedro,Público Geral,Cadastro Único
Feminino,57, Fundamental Incompleto,Perpétuo,1,CRAS São Pedro,CRAS São Pedro,Público Geral,Cadastro Único
Masculino,69, Fundamental Incompleto,Morro do Tiro,1,CRAS São Pedro,CRAS São Pedro,Público Geral,Cadastro Único
Feminino,47, Fundamental Incompleto,São Pedro,1,CRAS São Pedro,CRAS São Pedro,Público Geral,Cadastro Único
Feminino,16, Fundamental Incompleto,São Pedro,1,CRAS São Pedro,CRAS São Pedro,Público Geral,Cadastro Único
Feminino,33, Fundamental Incompleto,São Pedro,1,CRAS São Pedro,CRAS São Pedro,Público Geral,Cadastro Único
Feminino,19, Médio Incompleto,Pimentel,1,CRAS São Pedro,CRAS São Pedro,Público Geral,Cadastro Único
Feminino,47, Médio Completo,São Pedro,1,CRAS São Pedro,CRAS São Pedro,Público Geral,Cadastro Único
Masculino,29, Médio Incompleto,Pimentel,1,CRAS São Pedro,CRAS São Pedro,Público Geral,Cadastro Único
Feminino,47, Fundamental Incompleto,São Pedro,1,CRAS São Pedro,CRAS São Pedro,Público Geral,Cadastro Único
Feminino,45, Fundamental Incompleto,São Pedro,1,CRAS São Pedro,CRAS São Pedro,Público Geral,Cadastro Único
Masculino,78, Médio Incompleto,São Pedro,1,CRAS São Pedro,CRAS São Pedro,Público Geral,Cadastro Único
Feminino,42, Fundamental Incompleto,São Pedro,1,CRAS São Pedro,CRAS São Pedro,Público Geral,Cadastro Único
Feminino,, Fundamental Incompleto,São Pedro,1,CRAS São Pedro,CRAS São Pedro,Público Geral,Cadastro Único
Feminino,22, Fundamental Incompleto,São Pedro,1,CRAS São Pedro,CRAS São Pedro,Público Geral,Cadastro Único
Feminino,36, Fundamental Incompleto,São Pedro,1,CRAS São Pedro,CRAS São Pedro,Público Geral,Cadastro Único
Feminino,61, Médio Completo,N/D,1,CRAS São Pedro,CRAS São Pedro,Público Geral,Cadastro Único
Feminino,52, Médio Completo,Bairro dos Funcionários,1,CRAS São Pedro,CRAS São Pedro,Público Geral,Cadastro Único
Feminino,71, Fundamental Incompleto,São Pedro,1,CRAS São Pedro,CRAS São Pedro,Público Geral,Cadastro Único
Feminino,72, Fundamental Incompleto,Granja Primor,1,CRAS São Pedro,CRAS São Pedro,Público Geral,Cadastro Único
Feminino,54, Fundamental Incompleto,São Pedro,1,CRAS São Pedro,CRAS São Pedro,Público Geral,Cadastro Único
Feminino,25, Médio Completo,Perpétuo,1,CRAS São Pedro,CRAS São Pedro,Público Geral,Cadastro Único
Feminino,49, Fundamental Incompleto,São Pedro,1,CRAS São Pedro,CRAS São Pedro,Público Geral,Cadastro Único
Feminino,31, Médio Incompleto,São Pedro,1,CRAS São Pedro,CRAS São Pedro,Público Geral,Cadastro Único
Feminino,52, Médio Incompleto,Bairro dos Funcionários,1,CRAS São Pedro,CRAS São Pedro,Público Geral,Cadastro Único
Feminino,74, Fundamental Incompleto,Perpétuo,1,CRAS São Pedro,CRAS São Pedro,Público Geral,Cadastro Único
Feminino,40, Médio Incompleto,Morro do Tiro,1,CRAS São Pedro,CRAS São Pedro,Público Geral,Cadastro Único
Feminino,61, Fundamental Incompleto,Perpétuo,1,CRAS São Pedro,CRAS São Pedro,Público Geral,Cadastro Único
Feminino,39, Médio Completo,Pimentel,1,CRAS São Pedro,CRAS São Pedro,Público Geral,Cadastro Único
Feminino,20, Fundamental Incompleto,Morro do Tiro,1,CRAS São Pedro,CRAS São Pedro,Público Geral,Cadastro Único
Feminino,34, Médio Completo,Perpétuo,1,CRAS São Pedro,CRAS São Pedro,Público Geral,Cadastro Único
Masculino,57, Médio Incompleto,São Pedro,1,CRAS São Pedro,CRAS São Pedro,Público Geral,Cadastro Único
Feminino,22, Médio Incompleto,Bairro dos Funcionários,1,CRAS São Pedro,CRAS São Pedro,Público Geral,Cadastro Único
Feminino,45, Fundamental Incompleto,São Pedro,1,CRAS São Pedro,CRAS São Pedro,Público Geral,Cadastro Único
Feminino,47, Fundamental Incompleto,Perpétuo,1,CRAS São Pedro,CRAS São Pedro,Público Geral,Cadastro Único
Feminino,19, Médio Incompleto,São Pedro,1,CRAS São Pedro,CRAS São Pedro,Público Geral,Cadastro Único
Feminino,43, Fundamental Incompleto,Bairro dos Funcionários,1,CRAS São Pedro,CRAS São Pedro,Público Geral,Cadastro Único
Feminino,27, Fundamental Incompleto,São Pedro,1,CRAS São Pedro,CRAS São Pedro,Público Geral,Cadastro Único
Feminino,34, Fundamental Incompleto,São Pedro,1,CRAS São Pedro,CRAS São Pedro,Público Geral,Cadastro Único
Feminino,36, Fundamental Incompleto,São Pedro,1,CRAS São Pedro,CRAS São Pedro,Público Geral,Cadastro Único
Feminino,28, Médio Incompleto,São Pedro,1,CRAS São Pedro,CRAS São Pedro,Público Geral,Cadastro Único
Feminino,53, Médio Completo,São Pedro,1,CRAS São Pedro,CRAS São Pedro,Público Geral,Cadastro Único
Feminino,29, Fundamental Incompleto,São Pedro,1,CRAS São Pedro,CRAS São Pedro,Público Geral,Cadastro Único
Feminino,55, Fundamental Incompleto,São Pedro,1,CRAS São Pedro,CRAS São Pedro,Público Geral,Cadastro Único
Masculino,23, Médio Completo,São Pedro,1,CRAS São Pedro,CRAS São Pedro,Público Geral,Cadastro Único
Feminino,25, Médio Completo,São Pedro,1,CRAS São Pedro,CRAS São Pedro,Público Geral,Cadastro Único
Masculino,42, Fundamental Completo,Granja Primor,1,CRAS São Pedro,CRAS São Pedro,Público Geral,Cadastro Único
Feminino,69, Fundamental Incompleto,São Pedro,1,CRAS São Pedro,CRAS São Pedro,Público Geral,Cadastro Único
Feminino,46, Fundamental Incompleto,São Pedro,1,CRAS São Pedro,CRAS São Pedro,Público Geral,Cadastro Único
Feminino,29, Médio Completo,Bairro dos Funcionários,1,CRAS São Pedro,CRAS São Pedro,Público Geral,Cadastro Único
Feminino,29, Fundamental Incompleto,Pimentel ,1,CRAS São Pedro,CRAS São Pedro,Público Geral,Cadastro Único
Feminino,52, Fundamental Incompleto,Pimentel,1,CRAS São Pedro,CRAS São Pedro,Público Geral,Cadastro Único
Feminino,37, Médio Completo,Granja Primor ,1,CRAS São Pedro,CRAS São Pedro,Público Geral,Cadastro Único
Masculino,53, Fundamental Incompleto,São Pedro,1,CRAS São Pedro,CRAS São Pedro,Público Geral,Cadastro Único
Feminino,49, Médio Completo,São Pedro,1,CRAS São Pedro,CRAS São Pedro,Público Geral,Cadastro Único
Feminino,61, Fundamental Incompleto,São Pedro,1,CRAS São Pedro,CRAS São Pedro,Público Geral,Cadastro Único
Feminino,50, Médio Completo,São Pedro,1,CRAS São Pedro,CRAS São Pedro,Público Geral,Cadastro Único
Feminino,60, Fundamental Incompleto,São Pedro,1,CRAS São Pedro,CRAS São Pedro,Público Geral,Cadastro Único
Feminino,53, Fundamental Incompleto,São Pedro,1,CRAS São Pedro,CRAS São Pedro,Público Geral,Cadastro Único
Feminino,20, Médio Completo,São Pedro,1,CRAS São Pedro,CRAS São Pedro,Público Geral,Cadastro Único
Feminino,42, Médio Completo,São Pedro,1,CRAS São Pedro,CRAS São Pedro,Público Geral,Cadastro Único
Feminino,30, Médio Incompleto,São Pedro,1,CRAS São Pedro,CRAS São Pedro,Público Geral,Cadastro Único
Feminino,26, Fundamental Incompleto,São Pedro,1,CRAS São Pedro,CRAS São Pedro,Público Geral,Cadastro Único
Feminino,28, Médio Completo,São Pedro,1,CRAS São Pedro,CRAS São Pedro,Público Geral,Cadastro Único
Feminino,19, Médio Completo,São Pedro,1,CRAS São Pedro,CRAS São Pedro,Público Geral,Cadastro Único
Feminino,42, Fundamental Incompleto,São Pedro,1,CRAS São Pedro,CRAS São Pedro,Público Geral,Cadastro Único
Masculino,22, Médio Completo,São Pedro,1,CRAS São Pedro,CRAS São Pedro,Público Geral,Cadastro Único
Feminino,26, Médio Completo,São Pedro,1,CRAS São Pedro,CRAS São Pedro,Público Geral,Cadastro Único
Feminino,27, Médio Completo,São Pedro,1,CRAS São Pedro,CRAS São Pedro,Público Geral,Cadastro Único
Feminino,40, Fundamental Incompleto,São Pedro,1,CRAS São Pedro,CRAS São Pedro,Público Geral,Cadastro Único
Feminino,27, Fundamental Incompleto,São Pedro,1,CRAS São Pedro,CRAS São Pedro,Público Geral,Cadastro Único
Feminino,63, Médio Completo,São Pedro,1,CRAS São Pedro,CRAS São Pedro,Público Geral,Cadastro Único
Feminino,51, Médio Completo,São Pedro,1,CRAS São Pedro,CRAS São Pedro,Público Geral,Cadastro Único
Masculino,62, Fundamental Incompleto,São Pedro,1,CRAS São Pedro,CRAS São Pedro,Público Geral,Cadastro Único
Feminino,37, Fundamental Incompleto,São Pedro,1,CRAS São Pedro,CRAS São Pedro,Público Geral,Cadastro Único
Feminino,38, Médio Completo,São Pedro,1,CRAS São Pedro,CRAS São Pedro,Público Geral,Cadastro Único
Masculino,54, Fundamental Incompleto,São Pedro,1,CRAS São Pedro,CRAS São Pedro,Público Geral,CadastroÚnico
Feminino,18, Médio Completo,São Pedro,1,CRAS São Pedro,CRAS São Pedro,Público Geral,Cadastro Único
Feminino,60, Médio Completo,São Pedro,1,CRAS São Pedro,CRAS São Pedro,Público Geral,Cadastro Único
Masculino,70, Fundamental Incompleto,São Pedro,1,CRAS São Pedro,CRAS São Pedro,Público Geral,Cadastro Único
Masculino,67, Fundamental Incompleto,São Pedro,1,CRAS São Pedro,CRAS São Pedro,Público Geral,Cadastro Único
Feminino,39, Fundamental Incompleto,São Pedro,1,CRAS São Pedro,CRAS São Pedro,Público Geral,Cadastro Único
Feminino,58, Fundamental Incompleto,São Pedro,1,CRAS São Pedro,CRAS São Pedro,Público Geral,Cadastro Único
Feminino,38, Médio Incompleto,Morro do Tiro,1,CRAS São Pedro,CRAS São Pedro,Público Geral,Cadastro Único
Feminino,18, Médio Completo,São Pedro,1,CRAS São Pedro,CRAS São Pedro,Público Geral,Cadastro Único
Masculino,74, Fundamental Incompleto,São Pedro,1,CRAS São Pedro,CRAS São Pedro,Público Geral,Cadastro Único
Feminino,23, Fundamental Incompleto,Perpétuo,1,CRAS São Pedro,CRAS São Pedro,Público Geral,Cadastro Único
Feminino,30, Médio Completo,São Pedro,1,CRAS São Pedro,CRAS São Pedro,Público Geral,Cadastro Único
Feminino,50, Fundamental Completo,São Pedro,1,CRAS São Pedro,CRAS São Pedro,Público Geral,Cadastro Único
Feminino,71,Não Escolarizado,São Pedro,1,CRAS São Pedro,CRAS São Pedro,Público Geral,Cadastro Único
Feminino,27, Fundamental Incompleto,Bairro dos Funcionários,1,CRAS São Pedro,CRAS São Pedro,Público Geral,Cadastro Único
Masculino,31, Fundamental Incompleto,Pimentel,1,CRAS São Pedro,CRAS São Pedro,Público Geral,Cadastro Único
Masculino,62, Fundamental Incompleto,São Pedro,1,CRAS São Pedro,CRAS São Pedro,Público Geral,Cadastro Único
Feminino,45, Fundamental Incompleto,São Pedro,1,CRAS São Pedro,CRAS São Pedro,Público Geral,Cadastro Único
Feminino,54, Fundamental Incompleto,São Pedro,1,CRAS São Pedro,CRAS São Pedro,Público Geral,Cadastro Único
Feminino,69, Fundamental Incompleto,São Pedro,1,CRAS São Pedro,CRAS São Pedro,Público Geral,Cadastro Único
Feminino,53, Médio Incompleto,São Pedro,1,CRAS São Pedro,CRAS São Pedro,Público Geral,Cadastro Único
Masculino,50, Fundamental Incompleto,Bairro dos Funcionários,1,CRAS São Pedro,CRAS São Pedro,Público Geral,Cadastro Único
Feminino,61, Fundamental Incompleto,São Pedro,1,CRAS São Pedro,CRAS São Pedro,Público Geral,Cadastro Único
Masculino,42, Fundamental Incompleto,Pimentel,1,CRAS São Pedro,CRAS São Pedro,Público Geral,Cadastro Único
Masculino,23, Médio Completo,Morro do Tiro,1,CRAS São Pedro,CRAS São Pedro,Público Geral,Cadastro Único
Feminino,38, Médio Completo,São Pedro,1,CRAS São Pedro,CRAS São Pedro,Público Geral,Cadastro Único
Feminino,49, Fundamental Incompleto,São Pedro,1,CRAS São Pedro,CRAS São Pedro,Público Geral,Cadastro Único
Feminino,33, Médio Incompleto,Granja Primor,1,CRAS São Pedro,CRAS São Pedro,Público Geral,Cadastro Único
Feminino,65, Fundamental Incompleto,São Pedro,1,CRAS São Pedro,CRAS São Pedro,Público Geral,Cadastro Único
Feminino,26, Médio Incompleto,São Pedro,1,CRAS São Pedro,CRAS São Pedro,Público Geral,Cadastro Único
Feminino,70, Fundamental Incompleto,São Pedro,1,CRAS São Pedro,CRAS São Pedro,Público Geral,Cadastro Único
Masculino,32, Fundamental Incompleto,Granja Primor,1,CRAS São Pedro,CRAS São Pedro,Público Geral,Cadastro Único
Feminino,68, Fundamental Incompleto,Bairro dos Funcionários,1,CRAS São Pedro,CRAS São Pedro,Público Geral,Cadastro Único
Feminino,42, Fundamental Incompleto,São Pedro,1,CRAS São Pedro,CRAS São Pedro,Público Geral,Cadastro Único
Masculino,79, Médio Incompleto,Pimentel,1,CRAS São Pedro,CRAS São Pedro,Público Geral,Cadastro Único
Feminino,23, Fundamental Incompleto,São Pedro,1,CRAS São Pedro,CRAS São Pedro,Público Geral,Cadastro Único
Feminino,40, Fundamental Incompleto,São Pedro,1,CRAS São Pedro,CRAS São Pedro,Público Geral,Cadastro Único
Feminino,22, Médio Completo,São Pedro,1,CRAS São Pedro,CRAS São Pedro,Público Geral,Cadastro Único
femenino,56, Médio Completo,São Pedro,1,CRAS São Pedro,CRAS São Pedro,Público Geral,Assistente Social
Feminino,18, Médio Completo,São Pedro,1,CRAS São Pedro,CRAS São Pedro,Público Geral,Assistente Social
Feminino,25, Fundamental Incompleto,MOrro do Tiro,1,CRAS São Pedro,CRAS São Pedro,Público Geral,Assistente Social 
Feminino,28, Médio Incompleto,São Pedro,1,CRAS São Pedro,CRAS São Pedro,Público Geral,Assistente Social
Feminino,18, Fundamental Completo,São Pedro,1,Cras São Pedro,Cras São Pedro,Público Geral,Assistente Social
Feminino,19, Médio Incompleto,São Pedro,1,Cras São Pedro,Cras São Pedro,Público Geral,Assistente Social
Feminino,51, Fundamental Incompleto,São Pedro,1,cras São Pedro,cras São Pedro,Público Geral,Assistente Social
Feminino,55, Fundamental Completo,São Pedro,1,cras São Pedro,cras São Pedro,Público Geral,Assistente Social
Feminino,75, Médio Completo,Várzea,1,Cras São Pedro,Cras São Pedro,Público Geral,Assistente Social
Feminino,63,Não Escolarizado,Perpétuo,1,cras São Pedro,cras São Pedro,Público Geral,Assistente Social
Feminino,26, Médio Incompleto,São Pedro,1,cras São Pedro,cras São Pedro,Público Geral,Assistente Social
Masculino,58, Médio Completo,São Pedro,1,cras São Pedro,cras São Pedro,Público Geral,Assistente Social
Feminino,37, Fundamental Completo,São Pedro,1,CRas São Pedro,CRas São Pedro,Público Geral,Assistente Social
Masculino,57, Fundamental Completo,Morro do Tiro,1,cras São Pedro,cras São Pedro,Público Geral,Assistente Social
Masculino,67,Superior Completo,São Pedro,1,cras São Pedro,cras São Pedro,Público Geral,Assistente Social
Masculino,35, Fundamental Completo,São Pedro,1,cras São Pedro,cras São Pedro,Público Geral,Assistente Social
Feminino,38, Médio Incompleto,São Pedro,1,cras São Pedro,cras São Pedro,Público Geral,Assistente Social
Feminino,21, Médio Completo,São Pedro,1,cras São Pedro,cras São Pedro,Público Geral,Assistente Social
Masculino,63, Fundamental Incompleto,Bairro dos Funcionários,1,cras São Pedro,cras São Pedro,Público Geral,Assistente Social
Feminino,45, Fundamental Incompleto,Perpétuo,1,cras São Pedro,cras São Pedro,Público Geral,Assistente Social
Feminino,33, Médio Completo,São Pedro,1,cras São Pedro,cras São Pedro,Público Geral,Assistente Social
Masculino,40, Fundamental Incompleto,Perpétuo,1,cras São Pedro,cras São Pedro,Público Geral,Assistente Social
Feminino,42,Superior Incompleto,São Pedro,1,cras São Pedro,cras São Pedro,Público Geral,Assistente Social
Feminino,16, Fundamental Incompleto,São Pedro,1,cras São Pedro,cras São Pedro,Público Geral,Assistente Social
Feminino,20, Médio Completo,Perpétuo,1,cras São Pedro,cras São Pedro,Público Geral,Assistente Social
Feminino,72, Fundamental Completo,Perpétuo,1,CRas São Pedro,CRas São Pedro,Público Geral,Assistente Social
Masculino,62, Fundamental Incompleto,Pimentel,1,Cras São Pedro,Cras São Pedro,Público Geral,Assistente Social
Masculino,69, Fundamental Incompleto,Fazendinha,1,cras São Pedro,cras São Pedro,Público Geral,Assistente Social
Feminino,44, Médio Completo,São Pedro,1,cras São Pedro,cras São Pedro,Público Geral,Assistente Social
Feminino,32, Fundamental Completo,São Pedro,1,Cras São Pedro,Cras São Pedro,Público Geral,Assistente Social
Feminino,36, Médio Incompleto,São Pedro,1,cras São Pedro,cras São Pedro,Público Geral,Assistente Social
Feminino,56, Médio Completo,São Pedro,1,cras São Pedro,cras São Pedro,Público Geral,Assistente Social
Feminino,18, Médio Completo,São Pedro,1,CRas São Pedro,CRas São Pedro,Público Geral,Assistente Social
Feminino,25, Fundamental Incompleto,Morro do Tiro,1,cras São Pedro,cras São Pedro,Público Geral,Assistente Social
Feminino,28, Médio Incompleto,São Pedro,1,cras São Pedro,cras São Pedro,Público Geral,Assistente Social
Feminino,53, Fundamental Completo,São Pedro,1,cras São Pedro,cras São Pedro,Público Geral,Assistente Social
Feminino,24, Médio Incompleto,São Pedro,1,cras São Pedro,cras São Pedro,Público Geral,Assistente Social
Feminino,43, Fundamental Completo,Granja Primor ,1,cras São Pedro,cras São Pedro,Público Geral,Assistente Social
Feminino,18, Fundamental Incompleto,São Pedro,1,cras São Pedro,cras São Pedro,Público Geral,Assistente Social
Feminino,21, Médio Incompleto,São Pedro,1,cras São Pedro,cras São Pedro,Público Geral,Assistente Social
Feminino,61, Fundamental Completo,São Pedro,1,cras São Pedro,cras São Pedro,Público Geral,Assistente Social
Feminino,36, Fundamental Incompleto,São Pedro,1,cras São Pedro,cras São Pedro,Público Geral,Assistente Social
Feminino,30, Fundamental Incompleto,Bairro dos Funcionários,1,cras São Pedro,cras São Pedro,Público Geral,Assistente Social
Feminino,19,Superior Incompleto,São Pedro,1,CRas São Pedro,CRas São Pedro,Público Geral,Assistente Social
Feminino,21, Médio Incompleto,São Pedro,1,CRas São Pedro,CRas São Pedro,Público Geral,Assistente Social
Feminino,25, Médio Incompleto,Morro do Tiro,1,cras São Pedro,cras São Pedro,Público Geral,Assistente Social
Feminino,18, Médio Completo,Perpétuo,1,cras São Pedro,cras São Pedro,Público Geral,Assistente Social
Feminino,20, Médio Completo,Perpétuo,1,cras São Pedro,cras São Pedro,Público Geral,Assistente Social
Feminino,20, Médio Completo,São Pedro,1,cras São Pedro,cras São Pedro,Público Geral,Assistente Social
Feminino,24, Médio Completo,Pimentel,1,Cras São Pedro,Cras São Pedro,Público Geral,Assistente Social
Masculino,29, Fundamental Incompleto,São Pedro,1,Cras São Pedro,Cras São Pedro,Fortalecimento de Vínculos,Assistente Social
Masculino,20, Médio Completo,São Pedro,1,Cras São Pedro,Cras São Pedro,Fortalecimento de Vínculos,Assistente Social
Feminino,47, Fundamental Completo,São Pedro,1,cras São Pedro,cras São Pedro,Fortalecimento de Vínculos,Assistente Social
Feminino,61, Fundamental Incompleto,Pimentel,1,cras São Pedro,cras São Pedro,Fortalecimento de Vínculos,Assistente Social
Feminino,29, Fundamental Incompleto,Perpétuo,1,cras São Pedro,cras São Pedro,Fortalecimento de Vínculos,Assistente Social
Masculino,35,Superior Completo,São Pedro,1,cras São Pedro,cras São Pedro,Fortalecimento de Vínculos,Assistente Social
Feminino,18, Médio Incompleto,Pimentel,1,cras São Pedro,cras São Pedro,Fortalecimento de Vínculos,Assistente Social
Masculino,19, Médio Completo,São Pedro,1,cras São Pedro,cras São Pedro,Fortalecimento de Vínculos,Assistente Social
Feminino,36, Médio Incompleto,São Pedro,1,cras São Pedro,cras São Pedro,Fortalecimento de Vínculos,Assistente Social
Feminino,42,Superior Incompleto,São Pedro,1,cras São Pedro,cras São Pedro,Fortalecimento de Vínculos,Assistente Social
Masculino,19, Médio Incompleto,São Pedro,1,cras São Pedro,cras São Pedro,Fortalecimento de Vínculos,Assistente Social
Feminino,19, Médio Incompleto,Granja Primor,1,cras São Pedro,cras São Pedro,Fortalecimento de Vínculos,Assistente Social
Feminino,41, Médio Completo,São Pedro,1,cras São Pedro,cras São Pedro,Fortalecimento de Vínculos,Assistente Social
Feminino,44, Fundamental Incompleto,São Pedro,1,CRAS SÃO PEDRO,CRAS SÃO PEDRO,Público Geral,Cadastro Único
Masculino,34, Fundamental Incompleto,Morro do tiro,1,CRAS SÃO PEDRO,CRAS SÃO PEDRO,Público Geral,Cadastro Único
Feminino,27, Fundamental Incompleto,São Pedro,1,CRAS SÃO PEDRO,CRAS SÃO PEDRO,Público Geral,Cadastro Único
Feminino,39, Médio Completo,São Pedro,1,CRAS SÃO PEDRO,CRAS SÃO PEDRO,Público Geral,Cadastro Único
Masculino,41, Fundamental Incompleto,São Pedro,1,CRAS SÃO PEDRO,CRAS SÃO PEDRO,Público Geral,Cadastro Único
Masculino,66, Fundamental Incompleto,Pimentel,1,CRAS SÃO PEDRO,CRAS SÃO PEDRO,Público Geral,Cadastro Único
Feminino,31, Fundamental Incompleto,São Pedro,1,CRAS SÃO PEDRO,CRAS SÃO PEDRO,Público Geral,Cadastro Único
Masculino,63, Fundamental Incompleto,São Pedro,1,CRAS SÃO PEDRO,CRAS SÃO PEDRO,Público Geral,Cadastro Único
Feminino,85, Fundamental Incompleto,São Pedro,1,CRAS SÃO PEDRO,CRAS SÃO PEDRO,Público Geral,Cadastro Único
Masculino,63, Médio Incompleto,São Pedro,1,CRAS SÃO PEDRO,CRAS SÃO PEDRO,Público Geral,Cadastro Único
Feminino,68, Fundamental Incompleto,São Pedro,1,CRAS SÃO PEDRO,CRAS SÃO PEDRO,Público Geral,Cadastro Único
Feminino,47, Médio Completo,São Pedro,1,CRAS SÃO PEDRO,CRAS SÃO PEDRO,Público Geral,Cadastro Único
Feminino,41, Médio Completo,São Pedro,1,CRAS SÃO PEDRO,CRAS SÃO PEDRO,Público Geral,Cadastro Único
Feminino,35, Fundamental Incompleto,Perpétuo,1,CRAS SÃO PEDRO,CRAS SÃO PEDRO,Público Geral,Cadastro Único
Masculino,43, Médio Incompleto,Perpétuo,1,CRAS SÃO PEDRO,CRAS SÃO PEDRO,Público Geral,Cadastro Único
Feminino,23,Superior Completo,Pimentel,1,CRAS SÃO PEDRO,CRAS SÃO PEDRO,Público Geral,Cadastro Único
Feminino,58, Fundamental Incompleto,Morro do Tiro ,1,CRAS SÃO PEDRO,CRAS SÃO PEDRO,Público Geral,Cadastro Único
Feminino,55, Fundamental Incompleto,Morro do Tiro,1,CRAS SÃO PEDRO,CRAS SÃO PEDRO,Público Geral,Cadastro Único
Feminino,22, Médio Completo,São Pedro,1,CRAS SÃO PEDRO,CRAS SÃO PEDRO,Público Geral,Cadastro Único
Feminino,58, Fundamental Incompleto,Morro do Tiro,1,CRAS SÃO PEDRO,CRAS SÃO PEDRO,Público Geral,Cadastro Único
Feminino,34,Superior Completo,São Pedro,1,CRAS SÃO PEDRO,CRAS SÃO PEDRO,Público Geral,Cadastro Único
Feminino,22, Fundamental Incompleto,Perpétuo,1,CRAS SÃO PEDRO,CRAS SÃO PEDRO,Público Geral,Cadastro Único
Feminino,40, Médio Completo,Morro do Tiro,1,CRAS SÃO PEDRO,CRAS SÃO PEDRO,Público Geral,Cadastro Único
Feminino,58, Fundamental Incompleto,Morro do Tiro ,1,CRAS SÃO PEDRO,CRAS SÃO PEDRO,Público Geral,Cadastro Único
Feminino,18, Médio Completo,São Pedro,1,CRAS SÃO PEDRO,CRAS SÃO PEDRO,Público Geral,Cadastro Único
Feminino,25, Médio Completo,São Pedro,1,CRAS SÃO PEDRO,CRAS SÃO PEDRO,Público Geral,Cadastro Único
Masculino,62,Não Escolarizado,Pimentel ,1,CRAS SÃO PEDRO,CRAS SÃO PEDRO,Público Geral,Cadastro Único
Feminino,28, Médio Completo,São Pedro,1,CRAS SÃO PEDRO,CRAS SÃO PEDRO,Público Geral,Cadastro Único
Feminino,53, Fundamental Completo,Bairro dos Funcionários,1,CRAS SÃO PEDRO,CRAS SÃO PEDRO,Público Geral,Cadastro Único
Feminino,56, Médio Completo,São Pedro,1,CRAS SÃO PEDRO,CRAS SÃO PEDRO,Público Geral,Cadastro Único
Feminino,58, Fundamental Incompleto,Pimentel ,1,CRAS SÃO PEDRO,CRAS SÃO PEDRO,Público Geral,Cadastro Único
Feminino,39, Fundamental Incompleto,Pimentel,1,CRAS SÃO PEDRO,CRAS SÃO PEDRO,Público Geral,Cadastro Único
Feminino,60, Fundamental Incompleto,Fazendinha ,1,CRAS SÃO PEDRO,CRAS SÃO PEDRO,Público Geral,Cadastro Único
Masculino,65, Fundamental Incompleto,São Pedro,1,CRAS SÃO PEDRO,CRAS SÃO PEDRO,Público Geral,Cadastro Único
Masculino,64,Não Escolarizado,Pimentel ,1,CRAS SÃO PEDRO,CRAS SÃO PEDRO,Público Geral,Cadastro Único
Masculino,37, Médio Completo,Perpétuo,1,CRAS SÃO PEDRO,CRAS SÃO PEDRO,Público Geral,Cadastro Único
Feminino,70, Fundamental Incompleto,São Pedro,1,CRAS SÃO PEDRO,CRAS SÃO PEDRO,Público Geral,Cadastro Único
Feminino,34, Médio Incompleto,São Pedro,1,CRAS SÃO PEDRO,CRAS SÃO PEDRO,Público Geral,Cadastro Único
Feminino,54, Médio Incompleto,Bairro dos Funcionários,1,CRAS SÃO PEDRO,CRAS SÃO PEDRO,Público Geral,Cadastro Único
Feminino,76, Fundamental Incompleto,São Pedro,1,CRAS SÃO PEDRO,CRAS SÃO PEDRO,Público Geral,Cadastro Único
Feminino,52, Médio Completo,São Pedro,1,CRAS SÃO PEDRO,CRAS SÃO PEDRO,Público Geral,Cadastro Único
Feminino,68, Fundamental Incompleto,São Pedro,1,CRAS SÃO PEDRO,CRAS SÃO PEDRO,Público Geral,Cadastro Único
Feminino,64, Médio Incompleto,São Pedro,1,CRAS SÃO PEDRO,CRAS SÃO PEDRO,Público Geral,Cadastro Único
Feminino,29, Médio Completo,Pimentel ,1,CRAS SÃO PEDRO,CRAS SÃO PEDRO,Público Geral,Cadastro Único
Feminino,47, Fundamental Incompleto,Pimentel ,1,CRAS SÃO PEDRO,CRAS SÃO PEDRO,Público Geral,Cadastro Único
Feminino,39, Médio Incompleto,São Pedro,1,CRAS SÃO PEDRO,CRAS SÃO PEDRO,Público Geral,Cadastro Único
Masculino,39, Fundamental Completo,São Pedro,1,CRAS SÃO PEDRO,CRAS SÃO PEDRO,Público Geral,Cadastro Único
Feminino,29, Fundamental Incompleto,São Pedro,1,CRAS SÃO PEDRO,CRAS SÃO PEDRO,Público Geral,Cadastro Único
Feminino,58, Fundamental Incompleto,São Pedro,1,CRAS SÃO PEDRO,CRAS SÃO PEDRO,Público Geral,Cadastro Único
Feminino,55, Fundamental Incompleto,São Pedro,1,CRAS SÃO PEDRO,CRAS SÃO PEDRO,Público Geral,Cadastro Único
Feminino,19, Médio Incompleto,Fazendinha,1,CRAS SÃO PEDRO,CRAS SÃO PEDRO,Público Geral,Cadastro Único
Feminino,65,Não Escolarizado,São Pedro,1,CRAS SÃO PEDRO,CRAS SÃO PEDRO,Público Geral,Cadastro Único
Feminino,62,Não Escolarizado,São Pedro,1,CRAS SÃO PEDRO,CRAS SÃO PEDRO,Público Geral,Cadastro Único
Feminino,50, Médio Completo,São Pedro,1,CRAS SÃO PEDRO,CRAS SÃO PEDRO,Público Geral,Cadastro Único
Feminino,41, Médio Incompleto,Pimentel ,1,CRAS SÃO PEDRO,CRAS SÃO PEDRO,Público Geral,Cadastro Único
Feminino,21, Médio Completo,Pimentel ,1,CRAS SÃO PEDRO,CRAS SÃO PEDRO,Público Geral,Cadastro Único
Feminino,47, Médio Completo,São Pedro,1,CRAS SÃO PEDRO,CRAS SÃO PEDRO,Público Geral,Cadastro Único
Feminino,45, Fundamental Incompleto,São Pedro,1,CRAS SÃO PEDRO,CRAS SÃO PEDRO,Público Geral,Cadastro Único
Feminino,41, Médio Incompleto,São Pedro,1,CRAS SÃO PEDRO,CRAS SÃO PEDRO,Público Geral,Cadastro Único
Feminino,51, Médio Completo,São Pedro,1,CRAS SÃO PEDRO,CRAS SÃO PEDRO,Público Geral,Cadastro Único
Feminino,31, Fundamental Incompleto,Perpétuo,1,CRAS SÃO PEDRO,CRAS SÃO PEDRO,Público Geral,Cadastro Único
Feminino,49, Fundamental Incompleto,Bairro dos Funcionários,1,CRAS SÃO PEDRO,CRAS SÃO PEDRO,Público Geral,Cadastro Único
Feminino,24,Superior Completo,Bairro dos Funcionários,1,CRAS SÃO PEDRO,CRAS SÃO PEDRO,Público Geral,Cadastro Único
Feminino,27, Médio Incompleto,São Pedro,1,CRAS SÃO PEDRO,CRAS SÃO PEDRO,Público Geral,Cadastro Único
Feminino,31, Médio Completo,Perpétuo,1,CRAS SÃO PEDRO,CRAS SÃO PEDRO,Público Geral,Cadastro Único
Feminino,66, Fundamental Incompleto,Morro do tiro,1,CRAS SÃO PEDRO,CRAS SÃO PEDRO,Público Geral,Cadastro Único
Masculino,47, Fundamental Incompleto,Bairro dos Funcionários,1,CRAS SÃO PEDRO,CRAS SÃO PEDRO,Público Geral,Cadastro Único
Feminino,41, Fundamental Incompleto,Morro do tiro,1,CRAS SÃO PEDRO,CRAS SÃO PEDRO,Público Geral,Cadastro Único
Feminino,50, Médio Completo,São Pedro,1,CRAS SÃO PEDRO,CRAS SÃO PEDRO,Público Geral,Cadastro Único
Feminino,39, Médio Incompleto,Morro do tiro,1,CRAS SÃO PEDRO,CRAS SÃO PEDRO,Público Geral,Cadastro Único
Feminino,41, Fundamental Incompleto,São Pedro,1,CRAS SÃO PEDRO,CRAS SÃO PEDRO,Público Geral,Cadastro Único
Feminino,51, Médio Completo,Granja Primor,1,CRAS SÃO PEDRO,CRAS SÃO PEDRO,Público Geral,Cadastro Único
Masculino,32, Médio Completo,São Pedro,1,CRAS SÃO PEDRO,CRAS SÃO PEDRO,Público Geral,Cadastro Único
Feminino,42, Médio Completo,Perpétuo,1,CRAS SÃO PEDRO,CRAS SÃO PEDRO,Público Geral,Cadastro Único
Feminino,55, Fundamental Incompleto,Pimentel,1,CRAS SÃO PEDRO,CRAS SÃO PEDRO,Público Geral,Cadastro Único
Masculino,51, Fundamental Incompleto,São Pedro,1,CRAS SÃO PEDRO,CRAS SÃO PEDRO,Público Geral,Cadastro Único
Feminino,29, Médio Incompleto,São Pedro,1,CRAS SÃO PEDRO,CRAS SÃO PEDRO,Público Geral,Cadastro Único
Feminino,49, Fundamental Incompleto,Perpétuo,1,CRAS SÃO PEDRO,CRAS SÃO PEDRO,Público Geral,Cadastro Único
Feminino,55,Não Escolarizado,Perpétuo,1,CRAS SÃO PEDRO,CRAS SÃO PEDRO,Público Geral,Cadastro Único
Feminino,60, Fundamental Incompleto,São Pedro,1,CRAS SÃO PEDRO,CRAS SÃO PEDRO,Público Geral,Cadastro Único
Masculino,64, Médio Completo,Bairro dos Funcionários,1,CRAS SÃO PEDRO,CRAS SÃO PEDRO,Público Geral,Cadastro Único
Feminino,44, Médio Completo,Morro do tiro,1,CRAS SÃO PEDRO,CRAS SÃO PEDRO,Público Geral,Cadastro Único
Feminino,61, Médio Incompleto,Morro do tiro,1,CRAS SÃO PEDRO,CRAS SÃO PEDRO,Público Geral,Cadastro Único
Feminino,33, Médio Completo,São Pedro,1,CRAS SÃO PEDRO,CRAS SÃO PEDRO,Público Geral,Cadastro Único
Masculino,76, Fundamental Incompleto,São Pedro,1,CRAS SÃO PEDRO,CRAS SÃO PEDRO,Público Geral,Cadastro Único
Feminino,32, Fundamental Incompleto,Morro do Tiro,1,CRAS SÃO PEDRO,CRAS SÃO PEDRO,Público Geral,Cadastro Único
Feminino,19, Médio Completo,Perpétuo,1,CRAS SÃO PEDRO,CRAS SÃO PEDRO,Público Geral,Cadastro Único
Feminino,70, Fundamental Incompleto,Fazendinha,1,CRAS SÃO PEDRO,CRAS SÃO PEDRO,Público Geral,Cadastro Único
Feminino,26, Fundamental Incompleto,Pimentel,1,CRAS SÃO PEDRO,CRAS SÃO PEDRO,Público Geral,Cadastro Único
Masculino,59, Fundamental Incompleto,Morro do Tiro,1,CRAS SÃO PEDRO,CRAS SÃO PEDRO,Público Geral,Cadastro Único
Feminino,33, Médio Completo,São Pedro,1,CRAS SÃO PEDRO,CRAS SÃO PEDRO,Público Geral,Cadastro Único
Feminino,28, Médio Incompleto,Perpétuo,1,CRAS SÃO PEDRO,CRAS SÃO PEDRO,Público Geral,Cadastro Único
Masculino,35, Médio Completo,São Pedro,1,CrAS SÃO PEDRO,CrAS SÃO PEDRO,Público Geral,Cadastro Único
Feminino,38, Médio Completo,São Pedro,1,CrAS SÃO PEDRO,CrAS SÃO PEDRO,Público Geral,CadastroÚnico
Feminino,27, Fundamental Completo,São Pedro,1,CrAS SÃO PEDRO,CrAS SÃO PEDRO,Fortalecimento de Vínculos,Assistente Social
Feminino,43, Médio Completo,São Pedro,1,CrAS SÃO PEDRO,CrAS SÃO PEDRO,Fortalecimento de Vínculos,Assistente Social
Feminino,19, Médio Incompleto,São Pedro,1,CrAS SÃO PEDRO,CrAS SÃO PEDRO,Fortalecimento de Vínculos,Assistente Social
Feminino,20, Médio Completo,São Pedro,1,crAS SÃO PEDRO,crAS SÃO PEDRO,Fortalecimento de Vínculos,Assistente Social
Feminino,22, Fundamental Completo,São Pedro,1,CRAS SÃO PEDRO,CRAS SÃO PEDRO,Fortalecimento de Vínculos,Assistente Social
Feminino,31, Médio Incompleto,São Pedro,1,CRAS SÃO PEDRO,CRAS SÃO PEDRO,Fortalecimento de Vínculos,Assistente Social
Masculino,32, Fundamental Incompleto,São Pedro,1,CRaS SÃO PEDRO,CRaS SÃO PEDRO,Fortalecimento de Vínculos,Assistente Social
Feminino,38, Fundamental Incompleto,Morro do tiro,1,CraS SÃO PEDRO,CraS SÃO PEDRO,Fortalecimento de Vínculos,Assistente Social
Feminino,31, Médio Incompleto,São Pedro,1,CRAS SÃO PEDRO,CRAS SÃO PEDRO,Fortalecimento de Vínculos,Assistente Social
Feminino,22, Médio Completo,São Pedro,1,CRAS SÃO PEDRO,CRAS SÃO PEDRO,Fortalecimento de Vínculos,Assistente Social
Feminino,54, Fundamental Incompleto,Perpétuo,1,CRAS SÃO PEDRO,CRAS SÃO PEDRO,Fortalecimento de Vínculos,Assistente Social
Feminino,40, Médio Completo,São Pedro,1,CRAS SÃO PEDRO,CRAS SÃO PEDRO,Fortalecimento de Vínculos,Assistente Social
Masculino,30, Fundamental Completo,São Pedro,1,CRAS SÃO PEDRO,CRAS SÃO PEDRO,Fortalecimento de Vínculos,Assistente Social
Masculino,55,Não Escolarizado,Bairro dos Funcionários,1,CRAS SÃO PEDRO,CRAS SÃO PEDRO,Público Geral,Cadastro Único
Masculino,33, Médio Completo,Granja Primor,1,CRAS SÃO PEDRO,CRAS SÃO PEDRO,Público Geral,Cadastro Único
Masculino,60, Fundamental Incompleto,Perpétuo,1,CRAS SÃO PEDRO,CRAS SÃO PEDRO,Público Geral,Cadastro Único
Masculino,68,Não Escolarizado,São Pedro,1,CRAS SÃO PEDRO,CRAS SÃO PEDRO,Público Geral,Cadastro Único
Feminino,62,Não Escolarizado,São Pedro,1,CRAS SÃO PEDRO,CRAS SÃO PEDRO,Público Geral,Cadastro Único
Feminino,36, Fundamental Incompleto,São Pedro,1,CRAS SÃO PEDRO,CRAS SÃO PEDRO,Público Geral,Cadastro Único
Feminino,40, Médio Completo,São Pedro,1,CRAS SÃO PEDRO,CRAS SÃO PEDRO,Público Geral,Cadastro Único
Feminino,48, Fundamental Incompleto,São Pedro,1,CRAS SÃO PEDRO,CRAS SÃO PEDRO,Público Geral,Cadastro Único
Feminino,33, Médio Completo,São Pedro,1,CRAS SÃO PEDRO,CRAS SÃO PEDRO,Público Geral,Cadastro Único
Feminino,52, Fundamental Incompleto,São Pedro,1,CRAS SÃO PEDRO,CRAS SÃO PEDRO,Público Geral,Cadastro Único
Feminino,21, Médio Incompleto,Pimentel,1,CRAS SÃO PEDRO,CRAS SÃO PEDRO,Público Geral,Cadastro Único
Feminino,44, Médio Completo,São Pedro,1,CRAS SÃO PEDRO,CRAS SÃO PEDRO,Público Geral,Cadastro Único
Feminino,31, Médio Incompleto,São Pedro,1,CRAS SÃO PEDRO,CRAS SÃO PEDRO,Público Geral,Cadastro Único
Feminino,, Fundamental Incompleto,São Pedro,1,CRAS SÃO PEDRO,CRAS SÃO PEDRO,Público Geral,Cadastro Único
Masculino,71, Fundamental Incompleto,São Pedro,1,CRAS SÃO PEDRO,CRAS SÃO PEDRO,Público Geral,Cadastro Único
Feminino,53, Fundamental Incompleto,Morro do Tiro,1,CRAS SÃO PEDRO,CRAS SÃO PEDRO,Público Geral,Cadastro Único
Feminino,23, Médio Completo,Bairro dos Funcionários,1,CRAS SÃO PEDRO,CRAS SÃO PEDRO,Público Geral,Cadastro Único
Masculino,29, Médio Completo,Pimentel,1,CRAS SÃO PEDRO,CRAS SÃO PEDRO,Público Geral,Cadastro Único
Feminino,38, Médio Completo,São Pedro,1,CRAS SÃO PEDRO,CRAS SÃO PEDRO,Público Geral,Cadastro Único
Feminino,40, Fundamental Incompleto,Morro do tiro,1,CRAS SÃO PEDRO,CRAS SÃO PEDRO,Público Geral,Cadastro Único
Feminino,59, Fundamental Incompleto,Pimentel,1,CRAS SÃO PEDRO,CRAS SÃO PEDRO,Público Geral,Cadastro Único
Feminino,32, Fundamental Incompleto,Fazendinha,1,CRAS SÃO PEDRO,CRAS SÃO PEDRO,Público Geral,Cadastro Único
Feminino,38, Médio Incompleto,São Pedro,1,CRAS SÃO PEDRO,CRAS SÃO PEDRO,Público Geral,Cadastro Único
Feminino,71, Fundamental Incompleto,São Pedro,1,CRAS SÃO PEDRO,CRAS SÃO PEDRO,Público Geral,Cadastro Único
Feminino,73, Fundamental Incompleto,São Pedro,1,CRAS SÃO PEDRO,CRAS SÃO PEDRO,Público Geral,Cadastro Único
Feminino,38, Médio Incompleto,São Pedro,1,CRAS SÃO PEDRO,CRAS SÃO PEDRO,Público Geral,Cadastro Único
Feminino,26, Fundamental Incompleto,São Pedro,1,CRAS SÃO PEDRO,CRAS SÃO PEDRO,Público Geral,Cadastro Único
Feminino,54, Médio Completo,São Pedro,1,CRAS SÃO PEDRO,CRAS SÃO PEDRO,Público Geral,Cadastro Único
Feminino,26, Médio Incompleto,São Pedro,1,CRAS SÃO PEDRO,CRAS SÃO PEDRO,Público Geral,Cadastro Único
Feminino,47, Fundamental Incompleto,Pimentel,1,CRAS SÃO PEDRO,CRAS SÃO PEDRO,Público Geral,Cadastro Único
Feminino,41, Médio Completo,Bairro dos Funcionários,1,CRAS SÃO PEDRO,CRAS SÃO PEDRO,Público Geral,Cadastro Único
Feminino,40, Fundamental Incompleto,São Pedro,1,CRAS SÃO PEDRO,CRAS SÃO PEDRO,Público Geral,Cadastro Único
Masculino,23, Médio Completo,São Pedro,1,CRAS SÃO PEDRO,CRAS SÃO PEDRO,Público Geral,Cadastro Único
Masculino,60, Médio Completo,Pimentel,1,CRAS SÃO PEDRO,CRAS SÃO PEDRO,Público Geral,Cadastro Único
Masculino,60, Fundamental Incompleto,São Pedro,1,CRAS SÃO PEDRO,CRAS SÃO PEDRO,Público Geral,Cadastro Único
Feminino,35, Médio Completo,São Pedro,1,CRAS SÃO PEDRO,CRAS SÃO PEDRO,Público Geral,Cadastro Único
Feminino,55, Fundamental Incompleto,São Pedro,1,CRAS SÃO PEDRO,CRAS SÃO PEDRO,Público Geral,Cadastro Único
Feminino,30, Médio Incompleto,São Pedro,1,CRAS SÃO PEDRO,CRAS SÃO PEDRO,Público Geral,Cadastro Único
Feminino,62, Fundamental Incompleto,São Pedro,1,CRAS SÃO PEDRO,CRAS SÃO PEDRO,Público Geral,Cadastro Único
Feminino,42,Superior Completo,Servidão Delta,1,CRAS SÃO PEDRO,CRAS SÃO PEDRO,Público Geral,Cadastro Único
Feminino,42, Médio Completo,TIRO DE GUERRA,1,CRAS SÃO PEDRO,CRAS SÃO PEDRO,Público Geral,Cadastro Único
Feminino,81, Fundamental Incompleto,São Pedro,1,CRAS SÃO PEDRO,CRAS SÃO PEDRO,Público Geral,Cadastro Único
Feminino,40, Fundamental Incompleto,São Pedro,1,CRAS SÃO PEDRO,CRAS SÃO PEDRO,Público Geral,Cadastro Único
Feminino,62, Fundamental Completo,São Pedro,1,CRAS SÃO PEDRO,CRAS SÃO PEDRO,Público Geral,Cadastro Único
Masculino,65,Não Escolarizado,São Pedro,1,CRAS SÃO PEDRO,CRAS SÃO PEDRO,Público Geral,Cadastro Único
Feminino,28, Médio Incompleto,São Pedro,1,CRAS SÃO PEDRO,CRAS SÃO PEDRO,Público Geral,Cadastro Único
Feminino,67, Médio Completo,São Pedro,1,CRAS SÃO PEDRO,CRAS SÃO PEDRO,Público Geral,Cadastro Único
Masculino,69,Superior Completo,Granja Primor,1,CRAS SÃO PEDRO,CRAS SÃO PEDRO,Público Geral,Cadastro Único
Masculino,20, Médio Completo,São Pedro,1,CRAS SÃO PEDRO,CRAS SÃO PEDRO,Público Geral,Cadastro Único
Feminino,24, Médio Completo,Fazendinha,1,CRAS SÃO PEDRO,CRAS SÃO PEDRO,Público Geral,Cadastro Único
Feminino,29, Médio Incompleto,Morro do tiro,1,CRAS SÃO PEDRO,CRAS SÃO PEDRO,Público Geral,Cadastro Único
Feminino,37, Fundamental Incompleto,Perpétuo,1,CRAS SÃO PEDRO,CRAS SÃO PEDRO,Público Geral,Cadastro Único
Masculino,25, Médio Completo,N/D,1,CRAS SÃO PEDRO,CRAS SÃO PEDRO,Público Geral,Cadastro Único
Feminino,43, Médio Incompleto,São Pedro,1,CRAS SÃO PEDRO,CRAS SÃO PEDRO,Público Geral,Cadastro Único
Feminino,36, Fundamental Incompleto,São Pedro,1,CRAS SÃO PEDRO,CRAS SÃO PEDRO,Público Geral,Cadastro Único
Feminino,42, Médio Incompleto,Perpétuo,1,CRAS SÃO PEDRO,CRAS SÃO PEDRO,Público Geral,Cadastro Único
Feminino,43, Médio Incompleto,São Pedro,1,CRAS SÃO PEDRO,CRAS SÃO PEDRO,Público Geral,Cadastro Único
Feminino,49, Fundamental Incompleto,São Pedro,1,CRAS SÃO PEDRO,CRAS SÃO PEDRO,Público Geral,Cadastro Único
Masculino,25, Médio Completo,São Pedro,1,CRAS SÃO PEDRO,CRAS SÃO PEDRO,Público Geral,Cadastro Único
Feminino,58, Fundamental Incompleto,São Pedro,1,CRAS SÃO PEDRO,CRAS SÃO PEDRO,Público Geral,Assistente Social
Feminino,76, Fundamental Incompleto,São Pedro,1,CRAS SÃO PEDRO,CRAS SÃO PEDRO,Público Geral,Assistente Social
Feminino,56, Médio Incompleto,São Pedro,1,CRAS SÃO PEDRO,CRAS SÃO PEDRO,Público Geral,Assistente Social
Masculino,65, Fundamental Completo,Barra do Imbuí,1,CRAS SÃO PEDRO,CRAS SÃO PEDRO,Público Geral,Assistente Social
Feminino,33, Médio Completo,Morro do tiro ,1,CRAS SÃO PEDRO,CRAS SÃO PEDRO,Público Geral,Assistente Social
Feminino,23, Médio Completo,São Pedro,1,CrAS SÃO PEDRO,CrAS SÃO PEDRO,Público Geral,Assistente Social
Feminino,31, Médio Completo,São Pedro,1,CrAS SÃO PEDRO,CrAS SÃO PEDRO,Público Geral,Assistente Social
Feminino,62, Fundamental Incompleto,São Pedro,1,CrAS SÃO PEDRO,CrAS SÃO PEDRO,Público Geral,Assistente Social
Feminino,62,Não Escolarizado,São Pedro,1,CrAS SÃO PEDRO,CrAS SÃO PEDRO,Público Geral,Assistente Social
Masculino,62, Médio Incompleto,São Pedro,1,CrAS SÃO PEDRO,CrAS SÃO PEDRO,Público Geral,Assistente Social
Feminino,40, Médio Incompleto,Morro do tiro ,1,CRAS SÃO PEDRO,CRAS SÃO PEDRO,Público Geral,Assistente Social
Feminino,27, Fundamental Incompleto,Bairro dos Funcionários,1,CrAS SÃO PEDRO,CrAS SÃO PEDRO,Público Geral,Assistente Social
Feminino,35, Médio Completo,São Pedro,1,CrAS SÃO PEDRO,CrAS SÃO PEDRO,Público Geral,Assistente Social
Masculino,44, Fundamental Incompleto,Morro do tiro ,1,CrAS SÃO PEDRO,CrAS SÃO PEDRO,Público Geral,Assistente Social
Feminino,43, Médio Completo,São Pedro,1,crAS SÃO PEDRO,crAS SÃO PEDRO,Público Geral,Assistente Social
Feminino,28, Médio Completo,Morro do tiro ,1,CRAS SÃO PEDRO,CRAS SÃO PEDRO,Público Geral,Assistente Social
Masculino,52,Não Escolarizado,Morro do tiro ,1,CRAS SÃO PEDRO,CRAS SÃO PEDRO,Público Geral,Assistente Social
Feminino,47, Fundamental Completo,Morro do tiro ,1,CrAS SÃO PEDRO,CrAS SÃO PEDRO,Público Geral,Assistente Social
Feminino,47,Superior Incompleto,São Pedro,1,CrAS SÃO PEDRO,CrAS SÃO PEDRO,Público Geral,Assistente Social
Feminino,32, Médio Incompleto,Morro do tiro ,1,CrAS SÃO PEDRO,CrAS SÃO PEDRO,Público Geral,Assistente Social
Feminino,34, Fundamental Completo,Morro do tiro ,1,CrAS SÃO PEDRO,CrAS SÃO PEDRO,Público Geral,Assistente Social
Feminino,58, Fundamental Incompleto,São Pedro,1,CrAS SÃO PEDRO,CrAS SÃO PEDRO,Público Geral,Assistente Social
Masculino,48, Médio Incompleto,Morro do tiro ,1,CRAS SÃO PEDRO,CRAS SÃO PEDRO,Público Geral,Assistente Social
Masculino,32, Fundamental Incompleto,São Pedro,1,CrAS SÃO PEDRO,CrAS SÃO PEDRO,Público Geral,Assistente Social
Feminino,29,Superior Incompleto,São Pedro,1,cRAS SÃO PEDRO,cRAS SÃO PEDRO,Público Geral,Assistente Social
Feminino,33, Médio Completo,São Pedro,1,CrAS SÃO PEDRO,CrAS SÃO PEDRO,Público Geral,Assistente Social
Feminino,38, Médio Completo,Bairro dos Funcionários,1,CrAS SÃO PEDRO,CrAS SÃO PEDRO,Público Geral,Assistente Social
Feminino,24, Fundamental Incompleto,São Pedro,1,CrAS SÃO PEDRO,CrAS SÃO PEDRO,Público Geral,Assistente Social
Feminino,23, Médio Incompleto,São Pedro,1,CrAS SÃO PEDRO,CrAS SÃO PEDRO,Público Geral,Assistente Social
Masculino,35, Médio Completo,São Pedro,1,cRAS SÃO PEDRO,cRAS SÃO PEDRO,Público Geral,Assistente Social
Feminino,18, Médio Completo,São Pedro,1,CrAS SÃO PEDRO,CrAS SÃO PEDRO,Público Geral,Assistente Social
Feminino,21, Fundamental Incompleto,Pimentel ,1,CrAS SÃO PEDRO,CrAS SÃO PEDRO,Público Geral,Assistente Social
Feminino,32, Fundamental Incompleto,Morro do tiro ,1,CRAS SÃO PEDRO,CRAS SÃO PEDRO,Público Geral,Assistente Social
Feminino,44, Médio Incompleto,São Pedro,1,CRAS SÃO PEDRO,CRAS SÃO PEDRO,Público Geral,Assistente Social
Feminino,31, Médio Incompleto,São Pedro,1,CrAS SÃO PEDRO,CrAS SÃO PEDRO,Público Geral,Assistente Social
Feminino,54, Fundamental Incompleto,Pimentel ,1,CrAS SÃO PEDRO,CrAS SÃO PEDRO,Público Geral,Assistente Social
Feminino,58, Fundamental Incompleto,Pimentel ,1,CrAS SÃO PEDRO,CrAS SÃO PEDRO,Público Geral,Assistente Social
Feminino,55, Fundamental Incompleto,Vale Paraíso ,1,CrAS SÃO PEDRO,CrAS SÃO PEDRO,Público Geral,Assistente Social
Masculino,68, Fundamental Incompleto,Fonte santa ,1,CrAS SÃO PEDRO,CrAS SÃO PEDRO,Público Geral,Assistente Social
Masculino,62, Médio Incompleto,Ermitagem,1,CrAS SÃO PEDRO,CrAS SÃO PEDRO,Público Geral,Assistente Social
Masculino,33, Médio Completo,São Pedro,1,CrAS SÃO PEDRO,CrAS SÃO PEDRO,Público Geral,Assistente Social
Feminino,53, Médio Completo,Perpétuo,1,CrAS SÃO PEDRO,CrAS SÃO PEDRO,Público Geral,Assistente Social
Feminino,51, Médio Completo,São Pedro,1,CrAS SÃO PEDRO,CrAS SÃO PEDRO,Público Geral,Assistente Social
Feminino,40, Médio Completo,São Pedro,1,CrAS SÃO PEDRO,CrAS SÃO PEDRO,Público Geral,Assistente Social
Feminino,36, Fundamental Incompleto,São Pedro,1,CrAS SÃO PEDRO,CrAS SÃO PEDRO,Público Geral,Assistente Social
Feminino,27, Médio Incompleto,Perpétuo,1,CrAS SÃO PEDRO,CrAS SÃO PEDRO,Público Geral,Assistente Social
Feminino,37, Médio Incompleto,Bairro dos Funcionários,1,CrAS SÃO PEDRO,CrAS SÃO PEDRO,Público Geral,Assistente Social
Feminino,22, Médio Completo,Bairro dos Funcionários,1,CRAS SÃO PEDRO,CRAS SÃO PEDRO,Público Geral,Assistente Social
Feminino,48, Fundamental Incompleto,São Pedro,1,CrAS SÃO PEDRO,CrAS SÃO PEDRO,Público Geral,Assistente Social
Feminino,35, Médio Incompleto,São Pedro,1,CRAS SÃO PEDRO,CRAS SÃO PEDRO,Público Geral,Assistente Social
Feminino,31, Médio Incompleto,São Pedro,1,CrAS SÃO PEDRO,CrAS SÃO PEDRO,Público Geral,Assistente Social
Feminino,32, Fundamental Incompleto,São Pedro,1,CrAS SÃO PEDRO,CrAS SÃO PEDRO,Público Geral,Assistente Social
Feminino,38, Médio Completo,Bairro dos Funcionários,1,CrAS SÃO PEDRO,CrAS SÃO PEDRO,Público Geral,Assistente Social
Feminino,25, Médio Completo,São Pedro,1,CrAS SÃO PEDRO,CrAS SÃO PEDRO,Público Geral,Assistente Social
Masculino,28, Fundamental Incompleto,São Pedro,1,CRAS SÃO PEDRO,CRAS SÃO PEDRO,Público Geral,Assistente Social
Feminino,36, Fundamental Incompleto,São Pedro,1,CRAS SÃO PEDRO,CRAS SÃO PEDRO,Público Geral,Assistente Social
Feminino,29, Médio Incompleto,São Pedro,1,CRAS SÃO PEDRO,CRAS SÃO PEDRO,Público Geral,Assistente Social
Feminino,38, Médio Completo,São Pedro,1,crAS SÃO PEDRO,crAS SÃO PEDRO,Público Geral,Assistente Social
Masculino,46, Fundamental Incompleto,Pimentel ,1,CrAS SÃO PEDRO,CrAS SÃO PEDRO,Público Geral,Assistente Social
Feminino,42, Médio Completo,Perpétuo,1,CRAS SÃO PEDRO,CRAS SÃO PEDRO,Público Geral,Assistente Social
Feminino,26, Médio Incompleto,São Pedro,1,CrAS SÃO PEDRO,CrAS SÃO PEDRO,Público Geral,Assistente Social
Feminino,47, Fundamental Incompleto,São Pedro,1,CRAS SÃO PEDRO,CRAS SÃO PEDRO,Público Geral,Assistente Social
Feminino,34, Médio Completo,Morro do tiro ,1,CRAS SÃO PEDRO,CRAS SÃO PEDRO,Público Geral,Assistente Social
Masculino,57, Médio Completo,São Pedro,1,CRAS SÃO PEDRO,CRAS SÃO PEDRO,Público Geral,Assistente Social
Feminino,37, Médio Completo,São Pedro,1,crAS SÃO PEDRO,crAS SÃO PEDRO,Público Geral,Assistente Social
Feminino,76, Fundamental Incompleto,São Pedro,1,CRAS SÃO PEDRO,CRAS SÃO PEDRO,Público Geral,Assistente Social
Feminino,57, Fundamental Incompleto,São Pedro,1,CRAS SÃO PEDRO,CRAS SÃO PEDRO,Público Geral,Assistente Social
Feminino,47, Fundamental Incompleto,Perpétuo,1,CRAS SÃO PEDRO,CRAS SÃO PEDRO,Público Geral,Assistente Social
Feminino,36, Médio Completo,São Pedro,1,CRAS SÃO PEDRO,CRAS SÃO PEDRO,Público Geral,Assistente Social
Feminino,56, Fundamental Incompleto,MOrro do tiro ,1,CRAS SÃO PEDRO,CRAS SÃO PEDRO,Público Geral,Assistente Social
Feminino,28, Médio Completo,MOrro do tiro ,1,CRAS SÃO PEDRO,CRAS SÃO PEDRO,Público Geral,Assistente Social
Feminino,35, Fundamental Incompleto,São Pedro,1,CRAS SÃO PEDRO,CRAS SÃO PEDRO,Público Geral,Assistente Social
Feminino,65, Fundamental Incompleto,São Pedro,1,CRAS SÃO PEDRO,CRAS SÃO PEDRO,Público Geral,Assistente Social
Feminino,20, Médio Completo,São Pedro,1,CRAS SÃO PEDRO,CRAS SÃO PEDRO,Público Geral,Assistente Social
Feminino,19, Médio Completo,Pimentel ,1,crAS SÃO PEDRO,crAS SÃO PEDRO,Público Geral,Assistente Social
Feminino,19, Médio Completo,Perpétuo,1,crAS SÃO PEDRO,crAS SÃO PEDRO,Público Geral,Assistente Social
Feminino,29,Superior Incompleto,São Pedro,1,crAS SÃO PEDRO,crAS SÃO PEDRO,Público Geral,Assistente Social
Feminino,32, Fundamental Incompleto,São Pedro,1,CrAS SÃO PEDRO,CrAS SÃO PEDRO,Público Geral,Assistente Social
Feminino,20, Fundamental Incompleto,MOrro do tiro ,1,CrAS SÃO PEDRO,CrAS SÃO PEDRO,Público Geral,Assistente Social
Feminino,20, Fundamental Incompleto,São Pedro,1,CrAS SÃO PEDRO,CrAS SÃO PEDRO,Público Geral,Assistente Social
Feminino,36, Fundamental Incompleto,Bairro dos Funcionários,1,cras SÃO PEDRO,cras SÃO PEDRO,Público Geral,Assistente Social
Masculino,34, Médio Completo,São Pedro,1,cras SÃO PEDRO,cras SÃO PEDRO,Público Geral,Assistente Social
Feminino,26, Fundamental Incompleto,MOrro do tiro ,1,Cras SÃO PEDRO,Cras SÃO PEDRO,Público Geral,Assistente Social
Masculino,52, Fundamental Incompleto,Bairro dos Funcionários,1,cras SÃO PEDRO,cras SÃO PEDRO,Público Geral,Assitente Social
Masculino,26, Médio Completo,Granja Primor ,1,cras SÃO PEDRO,cras SÃO PEDRO,Público Geral,Assitente Social
Feminino,56, Fundamental Incompleto,São Pedro,1,cras SÃO PEDRO,cras SÃO PEDRO,Público Geral,Assitente Social
Feminino,44, Médio Completo,São Pedro,1,cras SÃO PEDRO,cras SÃO PEDRO,Cesta Basica ,Assitente Social
Feminino,30, Médio Incompleto,MOrro do tiro ,1,cras SÃO PEDRO,cras SÃO PEDRO,Cesta Basica ,Assitente Social
Feminino,31, Fundamental Incompleto,São Pedro,1,Cras SÃO PEDRO,Cras SÃO PEDRO,Cesta Basica ,Assitente Social
Feminino,34, Médio Completo,São Pedro,1,Cras SÃO PEDRO,Cras SÃO PEDRO,Cesta Basica ,Assitente Social
Feminino,49, Fundamental Incompleto,São Pedro,1,Cras SÃO PEDRO,Cras SÃO PEDRO,Cesta Basica ,Assitente Social
Feminino,28, Fundamental Incompleto,Pimentel ,1,cras SÃO PEDRO,cras SÃO PEDRO,Cesta Basica ,Assitente Social
Feminino,32, Médio Completo,Fazendinha,1,cras SÃO PEDRO,cras SÃO PEDRO,Cesta Basica ,Assitente Social
Feminino,40, Fundamental Incompleto,MOrro do tiro ,1,cras SÃO PEDRO,cras SÃO PEDRO,Cesta Basica ,Assitente Social
Feminino,62, Fundamental Incompleto,São Pedro,1,cras SÃO PEDRO,cras SÃO PEDRO,Cesta Basica ,Assitente Social
Feminino,32, Fundamental Incompleto,São Pedro,1,cras SÃO PEDRO,cras SÃO PEDRO,Cesta Basica ,Assitente Social
Feminino,49, Fundamental Incompleto,Bairro dos Funcionários,1,cras SÃO PEDRO,cras SÃO PEDRO,Cesta Basica ,Assitente Social
Feminino,29, Médio Incompleto,Granja Primor ,1,cras SÃO PEDRO,cras SÃO PEDRO,Cesta Basica ,Assitente Social
Masculino,33, Médio Completo,Rosário,1,cras SÃO PEDRO,cras SÃO PEDRO,Cesta Basica ,Assitente Social
Feminino,35, Médio Incompleto,São Pedro,1,cras SÃO PEDRO,cras SÃO PEDRO,Cesta Basica ,Assitente Social
Feminino,40, Fundamental Incompleto,São Pedro,1,cras SÃO PEDRO,cras SÃO PEDRO,Cesta Basica ,Assitente Social
Feminino,49, Fundamental Incompleto,Bairro dos Funcionários,1,cras SÃO PEDRO,cras SÃO PEDRO,Psicólogo,Assitente Social
Feminino,40, Fundamental Incompleto,São Pedro,1,cras SÃO PEDRO,cras SÃO PEDRO,Psicólogo,Assitente Social
Feminino,47, Fundamental Incompleto,São Pedro,1,cras SÃO PEDRO,cras SÃO PEDRO,Psicólogo,Assitente Social
Masculino,29, Médio Incompleto,Pimentel ,1,cras SÃO PEDRO,cras SÃO PEDRO,Psicólogo,Assitente Social
Feminino,47, Médio Incompleto,São Pedro,1,cras SÃO PEDRO,cras SÃO PEDRO,Psicólogo,Assitente Social
Masculino,31, Médio Incompleto,Perpétuo,1,cras SÃO PEDRO,cras SÃO PEDRO,Psicólogo,Assitente Social
Feminino,53, Médio Completo,São Pedro,1,cras SÃO PEDRO,cras SÃO PEDRO,Psicólogo,Assitente Social
Feminino,18, Médio Completo,São Pedro,1,cras SÃO PEDRO,cras SÃO PEDRO,POT,Assitente Social
Feminino,31, Médio Incompleto,Pimentel ,1,cras SÃO PEDRO,cras SÃO PEDRO,POT,Assitente Social
Feminino,39, Médio Completo,Perpétuo,1,cras SÃO PEDRO,cras SÃO PEDRO,POT,Assitente Social
Feminino,33, Médio Incompleto,São Pedro,1,cras SÃO PEDRO,cras SÃO PEDRO,POT,Assitente Social
Feminino,41, Médio Incompleto,São Pedro,1,cras SÃO PEDRO,cras SÃO PEDRO,POT,Assitente Social
Masculino,29, Fundamental Incompleto,Perpétuo,1,cras SÃO PEDRO,cras SÃO PEDRO,POT,Assitente Social
Feminino,21, Médio Completo,São Pedro,1,cras SÃO PEDRO,cras SÃO PEDRO,POT,Assitente Social
Masculino,26, Médio Incompleto,São Pedro,1,cras SÃO PEDRO,cras SÃO PEDRO,POT,Assitente Social
Feminino,25, Médio Completo,São Pedro,1,cras SÃO PEDRO,cras SÃO PEDRO,POT,Assitente Social
Feminino,20, Fundamental Incompleto,São Pedro,1,cras SÃO PEDRO,cras SÃO PEDRO,POT,Assitente Social
Feminino,39, Fundamental Incompleto,São Pedro,1,cras SÃO PEDRO,cras SÃO PEDRO,POT,Assitente Social
Feminino,36, Fundamental Incompleto,São Pedro,1,cras SÃO PEDRO,cras SÃO PEDRO,POT,Assitente Social
Feminino,35, Médio Completo,São Pedro,1,cras SÃO PEDRO,cras SÃO PEDRO,POT,Assitente Social
Feminino,18, Médio Completo,São Pedro,1,cras SÃO PEDRO,cras SÃO PEDRO,POT,Assitente Social
Feminino,26, Médio Incompleto,Perpétuo,1,cras SÃO PEDRO,cras SÃO PEDRO,POT,Assitente Social
Feminino,48, Médio Completo,São Pedro,1,CRas SÃO PEDRO,CRas SÃO PEDRO,POT,Assitente Social
Feminino,19, Médio Incompleto,São Pedro,1,cras SÃO PEDRO,cras SÃO PEDRO,POT,Assitente Social
Feminino,47, Fundamental Incompleto,São Pedro,1,cras SÃO PEDRO,cras SÃO PEDRO,POT,Assitente Social
Feminino,21, Médio Completo,São Pedro,1,cras SÃO PEDRO,cras SÃO PEDRO,POT,Assitente Social
Masculino,30, Médio Incompleto,São Pedro,1,cras SÃO PEDRO,cras SÃO PEDRO,POT,Assitente Social
Feminino,31, Fundamental Incompleto,Perpétuo,1,cras SÃO PEDRO,cras SÃO PEDRO,POT,Assitente Social
Feminino,20, Médio Completo,São Pedro,1,cras SÃO PEDRO,cras SÃO PEDRO,POT,Assitente Social
Feminino,23, Médio Completo,Granja Primor ,1,cras SÃO PEDRO,cras SÃO PEDRO,POT,Assitente Social
Feminino,34, Médio Incompleto,Perpétuo,1,cras SÃO PEDRO,cras SÃO PEDRO,POT,Assitente Social
Masculino,21, Médio Completo,Perpétuo,1,cras SÃO PEDRO,cras SÃO PEDRO,POT,Assitente Social
Feminino,37, Fundamental Incompleto,São Pedro,1,cras SÃO PEDRO,cras SÃO PEDRO,POT,Assitente Social
Feminino,31, Médio Completo,Granja Primor ,1,cras SÃO PEDRO,cras SÃO PEDRO,POT,Assitente Social
Feminino,31, Médio Completo,São Pedro,1,cras SÃO PEDRO,cras SÃO PEDRO,Público Geral,Cadastro Único
Feminino,78, Médio Incompleto,Granja Primor ,1,cras SÃO PEDRO,cras SÃO PEDRO,Público Geral,Cadastro Único
Feminino,64, Médio Incompleto,Perpétuo,1,cras SÃO PEDRO,cras SÃO PEDRO,Público Geral,Cadastro Único
Feminino,44, Médio Incompleto,Pimentel ,1,cras SÃO PEDRO,cras SÃO PEDRO,Público Geral,Cadastro Único
Feminino,40, Médio Incompleto,São Pedro,1,cras SÃO PEDRO,cras SÃO PEDRO,Público Geral,Cadastro Único
Masculino,19, Fundamental Incompleto,Perpétuo,1,cras SÃO PEDRO,cras SÃO PEDRO,Público Geral,Cadastro Único
Feminino,40,Superior Completo,Bairro dos Funcionários,1,cras SÃO PEDRO,cras SÃO PEDRO,Público Geral,Cadastro Único
Feminino,25, Médio Completo,São Pedro,1,CRas SÃO PEDRO,CRas SÃO PEDRO,Público Geral,Cadastro Único
Feminino,46, Fundamental Incompleto,São Pedro,1,cras SÃO PEDRO,cras SÃO PEDRO,Público Geral,Cadastro Único
Masculino,28, Fundamental Incompleto,São Pedro,1,cras SÃO PEDRO,cras SÃO PEDRO,Público Geral,Cadastro Único
Feminino,47, Fundamental Incompleto,São Pedro,1,CRAS SÃO PEDRO,CRAS SÃO PEDRO,Público Geral,Cadastro Único
Masculino,49, Fundamental Incompleto,Pimentel ,1,CRAS SÃO PEDRO,CRAS SÃO PEDRO,Público Geral,Cadastro Único
Feminino,37, Fundamental Incompleto,São Pedro,1,CRAS SÃO PEDRO,CRAS SÃO PEDRO,Público Geral,Cadastro Único
Feminino,76, Fundamental Incompleto,Perpétuo,1,CRAS SÃO PEDRO,CRAS SÃO PEDRO,Público Geral,Cadastro Único
Feminino,41, Fundamental Incompleto,morro do tiro ,1,CRAS SÃO PEDRO,CRAS SÃO PEDRO,Público Geral,Cadastro Único
Masculino,58, Fundamental Incompleto,Granja Primor ,1,CRAS SÃO PEDRO,CRAS SÃO PEDRO,Público Geral,Cadastro Único
Masculino,49, Fundamental Incompleto,São Pedro,1,CRAS SÃO PEDRO,CRAS SÃO PEDRO,Público Geral,Cadastro Único
Masculino,63, Fundamental Incompleto,São Pedro,1,CRAS SÃO PEDRO,CRAS SÃO PEDRO,Público Geral,Cadastro Único
Feminino,78, Fundamental Incompleto,São Pedro,1,CRAS SÃO PEDRO,CRAS SÃO PEDRO,Público Geral,Cadastro Único
Masculino,62, Fundamental Incompleto,São Pedro,1,CRAS SÃO PEDRO,CRAS SÃO PEDRO,Público Geral,Cadastro Único
Feminino,49, Fundamental Incompleto,São Pedro,1,CRAS SÃO PEDRO,CRAS SÃO PEDRO,Público Geral,Cadastro Único
Feminino,32, Médio Completo,Perpétuo,1,CRAS SÃO PEDRO,CRAS SÃO PEDRO,Público Geral,Cadastro Único
Masculino,63, Fundamental Incompleto,Granja Primor ,1,CRAS SÃO PEDRO,CRAS SÃO PEDRO,Público Geral,Cadastro Único
Feminino,30, Médio Incompleto,Morro do tiro ,1,CRAS SÃO PEDRO,CRAS SÃO PEDRO,Público Geral,Cadastro Único
Masculino,60, Fundamental Incompleto,São Pedro,1,CRAS SÃO PEDRO,CRAS SÃO PEDRO,Público Geral,Cadastro Único
Feminino,68, Fundamental Incompleto,São Pedro,1,CRAS SÃO PEDRO,CRAS SÃO PEDRO,Público Geral,Cadastro Único
Feminino,26, Médio Completo,Perpétuo,1,CRAS SÃO PEDRO,CRAS SÃO PEDRO,Público Geral,Cadastro Único
Feminino,52, Médio Completo,Perpétuo,1,CRAS SÃO PEDRO,CRAS SÃO PEDRO,Público Geral,Cadastro Único
Masculino,58, Fundamental Incompleto,São Pedro,1,CRAS SÃO PEDRO,CRAS SÃO PEDRO,Público Geral,Cadastro Único
Feminino,39, Fundamental Incompleto,Bairro dos Funcionários,1,CRAS SÃO PEDRO,CRAS SÃO PEDRO,Público Geral,Cadastro Único
Feminino,32, Fundamental Incompleto,São Pedro,1,CrAS SÃO PEDRO,CrAS SÃO PEDRO,Público Geral,Cadastro Único
Feminino,24, Médio Completo,São Pedro,1,CRAS SÃO PEDRO,CRAS SÃO PEDRO,Público Geral,Cadastro Único
Masculino,47, Médio Completo,São Pedro,1,crAS SÃO PEDRO,crAS SÃO PEDRO,Público Geral,Cadastro Único
Feminino,76, Fundamental Incompleto,São Pedro,1,CRAS SÃO PEDRO,CRAS SÃO PEDRO,Público Geral,Cadastro Único
Feminino,61, Fundamental Incompleto,Granja Primor ,1,CRAS SÃO PEDRO,CRAS SÃO PEDRO,Público Geral,Cadastro Único
Feminino,20, Fundamental Incompleto,Morro do tiro ,1,CRAS SÃO PEDRO,CRAS SÃO PEDRO,Público Geral,Cadastro Único
Feminino,55, Médio Incompleto,Pimentel ,1,CRAS SÃO PEDRO,CRAS SÃO PEDRO,Público Geral,Cadastro Único
Feminino,29, Médio Completo,São Pedro,1,crAS SÃO PEDRO,crAS SÃO PEDRO,Público Geral,Cadastro Único
Masculino,62, Fundamental Incompleto,São Pedro,1,crAS SÃO PEDRO,crAS SÃO PEDRO,Público Geral,Cadastro Único
Feminino,20, Médio Completo,São Pedro,1,CRAS SÃO PEDRO,CRAS SÃO PEDRO,Público Geral,Cadastro Único
Feminino,61, Fundamental Incompleto,São Pedro,1,CRAS SÃO PEDRO,CRAS SÃO PEDRO,Público Geral,Cadastro Único
Feminino,28, Fundamental Incompleto,Granja Primor ,1,CRAS SÃO PEDRO,CRAS SÃO PEDRO,Público Geral,Cadastro Único
Feminino,36, Fundamental Incompleto,Pimentel ,1,CRAS SÃO PEDRO,CRAS SÃO PEDRO,Público Geral,Cadastro Único
Feminino,23, Médio Completo,São Pedro,1,CRAS SÃO PEDRO,CRAS SÃO PEDRO,Público Geral,Cadastro Único
Masculino,23, Médio Completo,São Pedro,1,CRAS SÃO PEDRO,CRAS SÃO PEDRO,Público Geral,Cadastro Único
Masculino,64, Médio Incompleto,Perpétuo,1,CRAS SÃO PEDRO,CRAS SÃO PEDRO,Público Geral,Cadastro Único
Masculino,34, Fundamental Incompleto,Rosário,1,CRAS SÃO PEDRO,CRAS SÃO PEDRO,Público Geral,Cadastro Único
Feminino,71, Fundamental Incompleto,São Pedro,1,CRAS SÃO PEDRO,CRAS SÃO PEDRO,Público Geral,Cadastro Único
Feminino,61, Fundamental Incompleto,São Pedro,1,CRAS SÃO PEDRO,CRAS SÃO PEDRO,Público Geral,Cadastro Único
Masculino,51, Fundamental Incompleto,São Pedro,1,CRAS SÃO PEDRO,CRAS SÃO PEDRO,Público Geral,Cadastro Único
Feminino,30, Fundamental Incompleto,Perpétuo,1,CRAS SÃO PEDRO,CRAS SÃO PEDRO,Público Geral,Cadastro Único
Feminino,61, Médio Incompleto,morro do tiro ,1,CRAS SÃO PEDRO,CRAS SÃO PEDRO,Público Geral,Cadastro Único
Feminino,32, Fundamental Incompleto,São Pedro,1,crAS SÃO PEDRO,crAS SÃO PEDRO,Público Geral,Cadastro Único
Masculino,69, Fundamental Incompleto,São Pedro,1,crAS SÃO PEDRO,crAS SÃO PEDRO,Público Geral,Cadastro Único
Feminino,32, Médio Incompleto,Perpétuo,1,CRAS SÃO PEDRO,CRAS SÃO PEDRO,Público Geral,Cadastro Único
Feminino,62, Fundamental Incompleto,Pimentel ,1,CRAS SÃO PEDRO,CRAS SÃO PEDRO,Público Geral,Cadastro Único
Feminino,58, Fundamental Incompleto,pimentel ,1,CRAS SÃO PEDRO,CRAS SÃO PEDRO,Público Geral,Cadastro Único
Feminino,31,Superior Completo,São Pedro,1,CRAS SÃO PEDRO,CRAS SÃO PEDRO,Público Geral,Cadastro Único
Feminino,40, Fundamental Incompleto,pimentel ,1,CrAS SÃO PEDRO,CrAS SÃO PEDRO,Público Geral,Assistente Social
Feminino,52, Médio Incompleto,São Pedro,1,CRAS SÃO PEDRO,CRAS SÃO PEDRO,Público Geral,Assistente Social
Feminino,55, Médio Incompleto,Perpétuo,1,CRAS SÃO PEDRO,CRAS SÃO PEDRO,Público Geral,Assistente Social
Feminino,32, Fundamental Incompleto,São Pedro,1,CRAS SÃO PEDRO,CRAS SÃO PEDRO,Público Geral,Assistente Social
Feminino,26, Médio Incompleto,São Pedro,1,CRAS SÃO PEDRO,CRAS SÃO PEDRO,Público Geral,Assistente Social
Masculino,51, Fundamental Incompleto,São Pedro,1,CRAS SÃO PEDRO,CRAS SÃO PEDRO,Público Geral,Assistente Social
Feminino,59, Fundamental Incompleto,São Pedro,1,CRAS SÃO PEDRO,CRAS SÃO PEDRO,Público Geral,Assistente Social
Feminino,32, Fundamental Incompleto,São Pedro,1,CRAS SÃO PEDRO,CRAS SÃO PEDRO,Público Geral,Assistente Social
Feminino,50, Fundamental Incompleto,Granja Primor ,1,CRAS SÃO PEDRO,CRAS SÃO PEDRO,Público Geral,Assitente Social
Masculino,37, Médio Completo,São Pedro,1,CRAS SÃO PEDRO,CRAS SÃO PEDRO,Público Geral,Assistente Social
Feminino,33, Médio Completo,pimentel ,1,CRAS SÃO PEDRO,CRAS SÃO PEDRO,Público Geral,Assistente Social
Feminino,28, Médio Completo,São Pedro,1,CRAS SÃO PEDRO,CRAS SÃO PEDRO,Público Geral,Assistente Social
Masculino,24, Médio Completo,São Pedro,1,CRAS SÃO PEDRO,CRAS SÃO PEDRO,Público Geral,Assistente Social
Feminino,28, Médio Completo,morro do tiro ,1,CRAS SÃO PEDRO,CRAS SÃO PEDRO,Público Geral,Assistente Social
Masculino,40, Fundamental Incompleto,morro do tiro ,1,CRAS SÃO PEDRO,CRAS SÃO PEDRO,Público Geral,Assistente Social
Feminino,49, Fundamental Incompleto,Granja Primor ,1,CRAS SÃO PEDRO,CRAS SÃO PEDRO,Público Geral,Assistente Social
Feminino,29, Fundamental Completo,São Pedro,1,CRAS SÃO PEDRO,CRAS SÃO PEDRO,Público Geral,Assistente Social
Masculino,64, Fundamental Incompleto,São Pedro,1,CRAS SÃO PEDRO,CRAS SÃO PEDRO,Público Geral,Assistente Social
Feminino,61, Fundamental Incompleto,São Pedro,1,CRAS SÃO PEDRO,CRAS SÃO PEDRO,Público Geral,Assistente Social
Feminino,32, Médio Incompleto,São Pedro,1,CRAS SÃO PEDRO,CRAS SÃO PEDRO,Público Geral,Assistente Social
Feminino,28, Médio Incompleto,Fazendinha,1,CRAS SÃO PEDRO,CRAS SÃO PEDRO,Público Geral,Assistente Social
Feminino,27, Médio Incompleto,Perpétuo,1,CRAS SÃO PEDRO,CRAS SÃO PEDRO,Público Geral,Assistente Social
Feminino,23, Médio Incompleto,São Pedro,1,CRAS SÃO PEDRO,CRAS SÃO PEDRO,Público Geral,Assistente Social
Feminino,49, Fundamental Incompleto,São Pedro,1,CRAS SÃO PEDRO,CRAS SÃO PEDRO,Público Geral,Cadastro Único
Feminino,24, Médio Completo,São Pedro,1,CRAS SÃO PEDRO,CRAS SÃO PEDRO,Público Geral,Cadastro Único
Masculino,24, Médio Completo,São Pedro,1,CRAS SÃO PEDRO,CRAS SÃO PEDRO,Público Geral,Cadastro Único
Masculino,51,Superior Completo,São Pedro,1,CRAS SÃO PEDRO,CRAS SÃO PEDRO,Público Geral,Cadastro Único
Feminino,26, Médio Completo,Granja Primor ,1,CRAS SÃO PEDRO,CRAS SÃO PEDRO,Público Geral,Cadastro Único
Feminino,45, Fundamental Incompleto,São Pedro,1,CRAS SÃO PEDRO,CRAS SÃO PEDRO,Público Geral,Cadastro Único
Masculino,62, Fundamental Incompleto,São Pedro,1,CRAS SÃO PEDRO,CRAS SÃO PEDRO,Público Geral,Cadastro Único
Feminino,55, Fundamental Incompleto,Perpétuo,1,CRAS SÃO PEDRO,CRAS SÃO PEDRO,Público Geral,Cadastro Único
Feminino,46, Fundamental Incompleto,São Pedro,1,CRAS SÃO PEDRO,CRAS SÃO PEDRO,Público Geral,Cadastro Único
Masculino,68, Médio Completo,São Pedro,1,CrAS SÃO PEDRO,CrAS SÃO PEDRO,Público Geral,Cadastro Único
Feminino,17, Fundamental Incompleto,São Pedro,1,CrAS SÃO PEDRO,CrAS SÃO PEDRO,Público Geral,Cadastro Único
Feminino,37, Fundamental Incompleto,São Pedro,1,CRAS SÃO PEDRO,CRAS SÃO PEDRO,Público Geral,Cadastro Único
Feminino,35, Médio Completo,São Pedro,1,CRAS SÃO PEDRO,CRAS SÃO PEDRO,Público Geral,Cadastro Único
Feminino,42, Médio Completo,São Pedro,1,CRAS SÃO PEDRO,CRAS SÃO PEDRO,Público Geral,Cadastro Único
Feminino,61, Fundamental Incompleto,São Pedro,1,CRAS SÃO PEDRO,CRAS SÃO PEDRO,Público Geral,Cadastro Único
Feminino,34, Médio Completo,Pimentel ,1,CRAS SÃO PEDRO,CRAS SÃO PEDRO,Público Geral,Cadastro Único
Feminino,35, Médio Completo,São Pedro,1,CRAS SÃO PEDRO,CRAS SÃO PEDRO,Público Geral,Cadastro Único
Feminino,25, Médio Completo,São Pedro,1,CRAS SÃO PEDRO,CRAS SÃO PEDRO,Público Geral,Cadastro Único
Feminino,43, Médio Completo,São Pedro,1,CRAS SÃO PEDRO,CRAS SÃO PEDRO,Público Geral,Cadastro Único
Feminino,31, Médio Completo,Morro do tiro ,1,CRAS SÃO PEDRO,CRAS SÃO PEDRO,Público Geral,Cadastro Único
Feminino,29, Médio Incompleto,Morro do tiro ,1,CRAS SÃO PEDRO,CRAS SÃO PEDRO,Público Geral,Cadastro Único
Feminino,74, Fundamental Incompleto,Perpétuo,1,CRAS SÃO PEDRO,CRAS SÃO PEDRO,Público Geral,Cadastro Único
Feminino,38, Médio Completo,São Pedro,1,CRAS SÃO PEDRO,CRAS SÃO PEDRO,Público Geral,Cadastro Único
Feminino,69, Fundamental Incompleto,São Pedro,1,CRAS SÃO PEDRO,CRAS SÃO PEDRO,Público Geral,Cadastro Único
Feminino,19, Médio Incompleto,Perpétuo,1,CRAS SÃO PEDRO,CRAS SÃO PEDRO,Público Geral,Cadastro Único
Masculino,55, Fundamental Incompleto,São Pedro,1,CRAS SÃO PEDRO,CRAS SÃO PEDRO,Público Geral,Cadastro Único
Masculino,43, Fundamental Incompleto,Perpétuo,1,CRAS SÃO PEDRO,CRAS SÃO PEDRO,Público Geral,Cadastro Único
Masculino,30, Fundamental Incompleto,Perpétuo,1,CRAS SÃO PEDRO,CRAS SÃO PEDRO,Público Geral,Cadastro Único
Feminino,61, Fundamental Incompleto,Perpétuo,1,CRAS SÃO PEDRO,CRAS SÃO PEDRO,Público Geral,Cadastro Único
Feminino,26, Médio Incompleto,São Pedro,1,CRAS SÃO PEDRO,CRAS SÃO PEDRO,Fortalecimento de Vínculos,Assistente Social
Feminino,19, Médio Incompleto,Perpétuo,1,CRAS SÃO PEDRO,CRAS SÃO PEDRO,Fortalecimento de Vínculos,Assistente Social
Feminino,48, Médio Incompleto,São Pedro,1,CRAS SÃO PEDRO,CRAS SÃO PEDRO,Fortalecimento de Vínculos,Assistente Social
Feminino,31, Médio Completo,Perpétuo,1,CRAS SÃO PEDRO,CRAS SÃO PEDRO,Fortalecimento de Vínculos,Assistente Social
Feminino,50, Fundamental Incompleto,São Pedro,1,CRAS SÃO PEDRO,CRAS SÃO PEDRO,Fortalecimento de Vínculos,Assistente Social
Feminino,17, Fundamental Completo,São Pedro,1,CRAS SÃO PEDRO,CRAS SÃO PEDRO,Fortalecimento de Vínculos,Assistente Social
Feminino,30, Fundamental Incompleto,Pimentel ,1,CRAS SÃO PEDRO,CRAS SÃO PEDRO,Fortalecimento de Vínculos,Assistente Social
Feminino,46, Fundamental Incompleto,São Pedro,1,CrAS SÃO PEDRO,CrAS SÃO PEDRO,Fortalecimento de Vínculos,Assistente Social
Feminino,39, Médio Completo,São Pedro,1,CRAS SÃO PEDRO,CRAS SÃO PEDRO,Fortalecimento de Vínculos,Assistente Social
Feminino,27, Fundamental Incompleto,São Pedro,1,CRAS SÃO PEDRO,CRAS SÃO PEDRO,Fortalecimento de Vínculos,Assistente Social
Feminino,33, Fundamental Incompleto,Pimentel ,1,CRAS SÃO PEDRO,CRAS SÃO PEDRO,Fortalecimento de Vínculos,Assistente Social
Feminino,41, Médio Completo,São Pedro,1,CRAS SÃO PEDRO,CRAS SÃO PEDRO,Fortalecimento de Vínculos,Assistente Social
Feminino,29, Fundamental Incompleto,Bairro dos Funcionários,1,CRAS SÃO PEDRO,CRAS SÃO PEDRO,Fortalecimento de Vínculos,Assistente Social
Feminino,42, Médio Completo,São Pedro,1,CRAS SÃO PEDRO,CRAS SÃO PEDRO,Fortalecimento de Vínculos,Assistente Social
Masculino,62, Médio Completo,São Pedro,1,CRAS SÃO PEDRO,CRAS SÃO PEDRO,Fortalecimento de Vínculos,Assistente Social
Masculino,49, Fundamental Incompleto,Pimentel ,1,CRAS SÃO PEDRO,CRAS SÃO PEDRO,Fortalecimento de Vínculos,Assistente Social
Masculino,33, Médio Completo,Perpétuo,1,CRAS SÃO PEDRO,CRAS SÃO PEDRO,Público Geral,Cadastro Único
Feminino,29, Fundamental Incompleto,Pimentel,1,CRAS SÃO PEDRO,CRAS SÃO PEDRO,Público Geral,Cadastro Único
Feminino,30, Médio Completo,Pimentel,1,CRAS SÃO PEDRO,CRAS SÃO PEDRO,Público Geral,Cadastro Único
Feminino,42, Fundamental Incompleto,Perpétuo,1,CRAS SÃO PEDRO,CRAS SÃO PEDRO,Público Geral,Cadastro Único
Feminino,22, Médio Completo,Pimentel,1,CRAS SÃO PEDRO,CRAS SÃO PEDRO,Público Geral,Cadastro Único
Feminino,35,Superior Completo,São Pedro,1,CRAS SÃO PEDRO,CRAS SÃO PEDRO,Público Geral,Cadastro Único
Feminino,24, Fundamental Incompleto,São Pedro,1,CRAS SÃO PEDRO,CRAS SÃO PEDRO,Público Geral,Cadastro Único
Feminino,66, Médio Completo,São Pedro,1,CRAS SÃO PEDRO,CRAS SÃO PEDRO,Público Geral,Cadastro Único
Feminino,55, Médio Completo,Morro do Tiro,1,CRAS SÃO PEDRO,CRAS SÃO PEDRO,Público Geral,Cadastro Único
Feminino,22,Superior Completo,Fazendinha,1,CRAS SÃO PEDRO,CRAS SÃO PEDRO,Público Geral,Cadastro Único
Masculino,63, Fundamental Incompleto,São Pedro,1,CRAS SÃO PEDRO,CRAS SÃO PEDRO,Público Geral,CadastroÚnico
Feminino,52, Fundamental Incompleto,Perpétuo,1,CRAS SÃO PEDRO,CRAS SÃO PEDRO,Público Geral,CadastroÚnico
Feminino,49, Médio Completo,São Pedro,1,CRAS SÃO PEDRO,CRAS SÃO PEDRO,Público Geral,CadastroÚnico
Feminino,62, Fundamental Incompleto,Morro do Tiro,1,CRAS SÃO PEDRO,CRAS SÃO PEDRO,Público Geral,Cadastro Único
Feminino,61, Fundamental Incompleto,Bairro dos Funcionários,1,CRAS SÃO PEDRO,CRAS SÃO PEDRO,Público Geral,Cadastro Único
Feminino,57, Fundamental Incompleto,São Pedro,1,CRAS SÃO PEDRO,CRAS SÃO PEDRO,Público Geral,Cadastro Único
Masculino,67, Fundamental Incompleto,São Pedro,1,CRAS SÃO PEDRO,CRAS SÃO PEDRO,Público Geral,Cadastro Único
Feminino,57, Fundamental Incompleto,Vila Muqui,1,CRAS SÃO PEDRO,CRAS SÃO PEDRO,Público Geral,Cadastro Único
Feminino,65, Fundamental Incompleto,Pimentel,1,CRAS SÃO PEDRO,CRAS SÃO PEDRO,Público Geral,Cadastro Único
Feminino,42, Fundamental Incompleto,São Pedro,1,CRAS SÃO PEDRO,CRAS SÃO PEDRO,Público Geral,Cadastro Único
Feminino,37, Fundamental Incompleto,São Pedro,1,CRAS SÃO PEDRO,CRAS SÃO PEDRO,Público Geral,Cadastro Único
Feminino,21, Médio Incompleto,Perpétuo,1,CRAS SÃO PEDRO,CRAS SÃO PEDRO,Público Geral,Cadastro Único
Feminino,, Fundamental Incompleto,Perpétuo,1,CRAS SÃO PEDRO,CRAS SÃO PEDRO,Público Geral,Cadastro Único
Feminino,47, Médio Completo,São Pedro,1,CRAS SÃO PEDRO,CRAS SÃO PEDRO,Público Geral,Cadastro Único
Feminino,58, Médio Completo,São Pedro,1,CRAS SÃO PEDRO,CRAS SÃO PEDRO,Público Geral,Cadastro Único
Masculino,23, Médio Completo,São Pedro,1,CRAS SÃO PEDRO,CRAS SÃO PEDRO,Público Geral,Cadastro Único
Feminino,48, Médio Completo,São Pedro,1,CRAS SÃO PEDRO,CRAS SÃO PEDRO,Público Geral,Cadastro Único
Feminino,19, Médio Completo,São Pedro,1,CRAS SÃO PEDRO,CRAS SÃO PEDRO,Público Geral,Cadastro Único
Feminino,37, Fundamental Incompleto,São Pedro,1,CRAS SÃO PEDRO,CRAS SÃO PEDRO,Público Geral,Cadastro Único
Feminino,22, Médio Incompleto,Fazendinha,1,CRAS SÃO PEDRO,CRAS SÃO PEDRO,Público Geral,Cadastro Único
Feminino,69, Fundamental Incompleto,Brejinho,1,CRAS SÃO PEDRO,CRAS SÃO PEDRO,Público Geral,Cadastro Único
Feminino,43,Superior Completo,Granja Primor,1,CRAS SÃO PEDRO,CRAS SÃO PEDRO,Público Geral,Cadastro Único
Feminino,35, Médio Completo,São Pedro,1,CRAS SÃO PEDRO,CRAS SÃO PEDRO,Público Geral,Cadastro Único
Feminino,38, Médio Incompleto,Morro do Tiro,1,CRAS SÃO PEDRO,CRAS SÃO PEDRO,Público Geral,Cadastro Único
Feminino,34, Fundamental Incompleto,Morro do Tiro,1,CRAS SÃO PEDRO,CRAS SÃO PEDRO,Público Geral,Cadastro Único
Feminino,37, Médio Completo,Bairro dos Funcionários,1,CRAS SÃO PEDRO,CRAS SÃO PEDRO,Público Geral,Cadastro Único
Feminino,35, Médio Completo,São Pedro,1,CRAS SÃO PEDRO,CRAS SÃO PEDRO,Público Geral,Cadastro Único
Feminino,31, Fundamental Incompleto,Brejinho,1,CRAS SÃO PEDRO,CRAS SÃO PEDRO,Público Geral,Cadastro Único
Feminino,42, Médio Completo,Brejinho,1,CRAS SÃO PEDRO,CRAS SÃO PEDRO,Público Geral,Cadastro Único
Feminino,23, Médio Completo,Granja Primor,1,CRAS SÃO PEDRO,CRAS SÃO PEDRO,Público Geral,Cadastro Único
Feminino,42, Médio Incompleto,Pimentel,1,CRAS SÃO PEDRO,CRAS SÃO PEDRO,Público Geral,Cadastro Único
Feminino,62, Fundamental Incompleto,São Pedro,1,CRAS SÃO PEDRO,CRAS SÃO PEDRO,Público Geral,Cadastro Único
Feminino,44, Médio Incompleto,São Pedro,1,CRAS SÃO PEDRO,CRAS SÃO PEDRO,Público Geral,Cadastro Único
Feminino,29, Médio Completo,Pimentel,1,CRAS SÃO PEDRO,CRAS SÃO PEDRO,Público Geral,Cadastro Único
Feminino,61, Médio Completo,São Pedro,1,CRAS SÃO PEDRO,CRAS SÃO PEDRO,Público Geral,Cadastro Único
Feminino,40, Fundamental Incompleto,São Pedro,1,CRAS SÃO PEDRO,CRAS SÃO PEDRO,Público Geral,Cadastro Único
Feminino,33, Fundamental Incompleto,São Pedro,1,CRAS SÃO PEDRO,CRAS SÃO PEDRO,Público Geral,Cadastro Único
Feminino,25, Médio Incompleto,São Pedro,1,CRAS SÃO PEDRO,CRAS SÃO PEDRO,Público Geral,Cadastro Único
Masculino,28, Fundamental Incompleto,Barroso,1,CRAS SÃO PEDRO,CRAS SÃO PEDRO,Público Geral,Cadastro Único
Feminino,34, Médio Completo,Morro do Tiro,1,CRAS SÃO PEDRO,CRAS SÃO PEDRO,Público Geral,Cadastro Único
Feminino,4, Médio Completo,São Pedro,1,CRAS SÃO PEDRO,CRAS SÃO PEDRO,Público Geral,Cadastro Único
Feminino,48, Fundamental Incompleto,Pimentel,1,CRAS SÃO PEDRO,CRAS SÃO PEDRO,Público Geral,Cadastro Único
Masculino,33, Médio Incompleto,Pimentel,1,CRAS SÃO PEDRO,CRAS SÃO PEDRO,Público Geral,Cadastro Único
Feminino,26, Fundamental Incompleto,Morro do Tiro,1,CRAS SÃO PEDRO,CRAS SÃO PEDRO,Público Geral,Cadastro Único
Feminino,36, Médio Completo,Pimentel,1,CRAS SÃO PEDRO,CRAS SÃO PEDRO,Público Geral,Cadastro Único
Feminino,38, Fundamental Incompleto,Pimentel,1,CRAS SÃO PEDRO,CRAS SÃO PEDRO,Público Geral,Cadastro Único
Masculino,28, Fundamental Incompleto,Pimentel,1,CRAS SÃO PEDRO,CRAS SÃO PEDRO,Público Geral,Cadastro Único
Feminino,70, Fundamental Incompleto,Pimentel,1,CRAS SÃO PEDRO,CRAS SÃO PEDRO,Público Geral,Cadastro Único
Feminino,20, Médio Completo,Bairro dos Funcionários,1,CRAS SÃO PEDRO,CRAS SÃO PEDRO,Público Geral,Cadastro Único
Feminino,53, Médio Incompleto,São Pedro,1,CRAS SÃO PEDRO,CRAS SÃO PEDRO,Público Geral,Cadastro Único
Feminino,85, Fundamental Incompleto,São Pedro,1,CRAS SÃO PEDRO,CRAS SÃO PEDRO,Público Geral,Cadastro Único
Feminino,68,N/D,São Pedro,1,CRAS SÃO PEDRO,CRAS SÃO PEDRO,Público Geral,Cadastro Único
Feminino,46, Fundamental Completo,Perpétuo,1,CRAS SÃO PEDRO,CRAS SÃO PEDRO,Público Geral,Cadastro Único
Feminino,33, Médio Incompleto,Morro do Tiro,1,CRAS SÃO PEDRO,CRAS SÃO PEDRO,Público Geral,Cadastro Único
Feminino,38, Médio Completo,Fazendinha,1,CRAS SÃO PEDRO,CRAS SÃO PEDRO,Público Geral,Cadastro Único
Feminino,29, Médio Incompleto,São Pedro,1,CRAS SÃO PEDRO,CRAS SÃO PEDRO,Público Geral,Cadastro Único
Feminino,55, Fundamental Incompleto,Perpétuo,1,CRAS SÃO PEDRO,CRAS SÃO PEDRO,Público Geral,Cadastro Único
Feminino,41, Fundamental Incompleto,São Pedro,1,CRAS SÃO PEDRO,CRAS SÃO PEDRO,Público Geral,Cadastro Único
Feminino,34, Fundamental Incompleto,Perpétuo,1,CRAS SÃO PEDRO,CRAS SÃO PEDRO,Público Geral,Cadastro Único
Feminino,, Médio Incompleto,Perpétuo,1,CRAS SÃO PEDRO,CRAS SÃO PEDRO,Público Geral,Cadastro Único
Feminino,47, Fundamental Incompleto,Pimentel,1,CRAS SÃO PEDRO,CRAS SÃO PEDRO,Público Geral,Cadastro Único
Feminino,37, Médio Completo,São Pedro,1,CRAS SÃO PEDRO,CRAS SÃO PEDRO,Público Geral,Cadastro Único
Feminino,52, Fundamental Incompleto,Perpétuo,1,CRAS SÃO PEDRO,CRAS SÃO PEDRO,Público Geral,Cadastro Único
Feminino,60, Médio Completo,São Pedro,1,CRAS SÃO PEDRO,CRAS SÃO PEDRO,Público Geral,Cadastro Único
Feminino,21, Médio Incompleto,Perpétuo,1,CRAS SÃO PEDRO,CRAS SÃO PEDRO,Público Geral,Cadastro Único
Feminino,39, Médio Incompleto,Morro do Tiro,1,CRAS SÃO PEDRO,CRAS SÃO PEDRO,Público Geral,Cadastro Único
Feminino,19, Médio Completo,Bairro dos Funcionários,1,CRAS SÃO PEDRO,CRAS SÃO PEDRO,Público Geral,Cadastro Único
Feminino,34, Médio Incompleto,Granja Primor,1,CRAS SÃO PEDRO,CRAS SÃO PEDRO,Público Geral,Cadastro Único
Feminino,42, Médio Completo,São Pedro,1,CRAS SÃO PEDRO,CRAS SÃO PEDRO,Público Geral,Cadastro Único
Feminino,25, Médio Completo,Granja Primor,1,CRAS SÃO PEDRO,CRAS SÃO PEDRO,Público Geral,Cadastro Único
Feminino,19, Fundamental Incompleto,Perpétuo,1,CRAS SÃO PEDRO,CRAS SÃO PEDRO,Público Geral,Cadastro Único
Feminino,44, Fundamental Incompleto,Pimentel,1,CRAS SÃO PEDRO,CRAS SÃO PEDRO,Público Geral,Cadastro Único
Feminino,37, Fundamental Incompleto,São Pedro,1,CRAS SÃO PEDRO,CRAS SÃO PEDRO,Público Geral,Cadastro Único
Feminino,58, Médio Completo,Bairro dos Funcionários,1,CRAS SÃO PEDRO,CRAS SÃO PEDRO,Público Geral,Cadastro Único
Feminino,58, Fundamental Incompleto,Pimentel,1,CRAS SÃO PEDRO,CRAS SÃO PEDRO,Público Geral,Cadastro Único
Masculino,18, Médio Completo,Pimentel,1,CRAS SÃO PEDRO,CRAS SÃO PEDRO,Público Geral,Cadastro Único
Feminino,29, Médio Incompleto,Morro do Tiro,1,CRAS SÃO PEDRO,CRAS SÃO PEDRO,Público Geral,Cadastro Único
Feminino,31, Médio Completo,Morro do Tiro,1,CRAS SÃO PEDRO,CRAS SÃO PEDRO,Público Geral,Cadastro Único
Feminino,27, Médio Incompleto,Pimentel,1,CRAS SÃO PEDRO,CRAS SÃO PEDRO,Público Geral,Cadastro Único
Feminino,37, Fundamental Incompleto,Perpétuo,1,CRAS SÃO PEDRO,CRAS SÃO PEDRO,Público Geral,Cadastro Único
Feminino,56, Fundamental Incompleto,São Pedro,1,CRAS SÃO PEDRO,CRAS SÃO PEDRO,Público Geral,Cadastro Único
Feminino,58, Fundamental Incompleto,São Pedro,1,CRAS SÃO PEDRO,CRAS SÃO PEDRO,Público Geral,Cadastro Único
Feminino,25, Médio Completo,N/D,1,CRAS SÃO PEDRO,CRAS SÃO PEDRO,Público Geral,Cadastro Único
Feminino,69, Fundamental Incompleto,Pimentel,1,CRAS SÃO PEDRO,CRAS SÃO PEDRO,Público Geral,Cadastro Único
Masculino,25, Médio Completo,Bairro dos Funcionários,1,CRAS SÃO PEDRO,CRAS SÃO PEDRO,Público Geral,Cadastro Único
Feminino,19, Médio Incompleto,Perpétuo,1,CRAS SÃO PEDRO,CRAS SÃO PEDRO,Público Geral,Cadastro Único
Feminino,23, Fundamental Incompleto,Perpétuo,1,CRAS SÃO PEDRO,CRAS SÃO PEDRO,Público Geral,Cadastro Único
Feminino,24, Médio Completo,São Pedro,1,CRAS SÃO PEDRO,CRAS SÃO PEDRO,Público Geral,Cadastro Único
Masculino,69, Fundamental Incompleto,Morro do Tiro,1,CRAS SÃO PEDRO,CRAS SÃO PEDRO,Público Geral,Cadastro Único
Feminino,62, Médio Completo,Pimentel,1,cRAS SÃO PEDRO,cRAS SÃO PEDRO,Público Geral,Cadastro Único
Feminino,22, Fundamental Incompleto,São Pedro,1,CRAS SÃO PEDRO,CRAS SÃO PEDRO,Público Geral,Cadastro Único
Feminino,34, Médio Completo,São Pedro,1,CRAS SÃO PEDRO,CRAS SÃO PEDRO,Público Geral,Cadastro Único
Feminino,32,Superior Completo,N/D,1,CRAS SÃO PEDRO,CRAS SÃO PEDRO,N/D,N/D
Feminino,24, Médio Completo,São Pedro,1,CRAS SÃO PEDRO,CRAS SÃO PEDRO,Público Geral,Cadastro Único
Feminino,54, Médio Incompleto,São Pedro,1,CRAS SÃO PEDRO,CRAS SÃO PEDRO,Público Geral,Cadastro Único
Feminino,39, Fundamental Incompleto,Bairro dos Funcionários,1,CRAS SÃO PEDRO,CRAS SÃO PEDRO,Público Geral,Cadastro Único
Masculino,30, Médio Incompleto,São Pedro,1,CRAS SÃO PEDRO,CRAS SÃO PEDRO,Público Geral,Cadastro Único
Feminino,71, Médio Incompleto,São Pedro,1,CRAS SÃO PEDRO,CRAS SÃO PEDRO,Público Geral,Cadastro Único
Feminino,44, Fundamental Incompleto,Pimentel,1,CRAS SÃO PEDRO,CRAS SÃO PEDRO,Público Geral,Cadastro Único
Feminino,20, Médio Incompleto,Perpétuo,1,CRAS SÃO PEDRO,CRAS SÃO PEDRO,Público Geral,Cadastro Único
Feminino,19, Médio Incompleto,Morro do Tiro,1,CRAS SÃO PEDRO,CRAS SÃO PEDRO,Público Geral,Cadastro Único
Feminino,22, Médio Completo,Pimentel,1,CRAS SÃO PEDRO,CRAS SÃO PEDRO,Público Geral,Cadastro Único
Feminino,40, Médio Completo,São Pedro,1,CRAS SÃO PEDRO,CRAS SÃO PEDRO,Público Geral,Cadastro Único
Feminino,26, Fundamental Incompleto,Morro do Tiro,1,CRAS SÃO PEDRO,CRAS SÃO PEDRO,Público Geral,Cadastro Único
Masculino,25, Médio Completo,São Pedro,1,CRAS SÃO PEDRO,CRAS SÃO PEDRO,Público Geral,Cadastro Único
Feminino,42, Médio Completo,Perpétuo,1,CRAS SÃO PEDRO,CRAS SÃO PEDRO,Público Geral,Cadastro Único
Masculino,68, Fundamental Incompleto,São Pedro,1,CRAS SÃO PEDRO,CRAS SÃO PEDRO,Público Geral,Cadastro Único
Feminino,48, Fundamental Incompleto,Pimentel,1,CRAS SÃO PEDRO,CRAS SÃO PEDRO,Público Geral,Cadastro Único
Feminino,40, Fundamental Completo,São Pedro,1,CRAS SÃO PEDRO,CRAS SÃO PEDRO,Público Geral,Cadastro Único
Feminino,70,Superior Completo,Perpétuo,1,CRAS SÃO PEDRO,CRAS SÃO PEDRO,Público Geral,Cadastro Único
Masculino,40, Fundamental Completo,São Pedro,1,CRAS SÃO PEDRO,CRAS SÃO PEDRO,Público Geral,Cadastro Único
Feminino,33, Médio Completo,Morro do Tiro,1,CRAS SÃO PEDRO,CRAS SÃO PEDRO,Público Geral,Cadastro Único
Feminino,66, Fundamental Incompleto,Bairro dos Funcionários,1,CRAS SÃO PEDRO,CRAS SÃO PEDRO,Público Geral,Cadastro Único
Masculino,65, Fundamental Completo,Perpétuo,1,CRAS SÃO PEDRO,CRAS SÃO PEDRO,Público Geral,Cadastro Único
Feminino,65, Fundamental Incompleto,São Pedro,1,CRAS SÃO PEDRO,CRAS SÃO PEDRO,Público Geral,Cadastro Único
Feminino,37, Fundamental Incompleto,São Pedro,1,CRAS SÃO PEDRO,CRAS SÃO PEDRO,Público Geral,Cadastro Único
Feminino,34, Médio Completo,São Pedro,1,CRAS SÃO PEDRO,CRAS SÃO PEDRO,Público Geral,Cadastro Único
Feminino,36, Médio Completo,Pimentel,1,CRAS SÃO PEDRO,CRAS SÃO PEDRO,Público Geral,Cadastro Único
Feminino,68, Médio Incompleto,São Pedro,1,CRAS SÃO PEDRO,CRAS SÃO PEDRO,Público Geral,Cadastro Único
Feminino,61, Médio Incompleto,Pimentel,1,CRAS SÃO PEDRO,CRAS SÃO PEDRO,Público Geral,Cadastro Único
Masculino,61, Médio Incompleto,São Pedro,1,CRAS SÃO PEDRO,CRAS SÃO PEDRO,Público Geral,Cadastro Único
Feminino,38, Médio Incompleto,São Pedro,1,CRAS SÃO PEDRO,CRAS SÃO PEDRO,Público Geral,Cadastro Único
Feminino,50, Médio Incompleto,Bairro dos Funcionários,1,CRAS SÃO PEDRO,CRAS SÃO PEDRO,Público Geral,Cadastro Único
Feminino,31, Médio Incompleto,Perpétuo,1,CRAS SÃO PEDRO,CRAS SÃO PEDRO,Público Geral,Cadastro Único
Feminino,28, Médio Incompleto,São Pedro,1,CRAS SÃO PEDRO,CRAS SÃO PEDRO,Público Geral,Cadastro Único
Feminino,42, Médio Completo,São Pedro,1,CRAS SÃO PEDRO,CRAS SÃO PEDRO,Público Geral,Cadastro Único
Masculino,18, Médio Completo,Pimentel,1,CRAS SÃO PEDRO,CRAS SÃO PEDRO,Público Geral,Cadastro Único
Masculino,41,Superior Completo,São Pedro,1,CRAS SÃO PEDRO,CRAS SÃO PEDRO,Público Geral,Cadastro Único
Masculino,32, Fundamental Incompleto,São Pedro,1,CRAS SÃO PEDRO,CRAS SÃO PEDRO,Público Geral,Cadastro Único
Masculino,35,Superior Completo,São Pedro,1,CRAS SÃO PEDRO,CRAS SÃO PEDRO,Público Geral,Cadastro Único
Masculino,63, Médio Completo,São Pedro,1,CRAS SÃO PEDRO,CRAS SÃO PEDRO,Público Geral,Cadastro Único
Feminino,21, Médio Incompleto,Pimentel,1,CRAS SÃO PEDRO,CRAS SÃO PEDRO,Público Geral,Cadastro Único
Feminino,58, Fundamental Incompleto,Granja Primor,1,CRAS SÃO PEDRO,CRAS SÃO PEDRO,Público Geral,Cadastro Único
Feminino,34, Médio Completo,Granja Primor,1,CRAS SÃO PEDRO,CRAS SÃO PEDRO,Público Geral,Cadastro Único
Masculino,48, Fundamental Incompleto,São Pedro,1,CRAS SÃO PEDRO,CRAS SÃO PEDRO,Público Geral,Cadastro Único
Masculino,40, Fundamental Incompleto,São Pedro,1,CRAS SÃO PEDRO,CRAS SÃO PEDRO,Público Geral,Cadastro Único
Feminino,68,Não Escolarizado,São Pedro,1,CRAS SÃO PEDRO,CRAS SÃO PEDRO,Público Geral,Cadastro Único
Feminino,59, Fundamental Incompleto,Morro do Tiro,1,CRAS SÃO PEDRO,CRAS SÃO PEDRO,Público Geral,Cadastro Único
Masculino,19, Médio Incompleto,São Pedro,1,CRAS SÃO PEDRO,CRAS SÃO PEDRO,Público Geral,Cadastro Único
Feminino,52, Fundamental Incompleto,São Pedro,1,CRAS SÃO PEDRO,CRAS SÃO PEDRO,Público Geral,Cadastro Único
Feminino,68, Fundamental Incompleto,São Pedro,1,CRAS SÃO PEDRO,CRAS SÃO PEDRO,Público Geral,Cadastro Único
Masculino,59, Fundamental Incompleto,São Pedro,1,CRAS SÃO PEDRO,CRAS SÃO PEDRO,Público Geral,Cadastro Único
Feminino,72, Fundamental Incompleto,Granja Primor,1,CRAS SÃO PEDRO,CRAS SÃO PEDRO,Público Geral,Cadastro Único
Feminino,78, Fundamental Incompleto,Perpétuo,1,CRAS SÃO PEDRO,CRAS SÃO PEDRO,Público Geral,Cadastro Único
Feminino,53, Fundamental Incompleto,São Pedro,1,CRAS SÃO PEDRO,CRAS SÃO PEDRO,Público Geral,Cadastro Único
Feminino,40, Médio Completo,Morro do Tiro,1,CRAS SÃO PEDRO,CRAS SÃO PEDRO,Público Geral,Cadastro Único
Masculino,60, Fundamental Incompleto,Morro do Tiro,1,CRAS SÃO PEDRO,CRAS SÃO PEDRO,Público Geral,Cadastro Único
Feminino,37, Fundamental Incompleto,Pimentel,1,CRAS SÃO PEDRO,CRAS SÃO PEDRO,Público Geral,Cadastro Único
Feminino,72, Fundamental Incompleto,São Pedro,1,CRAS SÃO PEDRO,CRAS SÃO PEDRO,Público Geral,Cadastro Único
Masculino,50,Não Escolarizado,São Pedro,1,CRAS SÃO PEDRO,CRAS SÃO PEDRO,Público Geral,Cadastro Único
Masculino,34, Fundamental Incompleto,Perpétuo,1,CRAS SÃO PEDRO,CRAS SÃO PEDRO,Público Geral,Cadastro Único
Feminino,63, Fundamental Incompleto,São Pedro,1,CRAS SÃO PEDRO,CRAS SÃO PEDRO,Público Geral,Cadastro Único
Masculino,45,Superior Incompleto,Perpétuo,1,CRAS SÃO PEDRO,CRAS SÃO PEDRO,Público Geral,Cadastro Único
Feminino,24, Médio Completo,São Pedro,1,CRAS SÃO PEDRO,CRAS SÃO PEDRO,Público Geral,Cadastro Único
Feminino,53, Fundamental Incompleto,Perpétuo,1,CRAS SÃO PEDRO,CRAS SÃO PEDRO,Público Geral,Cadastro Único
Masculino,41, Fundamental Incompleto,São Pedro,1,CRAS SÃO PEDRO,CRAS SÃO PEDRO,Público Geral,Cadastro Único
Masculino,54, Fundamental Incompleto,Perpétuo,1,CRAS SÃO PEDRO,CRAS SÃO PEDRO,Público Geral,Cadastro Único
Masculino,29, Fundamental Incompleto,Pimentel,1,CRAS SÃO PEDRO,CRAS SÃO PEDRO,Público Geral,Cadastro Único
Masculino,63, Fundamental Incompleto,Granja Primor,1,CRAS SÃO PEDRO,CRAS SÃO PEDRO,Público Geral,Cadastro Único
Feminino,56, Médio Completo,Granja Primor,1,CRAS SÃO PEDRO,CRAS SÃO PEDRO,Público Geral,Cadastro Único
Feminino,32, Médio Completo,Fazendinha,1,CRAS SÃO PEDRO,CRAS SÃO PEDRO,Público Geral,Cadastro Único
Feminino,73,Superior Completo,São Pedro,1,CRAS SÃO PEDRO,CRAS SÃO PEDRO,Público Geral,Cadastro Único
Feminino,52, Fundamental Incompleto,Perpétuo,1,CRAS SÃO PEDRO,CRAS SÃO PEDRO,Público Geral,Cadastro Único
Feminino,55, Fundamental Incompleto,São Pedro,1,CRAS SÃO PEDRO,CRAS SÃO PEDRO,Público Geral,Cadastro Único
Feminino,75, Fundamental Incompleto,São Pedro,1,CRAS SÃO PEDRO,CRAS SÃO PEDRO,Público Geral,Cadastro Único
Feminino,32, Fundamental Incompleto,Pimentel,1,CRAS SÃO PEDRO,CRAS SÃO PEDRO,Público Geral,Cadastro Único
Masculino,31, Médio Completo,São Pedro,1,CRAS SÃO PEDRO,CRAS SÃO PEDRO,Público Geral,Cadastro Único
Feminino,45, Fundamental Incompleto,São Pedro,1,CRAS SÃO PEDRO,CRAS SÃO PEDRO,Público Geral,Cadastro Único
Feminino,65, Fundamental Incompleto,São Pedro,1,CRAS SÃO PEDRO,CRAS SÃO PEDRO,Público Geral,Cadastro Único
Feminino,33, Médio Completo,São Pedro,1,CRAS SÃO PEDRO,CRAS SÃO PEDRO,Público Geral,Cadastro Único
Feminino,23, Fundamental Incompleto,São Pedro,1,CRAS SÃO PEDRO,CRAS SÃO PEDRO,Público Geral,Cadastro Único
Feminino,20, Médio Completo,São Pedro,1,CRAS SÃO PEDRO,CRAS SÃO PEDRO,Público Geral,Cadastro Único
Masculino,54, Fundamental Incompleto,São Pedro,1,CRAS SÃO PEDRO,CRAS SÃO PEDRO,Público Geral,Cadastro Único
Feminino,28, Médio Incompleto,Morro do Tiro,1,CRAS SÃO PEDRO,CRAS SÃO PEDRO,Público Geral,Cadastro Único
Feminino,58, Fundamental Incompleto,Morro do Tiro,1,CRAS SÃO PEDRO,CRAS SÃO PEDRO,Público Geral,Cadastro Único
Masculino,45, Fundamental Incompleto,Pimentel,1,CRAS SÃO PEDRO,CRAS SÃO PEDRO,Público Geral,Cadastro Único
Feminino,66, Fundamental Incompleto,Pimentel,1,CRAS SÃO PEDRO,CRAS SÃO PEDRO,Público Geral,Cadastro Único
Feminino,25, Médio Completo,São Pedro,1,CRAS SÃO PEDRO,CRAS SÃO PEDRO,Público Geral,Cadastro Único
Feminino,41, Médio Incompleto,Perpétuo,1,CRAS SÃO PEDRO,CRAS SÃO PEDRO,Público Geral,Cadastro Único
Feminino,57, Médio Completo,Morro do Tiro,1,CRAS SÃO PEDRO,CRAS SÃO PEDRO,Público Geral,Cadastro Único
Masculino,50,Não Escolarizado,São Pedro,1,CRAS SÃO PEDRO,CRAS SÃO PEDRO,Público Geral,Cadastro Único
Masculino,, Fundamental Incompleto,Perpétuo,1,CRAS SÃO PEDRO,CRAS SÃO PEDRO,Público Geral,Cadastro Único
Feminino,65, Fundamental Incompleto,Morro do Tiro,1,CRAS SÃO PEDRO,CRAS SÃO PEDRO,Público Geral,Cadastro Único
Feminino,34, Médio Completo,São Pedro,1,CRAS SÃO PEDRO,CRAS SÃO PEDRO,Público Geral,Cadastro Único
Masculino,19, Médio Completo,Servidão Delta,1,CRAS SÃO PEDRO,CRAS SÃO PEDRO,Público Geral,Cadastro Único
Feminino,27, Fundamental Incompleto,São Pedro,1,CRAS SÃO PEDRO,CRAS SÃO PEDRO,Público Geral,Cadastro Único
Feminino,62, Fundamental Incompleto,São Pedro,1,CRAS SÃO PEDRO,CRAS SÃO PEDRO,Público Geral,Cadastro Único
Feminino,32, Fundamental Incompleto,São Pedro,1,CRAS SÃO PEDRO,CRAS SÃO PEDRO,Público Geral,Cadastro Único
Feminino,32, Fundamental Incompleto,Fazendinha,1,CRAS SÃO PEDRO,CRAS SÃO PEDRO,Público Geral,Cadastro Único
Feminino,24, Médio Incompleto,São Pedro,1,CRAS SÃO PEDRO,CRAS SÃO PEDRO,Público Geral,Cadastro Único
Feminino,26, Fundamental Completo,São Pedro,1,CRAS SÃO PEDRO,CRAS SÃO PEDRO,Público Geral,Cadastro Único
Masculino,18, Médio Incompleto,São Pedro,1,CRAS SÃO PEDRO,CRAS SÃO PEDRO,Público Geral,Cadastro Único
Feminino,33,Superior Completo,Perpétuo,1,CRAS SÃO PEDRO,CRAS SÃO PEDRO,Público Geral,Cadastro Único
Feminino,49, Médio Completo,São Pedro,1,CRAS SÃO PEDRO,CRAS SÃO PEDRO,Público Geral,Cadastro Único
Feminino,60, Médio Completo,Brejinho,1,CRAS SÃO PEDRO,CRAS SÃO PEDRO,Público Geral,Cadastro Único
Feminino,24, Médio Incompleto,São Pedro,1,CRAS SÃO PEDRO,CRAS SÃO PEDRO,Público Geral,Cadastro Único
Feminino,23, Médio Completo,Fazendinha,1,CRAS SÃO PEDRO,CRAS SÃO PEDRO,Público Geral,Cadastro Único
Feminino,36, Fundamental Incompleto,São Pedro,1,CRAS SÃO PEDRO,CRAS SÃO PEDRO,Público Geral,Cadastro Único
Feminino,53, Fundamental Incompleto,São Pedro,1,CRAS SÃO PEDRO,CRAS SÃO PEDRO,Público Geral,Cadastro Único
Feminino,61, Médio Completo,São Pedro,1,CRAS SÃO PEDRO,CRAS SÃO PEDRO,Público Geral,Cadastro Único
Feminino,51, Fundamental Incompleto,Perpétuo,1,CRAS SÃO PEDRO,CRAS SÃO PEDRO,Público Geral,Cadastro Único
Feminino,42, Médio Incompleto,N/D,1,CRAS SÃO PEDRO,CRAS SÃO PEDRO,Público Geral,Cadastro Único
Masculino,38, Fundamental Incompleto,Perpétuo,1,CRAS SÃO PEDRO,CRAS SÃO PEDRO,Público Geral,Cadastro Único
Feminino,70, Fundamental Incompleto,Perpétuo,1,CRAS SÃO PEDRO,CRAS SÃO PEDRO,Público Geral,Cadastro Único
Masculino,65, Fundamental Incompleto,Morro do Tiro,1,CRAS SÃO PEDRO,CRAS SÃO PEDRO,Público Geral,Cadastro Único
Feminino,64, Fundamental Incompleto,Morro do Tiro,1,CRAS SÃO PEDRO,CRAS SÃO PEDRO,Público Geral,Cadastro Único
Feminino,48,N/D,São Pedro,1,CRAS SÃO PEDRO,CRAS SÃO PEDRO,Público Geral,Cadastro Único
Masculino,65, Fundamental Incompleto,Morro do Tiro,1,CRAS SÃO PEDRO,CRAS SÃO PEDRO,Público Geral,Cadastro Único
Masculino,60, Fundamental Incompleto,Morro do Tiro,1,CRAS SÃO PEDRO,CRAS SÃO PEDRO,Público Geral,Cadastro Único
Feminino,37, Fundamental Incompleto,Morro do Tiro,1,CRAS SÃO PEDRO,CRAS SÃO PEDRO,Público Geral,Cadastro Único
Feminino,67, Fundamental Incompleto,São Pedro,1,cRAS SÃO PEDRO,cRAS SÃO PEDRO,Público Geral,Cadastro Único
Feminino,53, Médio Completo,São Pedro,1,CRAS SÃO PEDRO,CRAS SÃO PEDRO,Público Geral,Cadastro Único
Feminino,69, Fundamental Incompleto,São Pedro,1,CRAS SÃO PEDRO,CRAS SÃO PEDRO,Público Geral,Cadastro Único
Masculino,46, Fundamental Incompleto,Perpétuo,1,CRAS SÃO PEDRO,CRAS SÃO PEDRO,Público Geral,Cadastro Único
Masculino,77, Fundamental Incompleto,N/D,1,CRAS SÃO PEDRO,CRAS SÃO PEDRO,Público Geral,Cadastro Único
Feminino,59, Médio Completo,Perpétuo,1,CRAS SÃO PEDRO,CRAS SÃO PEDRO,Público Geral,Cadastro Único
Feminino,41, Médio Completo,Bairro dos Funcionários,1,CRAS SÃO PEDRO,CRAS SÃO PEDRO,Público Geral,Cadastro Único
Masculino,48, Médio Completo,São Pedro,1,CRAS SÃO PEDRO,CRAS SÃO PEDRO,Público Geral,Cadastro Único
Feminino,29, Fundamental Incompleto,Perpétuo,1,CRAS SÃO PEDRO,CRAS SÃO PEDRO,Público Geral,Cadastro Único
Feminino,48, Fundamental Incompleto,Pimentel,1,CRAS SÃO PEDRO,CRAS SÃO PEDRO,Público Geral,Cadastro Único
Feminino,43, Fundamental Incompleto,São Pedro,1,CRAS SÃO PEDRO,CRAS SÃO PEDRO,Público Geral,Cadastro Único
Feminino,N/D,N/D,N/D,1,CRAS SÃO PEDRO,CRAS SÃO PEDRO,Público Geral,Cadastro Único
Feminino,30, Médio Completo,São Pedro,1,CRAS SÃO PEDRO,CRAS SÃO PEDRO,Público Geral,Cadastro Único
Masculino,21, Médio Completo,Perpétuo,1,CRAS SÃO PEDRO,CRAS SÃO PEDRO,Público Geral,Cadastro Único
Feminino,44, Médio Completo,São Pedro,1,CRAS SÃO PEDRO,CRAS SÃO PEDRO,Público Geral,Cadastro Único
Masculino,43, Fundamental Incompleto,Perpétuo,1,CRAS SÃO PEDRO,CRAS SÃO PEDRO,Público Geral,Cadastro Único
Feminino,67, Médio Completo,São Pedro,1,CRAS SÃO PEDRO,CRAS SÃO PEDRO,Público Geral,Cadastro Único
Feminino,51, Fundamental Incompleto,Granja Primor,1,CRAS SÃO PEDRO,CRAS SÃO PEDRO,Público Geral,Cadastro Único
Feminino,59, Fundamental Incompleto,São Pedro,1,CRAS SÃO PEDRO,CRAS SÃO PEDRO,Público Geral,Cadastro Único
Feminino,63, Fundamental Incompleto,São Pedro,1,CRAS SÃO PEDRO,CRAS SÃO PEDRO,Público Geral,Cadastro Único
Feminino,69, Fundamental Incompleto,São Pedro,1,CRAS SÃO PEDRO,CRAS SÃO PEDRO,Público Geral,Cadastro Único
Feminino,65,N/D,São Pedro,1,CRAS SÃO PEDRO,CRAS SÃO PEDRO,Público Geral,Cadastro Único
Feminino,47, Fundamental Incompleto,Morro do Tiro,1,CRAS SÃO PEDRO,CRAS SÃO PEDRO,Público Geral,Cadastro Único
Feminino,39, Fundamental Incompleto,Pimentel,1,CRAS SÃO PEDRO,CRAS SÃO PEDRO,Público Geral,Cadastro Único
Feminino,21, Médio Completo,Morro do Tiro,1,CRAS SÃO PEDRO,CRAS SÃO PEDRO,Público Geral,Cadastro Único
Masculino,50, Fundamental Completo,Morro do Tiro,1,CRAS SÃO PEDRO,CRAS SÃO PEDRO,Público Geral,Cadastro Único
Feminino,23, Médio Completo,Pimentel,1,CRAS SÃO PEDRO,CRAS SÃO PEDRO,Público Geral,Cadastro Único
Feminino,48, Fundamental Incompleto,São Pedro,1,CRAS SÃO PEDRO,CRAS SÃO PEDRO,Público Geral,Cadastro Único
Masculino,44, Fundamental Incompleto,Morro do Tiro,1,CRAS SÃO PEDRO,CRAS SÃO PEDRO,Público Geral,Cadastro Único
Masculino,32, Médio Incompleto,São Pedro,1,CRAS SÃO PEDRO,CRAS SÃO PEDRO,Público Geral,Cadastro Único
Feminino,71, Fundamental Incompleto,São Pedro,1,CRAS SÃO PEDRO,CRAS SÃO PEDRO,Público Geral,Cadastro Único
Feminino,21, Médio Completo,Pimentel,1,CRAS SÃO PEDRO,CRAS SÃO PEDRO,Público Geral,Cadastro Único
Feminino,31, Fundamental Incompleto,São Pedro,1,CRAS SÃO PEDRO,CRAS SÃO PEDRO,Público Geral,Cadastro Único
Feminino,38, Fundamental Incompleto,Morro do Tiro,1,CRAS SÃO PEDRO,CRAS SÃO PEDRO,Público Geral,Cadastro Único
Feminino,62, Fundamental Incompleto,Perpétuo,1,CRAS SÃO PEDRO,CRAS SÃO PEDRO,Público Geral,Cadastro Único
Masculino,67, Fundamental Incompleto,Pimentel,1,CRAS SÃO PEDRO,CRAS SÃO PEDRO,Público Geral,Cadastro Único
Feminino,20, Médio Completo,São Pedro,1,CRAS SÃO PEDRO,CRAS SÃO PEDRO,Público Geral,Cadastro Único
Masculino,27,Superior Completo,Fazendinha,1,CRAS SÃO PEDRO,CRAS SÃO PEDRO,Público Geral,Cadastro Único
Masculino,63, Fundamental Incompleto,São Pedro,1,CRAS SÃO PEDRO,CRAS SÃO PEDRO,Público Geral,Cadastro Único
Feminino,58, Fundamental Incompleto,Fazendinha,1,CRAS SÃO PEDRO,CRAS SÃO PEDRO,Público Geral,Cadastro Único
Feminino,51,N/D,N/D,1,CRAS SÃO PEDRO,CRAS SÃO PEDRO,Público Geral,Cadastro Único
Feminino,52,Superior Completo,Morro do Tiro,1,CRAS SÃO PEDRO,CRAS SÃO PEDRO,Público Geral,Cadastro Único
Feminino,69, Fundamental Incompleto,São Pedro,1,CRAS SÃO PEDRO,CRAS SÃO PEDRO,Público Geral,Cadastro Único
Feminino,37, Médio Incompleto,São Pedro,1,CRAS SÃO PEDRO,CRAS SÃO PEDRO,Público Geral,Cadastro Único
Feminino,50, Fundamental Incompleto,São Pedro,1,CRAS SÃO PEDRO,CRAS SÃO PEDRO,Público Geral,Cadastro Único
Feminino,39, Fundamental Incompleto,Perpétuo,1,CRAS SÃO PEDRO,CRAS SÃO PEDRO,Público Geral,Cadastro Único
Masculino,, Fundamental Incompleto,Perpétuo,1,CRAS SÃO PEDRO,CRAS SÃO PEDRO,Público Geral,Cadastro Único
Feminino,40, Fundamental Incompleto,São Pedro,1,CRAS SÃO PEDRO,CRAS SÃO PEDRO,Público Geral,Cadastro Único
Feminino,70, Médio Completo,São Pedro,1,CRAS SÃO PEDRO,CRAS SÃO PEDRO,Público Geral,Cadastro Único
Feminino,31, Médio Completo,São Pedro,1,CRAS SÃO PEDRO,CRAS SÃO PEDRO,Público Geral,Cadastro Único
Feminino,63, Fundamental Incompleto,São Pedro,1,CRAS SÃO PEDRO,CRAS SÃO PEDRO,Público Geral,Cadastro Único
Feminino,23, Médio Incompleto,Pimentel,1,CRAS SÃO PEDRO,CRAS SÃO PEDRO,Público Geral,Cadastro Único
Feminino,46, Médio Incompleto,São Pedro,1,CRAS SÃO PEDRO,CRAS SÃO PEDRO,Público Geral,Cadastro Único
Masculino,63, Fundamental Incompleto,Perpétuo,1,CRAS SÃO PEDRO,CRAS SÃO PEDRO,Público Geral,Cadastro Único
Feminino,35,Superior Completo,São Pedro,1,CRAS SÃO PEDRO,CRAS SÃO PEDRO,Público Geral,Cadastro Único
Masculino,76, Médio Completo,N/D,1,CRAS SÃO PEDRO,CRAS SÃO PEDRO,Público Geral,Cadastro Único
Masculino,68, Fundamental Incompleto,São Pedro,1,CRAS SÃO PEDRO,CRAS SÃO PEDRO,Público Geral,Cadastro Único
Feminino,34, Médio Completo,Perpétuo,1,CRAS SÃO PEDRO,CRAS SÃO PEDRO,Público Geral,Cadastro Único
Feminino,26, Médio Incompleto,Fazendinha,1,CRAS SÃO PEDRO,CRAS SÃO PEDRO,Público Geral,Cadastro Único
Feminino,41, Fundamental Incompleto,Pimentel,1,CRAS SÃO PEDRO,CRAS SÃO PEDRO,Público Geral,Cadastro Único
Feminino,37, Médio Completo,Pimentel,1,CRAS SÃO PEDRO,CRAS SÃO PEDRO,Público Geral,Cadastro Único
Feminino,66, Fundamental Incompleto,São Pedro,1,CRAS SÃO PEDRO,CRAS SÃO PEDRO,Público Geral,Cadastro Único
Feminino,26, Médio Completo,São Pedro,1,CRAS SÃO PEDRO,CRAS SÃO PEDRO,Público Geral,Cadastro Único
Masculino,37, Fundamental Incompleto,Perpétuo,1,CRAS SÃO PEDRO,CRAS SÃO PEDRO,Público Geral,Cadastro Único
Masculino,67, Fundamental Incompleto,Pimentel,1,CRAS SÃO PEDRO,CRAS SÃO PEDRO,Público Geral,Cadastro Único
Feminino,56, Fundamental Incompleto,Pimentel,1,CRAS SÃO PEDRO,CRAS SÃO PEDRO,Público Geral,Cadastro Único
Feminino,49, Fundamental Incompleto,São Pedro,1,CRAS SÃO PEDRO,CRAS SÃO PEDRO,Público Geral,Cadastro Único
Feminino,31, Médio Incompleto,São Pedro,1,CRAS SÃO PEDRO,CRAS SÃO PEDRO,Público Geral,Cadastro Único
Feminino,27, Fundamental Incompleto,Perpétuo,1,CRAS SÃO PEDRO,CRAS SÃO PEDRO,Público Geral,Cadastro Único
Feminino,41, Médio Completo,São Pedro,1,CRAS SÃO PEDRO,CRAS SÃO PEDRO,Público Geral,Cadastro Único
Feminino,37, Fundamental Incompleto,Morro do Tiro,1,CRAS SÃO PEDRO,CRAS SÃO PEDRO,Público Geral,Cadastro Único
Feminino,50, Fundamental Incompleto,São Pedro,1,CRAS SÃO PEDRO,CRAS SÃO PEDRO,Público Geral,Cadastro Único
Feminino,33, Fundamental Incompleto,São Pedro,1,CRAS SÃO PEDRO,CRAS SÃO PEDRO,Público Geral,Cadastro Único
Feminino,33, Fundamental Incompleto,Pimentel,1,CRAS SÃO PEDRO,CRAS SÃO PEDRO,Público Geral,Cadastro Único
Feminino,31, Médio Completo,Perpétuo,1,CRAS SÃO PEDRO,CRAS SÃO PEDRO,Público Geral,Cadastro Único
Feminino,51, Fundamental Incompleto,Morro do Tiro,1,CRAS SÃO PEDRO,CRAS SÃO PEDRO,Público Geral,Cadastro Único
Feminino,37, Médio Incompleto,Santa Cecília,1,CRAS SÃO PEDRO,CRAS SÃO PEDRO,Público Geral,Cadastro Único
Feminino,46, Fundamental Incompleto,São Pedro,1,CRAS SÃO PEDRO,CRAS SÃO PEDRO,Público Geral,Cadastro Único
Feminino,67, Fundamental Incompleto,São Pedro,1,CRAS SÃO PEDRO,CRAS SÃO PEDRO,Público Geral,Cadastro Único
Feminino,41,Superior Completo,São Pedro,1,CRAS SÃO PEDRO,CRAS SÃO PEDRO,Público Geral,Cadastro Único
Feminino,63, Médio Completo,São Pedro,1,CRAS SÃO PEDRO,CRAS SÃO PEDRO,Público Geral,Cadastro Único
Feminino,42, Médio Completo,São Pedro,1,CRAS SÃO PEDRO,CRAS SÃO PEDRO,Público Geral,Cadastro Único
Feminino,47, Médio Completo,São Pedro,1,CRAS SÃO PEDRO,CRAS SÃO PEDRO,Público Geral,Cadastro Único
Feminino,20, Médio Completo,São Pedro,1,CRAS SÃO PEDRO,CRAS SÃO PEDRO,Público Geral,Cadastro Único
Feminino,29, Médio Incompleto,São Pedro,1,CRAS SÃO PEDRO,CRAS SÃO PEDRO,Público Geral,Cadastro Único
Feminino,64, Fundamental Incompleto,Pimentel,1,CRAS SÃO PEDRO,CRAS SÃO PEDRO,Público Geral,Cadastro Único
Masculino,62, Médio Completo,Morro do Tiro,1,CRAS SÃO PEDRO,CRAS SÃO PEDRO,Público Geral,Cadastro Único
Masculino,30, Fundamental Incompleto,São Pedro,1,CRAS SÃO PEDRO,CRAS SÃO PEDRO,Público Geral,Cadastro Único
Feminino,56, Fundamental Incompleto,São Pedro,1,CRAS SÃO PEDRO,CRAS SÃO PEDRO,Público Geral,Cadastro Único
Feminino,58, Fundamental Incompleto,Granja Primor,1,CRAS SÃO PEDRO,CRAS SÃO PEDRO,Público Geral,Cadastro Único
Feminino,49, Fundamental Incompleto,Pimentel,1,CRAS SÃO PEDRO,CRAS SÃO PEDRO,Público Geral,Cadastro Único
Masculino,26, Médio Incompleto,São Pedro,1,CRAS SÃO PEDRO,CRAS SÃO PEDRO,Público Geral,Cadastro Único
Feminino,43, Médio Completo,Granja Primor,1,CRAS SÃO PEDRO,CRAS SÃO PEDRO,Público Geral,Cadastro Único
Masculino,45, Fundamental Incompleto,Morro do Tiro,1,CRAS SÃO PEDRO,CRAS SÃO PEDRO,Público Geral,Cadastro Único
Feminino,48, Fundamental Incompleto,São Pedro,1,CRAS SÃO PEDRO,CRAS SÃO PEDRO,Público Geral,Cadastro Único
Feminino,47, Médio Completo,São Pedro,1,CRAS SÃO PEDRO,CRAS SÃO PEDRO,Público Geral,Cadastro Único
Feminino,32, Fundamental Incompleto,São Pedro,1,CRAS SÃO PEDRO,CRAS SÃO PEDRO,Público Geral,Cadastro Único
Feminino,, Fundamental Incompleto,Perpétuo,1,CRAS SÃO PEDRO,CRAS SÃO PEDRO,Público Geral,Cadastro Único
Masculino,51, Fundamental Incompleto,Perpétuo,1,CRAS SÃO PEDRO,CRAS SÃO PEDRO,Público Geral,Cadastro Único
Feminino,60, Fundamental Incompleto,São Pedro,1,CRAS SÃO PEDRO,CRAS SÃO PEDRO,Público Geral,Cadastro Único
Masculino,38, Médio Completo,São Pedro,1,CRAS SÃO PEDRO,CRAS SÃO PEDRO,Público Geral,Cadastro Único
Masculino,36, Médio Incompleto,São Pedro,1,CRAS SÃO PEDRO,CRAS SÃO PEDRO,Público Geral,Cadastro Único
Feminino,22, Médio Completo,Perpétuo,1,CRAS SÃO PEDRO,CRAS SÃO PEDRO,Público Geral,Cadastro Único
Masculino,44, Fundamental Incompleto,Fazendinha,1,CRAS SÃO PEDRO,CRAS SÃO PEDRO,Público Geral,Cadastro Único
Feminino,32, Fundamental Incompleto,Pimentel,1,CRAS SÃO PEDRO,CRAS SÃO PEDRO,Público Geral,Cadastro Único
Feminino,56, Fundamental Incompleto,Pimentel,1,CRAS SÃO PEDRO,CRAS SÃO PEDRO,Público Geral,Cadastro Único
Feminino,54, Médio Incompleto,São Pedro,1,CRAS SÃO PEDRO,CRAS SÃO PEDRO,Público Geral,Cadastro Único
Masculino,65, Fundamental Incompleto,Morro do Tiro,1,CRAS SÃO PEDRO,CRAS SÃO PEDRO,Público Geral,Cadastro Único
Feminino,58, Fundamental Incompleto,Perpétuo,1,CRAS SÃO PEDRO,CRAS SÃO PEDRO,Público Geral,Cadastro Único
Masculino,35, Fundamental Incompleto,São Pedro,1,CRAS SÃO PEDRO,CRAS SÃO PEDRO,Público Geral,Cadastro Único
Feminino,49, Fundamental Incompleto,Morro do Tiro,1,CRAS SÃO PEDRO,CRAS SÃO PEDRO,Público Geral,Cadastro Único
Feminino,37, Fundamental Incompleto,São Pedro,1,CRAS SÃO PEDRO,CRAS SÃO PEDRO,Público Geral,Cadastro Único
Feminino,29, Fundamental Incompleto,Pimentel,1,CRAS SÃO PEDRO,CRAS SÃO PEDRO,Público Geral,Cadastro Único
Masculino,47,Superior Completo,São Pedro,1,CRAS SÃO PEDRO,CRAS SÃO PEDRO,Público Geral,Cadastro Único
Feminino,53, Médio Incompleto,São Pedro,1,CRAS SÃO PEDRO,CRAS SÃO PEDRO,Público Geral,Cadastro Único
Feminino,27, Fundamental Incompleto,Bairro dos Funcionários,1,CRAS SÃO PEDRO,CRAS SÃO PEDRO,Público Geral,Cadastro Único
Feminino,34, Médio Completo,São Pedro,1,CRAS SÃO PEDRO,CRAS SÃO PEDRO,Público Geral,Cadastro Único
Masculino,56, Fundamental Incompleto,N/D,1,CRAS SÃO PEDRO,CRAS SÃO PEDRO,Público Geral,Cadastro Único
Feminino,27, Médio Incompleto,São Pedro,1,CRAS SÃO PEDRO,CRAS SÃO PEDRO,Público Geral,Cadastro Único
Feminino,24, Médio Incompleto,São Pedro,1,CRAS SÃO PEDRO,CRAS SÃO PEDRO,Público Geral,Cadastro Único
Masculino,68, Fundamental Incompleto,São Pedro,1,CRAS SÃO PEDRO,CRAS SÃO PEDRO,Público Geral,Cadastro Único
Masculino,66, Fundamental Incompleto,São Pedro,1,CRAS SÃO PEDRO,CRAS SÃO PEDRO,Público Geral,Cadastro Único
Feminino,38, Médio Incompleto,São Pedro,1,CRAS SÃO PEDRO,CRAS SÃO PEDRO,Público Geral,Cadastro Único
Feminino,45,Superior Completo,São Pedro,1,CRAS SÃO PEDRO,CRAS SÃO PEDRO,Público Geral,Cadastro Único
Feminino,59, Fundamental Incompleto,Morro do Tiro,1,CRAS SÃO PEDRO,CRAS SÃO PEDRO,Público Geral,Cadastro Único
Feminino,60, Fundamental Incompleto,Pimentel,1,CRAS SÃO PEDRO,CRAS SÃO PEDRO,Público Geral,Cadastro Único
Feminino,71, Fundamental Incompleto,São Pedro,1,CRAS SÃO PEDRO,CRAS SÃO PEDRO,Público Geral,Cadastro Único
Feminino,39, Médio Completo,São Pedro,1,CRAS SÃO PEDRO,CRAS SÃO PEDRO,Público Geral,Cadastro Único
Feminino,30, Fundamental Incompleto,São Pedro,1,CRAS SÃO PEDRO,CRAS SÃO PEDRO,Público Geral,Cadastro Único
Feminino,59, Fundamental Incompleto,Morro do Tiro,1,CRAS SÃO PEDRO,CRAS SÃO PEDRO,Público Geral,Cadastro Único
Feminino,46, Fundamental Incompleto,Morro do Tiro,1,CRAS SÃO PEDRO,CRAS SÃO PEDRO,Público Geral,Cadastro Único
Feminino,6, Fundamental Incompleto,São Pedro,1,CRAS SÃO PEDRO,CRAS SÃO PEDRO,Público Geral,Cadastro Único
Feminino,30, Fundamental Incompleto,São Pedro,1,CRAS SÃO PEDRO,CRAS SÃO PEDRO,Público Geral,Cadastro Único
Feminino,37, Fundamental Incompleto,Bairro dos Funcionários,1,CRAS SÃO PEDRO,CRAS SÃO PEDRO,Público Geral,Cadastro Único
Feminino,33, Médio Completo,Morro do Tiro,1,CRAS SÃO PEDRO,CRAS SÃO PEDRO,Público Geral,Cadastro Único
Masculino,24, Médio Completo,São Pedro,1,CRAS SÃO PEDRO,CRAS SÃO PEDRO,Público Geral,Cadastro Único
Masculino,66, Fundamental Incompleto,Morro do Tiro,1,CRAS SÃO PEDRO,CRAS SÃO PEDRO,Público Geral,Cadastro Único
Masculino,62, Fundamental Incompleto,Perpétuo,1,CRAS SÃO PEDRO,CRAS SÃO PEDRO,Público Geral,Cadastro Único
Feminino,33, Médio Completo,São Pedro,1,CRAS SÃO PEDRO,CRAS SÃO PEDRO,Público Geral,Cadastro Único
Feminino,39, Médio Incompleto,São Pedro,1,CRAS SÃO PEDRO,CRAS SÃO PEDRO,Público Geral,Cadastro Único
Feminino,55, Fundamental Incompleto,São Pedro,1,CRAS SÃO PEDRO,CRAS SÃO PEDRO,Público Geral,Cadastro Único
Feminino,20, Fundamental Incompleto,São Pedro,1,CRAS SÃO PEDRO,CRAS SÃO PEDRO,Público Geral,Cadastro Único
Masculino,44, Médio Incompleto,São Pedro,1,CRAS SÃO PEDRO,CRAS SÃO PEDRO,Público Geral,Cadastro Único
Feminino,57, Fundamental Incompleto,São Pedro,1,CRAS SÃO PEDRO,CRAS SÃO PEDRO,Público Geral,Cadastro Único
Feminino,20, Médio Completo,São Pedro,1,CRAS SÃO PEDRO,CRAS SÃO PEDRO,Público Geral,Cadastro Único
Feminino,91, Fundamental Incompleto,São Pedro,1,CRAS SÃO PEDRO,CRAS SÃO PEDRO,Público Geral,Cadastro Único
Feminino,42, Fundamental Incompleto,Araras,1,CRAS SÃO PEDRO,CRAS SÃO PEDRO,Público Geral,Cadastro Único
Feminino,46, Médio Completo,São Pedro,1,CRAS SÃO PEDRO,CRAS SÃO PEDRO,Público Geral,Cadastro Único
Feminino,27,Superior Completo,São Pedro,1,CRAS SÃO PEDRO,CRAS SÃO PEDRO,Público Geral,Cadastro Único
Masculino,28, Fundamental Completo,São Pedro,1,CRAS SÃO PEDRO,CRAS SÃO PEDRO,Público Geral,Cadastro Único
Feminino,21, Médio Incompleto,São Pedro,1,CRAS SÃO PEDRO,CRAS SÃO PEDRO,Público Geral,Cadastro Único
Masculino,35, Médio Incompleto,Perpétuo,1,CRAS SÃO PEDRO,CRAS SÃO PEDRO,Público Geral,Cadastro Único
Feminino,57, Fundamental Incompleto,São Pedro,1,CRAS SÃO PEDRO,CRAS SÃO PEDRO,Público Geral,Cadastro Único
Feminino,48, Médio Completo,Perpétuo,1,CRAS SÃO PEDRO,CRAS SÃO PEDRO,Público Geral,Cadastro Único
Feminino,24, Médio Incompleto,Perpétuo,1,CRAS SÃO PEDRO,CRAS SÃO PEDRO,Público Geral,Cadastro Único
Feminino,49, Fundamental Incompleto,Morro do Tiro,1,CRAS SÃO PEDRO,CRAS SÃO PEDRO,Público Geral,Cadastro Único
Masculino,48, Médio Completo,São Pedro,1,CRAS SÃO PEDRO,CRAS SÃO PEDRO,Público Geral,Cadastro Único
Feminino,58, Fundamental Incompleto,Granja Primor,1,CRAS SÃO PEDRO,CRAS SÃO PEDRO,Público Geral,Cadastro Único
Feminino,53, Fundamental Incompleto,Perpétuo,1,CRAS SÃO PEDRO,CRAS SÃO PEDRO,Público Geral,Cadastro Único
Feminino,43, Médio Completo,Morro do Tiro,1,CRAS SÃO PEDRO,CRAS SÃO PEDRO,Público Geral,Cadastro Único
Feminino,68, Fundamental Incompleto,São Pedro,1,CRAS SÃO PEDRO,CRAS SÃO PEDRO,Público Geral,Cadastro Único
Feminino,44,Superior Completo,São Pedro,1,CRAS SÃO PEDRO,CRAS SÃO PEDRO,Público Geral,Cadastro Único
Feminino,38, Médio Completo,São Pedro,1,CRAS SÃO PEDRO,CRAS SÃO PEDRO,Público Geral,Cadastro Único
Feminino,33, Médio Incompleto,Pimentel,1,CRAS SÃO PEDRO,CRAS SÃO PEDRO,Público Geral,Cadastro Único
Feminino,69, Fundamental Incompleto,Perpétuo,1,CRAS SÃO PEDRO,CRAS SÃO PEDRO,Público Geral,Cadastro Único
Feminino,48, Fundamental Incompleto,São Pedro,1,CRAS SÃO PEDRO,CRAS SÃO PEDRO,Público Geral,Cadastro Único
Feminino,43, Médio Completo,Morro do Tiro,1,CRAS SÃO PEDRO,CRAS SÃO PEDRO,Público Geral,Cadastro Único
Masculino,65, Fundamental Incompleto,São Pedro,1,CRAS SÃO PEDRO,CRAS SÃO PEDRO,Público Geral,Cadastro Único
Feminino,39, Médio Completo,Morro do Tiro,1,CRAS SÃO PEDRO,CRAS SÃO PEDRO,Público Geral,Cadastro Único
Feminino,53, Fundamental Incompleto,Perpétuo,1,CRAS SÃO PEDRO,CRAS SÃO PEDRO,Público Geral,Cadastro Único
Feminino,35, Fundamental Incompleto,São Pedro,1,CRAS SÃO PEDRO,CRAS SÃO PEDRO,Público Geral,Cadastro Único
Feminino,40, Fundamental Incompleto,São Pedro,1,CRAS SÃO PEDRO,CRAS SÃO PEDRO,Público Geral,Cadastro Único
Feminino,42, Fundamental Incompleto,Morro do Tiro,1,CRAS SÃO PEDRO,CRAS SÃO PEDRO,Público Geral,Cadastro Único
Feminino,27, Médio Completo,São Pedro,1,CRAS SÃO PEDRO,CRAS SÃO PEDRO,Público Geral,Cadastro Único
Feminino,27, Médio Completo,São Pedro,1,CRAS SÃO PEDRO,CRAS SÃO PEDRO,Público Geral,Cadastro Único
Feminino,27, Fundamental Incompleto,Perpétuo,1,CRAS SÃO PEDRO,CRAS SÃO PEDRO,Público Geral,Cadastro Único
Masculino,34, Fundamental Incompleto,Perpétuo,1,CRAS SÃO PEDRO,CRAS SÃO PEDRO,Público Geral,Cadastro Único
Feminino,31, Fundamental Incompleto,Pimentel,1,CRAS SÃO PEDRO,CRAS SÃO PEDRO,Público Geral,Cadastro Único
Feminino,21, Médio Completo,São Pedro,1,CRAS SÃO PEDRO,CRAS SÃO PEDRO,Público Geral,Cadastro Único
Feminino,55, Médio Completo,Pimentel,1,CRAS SÃO PEDRO,CRAS SÃO PEDRO,Público Geral,Cadastro Único
Masculino,21, Médio Incompleto,Granja Primor,1,CRAS SÃO PEDRO,CRAS SÃO PEDRO,Público Geral,Cadastro Único
Feminino,47, Fundamental Incompleto,Pimentel,1,CRAS SÃO PEDRO,CRAS SÃO PEDRO,Público Geral,Cadastro Único
Feminino,35, Médio Incompleto,São Pedro,1,CRAS SÃO PEDRO,CRAS SÃO PEDRO,Público Geral,Cadastro Único
Masculino,71, Fundamental Incompleto,São Pedro,1,CRAS SÃO PEDRO,CRAS SÃO PEDRO,Público Geral,Cadastro Único
Feminino,35, Médio Completo,São Pedro,1,CRAS SÃO PEDRO,CRAS SÃO PEDRO,Público Geral,Cadastro Único
Feminino,57, Fundamental Incompleto,Pimentel,1,CRAS SÃO PEDRO,CRAS SÃO PEDRO,Público Geral,Cadastro Único
Feminino,65, Fundamental Completo,São Pedro,1,CRAS SÃO PEDRO,CRAS SÃO PEDRO,Público Geral,Cadastro Único
Feminino,42, Médio Incompleto,São Pedro,1,CRAS SÃO PEDRO,CRAS SÃO PEDRO,Público Geral,Cadastro Único
Feminino,56,Superior Completo,São Pedro,1,CRAS SÃO PEDRO,CRAS SÃO PEDRO,Público Geral,Cadastro Único
Masculino,58, Fundamental Incompleto,Bom Retiro,1,CRAS SÃO PEDRO,CRAS SÃO PEDRO,Público Geral,Cadastro Único
Feminino,23, Médio Completo,Perpétuo,1,CRAS SÃO PEDRO,CRAS SÃO PEDRO,Público Geral,Cadastro Único
Feminino,61,Não Escolarizado,Granja Primor,1,CRAS SÃO PEDRO,CRAS SÃO PEDRO,Público Geral,Cadastro Único
Feminino,30, Fundamental Incompleto,São Pedro,1,CRAS SÃO PEDRO,CRAS SÃO PEDRO,Público Geral,Cadastro Único
Masculino,63, Médio Incompleto,São Pedro,1,CRAS SÃO PEDRO,CRAS SÃO PEDRO,Público Geral,Cadastro Único
Feminino,27, Médio Incompleto,Pimentel,1,CRAS SÃO PEDRO,CRAS SÃO PEDRO,Público Geral,Cadastro Único
Masculino,31, Médio Completo,São Pedro,1,CRAS SÃO PEDRO,CRAS SÃO PEDRO,Público Geral,Cadastro Único
Feminino,48, Fundamental Completo,São Pedro,1,CRAS SÃO PEDRO,CRAS SÃO PEDRO,Público Geral,Cadastro Único
Feminino,30, Médio Incompleto,São Pedro,1,CRAS SÃO PEDRO,CRAS SÃO PEDRO,Público Geral,Cadastro Único
Feminino,45, Médio Completo,Morro do Tiro,1,CRAS SÃO PEDRO,CRAS SÃO PEDRO,Público Geral,Cadastro Único
Feminino,55, Fundamental Incompleto,Perpétuo,1,CRAS SÃO PEDRO,CRAS SÃO PEDRO,Público Geral,Cadastro Único
Feminino,52, Médio Completo,São Pedro,1,CRAS SÃO PEDRO,CRAS SÃO PEDRO,Público Geral,Cadastro Único
Feminino,33, Fundamental Incompleto,Pimentel,1,CRAS SÃO PEDRO,CRAS SÃO PEDRO,Público Geral,Cadastro Único
Feminino,41, Fundamental Incompleto,Morro do Tiro,1,CRAS SÃO PEDRO,CRAS SÃO PEDRO,Público Geral,Cadastro Único
Feminino,82, Fundamental Incompleto,São Pedro,1,CRAS SÃO PEDRO,CRAS SÃO PEDRO,Público Geral,Cadastro Único
Masculino,65, Fundamental Incompleto,Morro do Tiro,1,CRAS SÃO PEDRO,CRAS SÃO PEDRO,Público Geral,Cadastro Único
Feminino,37, Médio Completo,Morro do Tiro,1,CRAS SÃO PEDRO,CRAS SÃO PEDRO,Público Geral,Cadastro Único
Feminino,50, Fundamental Incompleto,São Pedro,1,CRAS SÃO PEDRO,CRAS SÃO PEDRO,Público Geral,Cadastro Único
Masculino,65, Fundamental Incompleto,São Pedro,1,CRAS SÃO PEDRO,CRAS SÃO PEDRO,Público Geral,Cadastro Único
Masculino,69, Fundamental Incompleto,Morro do Tiro,1,CRAS SÃO PEDRO,CRAS SÃO PEDRO,Público Geral,Cadastro Único
Feminino,69, Fundamental Incompleto,São Pedro,1,CRAS SÃO PEDRO,CRAS SÃO PEDRO,Público Geral,Cadastro Único
Feminino,59, Médio Completo,São Pedro,1,CRAS SÃO PEDRO,CRAS SÃO PEDRO,Público Geral,Cadastro Único
Feminino,26, Médio Completo,Pimentel,1,CRAS SÃO PEDRO,CRAS SÃO PEDRO,Público Geral,Cadastro Único
Feminino,47, Fundamental Incompleto,Pimentel,1,CRAS SÃO PEDRO,CRAS SÃO PEDRO,Público Geral,Cadastro Único
Feminino,49, Médio Completo,São Pedro,1,CRAS SÃO PEDRO,CRAS SÃO PEDRO,Público Geral,Cadastro Único
Feminino,43, Fundamental Incompleto,Granja Primor,1,CRAS SÃO PEDRO,CRAS SÃO PEDRO,Público Geral,Cadastro Único
Masculino,60, Fundamental Completo,Fazendinha,1,CRAS SÃO PEDRO,CRAS SÃO PEDRO,Público Geral,Cadastro Único
Feminino,43,Superior Completo,São Pedro,1,CRAS SÃO PEDRO,CRAS SÃO PEDRO,Público Geral,Cadastro Único
Feminino,43, Fundamental Incompleto,Bairro dos Funcionários,1,CRAS SÃO PEDRO,CRAS SÃO PEDRO,Público Geral,Cadastro Único
Feminino,60, Médio Completo,São Pedro,1,CRAS SÃO PEDRO,CRAS SÃO PEDRO,Público Geral,Cadastro Único
Feminino,19, Médio Incompleto,São Pedro,1,CRAS SÃO PEDRO,CRAS SÃO PEDRO,Público Geral,Cadastro Único
Feminino,91, Fundamental Incompleto,São Pedro,1,CRAS SÃO PEDRO,CRAS SÃO PEDRO,Público Geral,Cadastro Único
Feminino,32, Fundamental Incompleto,São Pedro,1,CRAS SÃO PEDRO,CRAS SÃO PEDRO,Público Geral,Cadastro Único
Feminino,22, Médio Incompleto,Pimentel,1,CRAS SÃO PEDRO,CRAS SÃO PEDRO,Público Geral,Cadastro Único
Feminino,47, Médio Completo,Bairro dos Funcionários,1,CRAS SÃO PEDRO,CRAS SÃO PEDRO,Público Geral,Cadastro Único
Feminino,20, Médio Incompleto,Pimentel,1,CRAS SÃO PEDRO,CRAS SÃO PEDRO,Público Geral,Cadastro Único
Feminino,43, Médio Completo,Perpétuo,1,CRAS SÃO PEDRO,CRAS SÃO PEDRO,Público Geral,Cadastro Único
Masculino,48, Fundamental Incompleto,Granja Primor,1,CRAS SÃO PEDRO,CRAS SÃO PEDRO,Público Geral,Cadastro Único
Feminino,45, Médio Incompleto,São Pedro,1,CRAS SÃO PEDRO,CRAS SÃO PEDRO,Público Geral,Cadastro Único
Feminino,48, Fundamental Incompleto,Pimentel,1,CRAS SÃO PEDRO,CRAS SÃO PEDRO,Público Geral,Cadastro Único
Feminino,67, Fundamental Completo,Fazendinha,1,CRAS SÃO PEDRO,CRAS SÃO PEDRO,Público Geral,Cadastro Único
Feminino,50, Médio Completo,São Pedro,1,CRAS SÃO PEDRO,CRAS SÃO PEDRO,Público Geral,Cadastro Único
Feminino,30, Médio Completo,Pimentel,1,CRAS SÃO PEDRO,CRAS SÃO PEDRO,Público Geral,Cadastro Único
Feminino,, Fundamental Incompleto,São Pedro,1,CRAS SÃO PEDRO,CRAS SÃO PEDRO,Público Geral,Cadastro Único
Feminino,42, Fundamental Incompleto,Morro do tiro,1,CRAS SÃO PEDRO,CRAS SÃO PEDRO,Público Geral,Cadastro Único
Feminino,73, Fundamental Incompleto,Granja Primor,1,CRAS SÃO PEDRO,CRAS SÃO PEDRO,Público Geral,Cadastro Único
Masculino,38, Fundamental Incompleto,Perpétuo,1,CRAS SÃO PEDRO,CRAS SÃO PEDRO,Público Geral,Cadastro Único
Feminino,46,Superior Completo,São Pedro,1,CRAS SÃO PEDRO,CRAS SÃO PEDRO,Público Geral,Cadastro Único
Feminino,, Fundamental Incompleto,São Pedro,1,CRAS SÃO PEDRO,CRAS SÃO PEDRO,Público Geral,Cadastro Único
Masculino,63,Não Escolarizado,Perpétuo,1,CRAS SÃO PEDRO,CRAS SÃO PEDRO,Público Geral,Cadastro Único
Feminino,63,N/D,Perpétuo,1,CRAS SÃO PEDRO,CRAS SÃO PEDRO,Público Geral,Cadastro Único
Masculino,63, Fundamental Incompleto,São Pedro,1,CRAS SÃO PEDRO,CRAS SÃO PEDRO,Público Geral,Cadastro Único
Feminino,17, Médio Incompleto,São Pedro,1,CRAS SÃO PEDRO,CRAS SÃO PEDRO,Público Geral,Cadastro Único
Feminino,27, Fundamental Incompleto,São Pedro,1,CRAS SÃO PEDRO,CRAS SÃO PEDRO,Público Geral,Cadastro Único
Feminino,60, Fundamental Incompleto,Pimentel,1,CRAS SÃO PEDRO,CRAS SÃO PEDRO,Público Geral,Cadastro Único
Feminino,35, Médio Completo,São Pedro,1,CRAS SÃO PEDRO,CRAS SÃO PEDRO,Público Geral,Cadastro Único
Feminino,23, Fundamental Incompleto,São Pedro,1,CRAS SÃO PEDRO,CRAS SÃO PEDRO,Público Geral,Cadastro Único
Masculino,30, Fundamental Incompleto,São Pedro,1,CRAS SÃO PEDRO,CRAS SÃO PEDRO,Público Geral,Cadastro Único
Feminino,53,Não Escolarizado,Pimentel,1,CRAS SÃO PEDRO,CRAS SÃO PEDRO,Público Geral,Cadastro Único
Feminino,40, Fundamental Incompleto,São Pedro,1,CRAS SÃO PEDRO,CRAS SÃO PEDRO,Público Geral,Cadastro Único
Feminino,48, Fundamental Incompleto,São Pedro,1,CRAS SÃO PEDRO,CRAS SÃO PEDRO,Público Geral,Cadastro Único
Masculino,46, Fundamental Incompleto,Perpétuo,1,CRAS SÃO PEDRO,CRAS SÃO PEDRO,Público Geral,Cadastro Único
Feminino,N/D,N/D,Perpétuo,1,CRAS SÃO PEDRO,CRAS SÃO PEDRO,Público Geral,Cadastro Único
Feminino,57, Fundamental Incompleto,São Pedro,1,CRAS SÃO PEDRO,CRAS SÃO PEDRO,Público Geral,Cadastro Único
Feminino,59, Fundamental Incompleto,Perpétuo,1,CRAS SÃO PEDRO,CRAS SÃO PEDRO,Público Geral,Cadastro Único
Feminino,36, Médio Completo,São Pedro,1,CRAS SÃO PEDRO,CRAS SÃO PEDRO,Público Geral,Cadastro Único
Feminino,40, Médio Completo,São Pedro,1,CRAS SÃO PEDRO,CRAS SÃO PEDRO,Público Geral,Cadastro Único
Feminino,56, Fundamental Incompleto,São Pedro,1,CRAS SÃO PEDRO,CRAS SÃO PEDRO,Público Geral,Cadastro Único
Feminino,53, Fundamental Incompleto,Fazendinha,1,CRAS SÃO PEDRO,CRAS SÃO PEDRO,Público Geral,Cadastro Único
Feminino,33, Fundamental Incompleto,Morro do tiro,1,CRAS SÃO PEDRO,CRAS SÃO PEDRO,Público Geral,Cadastro Único
Feminino,30, Fundamental Incompleto,São Pedro,1,CRAS SÃO PEDRO,CRAS SÃO PEDRO,Público Geral,Cadastro Único
Feminino,56, Médio Incompleto,São Pedro,1,CRAS SÃO PEDRO,CRAS SÃO PEDRO,Público Geral,Cadastro Único
Feminino,34, Médio Incompleto,São Pedro,1,CRAS SÃO PEDRO,CRAS SÃO PEDRO,Público Geral,Cadastro Único
Feminino,46, Médio Completo,São Pedro,1,CRAS SÃO PEDRO,CRAS SÃO PEDRO,Público Geral,Cadastro Único
Masculino,43, Médio Completo,São Pedro,1,CRAS SÃO PEDRO,CRAS SÃO PEDRO,Público Geral,Cadastro Único
Feminino,35, Médio Completo,São Pedro,1,CRAS SÃO PEDRO,CRAS SÃO PEDRO,Público Geral,Cadastro Único
Feminino,42, Médio Completo,Granja Primor,1,CRAS SÃO PEDRO,CRAS SÃO PEDRO,Público Geral,Cadastro Único
Masculino,47, Médio Completo,São Pedro,1,CRAS SÃO PEDRO,CRAS SÃO PEDRO,Público Geral,Cadastro Único
Feminino,26, Médio Completo,Perpétuo,1,CRAS SÃO PEDRO,CRAS SÃO PEDRO,Público Geral,Cadastro Único
Feminino,33, Médio Incompleto,Perpétuo,1,CRAS SÃO PEDRO,CRAS SÃO PEDRO,Público Geral,Cadastro Único
Masculino,63, Fundamental Incompleto,Fazendinha,1,CRAS SÃO PEDRO,CRAS SÃO PEDRO,Público Geral,Cadastro Único
Feminino,42, Médio Completo,São Pedro,1,CRAS SÃO PEDRO,CRAS SÃO PEDRO,Público Geral,Cadastro Único
Feminino,48, Fundamental Incompleto,São Pedro,1,CRAS SÃO PEDRO,CRAS SÃO PEDRO,Público Geral,Cadastro Único
Feminino,33, Médio Completo,São Pedro,1,CRAS SÃO PEDRO,CRAS SÃO PEDRO,Público Geral,Cadastro Único
Feminino,45, Fundamental Incompleto,São Pedro,1,CRAS SÃO PEDRO,CRAS SÃO PEDRO,Público Geral,Cadastro Único
Feminino,24, Médio Completo,São Pedro,1,CRAS SÃO PEDRO,CRAS SÃO PEDRO,Público Geral,Cadastro Único
Feminino,46, Fundamental Incompleto,São Pedro,1,CRAS SÃO PEDRO,CRAS SÃO PEDRO,Público Geral,Cadastro Único
Feminino,66, Fundamental Incompleto,São Pedro,1,CRAS SÃO PEDRO,CRAS SÃO PEDRO,Público Geral,Cadastro Único
Feminino,35, Fundamental Incompleto,São Pedro,1,CRAS SÃO PEDRO,CRAS SÃO PEDRO,Público Geral,Cadastro Único
Masculino,50, Fundamental Incompleto,São Pedro,1,CRAS SÃO PEDRO,CRAS SÃO PEDRO,Público Geral,Cadastro Único
Feminino,63, Fundamental Incompleto,Brejinho,1,CRAS SÃO PEDRO,CRAS SÃO PEDRO,Público Geral,Cadastro Único
Feminino,56, Fundamental Incompleto,Morro do Tiro,1,CRAS SÃO PEDRO,CRAS SÃO PEDRO,Público Geral,Cadastro Único
Masculino,30, Fundamental Incompleto,São Pedro,1,CRAS SÃO PEDRO,CRAS SÃO PEDRO,Público Geral,Cadastro Único
Feminino,46, Fundamental Incompleto,Granja Primor,1,CRAS SÃO PEDRO,CRAS SÃO PEDRO,Público Geral,Cadastro Único
Feminino,39, Fundamental Incompleto,Bairro dos Funcionários,1,CRAS SÃO PEDRO,CRAS SÃO PEDRO,Público Geral,Cadastro Único
Feminino,37, Fundamental Incompleto,São Pedro,1,CRAS SÃO PEDRO,CRAS SÃO PEDRO,Público Geral,Cadastro Único
Feminino,47, Fundamental Incompleto,Fazendinha,1,CRAS SÃO PEDRO,CRAS SÃO PEDRO,Público Geral,Cadastro Único
Masculino,78, Médio Completo,São Pedro,1,CRAS SÃO PEDRO,CRAS SÃO PEDRO,Público Geral,Cadastro Único
Feminino,67,Não Escolarizado,São Pedro,1,CRAS SÃO PEDRO,CRAS SÃO PEDRO,Público Geral,Cadastro Único
Feminino,29, Médio Completo,São Pedro,1,CRAS SÃO PEDRO,CRAS SÃO PEDRO,Público Geral,Cadastro Único
Feminino,58, Fundamental Incompleto,Morro do Tiro,1,CRAS SÃO PEDRO,CRAS SÃO PEDRO,Público Geral,Cadastro Único
Feminino,64, Fundamental Incompleto,São Pedro,1,CRAS SÃO PEDRO,CRAS SÃO PEDRO,Público Geral,Cadastro Único
Feminino,24, Médio Completo,Perpétuo,1,CRAS SÃO PEDRO,CRAS SÃO PEDRO,Público Geral,Cadastro Único
Feminino,45, Fundamental Incompleto,Pimentel,1,CRAS SÃO PEDRO,CRAS SÃO PEDRO,Público Geral,Cadastro Único
Feminino,29,Superior Completo,Pimentel,1,CRAS SÃO PEDRO,CRAS SÃO PEDRO,Público Geral,Cadastro Único
Masculino,26, Médio Completo,Perpétuo,1,CRAS SÃO PEDRO,CRAS SÃO PEDRO,Público Geral,Cadastro Único
Feminino,59, Fundamental Incompleto,Perpétuo,1,CRAS SÃO PEDRO,CRAS SÃO PEDRO,Público Geral,Cadastro Único
Masculino,49, Fundamental Incompleto,Pimentel,1,CRAS SÃO PEDRO,CRAS SÃO PEDRO,Público Geral,Cadastro Único
Feminino,38, Médio Completo,São Pedro,1,CRAS SÃO PEDRO,CRAS SÃO PEDRO,Público Geral,Cadastro Único
Feminino,23, Médio Incompleto,São Pedro,1,CRAS SÃO PEDRO,CRAS SÃO PEDRO,Público Geral,Cadastro Único
Feminino,66, Fundamental Incompleto,São Pedro,1,CRAS SÃO PEDRO,CRAS SÃO PEDRO,Público Geral,Cadastro Único
Feminino,26, Fundamental Incompleto,Morro do Tiro,1,CRAS SÃO PEDRO,CRAS SÃO PEDRO,Público Geral,Cadastro Único
Feminino,48, Médio Completo,São Pedro,1,CRAS SÃO PEDRO,CRAS SÃO PEDRO,Público Geral,Cadastro Único
Feminino,45, Médio Completo,São Pedro,1,CRAS SÃO PEDRO,CRAS SÃO PEDRO,Público Geral,Cadastro Único
Masculino,22, Médio Completo,Pimentel,1,CRAS SÃO PEDRO,CRAS SÃO PEDRO,Público Geral,Cadastro Único
Feminino,60, Fundamental Incompleto,São Pedro,1,CRAS SÃO PEDRO,CRAS SÃO PEDRO,Público Geral,Cadastro Único
Feminino,27, Médio Incompleto,Bairro dos Funcionários,1,CRAS SÃO PEDRO,CRAS SÃO PEDRO,Público Geral,Cadastro Único
Feminino,24, Médio Completo,Pimentel,1,CRAS SÃO PEDRO,CRAS SÃO PEDRO,Público Geral,Cadastro Único
Feminino,37, Médio Completo,Morro do Tiro,1,CRAS SÃO PEDRO,CRAS SÃO PEDRO,Público Geral,Cadastro Único
Masculino,62, Fundamental Incompleto,Pimentel,1,CRAS SÃO PEDRO,CRAS SÃO PEDRO,Público Geral,Cadastro Único
Feminino,20, Médio Completo,Perpétuo,1,CRAS SÃO PEDRO,CRAS SÃO PEDRO,Público Geral,Cadastro Único
Feminino,37, Médio Completo,São Pedro,1,CRAS SÃO PEDRO,CRAS SÃO PEDRO,Público Geral,Cadastro Único
Feminino,22, Médio Incompleto,Pimentel,1,CRAS SÃO PEDRO,CRAS SÃO PEDRO,Público Geral,Cadastro Único
Feminino,51,Superior Completo,São Pedro,1,CRAS SÃO PEDRO,CRAS SÃO PEDRO,Público Geral,Cadastro Único
Feminino,38, Médio Completo,São Pedro,1,CRAS SÃO PEDRO,CRAS SÃO PEDRO,Público Geral,Cadastro Único
Masculino,37, Médio Completo,São Pedro,1,CRAS SÃO PEDRO,CRAS SÃO PEDRO,Público Geral,Cadastro Único
Masculino,33, Fundamental Incompleto,Perpétuo,1,CRAS SÃO PEDRO,CRAS SÃO PEDRO,Público Geral,Cadastro Único
Feminino,18, Médio Incompleto,Pimentel,1,CRAS SÃO PEDRO,CRAS SÃO PEDRO,Público Geral,Cadastro Único
Feminino,50, Fundamental Incompleto,São Pedro,1,CRAS SÃO PEDRO,CRAS SÃO PEDRO,Público Geral,Cadastro Único
Feminino,44, Médio Completo,São Pedro,1,CRAS SÃO PEDRO,CRAS SÃO PEDRO,Público Geral,Cadastro Único
Feminino,20, Médio Completo,São Pedro,1,CRAS SÃO PEDRO,CRAS SÃO PEDRO,Público Geral,Cadastro Único
Feminino,60, Fundamental Incompleto,São Pedro,1,CRAS SÃO PEDRO,CRAS SÃO PEDRO,Público Geral,Cadastro Único
Feminino,23, Médio Completo,Várzea,1,CRAS SÃO PEDRO,CRAS SÃO PEDRO,Público Geral,Cadastro Único
Masculino,39, Fundamental Incompleto,Perpétuo,1,CRAS SÃO PEDRO,CRAS SÃO PEDRO,Público Geral,Cadastro Único
Feminino,48, Fundamental Incompleto,Morro do Tiro,1,CRAS SÃO PEDRO,CRAS SÃO PEDRO,Público Geral,Cadastro Único
Feminino,61, Fundamental Incompleto,Morro do Tiro,1,CRAS SÃO PEDRO,CRAS SÃO PEDRO,Público Geral,Cadastro Único
Feminino,48, Fundamental Incompleto,Morro do Tiro,1,CRAS SÃO PEDRO,CRAS SÃO PEDRO,Público Geral,Cadastro Único
Feminino,42, Médio Completo,São Pedro,1,CRAS SÃO PEDRO,CRAS SÃO PEDRO,Público Geral,Cadastro Único
Feminino,59, Médio Incompleto,Servidão Delta,1,CRAS SÃO PEDRO,CRAS SÃO PEDRO,Público Geral,Cadastro Único
Feminino,37, Médio Completo,São Pedro,1,CRAS SÃO PEDRO,CRAS SÃO PEDRO,Público Geral,Cadastro Único
Feminino,28, Fundamental Incompleto,Pimentel,1,CRAS SÃO PEDRO,CRAS SÃO PEDRO,Público Geral,Cadastro Único
Feminino,62, Fundamental Incompleto,São Pedro,1,CRAS SÃO PEDRO,CRAS SÃO PEDRO,Público Geral,Cadastro Único
Masculino,62, Fundamental Incompleto,Perpétuo,1,CRAS SÃO PEDRO,CRAS SÃO PEDRO,Público Geral,Cadastro Único
Feminino,30, Fundamental Incompleto,São Pedro,1,CRAS SÃO PEDRO,CRAS SÃO PEDRO,Público Geral,Cadastro Único
Feminino,49, Fundamental Incompleto,São Pedro,1,CRAS SÃO PEDRO,CRAS SÃO PEDRO,Público Geral,Cadastro Único
Feminino,69, Fundamental Incompleto,Fazenda Ermitage,1,CRAS SÃO PEDRO,CRAS SÃO PEDRO,Público Geral,Cadastro Único
Masculino,74, Fundamental Incompleto,São Pedro,1,CRAS SÃO PEDRO,CRAS SÃO PEDRO,Público Geral,Cadastro Único
Feminino,62, Fundamental Incompleto,São Pedro,1,CRAS SÃO PEDRO,CRAS SÃO PEDRO,Público Geral,Cadastro Único
Feminino,41, Médio Incompleto,São Pedro,1,CRAS SÃO PEDRO,CRAS SÃO PEDRO,Público Geral,Cadastro Único
Masculino,35, Médio Completo,Barra,1,CRAS SÃO PEDRO,CRAS SÃO PEDRO,Público Geral,Cadastro Único
Feminino,26, Médio Completo,Várzea,1,CRAS SÃO PEDRO,CRAS SÃO PEDRO,Público Geral,Cadastro Único
Masculino,42, Fundamental Incompleto,Perpétuo,1,CRAS SÃO PEDRO,CRAS SÃO PEDRO,Público Geral,Cadastro Único
Feminino,20, Médio Completo,Perpétuo,1,CRAS SÃO PEDRO,CRAS SÃO PEDRO,Público Geral,Cadastro Único
Feminino,42, Médio Completo,São Pedro,1,CRAS SÃO PEDRO,CRAS SÃO PEDRO,Público Geral,CadastroÚnico
Masculino,34, Médio Completo,Granja Primor,1,CRAS SÃO PEDRO,CRAS SÃO PEDRO,Público Geral,Cadastro Único
Masculino,40, Médio Completo,São Pedro,1,CRAS SÃO PEDRO,CRAS SÃO PEDRO,Público Geral,Cadastro Único
Feminino,74, Fundamental Incompleto,São Pedro,1,CRAS SÃO PEDRO,CRAS SÃO PEDRO,Público Geral,Cadastro Único
Masculino,51,Superior Completo,São Pedro,1,CRAS SÃO PEDRO,CRAS SÃO PEDRO,Público Geral,Cadastro Único
Feminino,62, Fundamental Incompleto,São Pedro,1,CRAS SÃO PEDRO,CRAS SÃO PEDRO,Público Geral,Cadastro Único
Feminino,62,Não Escolarizado,São Pedro,1,CRAS SÃO PEDRO,CRAS SÃO PEDRO,Público Geral,Cadastro Único
Feminino,59, Fundamental Incompleto,São Pedro,1,CRAS SÃO PEDRO,CRAS SÃO PEDRO,Público Geral,Cadastro Único
Feminino,24, Médio Completo,Fazendinha,1,CRAS SÃO PEDRO,CRAS SÃO PEDRO,Público Geral,Cadastro Único
Feminino,54, Médio Completo,Morro do Tiro,1,CRAS SÃO PEDRO,CRAS SÃO PEDRO,Público Geral,Cadastro Único
Masculino,76, Fundamental Incompleto,São Pedro,1,CRAS SÃO PEDRO,CRAS SÃO PEDRO,Público Geral,Cadastro Único
Feminino,68, Médio Incompleto,São Pedro,1,CRAS SÃO PEDRO,CRAS SÃO PEDRO,Público Geral,Cadastro Único
Feminino,52, Médio Completo,Bairro dos Funcionários,1,CRAS SÃO PEDRO,CRAS SÃO PEDRO,Público Geral,Cadastro Único
Feminino,68, Fundamental Incompleto,São Pedro,1,CRAS SÃO PEDRO,CRAS SÃO PEDRO,Público Geral,Cadastro Único
Feminino,75, Fundamental Completo,São Pedro,1,CRAS SÃO PEDRO,CRAS SÃO PEDRO,Público Geral,Cadastro Único
Feminino,49, Fundamental Incompleto,São Pedro,1,CRAS SÃO PEDRO,CRAS SÃO PEDRO,Público Geral,Cadastro Único
Feminino,24, Médio Completo,Bairro dos Funcionários,1,CRAS SÃO PEDRO,CRAS SÃO PEDRO,Público Geral,Cadastro Único
Feminino,40, Fundamental Incompleto,Pimentel,1,CRAS SÃO PEDRO,CRAS SÃO PEDRO,Público Geral,Cadastro Único
Feminino,20, Médio Incompleto,São Pedro,1,CRAS SÃO PEDRO,CRAS SÃO PEDRO,Público Geral,Cadastro Único
Feminino,56, Médio Incompleto,São Pedro,1,CRAS SÃO PEDRO,CRAS SÃO PEDRO,Público Geral,Cadastro Único
Feminino,26, Médio Completo,São Pedro,1,CRAS SÃO PEDRO,CRAS SÃO PEDRO,Público Geral,Cadastro Único
Masculino,26, Médio Completo,Morro do Tiro,1,CRAS SÃO PEDRO,CRAS SÃO PEDRO,Público Geral,Cadastro Único
Feminino,37, Fundamental Incompleto,São Pedro,1,CRAS SÃO PEDRO,CRAS SÃO PEDRO,Público Geral,Cadastro Único
Feminino,44, Médio Completo,São Pedro,1,CRAS SÃO PEDRO,CRAS SÃO PEDRO,Público Geral,Cadastro Único
Feminino,29, Fundamental Incompleto,Morro do Tiro,1,CRAS SÃO PEDRO,CRAS SÃO PEDRO,Público Geral,Cadastro Único
Feminino,18, Médio Incompleto,Perpétuo,1,CRAS SÃO PEDRO,CRAS SÃO PEDRO,Público Geral,Cadastro Único
Feminino,50, Fundamental Incompleto,São Pedro,1,CRAS SÃO PEDRO,CRAS SÃO PEDRO,Público Geral,Cadastro Único
Feminino,31, Médio Incompleto,Rosário,1,CRAS SÃO PEDRO,CRAS SÃO PEDRO,Público Geral,Cadastro Único
Feminino,27, Médio Completo,Morro do Tiro,1,CRAS SÃO PEDRO,CRAS SÃO PEDRO,Público Geral,Cadastro Único
Feminino,51, Médio Incompleto,São Pedro,1,CRAS SÃO PEDRO,CRAS SÃO PEDRO,Público Geral,Cadastro Único
Masculino,41,Superior Completo,Bairro dos Funcionários,1,CRAS SÃO PEDRO,CRAS SÃO PEDRO,Público Geral,Cadastro Único
Masculino,34, Fundamental Incompleto,Pimentel,1,CRAS SÃO PEDRO,CRAS SÃO PEDRO,Público Geral,Cadastro Único
Feminino,19, Médio Incompleto,São Pedro,1,CRAS SÃO PEDRO,CRAS SÃO PEDRO,Público Geral,Cadastro Único
Feminino,49, Fundamental Incompleto,São Pedro,1,CRAS SÃO PEDRO,CRAS SÃO PEDRO,Público Geral,Cadastro Único
Feminino,27, Fundamental Incompleto,Morro do Tiro,1,CRAS SÃO PEDRO,CRAS SÃO PEDRO,Público Geral,Cadastro Único
Feminino,35, Médio Completo,São Pedro,1,CRAS SÃO PEDRO,CRAS SÃO PEDRO,Público Geral,Cadastro Único
Feminino,31, Médio Incompleto,Perpétuo,1,CRAS SÃO PEDRO,CRAS SÃO PEDRO,Público Geral,Cadastro Único
Masculino,30, Médio Incompleto,São Pedro,1,CRAS SÃO PEDRO,CRAS SÃO PEDRO,Público Geral,Cadastro Único
Masculino,62, Fundamental Incompleto,São Pedro,1,CRAS SÃO PEDRO,CRAS SÃO PEDRO,Público Geral,Cadastro Único
Feminino,87, Fundamental Incompleto,São Pedro,1,CRAS SÃO PEDRO,CRAS SÃO PEDRO,Público Geral,Cadastro Único
Feminino,68, Fundamental Incompleto,São Pedro,1,CRAS SÃO PEDRO,CRAS SÃO PEDRO,Público Geral,Cadastro Único
Feminino,57, Fundamental Incompleto,São Pedro,1,CRAS SÃO PEDRO,CRAS SÃO PEDRO,Público Geral,Cadastro Único
Feminino,44, Fundamental Incompleto,São Pedro,1,CRAS SÃO PEDRO,CRAS SÃO PEDRO,Público Geral,Cadastro Único
Feminino,39, Médio Completo,São Pedro,1,CRAS SÃO PEDRO,CRAS SÃO PEDRO,Público Geral,Cadastro Único
Feminino,44, Médio Completo,Perpétuo,1,CRAS SÃO PEDRO,CRAS SÃO PEDRO,Público Geral,Cadastro Único
Feminino,48, Médio Completo,Bairro dos Funcionários,1,CRAS SÃO PEDRO,CRAS SÃO PEDRO,Público Geral,Cadastro Único
Feminino,61, Médio Completo,Morro do Tiro,1,CRAS SÃO PEDRO,CRAS SÃO PEDRO,Público Geral,Cadastro Único
Masculino,73, Fundamental Incompleto,São Pedro,1,CRAS SÃO PEDRO,CRAS SÃO PEDRO,Público Geral,Cadastro Único
Feminino,49, Fundamental Incompleto,Fazendinha,1,CRAS SÃO PEDRO,CRAS SÃO PEDRO,Público Geral,Cadastro Único
Masculino,26,Superior Completo,Perpétuo,1,CRAS SÃO PEDRO,CRAS SÃO PEDRO,Público Geral,Cadastro Único
Feminino,43, Fundamental Incompleto,São Pedro,1,CRAS SÃO PEDRO,CRAS SÃO PEDRO,Público Geral,Cadastro Único
Feminino,43, Fundamental Incompleto,São Pedro,1,CRAS SÃO PEDRO,CRAS SÃO PEDRO,Público Geral,Cadastro Único
Feminino,58, Fundamental Incompleto,Fazendinha,1,CRAS SÃO PEDRO,CRAS SÃO PEDRO,Público Geral,Cadastro Único
Feminino,53,Superior Completo,Bairro dos Funcionários,1,CRAS SÃO PEDRO,CRAS SÃO PEDRO,Público Geral,Cadastro Único
Masculino,30, Médio Completo,São Pedro,1,CRAS SÃO PEDRO,CRAS SÃO PEDRO,Público Geral,Cadastro Único
Masculino,28,EJA,Morro do Tiro,1,CRAS SÃO PEDRO,CRAS SÃO PEDRO,Público Geral,Cadastro Único
Feminino,62, Fundamental Incompleto,São Pedro,1,CRAS SÃO PEDRO,CRAS SÃO PEDRO,Público Geral,Cadastro Único
Feminino,74, Fundamental Incompleto,Granja Primor,1,CRAS SÃO PEDRO,CRAS SÃO PEDRO,Público Geral,Cadastro Único
Feminino,46, Fundamental Incompleto,Pimentel,1,CRAS SÃO PEDRO,CRAS SÃO PEDRO,Público Geral,Cadastro Único
Feminino,39, Fundamental Incompleto,Morro do Tiro,1,CRAS SÃO PEDRO,CRAS SÃO PEDRO,Público Geral,Cadastro Único
Masculino,66, Fundamental Incompleto,São Pedro,1,CRAS SÃO PEDRO,CRAS SÃO PEDRO,Público Geral,Cadastro Único
Feminino,47, Fundamental Incompleto,Morro do Tiro,1,CRAS SÃO PEDRO,CRAS SÃO PEDRO,Público Geral,Cadastro Único
Masculino,59, Fundamental Incompleto,São Pedro,1,CRAS SÃO PEDRO,CRAS SÃO PEDRO,Público Geral,Cadastro Único
Feminino,50, Fundamental Incompleto,São Pedro,1,CRAS SÃO PEDRO,CRAS SÃO PEDRO,POT,Atendimento Social
Masculino,58, Fundamental Incompleto,São Pedro,1,CRAS SÃO PEDRO,CRAS SÃO PEDRO,Cadastro Único,Atendimento Social
Feminino,45, Fundamental Incompleto,São Pedro,1,CRAS SÃO PEDRO,CRAS SÃO PEDRO,SICON,Atendimento Social
Masculino,28, Médio Incompleto,São Pedro,1,CRAS SÃO PEDRO,CRAS SÃO PEDRO,POT,Atendimento Social
Feminino,26, Médio Completo,São Pedro,1,CRAS SÃO PEDRO,CRAS SÃO PEDRO,SICON,Atendimento Social
Masculino,64, Fundamental Incompleto,São Pedro,1,CRAS SÃO PEDRO,CRAS SÃO PEDRO,SIBEC,Atendimento Social
Feminino,27,Superior Incompleto,São Pedro,1,CRAS SÃO PEDRO,CRAS SÃO PEDRO,SICON,Atendimento Social
Feminino,22, Médio Completo,São Pedro,1,CRAS SÃO PEDRO,CRAS SÃO PEDRO,SIBEC,Atendimento Social
Feminino,54, Fundamental Incompleto,Araras,1,CRAS SÃO PEDRO,CRAS SÃO PEDRO,Orientação,Atendimento Social
Masculino,55, Fundamental Incompleto,São Pedro,1,CRAS SÃO PEDRO,CRAS SÃO PEDRO,SIBEC,Atendimento Social
Feminino,26, Fundamental Completo,São Pedro,1,CRAS SÃO PEDRO,CRAS SÃO PEDRO,POT,Atendimento Social
Feminino,29, Fundamental Incompleto,São Pedro,1,CRAS SÃO PEDRO,CRAS SÃO PEDRO,SICON,Atendimento Social
Feminino,18, Médio Completo,São Pedro,1,CRAS SÃO PEDRO,CRAS SÃO PEDRO,POT,Atendimento Social
Feminino,43, Fundamental Incompleto,São Pedro,1,CRAS SÃO PEDRO,CRAS SÃO PEDRO,Orientação,Cadastro Único
Feminino,43, Fundamental Incompleto,São Pedro,1,CRAS SÃO PEDRO,CRAS SÃO PEDRO,Público Geral,Cadastro Único
Feminino,58, Fundamental Incompleto,Fazendinha,1,CRAS SÃO PEDRO,CRAS SÃO PEDRO,Público Geral,Cadastro Único
Feminino,53,Superior Completo,Bairro dos Funcionários,1,CRAS SÃO PEDRO,CRAS SÃO PEDRO,Público Geral,Cadastro Único
Masculino,30, Médio Completo,São Pedro,1,CRAS SÃO PEDRO,CRAS SÃO PEDRO,Público Geral,Cadastro Único
Masculino,28,EJA,Morro do Tiro,1,CRAS SÃO PEDRO,CRAS SÃO PEDRO,Público Geral,Cadastro Único
Masculino,62, Fundamental Incompleto,São Pedro,1,CRAS SÃO PEDRO,CRAS SÃO PEDRO,Público Geral,Cadastro Único
Feminino,74, Fundamental Incompleto,Granja Primor,1,CRAS SÃO PEDRO,CRAS SÃO PEDRO,Público Geral,Cadastro Único
Feminino,46, Fundamental Incompleto,Pimentel,1,CRAS SÃO PEDRO,CRAS SÃO PEDRO,Público Geral,Cadastro Único
Feminino,39, Fundamental Incompleto,Morro do Tiro,1,CRAS SÃO PEDRO,CRAS SÃO PEDRO,Público Geral,Cadastro Único
Masculino,66, Fundamental Incompleto,São Pedro,1,CRAS SÃO PEDRO,CRAS SÃO PEDRO,Público Geral,Cadastro Único
Feminino,41, Fundamental Incompleto,Morro do Tiro,1,CRAS SÃO PEDRO,CRAS SÃO PEDRO,Público Geral,Cadastro Único
Feminino,44, Médio Completo,São Pedro,1,CRAS SÃO PEDRO,CRAS SÃO PEDRO,Público Geral,Cadastro Único
Feminino,29, Médio Completo,Bairro dos Funcionários,1,CRAS SÃO PEDRO,CRAS SÃO PEDRO,Público Geral,Cadastro Único
Feminino,, Fundamental Incompleto,São Pedro,1,CRAS SÃO PEDRO,CRAS SÃO PEDRO,Público Geral,Cadastro Único
Feminino,65, Fundamental Incompleto,São Pedro,1,CRAS SÃO PEDRO,CRAS SÃO PEDRO,Público Geral,Cadastro Único
Feminino,64, Médio Incompleto,Bairro dos Funcionários,1,CRAS SÃO PEDRO,CRAS SÃO PEDRO,Público Geral,Cadastro Único
Feminino,31, Médio Completo,Brejinho,1,CRAS SÃO PEDRO,CRAS SÃO PEDRO,Público Geral,Cadastro Único
Feminino,61, Fundamental Incompleto,São Pedro,1,CRAS SÃO PEDRO,CRAS SÃO PEDRO,Público Geral,Cadastro Único
Feminino,26, Médio Incompleto,Venda Nova,1,CRAS SÃO PEDRO,CRAS SÃO PEDRO,Público Geral,Cadastro Único
Feminino,21, Médio Completo,São Pedro,1,CRAS SÃO PEDRO,CRAS SÃO PEDRO,Público Geral,Cadastro Único
Feminino,43, Médio Completo,Granja Primor,1,CRAS SÃO PEDRO,CRAS SÃO PEDRO,Público Geral,Cadastro Único
Feminino,48, Médio Completo,Bairro dos Funcionários,1,CRAS SÃO PEDRO,CRAS SÃO PEDRO,Público Geral,Cadastro Único
Feminino,73, Fundamental Incompleto,Granja Primor,1,CRAS SÃO PEDRO,CRAS SÃO PEDRO,Público Geral,Cadastro Único
Feminino,64,Superior Completo,Perpétuo,1,CRAS SÃO PEDRO,CRAS SÃO PEDRO,Público Geral,Cadastro Único
Feminino,34, Médio Incompleto,Pimentel,1,CRAS SÃO PEDRO,CRAS SÃO PEDRO,Público Geral,Cadastro Único
Masculino,73, Fundamental Incompleto,Morro do Tiro,1,CRAS SÃO PEDRO,CRAS SÃO PEDRO,Público Geral,Cadastro Único
Feminino,34, Médio Completo,Perpétuo,1,CRAS SÃO PEDRO,CRAS SÃO PEDRO,Público Geral,Cadastro Único
Masculino,49, Médio Completo,Pimentel,1,CRAS SÃO PEDRO,CRAS SÃO PEDRO,Público Geral,Cadastro Único
Feminino,65, Médio Incompleto,Granja Primor,1,CRAS SÃO PEDRO,CRAS SÃO PEDRO,Público Geral,Cadastro Único
Feminino,51, Médio Completo,Pimentel,1,CRAS SÃO PEDRO,CRAS SÃO PEDRO,Público Geral,Cadastro Único
Feminino,48, Médio Completo,São Pedro,1,CRAS SÃO PEDRO,CRAS SÃO PEDRO,Público Geral,Cadastro Único
Feminino,62, Fundamental Incompleto,São Pedro,1,CRAS SÃO PEDRO,CRAS SÃO PEDRO,Público Geral,Cadastro Único
Feminino,27, Médio Incompleto,São Pedro,1,CRAS SÃO PEDRO,CRAS SÃO PEDRO,Público Geral,Cadastro Único
Feminino,86, Fundamental Incompleto,São Pedro,1,CRAS SÃO PEDRO,CRAS SÃO PEDRO,Público Geral,Cadastro Único
Feminino,58, Fundamental Incompleto,Morro do Tiro,1,CRAS SÃO PEDRO,CRAS SÃO PEDRO,Público Geral,Cadastro Único
Feminino,33, Médio Completo,Morro do Tiro,1,CRAS SÃO PEDRO,CRAS SÃO PEDRO,Público Geral,Cadastro Único
Feminino,23, Fundamental Incompleto,Morro do Tiro,1,CRAS SÃO PEDRO,CRAS SÃO PEDRO,Público Geral,Cadastro Único
Feminino,46, Fundamental Incompleto,São Pedro,1,CRAS SÃO PEDRO,CRAS SÃO PEDRO,Público Geral,Cadastro Único
Feminino,54, Fundamental Incompleto,Perpétuo,1,CRAS SÃO PEDRO,CRAS SÃO PEDRO,Público Geral,Cadastro Único
Feminino,71, Fundamental Incompleto,São Pedro,1,CRAS SÃO PEDRO,CRAS SÃO PEDRO,Público Geral,Cadastro Único
Feminino,59, Fundamental Incompleto,Perpétuo,1,CRAS SÃO PEDRO,CRAS SÃO PEDRO,Público Geral,Cadastro Único
Feminino,, Fundamental Incompleto,Perpétuo,1,CRAS SÃO PEDRO,CRAS SÃO PEDRO,Público Geral,Cadastro Único
Feminino,43, Médio Completo,São Pedro,1,CRAS SÃO PEDRO,CRAS SÃO PEDRO,Público Geral,Cadastro Único
Feminino,55, Médio Completo,Morro do Tiro,1,CRAS SÃO PEDRO,CRAS SÃO PEDRO,Público Geral,Cadastro Único
Feminino,53, Médio Completo,São Pedro,1,CRAS SÃO PEDRO,CRAS SÃO PEDRO,Público Geral,Cadastro Único
Masculino,31, Médio Completo,São Pedro,1,CRAS SÃO PEDRO,CRAS SÃO PEDRO,Público Geral,Cadastro Único
Feminino,38, Médio Completo,São Pedro,1,CRAS SÃO PEDRO,CRAS SÃO PEDRO,Público Geral,Cadastro Único
Masculino,62, Fundamental Incompleto,São Pedro,1,CRAS SÃO PEDRO,CRAS SÃO PEDRO,Público Geral,Cadastro Único
Masculino,, Fundamental Incompleto,Morro do Tiro,1,CRAS SÃO PEDRO,CRAS SÃO PEDRO,Público Geral,Cadastro Único
Feminino,34, Médio Completo,Pimentel,1,CRAS SÃO PEDRO,CRAS SÃO PEDRO,Público Geral,Cadastro Único
Feminino,N/D,N/D,N/D,1,CRAS SÃO PEDRO,CRAS SÃO PEDRO,Público Geral,Cadastro Único
Feminino,67, Médio Incompleto,São Pedro,1,CRAS SÃO PEDRO,CRAS SÃO PEDRO,Público Geral,Cadastro Único
Feminino,50, Fundamental Incompleto,São Pedro,1,CRAS SÃO PEDRO,CRAS SÃO PEDRO,Público Geral,Cadastro Único
Feminino,64, Fundamental Completo,Granja Primor,1,CRAS SÃO PEDRO,CRAS SÃO PEDRO,Público Geral,Cadastro Único
Feminino,40, Fundamental Incompleto,São Pedro,1,CRAS SÃO PEDRO,CRAS SÃO PEDRO,Público Geral,Cadastro Único
Masculino,24, Médio Completo,São Pedro,1,CRAS SÃO PEDRO,CRAS SÃO PEDRO,Público Geral,Cadastro Único
Feminino,60, Fundamental Incompleto,São Pedro,1,CRAS SÃO PEDRO,CRAS SÃO PEDRO,Público Geral,Cadastro Único
Masculino,18, Fundamental Completo,São Pedro,1,CRAS SÃO PEDRO,CRAS SÃO PEDRO,Público Geral,Cadastro Único
Masculino,38, Fundamental Incompleto,São Pedro,1,CRAS SÃO PEDRO,CRAS SÃO PEDRO,Público Geral,Cadastro Único
Masculino,38, Médio Completo,São Pedro,1,CRAS SÃO PEDRO,CRAS SÃO PEDRO,Público Geral,Cadastro Único
Feminino,24, Médio Completo,São Pedro,1,CRAS SÃO PEDRO,CRAS SÃO PEDRO,Público Geral,Cadastro Único
Feminino,20, Médio Incompleto,Perpétuo,1,CRAS SÃO PEDRO,CRAS SÃO PEDRO,Público Geral,Cadastro Único
Feminino,42, Fundamental Incompleto,Perpétuo,1,CRAS SÃO PEDRO,CRAS SÃO PEDRO,Público Geral,Cadastro Único
Feminino,60, Fundamental Incompleto,São Pedro,1,CRAS SÃO PEDRO,CRAS SÃO PEDRO,SIBEC,Atendimento Social
Feminino,46, Fundamental Incompleto,São Pedro,1,CRAS SÃO PEDRO,CRAS SÃO PEDRO,SIBEC,Atendimento Social
Feminino,53, Fundamental Incompleto,São Pedro,1,CRAS SÃO PEDRO,CRAS SÃO PEDRO,SIBEC,Atendimento Social
Feminino,55, Médio Incompleto,São Pedro,1,CRAS SÃO PEDRO,CRAS SÃO PEDRO,SICON,Atendimento Social
Feminino,45, Fundamental Completo,São Pedro,1,CRAS SÃO PEDRO,CRAS SÃO PEDRO,SIBEC,Atendimento Social
Feminino,46, Médio Completo,São Pedro,1,CRAS SÃO PEDRO,CRAS SÃO PEDRO,Ficha Social,Atendimento Social
Feminino,63, Fundamental Incompleto,São Pedro,1,CRAS SÃO PEDRO,CRAS SÃO PEDRO,SIBEC,Atendimento Social
Feminino,24, Fundamental Incompleto,São Pedro,1,CRAS SÃO PEDRO,CRAS SÃO PEDRO,Ficha Social,Atendimento Social
Feminino,74, Fundamental Incompleto,Fazendinha,1,CRAS SÃO PEDRO,CRAS SÃO PEDRO,Público Geral,Cadastro Único
Feminino,51, Fundamental Incompleto,Bairro dos Funcionários,1,CRAS SÃO PEDRO,CRAS SÃO PEDRO,Público Geral,Cadastro Único
Feminino,32, Fundamental Incompleto,Morro do Tiro,1,CRAS SÃO PEDRO,CRAS SÃO PEDRO,Público Geral,Cadastro Único
Feminino,71, Fundamental Incompleto,Pimentel,1,CRAS SÃO PEDRO,CRAS SÃO PEDRO,Público Geral,Cadastro Único
Feminino,49,Superior Completo,Pimentel,1,CRAS SÃO PEDRO,CRAS SÃO PEDRO,Público Geral,Cadastro Único
Feminino,61, Fundamental Incompleto,São Pedro,1,CRAS SÃO PEDRO,CRAS SÃO PEDRO,Público Geral,Cadastro Único
Feminino,73, Fundamental Incompleto,Granja Primor,1,CRAS SÃO PEDRO,CRAS SÃO PEDRO,Público Geral,Cadastro Único
Feminino,47, Fundamental Incompleto,São Pedro,1,CRAS SÃO PEDRO,CRAS SÃO PEDRO,Público Geral,Cadastro Único
Feminino,48,Superior Completo,Bairro dos Funcionários,1,CRAS SÃO PEDRO,CRAS SÃO PEDRO,Público Geral,Cadastro Único
Feminino,39, Médio Completo,São Pedro,1,CRAS SÃO PEDRO,CRAS SÃO PEDRO,Público Geral,Cadastro Único
Feminino,31, Médio Completo,Fazendinha,1,CRAS SÃO PEDRO,CRAS SÃO PEDRO,Público Geral,Cadastro Único
Feminino,42,Superior Completo,Perpétuo,1,CRAS SÃO PEDRO,CRAS SÃO PEDRO,Público Geral,Cadastro Único
Feminino,34, Médio Completo,São Pedro,1,CRAS SÃO PEDRO,CRAS SÃO PEDRO,Público Geral,Cadastro Único
Feminino,37, Médio Incompleto,São Pedro,1,CRAS SÃO PEDRO,CRAS SÃO PEDRO,Público Geral,Cadastro Único
Feminino,59, Fundamental Incompleto,Morro do Tiro,1,CRAS SÃO PEDRO,CRAS SÃO PEDRO,Público Geral,Cadastro Único
Feminino,33, Fundamental Incompleto,Pimentel,1,CRAS SÃO PEDRO,CRAS SÃO PEDRO,Público Geral,Cadastro Único
Feminino,46, Médio Completo,Morro do Tiro,1,CRAS SÃO PEDRO,CRAS SÃO PEDRO,Público Geral,Cadastro Único
Feminino,54, Fundamental Incompleto,Pimentel,1,CRAS SÃO PEDRO,CRAS SÃO PEDRO,Público Geral,Cadastro Único
Feminino,67, Fundamental Completo,Granja Florestal,1,CRAS SÃO PEDRO,CRAS SÃO PEDRO,Público Geral,Cadastro Único
Feminino,49, Médio Completo,Granja Florestal,1,CRAS SÃO PEDRO,CRAS SÃO PEDRO,Público Geral,Cadastro Único
Feminino,53, Fundamental Incompleto,Pimentel,1,CRAS SÃO PEDRO,CRAS SÃO PEDRO,Público Geral,Cadastro Único
Feminino,62, Fundamental Incompleto,Bairro dos Funcionários,1,CRAS SÃO PEDRO,CRAS SÃO PEDRO,Público Geral,Cadastro Único
Feminino,48, Médio Completo,São Pedro,1,CRAS SÃO PEDRO,CRAS SÃO PEDRO,Público Geral,Cadastro Único
Feminino,24, Médio Completo,São Pedro,1,CRAS SÃO PEDRO,CRAS SÃO PEDRO,Público Geral,Cadastro Único
Feminino,19, Médio Completo,Perpétuo,1,CRAS SÃO PEDRO,CRAS SÃO PEDRO,Público Geral,Cadastro Único
Feminino,32, Médio Completo,Perpétuo,1,CRAS SÃO PEDRO,CRAS SÃO PEDRO,Público Geral,Cadastro Único
Feminino,20, Médio Completo,São Pedro,1,CRAS SÃO PEDRO,CRAS SÃO PEDRO,Público Geral,Cadastro Único
Feminino,20, Fundamental Incompleto,Perpétuo,1,CRAS SÃO PEDRO,CRAS SÃO PEDRO,Público Geral,Cadastro Único
Feminino,74, Médio Completo,São Pedro,1,CRAS SÃO PEDRO,CRAS SÃO PEDRO,Público Geral,Cadastro Único
Feminino,46, Médio Completo,São Pedro,1,CRAS SÃO PEDRO,CRAS SÃO PEDRO,Público Geral,Cadastro Único
Feminino,59, Fundamental Incompleto,Caleme,1,CRAS SÃO PEDRO,CRAS SÃO PEDRO,Público Geral,Cadastro Único
Feminino,39, Médio Completo,São Pedro,1,CRAS SÃO PEDRO,CRAS SÃO PEDRO,Público Geral,Cadastro Único
Masculino,72, Fundamental Incompleto,Bairro dos Funcionários,1,CRAS SÃO PEDRO,CRAS SÃO PEDRO,Público Geral,Cadastro Único
Feminino,82, Fundamental Incompleto,São Pedro,1,CRAS SÃO PEDRO,CRAS SÃO PEDRO,Público Geral,Cadastro Único
Feminino,76, Fundamental Incompleto,Granja Primor,1,CRAS SÃO PEDRO,CRAS SÃO PEDRO,Público Geral,Cadastro Único
Feminino,67, Fundamental Incompleto,São Pedro,1,CRAS SÃO PEDRO,CRAS SÃO PEDRO,Público Geral,Cadastro Único
Feminino,65, Fundamental Incompleto,São Pedro,1,CRAS SÃO PEDRO,CRAS SÃO PEDRO,Público Geral,Cadastro Único
Masculino,49,Superior Completo,São Pedro,1,CRAS SÃO PEDRO,CRAS SÃO PEDRO,Público Geral,Cadastro Único
Feminino,72, Fundamental Incompleto,São Pedro,1,CRAS SÃO PEDRO,CRAS SÃO PEDRO,Público Geral,Cadastro Único
Feminino,26, Médio Completo,Bairro dos Funcionários,1,CRAS SÃO PEDRO,CRAS SÃO PEDRO,Público Geral,Cadastro Único
Masculino,36, Fundamental Incompleto,São Pedro,1,CRAS SÃO PEDRO,CRAS SÃO PEDRO,Público Geral,Cadastro Único
Feminino,, Fundamental Incompleto,São Pedro,1,CRAS SÃO PEDRO,CRAS SÃO PEDRO,Público Geral,Cadastro Único
Feminino,67, Fundamental Incompleto,Bairro dos Funcionários,1,CRAS SÃO PEDRO,CRAS SÃO PEDRO,Público Geral,Cadastro Único
Feminino,70, Fundamental Incompleto,São Pedro,1,CRAS SÃO PEDRO,CRAS SÃO PEDRO,Público Geral,Cadastro Único
Feminino,39, Médio Completo,São Pedro,1,CRAS SÃO PEDRO,CRAS SÃO PEDRO,Público Geral,Cadastro Único
Feminino,30, Médio Completo,Pimentel,1,CRAS SÃO PEDRO,CRAS SÃO PEDRO,Público Geral,Cadastro Único
Feminino,71, Fundamental Incompleto,Morro do Tiro,1,CRAS SÃO PEDRO,CRAS SÃO PEDRO,Público Geral,Cadastro Único
Feminino,58, Fundamental Incompleto,Pimentel,1,CRAS SÃO PEDRO,CRAS SÃO PEDRO,Público Geral,Cadastro Único
Feminino,42, Fundamental Incompleto,Rosário,1,CRAS SÃO PEDRO,CRAS SÃO PEDRO,Público Geral,Cadastro Único
Feminino,51, Médio Completo,São Pedro,1,CRAS SÃO PEDRO,CRAS SÃO PEDRO,Público Geral,Cadastro Único
Masculino,57,Não Escolarizado,São Pedro,1,CRAS SÃO PEDRO,CRAS SÃO PEDRO,Público Geral,Cadastro Único
Feminino,48,Superior Completo,Perpétuo,1,CRAS SÃO PEDRO,CRAS SÃO PEDRO,Público Geral,Cadastro Único
Masculino,52, Médio Completo,São Pedro,1,CRAS SÃO PEDRO,CRAS SÃO PEDRO,Público Geral,Cadastro Único
Masculino,22, Médio Incompleto,Fazendinha,1,CRAS SÃO PEDRO,CRAS SÃO PEDRO,Público Geral,Cadastro Único
Feminino,31, Médio Completo,São Pedro,1,CRAS SÃO PEDRO,CRAS SÃO PEDRO,Público Geral,Cadastro Único
Feminino,58, Fundamental Incompleto,Granja Primor,1,CRAS SÃO PEDRO,CRAS SÃO PEDRO,Público Geral,Cadastro Único
Feminino,62, Médio Completo,São Pedro,1,CRAS SÃO PEDRO,CRAS SÃO PEDRO,Público Geral,Cadastro Único
Feminino,58, Fundamental Incompleto,Granja Primor,1,CRAS SÃO PEDRO,CRAS SÃO PEDRO,Público Geral,Cadastro Único
Masculino,47, Fundamental Incompleto,São Pedro,1,CRAS SÃO PEDRO,CRAS SÃO PEDRO,Público Geral,Cadastro Único
Feminino,50, Fundamental Incompleto,São Pedro,1,CRAS SÃO PEDRO,CRAS SÃO PEDRO,Público Geral,Cadastro Único
Masculino,51, Fundamental Incompleto,Perpétuo,1,CRAS SÃO PEDRO,CRAS SÃO PEDRO,Público Geral,Cadastro Único
Feminino,68, Fundamental Incompleto,Granja Primor,1,CRAS SÃO PEDRO,CRAS SÃO PEDRO,Público Geral,Cadastro Único
Feminino,25, Médio Completo,São Pedro,1,CRAS SÃO PEDRO,CRAS SÃO PEDRO,Público Geral,Cadastro Único
Feminino,63, Fundamental Incompleto,Morro do Tiro,1,CRAS SÃO PEDRO,CRAS SÃO PEDRO,Público Geral,Cadastro Único
Feminino,31, Médio Completo,Pimentel,1,CRAS SÃO PEDRO,CRAS SÃO PEDRO,Público Geral,Cadastro Único
Masculino,40, Médio Completo,São Pedro,1,CRAS SÃO PEDRO,CRAS SÃO PEDRO,Público Geral,Cadastro Único
Feminino,27, Médio Incompleto,São Pedro,1,CRAS SÃO PEDRO,CRAS SÃO PEDRO,Público Geral,Cadastro Único
Feminino,23, Médio Completo,São Pedro,1,CRAS SÃO PEDRO,CRAS SÃO PEDRO,Público Geral,Cadastro Único
Feminino,50,Superior Completo,São Pedro,1,CRAS SÃO PEDRO,CRAS SÃO PEDRO,Público Geral,Cadastro Único
Feminino,45, Fundamental Incompleto,São Pedro,1,CRAS SÃO PEDRO,CRAS SÃO PEDRO,Público Geral,Cadastro Único
Feminino,47, Médio Completo,São Pedro,1,CRAS SÃO PEDRO,CRAS SÃO PEDRO,Público Geral,Cadastro Único
Masculino,28, Médio Incompleto,Pimentel,1,CRAS SÃO PEDRO,CRAS SÃO PEDRO,Público Geral,Cadastro Único
Masculino,52, Fundamental Incompleto,São Pedro,1,CRAS SÃO PEDRO,CRAS SÃO PEDRO,Público Geral,Cadastro Único
Masculino,64, Fundamental Incompleto,Perpétuo,1,CRAS SÃO PEDRO,CRAS SÃO PEDRO,Público Geral,Cadastro Único
Feminino,59, Médio Incompleto,São Pedro,1,CRAS SÃO PEDRO,CRAS SÃO PEDRO,Público Geral,Cadastro Único
Feminino,64, Fundamental Incompleto,São Pedro,1,CRAS SÃO PEDRO,CRAS SÃO PEDRO,Público Geral,Cadastro Único
Feminino,N/D,N/D,Granja Primor,1,CRAS SÃO PEDRO,CRAS SÃO PEDRO,Público Geral,Cadastro Único
Feminino,49, Fundamental Incompleto,São Pedro,1,CRAS SÃO PEDRO,CRAS SÃO PEDRO,Público Geral,Cadastro Único
Feminino,71, Fundamental Incompleto,Bairro dos Funcionários,1,CRAS SÃO PEDRO,CRAS SÃO PEDRO,Público Geral,Cadastro Único
Masculino,47, Fundamental Incompleto,Pimentel,1,CRAS SÃO PEDRO,CRAS SÃO PEDRO,Público Geral,Cadastro Único
Feminino,33, Médio Completo,São Pedro,1,CRAS SÃO PEDRO,CRAS SÃO PEDRO,Público Geral,Cadastro Único
Feminino,46, Médio Completo,São Pedro,1,CRAS SÃO PEDRO,CRAS SÃO PEDRO,Público Geral,Cadastro Único
Feminino,47, Médio Completo,São Pedro,1,CRAS SÃO PEDRO,CRAS SÃO PEDRO,Público Geral,Cadastro Único
Feminino,46, Fundamental Incompleto,Bairro dos Funcionários,1,CRAS SÃO PEDRO,CRAS SÃO PEDRO,Público Geral,Cadastro Único
Feminino,45, Fundamental Incompleto,Granja Primor,1,CRAS SÃO PEDRO,CRAS SÃO PEDRO,Público Geral,Cadastro Único
Feminino,55, Fundamental Incompleto,São Pedro,1,CRAS SÃO PEDRO,CRAS SÃO PEDRO,Público Geral,Cadastro Único
Feminino,45, Fundamental Incompleto,Granja Primor,1,CRAS SÃO PEDRO,CRAS SÃO PEDRO,Cadastro Único,Orientação
Feminino,48,Superior Completo,Bairro dos Funcionários,1,CRAS SÃO PEDRO,CRAS SÃO PEDRO,Cadastro Único,Atualização Cadastral
Feminino,53, Fundamental Incompleto,Pimentel,1,CRAS SÃO PEDRO,CRAS SÃO PEDRO,Cadastro Único,Atualização Cadastral
Feminino,55, Médio Completo,Pimentel,1,CRAS SÃO PEDRO,CRAS SÃO PEDRO,Cadastro Único,Atualização Cadastral
Feminino,32, Médio Completo,Bairro dos Funcionários,1,CRAS SÃO PEDRO,CRAS SÃO PEDRO,Cadastro Único,Atualização Cadastral
Masculino,28, Médio Completo,São Pedro,1,CRAS SÃO PEDRO,CRAS SÃO PEDRO,Cadastro Único,Novo Cadastro
Feminino,50, Médio Completo,São Pedro,1,CRAS SÃO PEDRO,CRAS SÃO PEDRO,Cadastro Único,Folha Resumo
Feminino,64, Médio Completo,São Pedro,1,CRAS SÃO PEDRO,CRAS SÃO PEDRO,Cadastro Único,Orientação
Feminino,26, Médio Completo,Bairro dos Funcionários,1,CRAS SÃO PEDRO,CRAS SÃO PEDRO,Cadastro Único,Folha Resumo
Feminino,46, Fundamental Incompleto,Morro do Tiro,1,CRAS SÃO PEDRO,CRAS SÃO PEDRO,Público Geral,Folha Resumo
Feminino,61,Superior Completo,Fazendinha,1,CRAS SÃO PEDRO,CRAS SÃO PEDRO,Público Geral,Novo Cadastro
Feminino,29, Fundamental Incompleto,Morro do Tiro,1,CRAS SÃO PEDRO,CRAS SÃO PEDRO,Público Geral,Atualização Cadastral
Feminino,35, Médio Completo,Morro do Tiro,1,CRAS SÃO PEDRO,CRAS SÃO PEDRO,Público Geral,Atualização Cadastral
Feminino,25, Médio Completo,Bairro dos Funcionários,1,CRAS SÃO PEDRO,CRAS SÃO PEDRO,Cadastro Único,Cadastro Novo
Feminino,55,Não Escolarizado,São Pedro,1,CRAS SÃO PEDRO,CRAS SÃO PEDRO,Cadastro Único,Atualização Cadastral
Feminino,47, Fundamental Incompleto,Pimentel,1,CRAS SÃO PEDRO,CRAS SÃO PEDRO,Cadastro Único,Atualização Cadastral
Feminino,38, Fundamental Incompleto,Perpétuo,1,CRAS SÃO PEDRO,CRAS SÃO PEDRO,Cadastro Único,Folha Resumo
Feminino,53, Fundamental Incompleto,Morro do Tiro,1,CRAS SÃO PEDRO,CRAS SÃO PEDRO,Cadastro Único,Folha Resumo
Masculino,64,Não Escolarizado,Perpétuo,1,CRAS SÃO PEDRO,CRAS SÃO PEDRO,Cadastro Único,Orientação
Feminino,59, Fundamental Incompleto,Granja Primor,1,CRAS SÃO PEDRO,CRAS SÃO PEDRO,Cadastro Único,Atualização Cadastral
Feminino,38, Médio Completo,São Pedro,1,CRAS SÃO PEDRO,CRAS SÃO PEDRO,Cadastro Único,Atualização Cadastral
Masculino,22, Médio Completo,São Pedro,1,CRAS SÃO PEDRO,CRAS SÃO PEDRO,Cadastro Único,Atualização Cadastral
Feminino,41, Fundamental Incompleto,Morro do Tiro,1,CRAS SÃO PEDRO,CRAS SÃO PEDRO,Cadastro Único,Folha Resumo
Masculino,59, Fundamental Incompleto,São Pedro,1,CRAS SÃO PEDRO,CRAS SÃO PEDRO,Cadastro Único,Orientação
Feminino,61,Superior Completo,Morro do Tiro,1,CRAS SÃO PEDRO,CRAS SÃO PEDRO,Cadastro Único,Orientação
Masculino,53, Médio Incompleto,Fazendinha,1,CRAS SÃO PEDRO,CRAS SÃO PEDRO,Cadastro Único,Orientação
Masculino,47, Médio Incompleto,Perpétuo,1,CRAS SÃO PEDRO,CRAS SÃO PEDRO,Cadastro Único,Cadastro Novo
Feminino,32, Fundamental Incompleto,Morro do Tiro,1,CRAS SÃO PEDRO,CRAS SÃO PEDRO,Cadastro Único,Atualização Cadastral
Masculino,59, Fundamental Incompleto,Perpétuo,1,CRAS SÃO PEDRO,CRAS SÃO PEDRO,Cadastro Único,Atualização Cadastral
Feminino,27,Superior Completo,Tijuca / Acolhimento,1,CRAS SÃO PEDRO,CRAS SÃO PEDRO,Cadastro Único,Atualização Cadastral
Feminino,45, Fundamental Incompleto,Granja Primor,1,CRAS SÃO PEDRO,CRAS SÃO PEDRO,Cadastro Único,Orientação
Feminino,54, Médio Completo,São Pedro,1,CRAS SÃO PEDRO,CRAS SÃO PEDRO,Cadastro Único,Atualização Cadastral
Masculino,56, Fundamental Incompleto,São Pedro,1,CRAS SÃO PEDRO,CRAS SÃO PEDRO,Cadastro Único,Transferência
Feminino,46, Fundamental Incompleto,Perpétuo,1,CRAS SÃO PEDRO,CRAS SÃO PEDRO,Cadastro Único,Folha Resumo
Feminino,51, Médio Completo,Perpétuo,1,CRAS SÃO PEDRO,CRAS SÃO PEDRO,Cadastro Único,Benefício de Prestação Continuada
Feminino,76, Fundamental Incompleto,Morro do Tiro,1,CRAS SÃO PEDRO,CRAS SÃO PEDRO,Cadastro Único,Orientação
Feminino,54, Fundamental Incompleto,Morro do Tiro,1,CRAS SÃO PEDRO,CRAS SÃO PEDRO,Cadastro Único,Orientação
Feminino,55, Fundamental Incompleto,Perpétuo,1,CRAS SÃO PEDRO,CRAS SÃO PEDRO,Cadastro Único,Orientação
Feminino,21, Médio Completo,São Pedro,1,CRAS SÃO PEDRO,CRAS SÃO PEDRO,Cadastro Único,Orientação
Masculino,73, Fundamental Incompleto,São Pedro,1,CRAS SÃO PEDRO,CRAS SÃO PEDRO,Cadastro Único,Folha Resumo
Feminino,58, Fundamental Incompleto,Granja Primor,1,CRAS SÃO PEDRO,CRAS SÃO PEDRO,Cadastro Único,Folha Resumo
Feminino,45,Superior Completo,Granja Primor,1,CRAS SÃO PEDRO,CRAS SÃO PEDRO,Cadastro Único,Cadastro Novo
Feminino,57, Fundamental Incompleto,São Pedro,1,CRAS SÃO PEDRO,CRAS SÃO PEDRO,Cadastro Único,Orientação
Masculino,29, Médio Incompleto,Pimentel,1,CRAS SÃO PEDRO,CRAS SÃO PEDRO,Cadastro Único,Folha Resumo
Feminino,28, Fundamental Incompleto,Pimentel,1,CRAS SÃO PEDRO,CRAS SÃO PEDRO,Cadastro Único,Transferência
Masculino,46, Médio Completo,Pimentel,1,CRAS SÃO PEDRO,CRAS SÃO PEDRO,Cadastro Único,Folha Resumo
Masculino,66, Fundamental Incompleto,São Pedro,1,CRAS SÃO PEDRO,CRAS SÃO PEDRO,Cadastro Único,Orientação
Feminino,67, Médio Completo,São Pedro,1,CRAS SÃO PEDRO,CRAS SÃO PEDRO,Cadastro Único,Atendimento Aposentado
Feminino,42, Médio Completo,Granja Primor,1,CRAS SÃO PEDRO,CRAS SÃO PEDRO,Cadastro Único,Atualização Cadastral
Feminino,42, Fundamental Incompleto,Pimentel,1,CRAS SÃO PEDRO,CRAS SÃO PEDRO,Cadastro Único,Cadastro Novo
Feminino,56, Médio Completo,São Pedro,1,CRAS SÃO PEDRO,CRAS SÃO PEDRO,Cadastro Único,Cadastro Novo
Feminino,37, Médio Incompleto,São Pedro,1,CRAS SÃO PEDRO,CRAS SÃO PEDRO,Cadastro Único,Atualização Cadastral
Feminino,47, Médio Incompleto,Vale da Revolta (ACOLHIMENTO),1,CRAS SÃO PEDRO,CRAS SÃO PEDRO,Cadastro Único,Orientação
Feminino,29, Médio Incompleto,Perpétuo,1,CRAS SÃO PEDRO,CRAS SÃO PEDRO,Cadastro Único,Atualização Cadastral
Feminino,38, Fundamental Incompleto,São Pedro,1,CRAS SÃO PEDRO,CRAS SÃO PEDRO,Cadastro Único,Cadastro Novo
Feminino,26, Médio Completo,Pimentel,1,CRAS SÃO PEDRO,CRAS SÃO PEDRO,Cadastro Único,Orientação
Feminino,19, Médio Incompleto,Morro do Tiro,1,CRAS SÃO PEDRO,CRAS SÃO PEDRO,Cadastro Único,Orientação
Feminino,53, Fundamental Completo,São Pedro,1,CRAS SÃO PEDRO,CRAS SÃO PEDRO,Cadastro Único,Benefício de Prestação Continuada
Feminino,35, Fundamental Incompleto,Granja Primor,1,CRAS SÃO PEDRO,CRAS SÃO PEDRO,Cadastro Único,Atualização Cadastral
Masculino,35, Fundamental Incompleto,Morro do Tiro,1,CRAS SÃO PEDRO,CRAS SÃO PEDRO,Cadastro Único,Atualização Cadastral
Feminino,41, Médio Incompleto,São Pedro,1,CRAS SÃO PEDRO,CRAS SÃO PEDRO,Cadastro Único,Atualização Cadastral
Feminino,37, Médio Completo,São Pedro,1,CRAS SÃO PEDRO,CRAS SÃO PEDRO,Cadastro Único,Atualização Cadastral
Masculino,38, Fundamental Incompleto,Bairro dos Funcionários,1,CRAS SÃO PEDRO,CRAS SÃO PEDRO,Cadastro Único,Atualização Cadastral
Feminino,24, Médio Incompleto,São Pedro,1,CRAS SÃO PEDRO,CRAS SÃO PEDRO,Cadastro Único,Atualização Cadastral
Feminino,26, Médio Incompleto,Pimentel,1,CRAS SÃO PEDRO,CRAS SÃO PEDRO,Cadastro Único,Atualização Cadastral
Feminino,57, Fundamental Incompleto,São Pedro,1,CRAS SÃO PEDRO,CRAS SÃO PEDRO,Cadastro Único,Atualização Cadastral
Feminino,34, Fundamental Incompleto,São Pedro,1,CRAS SÃO PEDRO,CRAS SÃO PEDRO,Cadastro Único,Atualização Cadastral
Feminino,32, Médio Completo,São Pedro,1,CRAS SÃO PEDRO,CRAS SÃO PEDRO,Cadastro Único,Atualização Cadastral
Feminino,48, Médio Completo,Granja Primor,1,CRAS SÃO PEDRO,CRAS SÃO PEDRO,Cadastro Único,Folha Resumo
Masculino,19, Médio Incompleto,São Pedro,1,CRAS SÃO PEDRO,CRAS SÃO PEDRO,Cadastro Único,Folha Resumo
Feminino,61, Fundamental Incompleto,São Pedro,1,CRAS SÃO PEDRO,CRAS SÃO PEDRO,Cadastro Único,Atualização Cadastral
Masculino,45, Fundamental Incompleto,São Pedro,1,CRAS SÃO PEDRO,CRAS SÃO PEDRO,Cadastro Único,Cadastro Novo
Feminino,19,Superior Completo,Morro do Tiro,1,CRAS SÃO PEDRO,CRAS SÃO PEDRO,Cadastro Único,Cadastro Novo
Feminino,31, Médio Completo,Morro do Tiro,1,CRAS SÃO PEDRO,CRAS SÃO PEDRO,Cadastro Único,Atualização Cadastral
Feminino,47, Fundamental Incompleto,São Pedro,1,CRAS SÃO PEDRO,CRAS SÃO PEDRO,Cadastro Único,Orientação
Feminino,35, Médio Completo,São Pedro,1,CRAS SÃO PEDRO,CRAS SÃO PEDRO,Cadastro Único,Folha Resumo
Masculino,47, Fundamental Incompleto,São Pedro,1,CRAS SÃO PEDRO,CRAS SÃO PEDRO,Cadastro Único,Orientação
Feminino,53, Fundamental Incompleto,Perpétuo,1,CRAS SÃO PEDRO,CRAS SÃO PEDRO,Cadastro Único,Orientação
Masculino,68, Fundamental Incompleto,Perpétuo,1,CRAS SÃO PEDRO,CRAS SÃO PEDRO,Cadastro Único,Orientação
Feminino,44, Médio Incompleto,Pimentel,1,CRAS SÃO PEDRO,CRAS SÃO PEDRO,Cadastro Único,Atualização Cadastral
Feminino,18, Médio Completo,São Pedro,1,CRAS SÃO PEDRO,CRAS SÃO PEDRO,Cadastro Único,Cadastro Novo
Masculino,57, Fundamental Incompleto,Perpétuo,1,CRAS SÃO PEDRO,CRAS SÃO PEDRO,Cadastro Único,Atualização Cadastral
Masculino,60,Não Escolarizado,Granja Primor,1,CRAS SÃO PEDRO,CRAS SÃO PEDRO,Cadastro Único,Orientação
Feminino,49, Fundamental Incompleto,Morro do Tiro,1,CRAS SÃO PEDRO,CRAS SÃO PEDRO,Cadastro Único,Atualização Cadastral
Masculino,40, Fundamental Incompleto,Perpétuo,1,CRAS SÃO PEDRO,CRAS SÃO PEDRO,Cadastro Único,Atualização Cadastral
Feminino,30, Fundamental Incompleto,Pimentel,1,CRAS SÃO PEDRO,CRAS SÃO PEDRO,Cadastro Único,Atualização Cadastral
Feminino,25, Médio Completo,Perpétuo,1,CRAS SÃO PEDRO,CRAS SÃO PEDRO,Cadastro Único,Atualização Cadastral
Feminino,45, Fundamental Incompleto,Pimentel,1,CRAS SÃO PEDRO,CRAS SÃO PEDRO,Cadastro Único,Atualização Cadastral
Feminino,40, Fundamental Incompleto,São Pedro,1,CRAS SÃO PEDRO,CRAS SÃO PEDRO,Cadastro Único,Orientação
Feminino,59, Médio Completo,Perpétuo,1,CRAS SÃO PEDRO,CRAS SÃO PEDRO,Cadastro Único,Atualização Cadastral
Feminino,68, Fundamental Incompleto,São Pedro,1,CRAS SÃO PEDRO,CRAS SÃO PEDRO,Cadastro Único,Orientação
Masculino,,Não Escolarizado,Perpétuo,1,CRAS SÃO PEDRO,CRAS SÃO PEDRO,Cadastro Único,Benefício de Prestação Continuada
Masculino,39, Fundamental Incompleto,Morro do Tiro,1,CRAS SÃO PEDRO,CRAS SÃO PEDRO,Cadastro Único,Folha Resumo
Feminino,70, Médio Completo,Perpétuo,1,CRAS SÃO PEDRO,CRAS SÃO PEDRO,Cadastro Único,Entrega Cartão Inter-Estadual
