Sexo,Idade,Escolaridade,Bairro de Origem,Distrito,Referência,Local de Atendimento,Programa Vinculado,Tipo de Atendimento
Feminino,56,Médio Completo,Várzea,1,CRAS Alto,CRAS Alto,Público Geral,Assistente Social
Feminino,23,Fundamental Incompleto,Albuquerque,1,CRAS Alto,CRAS Alto,Público Geral,Assistente social
Feminino,19,Médio Completo,Agriões,1,CRAS Alto,CRAS Alto,Público Geral,Assistente social
Masculino,32,Médio Completo,Morro dos Pinheiros,1,CRAS Alto,CRAS Alto,Público Geral,Assistente social
Masculino,38,Fundamental Incompleto,Cascata Guarani,1,CRAS Alto,CRAS Alto,Público Geral,Assistente Social
Feminino,20,Médio Completo,Parque São Luiz,1,CRAS Alto,CRAS Alto,Público Geral,Assistente social
Feminino,51,Fundamental Completo,Ermitage,1,CRAS Alto,CRAS Alto,Público Geral,Assistente social
Feminino,51,Médio Completo,Granja Guarani,1,CRAS Alto,CRAS Alto,Público Geral,Assistente social
Feminino,65,Fundamental Incompleto,Cascata Guarani,1,CRAS Alto,CRAS Alto,Público Geral,Assistente Social
Masculino,51,Médio Incompleto,Agriões,1,CRAS Alto,CRAS Alto,Público Geral,Assistente social
Feminino,26,Superior Incompleto,Alto,1,CRAS Alto,CRAS Alto,Público Geral,Assistente social
Masculino,35,Médio Completo,Fazendinha,1,CRAS Alto,CRAS Alto,Público Geral,Assistente social
Feminino,34,Médio Completo,Várzea,1,CRAS Alto,CRAS Alto,Público Geral,Assistente Social
Feminino,36,Médio Completo,Tijuca,1,CRAS Alto,CRAS Alto,Público Geral,Assistente social
Feminino,46,Médio Completo,Tijuca,1,CRAS Alto,CRAS Alto,Público Geral,Assistente social
Feminino,36,Médio Completo,Albuquerque,1,CRAS Alto,CRAS Alto,Público Geral,Assistente social
Masculino,71,Médio Completo,Várzea,1,CRAS Alto,CRAS Alto,Público Geral,Assistente Social
Masculino,45,Médio Completo,Alto,1,CRAS Alto,CRAS Alto,Público Geral,Assistente social
Feminino,18,Médio Completo,Granja Guarani,1,CRAS Alto,CRAS Alto,Público Geral,Assistente social
Feminino,62,Superior Completo,alto,1,CRAS Alto,CRAS Alto,Público Geral,Assistente social
Feminino,35,Superior Completo,Jardim Serrano,1,CRAS Alto,CRAS Alto,PAIF,Assistente Social
Feminino,65,Médio Completo,Agriões,1,CRAS Alto,CRAS Alto,Público Geral,Assistente social
Feminino,25,Fundamental Incompleto,Agriões,1,CRAS Alto,CRAS Alto,Público Geral,Assistente social
Feminino,24,Médio Completo,Granja Guarani,1,CRAS Alto,CRAS Alto,Público Geral,Assistente social
Feminino,35,Médio Incompleto,Albuquerque,1,CRAS Alto,CRAS Alto,Público Geral,Assistente Social
Masculino,75,Superior Completo,Rio de Janeiro,n/a,CRAS Alto,CRAS Alto,Público Geral,Assistente social
Feminino,26,Médio Incompleto,Canoas,3,CRAS Alto,CRAS Alto,Público Geral,Assistente social
Feminino,56,Médio Completo,Tijuca,1,CRAS Alto,CRAS Alto,Público Geral,Psicólogo
Feminino,13,Fundamental Incompleto,Tijuca,1,CRAS Alto,CRAS Alto,Público Geral,Psicólogo
Feminino,20,Médio Completo,Corta Vento,1,CRAS Alto,CRAS Alto,Público Geral,Assistente social
Feminino,45,Médio Completo,Várzea,1,CRAS Alto,CRAS Alto,Público Geral,Assistente social
Masculino,43,Médio Completo,Alto,1,CRAS Alto,CRAS Alto,Público Geral,Assistente Social
Feminino,63,Fundamental Incompleto,Agriões,1,CRAS Alto,CRAS Alto,Público Geral,Assistente social
Feminino,25,Médio Completo,Cascata Guarani,1,CRAS Alto,CRAS Alto,Público Geral,Assistente social
Feminino,59,Fundamental Incompleto,Cascata Guarani,1,CRAS Alto,CRAS Alto,Público Geral,Assistente social
Masculino,30,Superior Completo,Alto,1,CRAS Alto,CRAS Alto,Público Geral,Assistente Social
Feminino,65,Superior Completo,Várzea,1,CRAS Alto,CRAS Alto,Público Geral,Assistente social
Feminino,19,Médio Completo,Granja Guarani,1,CRAS Alto,CRAS Alto,Público Geral,Assistente social
Feminino,44,Médio Incompleto,Cascata Guarani,1,CRAS Alto,CRAS Alto,Público Geral,Assistente social
Feminino,37,Médio Completo,Granja Guarani,1,CRAS Alto,CRAS Alto,Público Geral,Assistente Social
Masculino,43,Médio Completo,Alto,1,CRAS Alto,CRAS Alto,Público Geral,Assistente social
Feminino,51,Fundamental Completo,Alto,1,CRAS Alto,CRAS Alto,Público Geral,Assistente social
Feminino,35,Fundamental Completo,Parque São Luiz,1,CRAS Alto,CRAS Alto,Público Geral,Assistente social
Feminino,35,Médio Completo,Corta Vento,1,CRAS Alto,CRAS Alto,Público Geral,Assistente social
Feminino,43,Superior Completo,Várzea,1,CRAS Alto,CRAS Alto,Público Geral,Assistente Social
Feminino,63,Não Escolarizado,Albuquerque,1,CRAS Alto,CRAS Alto,Público Geral,Assistente social
Feminino,37,Médio Incompleto,Jardim Serrano,1,CRAS Alto,CRAS Alto,Público Geral,Assistente social
Feminino,23,Médio Completo,Cascata Guarani,1,CRAS Alto,CRAS Alto,Público Geral,Assistente social
Feminino,18,Médio Completo,Ermitage,1,CRAS Alto,CRAS Alto,Público Geral,Assistente Social
Feminino,21,Médio Completo,Cascata Guarani,1,CRAS Alto,CRAS Alto,PAIF,Assistente social
Feminino,94,Fundamental Incompleto,Vale Paraíso,1,CRAS Alto,CRAS Alto,Público Geral,Assistente social
Masculino,59,Médio Incompleto,Várzea,1,CRAS Alto,CRAS Alto,Público Geral,Assistente social
Masculino,54,Médio Completo,Fonte Santa,1,CRAS Alto,CRAS Alto,Público Geral,Assistente Social
Feminino,41,Médio Completo,Bairro dos Artistas,1,CRAS Alto,CRAS Alto,Público Geral,Assistente social
Feminino,20,Médio Incompleto,Tijuca,1,CRAS Alto,CRAS Alto,Público Geral,Assistente social
Feminino,34,Superior Incompleto,Jardim Serrano,1,CRAS Alto,CRAS Alto,Público Geral,Assistente social
Masculino,61,Fundamental Incompleto,Alto,1,CRAS Alto,CRAS Alto,Público Geral,Assistente social
Masculino,44,Médio Completo,Vale Paraíso,1,CRAS Alto,CRAS Alto,Público Geral,Assistente social
Feminino,29,Superior Incompleto,Várzea,1,CRAS Alto,CRAS Alto,Público Geral,Assistente social
Feminino,45,Fundamental Completo,Corta Vento,1,CRAS Alto,CRAS Alto,Público Geral,Assistente social
Feminino,40,Superior Completo,Agriões,1,CRAS Alto,CRAS Alto,Público Geral,Assistente social
Masculino,64,Fundamental Incompleto,Parque São Luiz,1,CRAS Alto,CRAS Alto,Público Geral,Assistente social
Feminino,43,Médio Completo,Soberbo,1,CRAS Alto,CRAS Alto,Público Geral,Assistente social
Feminino,52,Fundamental Incompleto,Agriões,1,CRAS Alto,CRAS Alto,Público Geral,Assistente social
Feminino,59,Superior Completo,Várzea,1,CRAS Alto,CRAS Alto,Público Geral,Assistente social
Feminino,35,Fundamental Completo,Alto,1,CRAS Alto,CRAS Alto,Público Geral,Assistente social
Feminino,43,Médio Completo,Vale Paraíso,1,CRAS Alto,CRAS Alto,Público Geral,Assistente social
Feminino,53,Fundamental Incompleto,Morro dos Pinheiros,1,CRAS Alto,CRAS Alto,Público Geral,Assistente social
Feminino,44,Médio Completo,Morro dos Pinheiros,1,CRAS Alto,CRAS Alto,Público Geral,Assistente social
Feminino,19,Médio Completo,Cascata Guarani,1,CRAS Alto,CRAS Alto,Público Geral,Assistente social
Feminino,40,Médio Incompleto,Albuquerque,1,CRAS Alto,CRAS Alto,Público Geral,Assistente social
Feminino,44,Médio Completo,Morro dos Pinheiros,1,CRAS Alto,CRAS Alto,Público Geral,Assistente social
Feminino,20,Médio Completo,Vale Paraíso,1,CRAS Alto,CRAS Alto,Público Geral,Assistente social
Feminino,29,Fundamental Incompleto,Agriões,1,CRAS Alto,CRAS Alto,Público Geral,Assistente social
Feminino,17,Médio Completo,Morro dos Pinheiros,1,CRAS Alto,CRAS Alto,Público Geral,Assistente social
Feminino,29,Médio Completo,Tijuca,1,CRAS Alto,CRAS Alto,Público Geral,Assistente social
Feminino,61,Fundamental Incompleto,Granja Guarani,1,CRAS Alto,CRAS Alto,Público Geral,Assistente social
Feminino,21,Médio Incompleto,Granja Guarani,1,CRAS Alto,CRAS Alto,Público Geral,Assistente social
Feminino,19,Médio Completo,Morro dos Pinheiros,1,CRAS Alto,CRAS Alto,Público Geral,Assistente social
Masculino,61,Superior Completo,Canoas,3,CRAS Alto,CRAS Alto,Público Geral,Assistente social
Feminino,23,Médio Incompleto,Morro dos Pinheiros,1,CRAS Alto,CRAS Alto,Público Geral,Assistente social
Feminino,20,Médio Completo,Alto,1,CRAS Alto,CRAS Alto,Público Geral,Assistente social
Feminino,50,Médio Completo,Fazendinha,1,CRAS Alto,CRAS Alto,Público Geral,Assistente social
Masculino,51,Fundamental Incompleto,Morro dos Pinheiros,1,CRAS Alto,CRAS Alto,Público Geral,Assistente social
Feminino,62,Fundamental Incompleto,Canoas,3,CRAS Alto,CRAS Alto,Público Geral,Assistente social
Feminino,58,Fundamental Incompleto,Morro dos Pinheiros,1,CRAS Alto,CRAS Alto,Público Geral,Assistente social
Feminino,60,Fundamental Incompleto,Morro dos Pinheiros,1,CRAS Alto,CRAS Alto,Público Geral,Assistente social
Feminino,52,Superior Completo,Corta Vento,1,CRAS Alto,CRAS Alto,Público Geral,Assistente social
Feminino,36,Médio Completo,Granja Guarani,1,CRAS Alto,CRAS Alto,Público Geral,Assistente social
Feminino,52,Médio Completo,Granja Guarani,1,CRAS Alto,CRAS Alto,Público Geral,Assistente social
Feminino,35,Superior Completo,Cascata Guarani,1,CRAS Alto,CRAS Alto,Público Geral,Assistente social
Feminino,30,Médio Completo,Cascata Guarani,1,CRAS Alto,CRAS Alto,Público Geral,Assistente social
Feminino,32,Fundamental Incompleto,Alto,1,CRAS Alto,CRAS Alto,Público Geral,Assistente social
Feminino,18,Médio Completo,Alto,1,CRAS Alto,CRAS Alto,Público Geral,Assistente social
Feminino,30,Médio Completo,Cascata Guarani,1,CRAS Alto,CRAS Alto,Público Geral,Assistente social
Feminino,21,Médio Completo,Jardim Féo,1,CRAS Alto,CRAS Alto,Público Geral,Assistente social
Feminino,50,Fundamental Incompleto,Granja Guarani,1,CRAS Alto,CRAS Alto,PAIF,Assistente social
Feminino,34,Fundamental Incompleto,Cascata Guarani,1,CRAS Alto,CRAS Alto,Público Geral,Assistente social
Feminino,67,Médio Completo,Albuquerque,1,CRAS Alto,CRAS Alto,Público Geral,Assistente social
Feminino,27,Médio Completo,Cascata Guarani,1,CRAS Alto,CRAS Alto,Público Geral,Assistente social
Feminino,49,Fundamental Incompleto,Albuquerque,1,CRAS Alto,CRAS Alto,Público Geral,Assistente social
Feminino,66,Fundamental Incompleto,Bairro dos Artistas,1,CRAS Alto,CRAS Alto,Público Geral,Assistente social
Feminino,29,Médio Completo,Soberbo,1,CRAS Alto,CRAS Alto,Público Geral,Assistente social
Feminino,21,Médio Completo,Granja Guarani,1,CRAS Alto,CRAS Alto,Público Geral,Assistente social
Feminino,65,Superior Completo,Vale Paraíso,1,CRAS Alto,CRAS Alto,Público Geral,Assistente social
Masculino,44,Médio Completo,Vale Paraíso,1,CRAS Alto,CRAS Alto,Público Geral,Assistente social
Masculino,42,Médio Completo,Fazendinha,1,CRAS Alto,CRAS Alto,Público Geral,Assistente social
Feminino,30,Médio Completo,Morro dos Pinheiros,1,CRAS Alto,CRAS Alto,Público Geral,Assistente social
Feminino,22,Médio Completo,Vale Paraíso,1,CRAS Alto,CRAS Alto,Público Geral,Assistente social
Feminino,40,Superior Completo,Ermitage,1,CRAS Alto,CRAS Alto,Público Geral,Assistente social
Feminino,45,Fundamental Completo,Várzea,1,CRAS Alto,CRAS Alto,Público Geral,Assistente social
Feminino,18,Fundamental Incompleto,Providência,2,CRAS Alto,CRAS Alto,Público Geral,Assistente social
Masculino,36,Médio Completo,Agriões,1,CRAS Alto,CRAS Alto,Público Geral,Assistente social
Masculino,50,Médio Completo,Cascata Guarani,1,CRAS Alto,CRAS Alto,Público Geral,Assistente social
Feminino,38,Médio Completo,Morro dos Pinheiros,1,CRAS Alto,CRAS Alto,Público Geral,Assistente social
Feminino,62,Não Escolarizado,Albuquerque,1,CRAS Alto,CRAS Alto,Público Geral,Assistente social
Masculino,49,Fundamental Incompleto,Agriões,1,CRAS Alto,CRAS Alto,Público Geral,Assistente social
Feminino,32,Médio Completo,Morro dos Pinheiros,1,CRAS Alto,CRAS Alto,Público Geral,Assistente social
Feminino,21,Médio Completo,Panorama,1,CRAS Alto,CRAS Alto,Público Geral,Assistente social
Feminino,35,Médio Completo,Panorama,1,CRAS Alto,CRAS Alto,Público Geral,Assistente social
Feminino,21,Médio Completo,Granja Guarani,1,CRAS Alto,CRAS Alto,Público Geral,Assistente social
Feminino,40,Fundamental Incompleto,Morro dos Pinheiros,1,CRAS Alto,CRAS Alto,Público Geral,Assistente social
Feminino,54,Superior Completo,Granja Guarani,1,CRAS Alto,CRAS Alto,PAIF,Assistente social
Feminino,31,Médio Completo,Várzea,1,CRAS Alto,CRAS Alto,Público Geral,Assistente social
Feminino,60,Fundamental Incompleto,Granja Guarani,1,CRAS Alto,CRAS Alto,Público Geral,Assistente social
Feminino,24,Superior Incompleto,Cascata Guarani,1,CRAS Alto,CRAS Alto,Público Geral,Assistente social
Feminino,19,Médio Completo,Parque São Luiz,1,CRAS Alto,CRAS Alto,Público Geral,Assistente social
Feminino,22,Médio Completo,Morro dos Pinheiros,1,CRAS Alto,CRAS Alto,Público Geral,Assistente social
Feminino,46,Médio Completo,Tijuca,1,CRAS Alto,CRAS Alto,Público Geral,Cadastro Único
Masculino,41,Médio Incompleto,Tijuca,1,CRAS Alto,CRAS Alto,Público Geral,Cadastro Único
Feminino,65,Médio Completo,Taumaturgo,1,CRAS Alto,CRAS Alto,Público Geral,Cadastro Único
Feminino,59,Superior Completo,Várzea,1,CRAS Alto,CRAS Alto,Público Geral,Cadastro Único
Masculino,83,Médio Completo,Tijuca,1,CRAS Alto,CRAS Alto,Público Geral,Cadastro Único
Feminino,23,Fundamental Incompleto,Albuquerque,1,CRAS Alto,CRAS Alto,Público Geral,Cadastro Único
Feminino,66,Fundamental Incompleto,Ermitage,1,CRAS Alto,CRAS Alto,Público Geral,Cadastro Único
Feminino,75,Fundamental Incompleto,Várzea,1,CRAS Alto,CRAS Alto,Público Geral,Cadastro Único
Feminino,78,Fundamental Incompleto,Alto,1,CRAS Alto,CRAS Alto,Público Geral,Cadastro Único
Feminino,48,Fundamental Incompleto,Granja Guarani,1,CRAS Alto,CRAS Alto,Público Geral,Cadastro Único
Feminino,75,Médio Completo,Parque São Luiz,1,CRAS Alto,CRAS Alto,Público Geral,Cadastro Único
Feminino,71,Fundamental Incompleto,Tijuca,1,CRAS Alto,CRAS Alto,Público Geral,Cadastro Único
Feminino,65,Superior Completo,Alto,1,CRAS Alto,CRAS Alto,Público Geral,Cadastro Único
Feminino,34,Superior Completo,Ermitage,1,CRAS Alto,CRAS Alto,Público Geral,Cadastro Único
Feminino,64,Fundamental Incompleto,Canoas,3,CRAS Alto,CRAS Alto,Público Geral,Cadastro Único
Feminino,64,Fundamental Incompleto,Canoas,3,CRAS Alto,CRAS Alto,Público Geral,Cadastro Único
Feminino,47,Fundamental Incompleto,Fazendinha,1,CRAS Alto,CRAS Alto,Público Geral,Cadastro Único
Feminino,68,Fundamental Incompleto,Alto,1,CRAS Alto,CRAS Alto,Público Geral,Cadastro Único
Masculino,61,Fundamental Incompleto,Agriões,1,CRAS Alto,CRAS Alto,Público Geral,Cadastro Único
Masculino,43,Fundamental Incompleto,Canoas,3,CRAS Alto,CRAS Alto,Público Geral,Cadastro Único
Feminino,43,Médio Completo,Várzea,1,CRAS Alto,CRAS Alto,Público Geral,Cadastro Único
Feminino,39,Médio Completo,Várzea,1,CRAS Alto,CRAS Alto,Público Geral,Cadastro Único
Feminino,71,Fundamental Completo,Várzea,1,CRAS Alto,CRAS Alto,Público Geral,Cadastro Único
Feminino,62,Médio Completo,Vale Paraíso,1,CRAS Alto,CRAS Alto,Público Geral,Cadastro Único
Feminino,49,Fundamental Incompleto,Cascata Guarani,1,CRAS Alto,CRAS Alto,Público Geral,Cadastro Único
Feminino,65,Fundamental Completo,Morro dos Pinheiros,1,CRAS Alto,CRAS Alto,Público Geral,Cadastro Único
Feminino,53,Fundamental Incompleto,Corta Vento,1,CRAS Alto,CRAS Alto,Público Geral,Cadastro Único
Feminino,66,Fundamental Incompleto,Tijuca,1,CRAS Alto,CRAS Alto,Público Geral,Cadastro Único
Feminino,60,Fundamental Incompleto,Tijuca,1,CRAS Alto,CRAS Alto,Público Geral,Cadastro Único
Masculino,61,Médio Incompleto,Jardim Serrano,1,CRAS Alto,CRAS Alto,Público Geral,Cadastro Único
Feminino,40,Superior Completo,Agriões,1,CRAS Alto,CRAS Alto,Público Geral,Cadastro Único
Feminino,60,Médio Completo,Bairro dos Artistas,1,CRAS Alto,CRAS Alto,Público Geral,Cadastro Único
Feminino,76,Fundamental Incompleto,Granja Guarani,1,CRAS Alto,CRAS Alto,Público Geral,Cadastro Único
Masculino,52,Fundamental Completo,Cascata Guarani,1,CRAS Alto,CRAS Alto,Público Geral,Cadastro Único
Masculino,37,Médio Completo,Fazendinha,1,CRAS Alto,CRAS Alto,Público Geral,Cadastro Único
Masculino,34,Fundamental Incompleto,Jardim Serrano,1,CRAS Alto,CRAS Alto,Público Geral,Cadastro Único
Feminino,34,Fundamental Incompleto,Fazendinha,1,CRAS Alto,CRAS Alto,Público Geral,Cadastro Único
Masculino,58,Fundamental Incompleto,Alto,1,CRAS Alto,CRAS Alto,Público Geral,Cadastro Único
Masculino,65,Superior Incompleto,Pedreira,1,CRAS Alto,CRAS Alto,Público Geral,Cadastro Único
Feminino,45,Médio Incompleto,Corta Vento,1,CRAS Alto,CRAS Alto,Público Geral,Cadastro Único
Masculino,82,Fundamental Incompleto,Ermitage,1,CRAS Alto,CRAS Alto,Público Geral,Cadastro Único
Feminino,59,Não Escolarizado,Cascata Guarani,1,CRAS Alto,CRAS Alto,Público Geral,Cadastro Único
Masculino,51,Médio Incompleto,Agriões,1,CRAS Alto,CRAS Alto,Público Geral,Cadastro Único
Feminino,61,Fundamental Incompleto,Alto,1,CRAS Alto,CRAS Alto,Público Geral,Cadastro Único
Masculino,75,Fundamental Incompleto,Morro dos Pinheiros,1,CRAS Alto,CRAS Alto,Público Geral,Cadastro Único
Masculino,57,Fundamental Completo,Granja Guarani,1,CRAS Alto,CRAS Alto,Público Geral,Cadastro Único
Feminino,42,Superior Completo,Morro dos Pinheiros,1,CRAS Alto,CRAS Alto,Público Geral,Cadastro Único
Feminino,63,Fundamental Incompleto,Agriões,1,CRAS Alto,CRAS Alto,Público Geral,Cadastro Único
Masculino,47,Médio Completo,Agriões,1,CRAS Alto,CRAS Alto,Público Geral,Cadastro Único
Feminino,61,Médio Completo,Alto,1,CRAS Alto,CRAS Alto,Público Geral,Cadastro Único
Feminino,70,Fundamental Completo,Várzea,1,CRAS Alto,CRAS Alto,Público Geral,Cadastro Único
Masculino,65,Fundamental Incompleto,Várzea,1,CRAS Alto,CRAS Alto,Público Geral,Cadastro Único
Feminino,59,Médio Incompleto,Granja Guarani,1,CRAS Alto,CRAS Alto,Público Geral,Cadastro Único
Feminino,26,Médio Incompleto,Alto,1,CRAS Alto,CRAS Alto,Público Geral,Cadastro Único
Feminino,36,Médio Completo,Granja Guarani,1,CRAS Alto,CRAS Alto,Público Geral,Cadastro Único
Masculino,46,Fundamental Incompleto,Granja Guarani,1,CRAS Alto,CRAS Alto,Público Geral,Cadastro Único
Masculino,65,Médio Completo,Ermitage,1,CRAS Alto,CRAS Alto,Público Geral,Cadastro Único
Feminino,76,Fundamental Incompleto,Várzea,1,CRAS Alto,CRAS Alto,Público Geral,Cadastro Único
Feminino,42,Médio Completo,Ermitage,1,CRAS Alto,CRAS Alto,Público Geral,Cadastro Único
Feminino,51,Fundamental Incompleto,Soberbo,1,CRAS Alto,CRAS Alto,Público Geral,Cadastro Único
Masculino,54,Fundamental Incompleto,Cascata Guarani,1,CRAS Alto,CRAS Alto,Público Geral,Cadastro Único
Feminino,48,Fundamental Incompleto,Cascata Guarani,1,CRAS Alto,CRAS Alto,Público Geral,Cadastro Único
Feminino,35,Médio Completo,Morro dos Pinheiros,1,CRAS Alto,CRAS Alto,Público Geral,Cadastro Único
Feminino,73,Superior Completo,Várzea,1,CRAS Alto,CRAS Alto,Público Geral,Cadastro Único
Masculino,58,Fundamental Incompleto,Ermitage,1,CRAS Alto,CRAS Alto,Público Geral,Cadastro Único
Masculino,49,Superior Completo,Granja Guarani,1,CRAS Alto,CRAS Alto,Público Geral,Cadastro Único
Masculino,49,Superior Completo,Granja Guarani,1,CRAS Alto,CRAS Alto,Público Geral,Cadastro Único
Feminino,27,Superior Completo,Morro dos Pinheiros,1,CRAS Alto,CRAS Alto,Público Geral,Cadastro Único
Masculino,69,Médio Completo,Jardim Europa,1,CRAS Alto,CRAS Alto,Público Geral,Cadastro Único
Feminino,36,Médio Incompleto,Cascata Guarani,1,CRAS Alto,CRAS Alto,Público Geral,Cadastro Único
Feminino,55,Fundamental Incompleto,Alto,1,CRAS Alto,CRAS Alto,Público Geral,Cadastro Único
Masculino,70,Médio Completo,Bairro dos Artistas,1,CRAS Alto,CRAS Alto,Público Geral,Cadastro Único
Feminino,69,Fundamental Incompleto,Várzea,1,CRAS Alto,CRAS Alto,Público Geral,Cadastro Único
Feminino,75,Não Escolarizado,Parque São Luiz,1,CRAS Alto,CRAS Alto,Público Geral,Cadastro Único
Masculino,59,Fundamental Incompleto,Alto,1,CRAS Alto,CRAS Alto,Público Geral,Cadastro Único
Feminino,72,Médio Completo,Pedreira,1,CRAS Alto,CRAS Alto,Público Geral,Cadastro Único
Feminino,33,Superior Completo,Alto,1,CRAS Alto,CRAS Alto,Público Geral,Cadastro Único
Feminino,40,Médio Completo,Tijuca,1,CRAS Alto,CRAS Alto,Público Geral,Cadastro Único
Feminino,33,Fundamental Incompleto,Morro dos Pinheiros,1,CRAS Alto,CRAS Alto,Público Geral,Cadastro Único
Feminino,32,Médio Completo,Jardim Europa,1,CRAS Alto,CRAS Alto,Público Geral,Cadastro Único
Feminino,71,Superior Completo,Vale Paraíso,1,CRAS Alto,CRAS Alto,Público Geral,Cadastro Único
Feminino,24,Médio Completo,Albuquerque,1,CRAS Alto,CRAS Alto,Público Geral,Cadastro Único
Feminino,60,Fundamental Incompleto,Albuquerque,1,CRAS Alto,CRAS Alto,Público Geral,Cadastro Único
Feminino,31,Médio Completo,Morro dos Pinheiros,1,CRAS Alto,CRAS Alto,Público Geral,Cadastro Único
Feminino,81,Fundamental Incompleto,Fazendinha,1,CRAS Alto,CRAS Alto,Público Geral,Cadastro Único
Feminino,39,Médio Incompleto,Granja Guarani,1,CRAS Alto,CRAS Alto,Público Geral,Cadastro Único
Masculino,56,Fundamental Completo,Alto,1,CRAS Alto,CRAS Alto,Público Geral,Cadastro Único
Feminino,48,Fundamental Incompleto,Ermitage,1,CRAS Alto,CRAS Alto,Público Geral,Cadastro Único
Feminino,46,Fundamental Completo,Tijuca,1,CRAS Alto,CRAS Alto,Público Geral,Cadastro Único
Feminino,27,Médio Completo,Cascata Guarani,1,CRAS Alto,CRAS Alto,Público Geral,Cadastro Único
Feminino,52,Superior Incompleto,Bairro dos Artistas,1,CRAS Alto,CRAS Alto,Público Geral,Cadastro Único
Feminino,43,Fundamental Incompleto,Cascata Guarani,1,CRAS Alto,CRAS Alto,Público Geral,Cadastro Único
Feminino,67,Fundamental Incompleto,Pedreira,1,CRAS Alto,CRAS Alto,Público Geral,Cadastro Único
Masculino,39,Médio Completo,Vale Paraíso,1,CRAS Alto,CRAS Alto,Público Geral,Cadastro Único
Feminino,69,Fundamental Incompleto,Cascata Guarani,1,CRAS Alto,CRAS Alto,Público Geral,Cadastro Único
Feminino,34,Médio Completo,Várzea,1,CRAS Alto,CRAS Alto,Público Geral,Cadastro Único
Feminino,64,Superior Completo,Várzea,1,CRAS Alto,CRAS Alto,Público Geral,Cadastro Único
Feminino,65,Médio Completo,Várzea,1,CRAS Alto,CRAS Alto,Público Geral,Cadastro Único
Feminino,43,Médio Completo,Tijuca,1,CRAS Alto,CRAS Alto,Público Geral,Cadastro Único
Feminino,36,Médio Completo,Albuquerque,1,CRAS Alto,CRAS Alto,Público Geral,Cadastro Único
Feminino,42,Superior Completo,Morro dos Pinheiros,1,CRAS Alto,CRAS Alto,Público Geral,Cadastro Único
Feminino,77,Fundamental Completo,Alto,1,CRAS Alto,CRAS Alto,Público Geral,Cadastro Único
Feminino,50,Fundamental Incompleto,Iucas,1,CRAS Alto,CRAS Alto,Público Geral,Cadastro Único
Feminino,62,Fundamental Incompleto,Alto,1,CRAS Alto,CRAS Alto,Público Geral,Cadastro Único
Feminino,46,Médio Completo,Tijuca,1,CRAS Alto,CRAS Alto,Público Geral,Cadastro Único
Feminino,69,Fundamental Incompleto,Várzea,1,CRAS Alto,CRAS Alto,Público Geral,Cadastro Único
Feminino,37,Médio Completo,Cascata Guarani,1,CRAS Alto,CRAS Alto,Público Geral,Cadastro Único
Feminino,39,Médio Completo,Cascata Guarani,1,CRAS Alto,CRAS Alto,Público Geral,Cadastro Único
Masculino,44,Fundamental Incompleto,Cascata Guarani,1,CRAS Alto,CRAS Alto,Público Geral,Cadastro Único
Masculino,71,Médio Completo,Várzea,1,CRAS Alto,CRAS Alto,Público Geral,Cadastro Único
Feminino,71,Médio Completo,Várzea,1,CRAS Alto,CRAS Alto,Público Geral,Cadastro Único
Feminino,61,Fundamental Incompleto,Bairro dos Artistas,1,CRAS Alto,CRAS Alto,Público Geral,Cadastro Único
Feminino,67,Fundamental Incompleto,Granja Guarani,1,CRAS Alto,CRAS Alto,Público Geral,Cadastro Único
Feminino,35,Fundamental Incompleto,Alto,1,CRAS Alto,CRAS Alto,Público Geral,Cadastro Único
Feminino,27,Médio Completo,Bairro dos Artistas,1,CRAS Alto,CRAS Alto,Público Geral,Cadastro Único
Feminino,65,Médio Completo,Agriões,1,CRAS Alto,CRAS Alto,Público Geral,Cadastro Único
Feminino,29,Fundamental Incompleto,Agriões,1,CRAS Alto,CRAS Alto,Público Geral,Cadastro Único
Feminino,51,Fundamental Completo,Fazendinha,1,CRAS Alto,CRAS Alto,Público Geral,Cadastro Único
Feminino,54,Médio Completo,Bairro dos Artistas,1,CRAS Alto,CRAS Alto,Público Geral,Cadastro Único
Feminino,35,Médio Incompleto,Albuquerque,1,CRAS Alto,CRAS Alto,Público Geral,Cadastro Único
Masculino,51,Médio Completo,Várzea,1,CRAS Alto,CRAS Alto,Público Geral,Cadastro Único
Feminino,69,Fundamental Incompleto,Cascata Guarani,1,CRAS Alto,CRAS Alto,Público Geral,Cadastro Único
Feminino,42,Médio Completo,Albuquerque,1,CRAS Alto,CRAS Alto,Público Geral,Cadastro Único
Feminino,72,Fundamental Incompleto,Vale Paraíso,1,CRAS Alto,CRAS Alto,Público Geral,Cadastro Único
Masculino,63,Fundamental Incompleto,Vale Paraíso,1,CRAS Alto,CRAS Alto,Público Geral,Cadastro Único
Masculino,68,Médio Incompleto,Alto,1,CRAS Alto,CRAS Alto,Público Geral,Cadastro Único
Feminino,58,Superior Completo,Alto,1,CRAS Alto,CRAS Alto,Público Geral,Cadastro Único
Feminino,45,Fundamental Completo,Morro dos Pinheiros,1,CRAS Alto,CRAS Alto,Público Geral,Cadastro Único
Masculino,46,Médio Completo,Cascata Guarani,1,CRAS Alto,CRAS Alto,Público Geral,Cadastro Único
Feminino,36,Médio Completo,Castelinho,1,CRAS Alto,CRAS Alto,Público Geral,Cadastro Único
Feminino,63,Médio Completo,Morro dos Pinheiros,1,CRAS Alto,CRAS Alto,Público Geral,Cadastro Único
Feminino,37,Médio Incompleto,Jardim Serrano,1,CRAS Alto,CRAS Alto,Público Geral,Cadastro Único
Feminino,25,Médio Completo,Cascata Guarani,1,CRAS Alto,CRAS Alto,Público Geral,Cadastro Único
Feminino,69,Médio Completo,Tijuca,1,CRAS Alto,CRAS Alto,Público Geral,Cadastro Único
Masculino,52,Fundamental Incompleto,Cascata Guarani,1,CRAS Alto,CRAS Alto,Público Geral,Cadastro Único
Masculino,70,Fundamental Incompleto,Granja Guarani,1,CRAS Alto,CRAS Alto,Público Geral,Cadastro Único
Feminino,26,Fundamental Completo,Bairro dos Artistas,1,CRAS Alto,CRAS Alto,Público Geral,Cadastro Único
Feminino,55,Médio Completo,Várzea,1,CRAS Alto,CRAS Alto,Público Geral,Cadastro Único
Feminino,63,Médio Completo,Alto,1,CRAS Alto,CRAS Alto,Público Geral,Cadastro Único
Feminino,57,Médio Completo,Granja Comary,1,CRAS Alto,CRAS Alto,Público Geral,Cadastro Único
Feminino,34,Superior Completo,Tijuca,1,CRAS Alto,CRAS Alto,Público Geral,Cadastro Único
Feminino,35,Médio Completo,Ermitage,1,CRAS Alto,CRAS Alto,Público Geral,Cadastro Único
Feminino,69,Superior Incompleto,Granja Guarani,1,CRAS Alto,CRAS Alto,Público Geral,Cadastro Único
Feminino,63,Fundamental Incompleto,Morro dos Pinheiros,1,CRAS Alto,CRAS Alto,Público Geral,Cadastro Único
Feminino,66,Fundamental Incompleto,Várzea,1,CRAS Alto,CRAS Alto,Público Geral,Cadastro Único
Feminino,38,Médio Completo,Morro dos Pinheiros,1,CRAS Alto,CRAS Alto,Público Geral,Cadastro Único
Masculino,67,Fundamental Incompleto,Granja Guarani,1,CRAS Alto,CRAS Alto,Público Geral,Cadastro Único
Masculino,60,Fundamental Completo,Albuquerque,1,CRAS Alto,CRAS Alto,Público Geral,Cadastro Único
Masculino,52,Fundamental Completo,Cascata Guarani,1,CRAS Alto,CRAS Alto,Público Geral,Cadastro Único
Masculino,26,Superior Completo,Vale Paraíso,1,CRAS Alto,CRAS Alto,Público Geral,Cadastro Único
Feminino,33,Médio Incompleto,Albuquerque,1,CRAS Alto,CRAS Alto,Público Geral,Cadastro Único
Feminino,71,Não Escolarizado,Cascata Guarani,1,CRAS Alto,CRAS Alto,Público Geral,Cadastro Único
Feminino,27,Médio Incompleto,Cascata Guarani,1,CRAS Alto,CRAS Alto,Público Geral,Cadastro Único
Masculino,67,Fundamental Completo,Vale Paraíso,1,CRAS Alto,CRAS Alto,Público Geral,Cadastro Único
Masculino,77,Superior Incompleto,Várzea,1,CRAS Alto,CRAS Alto,Público Geral,Cadastro Único
Feminino,44,Médio Incompleto,Cascata Guarani,1,CRAS Alto,CRAS Alto,Público Geral,Cadastro Único
Feminino,42,Médio Completo,Soberbo,1,CRAS Alto,CRAS Alto,Público Geral,Cadastro Único
Feminino,52,Fundamental Completo,Tijuca,1,CRAS Alto,CRAS Alto,Público Geral,Cadastro Único
Feminino,51,Fundamental Incompleto,Tijuca,1,CRAS Alto,CRAS Alto,Público Geral,Cadastro Único
Feminino,34,Médio Completo,Albuquerque,1,CRAS Alto,CRAS Alto,Público Geral,Cadastro Único
Masculino,48,Fundamental Incompleto,Tijuca,1,CRAS Alto,CRAS Alto,Público Geral,Cadastro Único
Feminino,20,Médio Completo,Várzea,1,CRAS Alto,CRAS Alto,Público Geral,Cadastro Único
Feminino,37,Superior Incompleto,Alto,1,CRAS Alto,CRAS Alto,Público Geral,Cadastro Único
Feminino,27,Superior Completo,Alto,1,CRAS Alto,CRAS Alto,Público Geral,Cadastro Único
Feminino,46,Médio Completo,Alto,1,CRAS Alto,CRAS Alto,Público Geral,Cadastro Único
Feminino,44,Médio Incompleto,Corta Vento,1,CRAS Alto,CRAS Alto,Público Geral,Cadastro Único
Masculino,62,Superior Completo,Ermitage,1,CRAS Alto,CRAS Alto,Público Geral,Cadastro Único
Feminino,61,Médio Completo,Albuquerque,1,CRAS Alto,CRAS Alto,Público Geral,Cadastro Único
Feminino,57,Fundamental Incompleto,Alto,1,CRAS Alto,CRAS Alto,Público Geral,Cadastro Único
Feminino,39,Médio Completo,Morro dos Pinheiros,1,CRAS Alto,CRAS Alto,Público Geral,Cadastro Único
Masculino,26,Médio Completo,Alto,1,CRAS Alto,CRAS Alto,Público Geral,Cadastro Único
Masculino,65,Médio Completo,Ermitage,1,CRAS Alto,CRAS Alto,Público Geral,Cadastro Único
Feminino,46,Fundamental Incompleto,Albuquerque,1,CRAS Alto,CRAS Alto,Público Geral,Cadastro Único
Feminino,26,Médio Completo,Ermitage,1,CRAS Alto,CRAS Alto,Público Geral,Cadastro Único
Feminino,33,Médio Completo,Tijuca,1,CRAS Alto,CRAS Alto,Público Geral,Cadastro Único
Feminino,70,Superior Completo,Várzea,1,CRAS Alto,CRAS Alto,Público Geral,Cadastro Único
Masculino,67,Fundamental Incompleto,Alto,1,CRAS Alto,CRAS Alto,Público Geral,Cadastro Único
Feminino,66,Fundamental Incompleto,Albuquerque,1,CRAS Alto,CRAS Alto,Público Geral,Cadastro Único
Masculino,63,Fundamental Incompleto,Água Quente,2,CRAS Alto,CRAS Alto,Público Geral,Cadastro Único
Feminino,68,Fundamental Incompleto,Barra do Imbuí,1,CRAS Alto,CRAS Alto,Público Geral,Cadastro Único
Masculino,73,Fundamental Incompleto,Cascata Guarani,1,CRAS Alto,CRAS Alto,Público Geral,Cadastro Único
Masculino,47,Fundamental Incompleto,Cascata Guarani,1,CRAS Alto,CRAS Alto,Público Geral,Cadastro Único
Feminino,67,Fundamental Incompleto,Granja Guarani,1,CRAS Alto,CRAS Alto,Público Geral,Cadastro Único
Feminino,63,Fundamental Completo,Agriões,1,CRAS Alto,CRAS Alto,Público Geral,Cadastro Único
Feminino,50,Médio Completo,Alto,1,CRAS Alto,CRAS Alto,Público Geral,Cadastro Único
Masculino,48,Médio Incompleto,Panorama,1,CRAS Alto,CRAS Alto,Público Geral,Cadastro Único
Feminino,70,Médio Completo,Corta Vento,1,CRAS Alto,CRAS Alto,Público Geral,Cadastro Único
Feminino,42,Médio Completo,Albuquerque,1,CRAS Alto,CRAS Alto,Público Geral,Cadastro Único
Feminino,40,Superior Incompleto,Albuquerque,1,CRAS Alto,CRAS Alto,Público Geral,Cadastro Único
Feminino,19,Médio Incompleto,Tijuca,1,CRAS Alto,CRAS Alto,Público Geral,Cadastro Único
Masculino,22,Médio Completo,Várzea,1,CRAS Alto,CRAS Alto,Público Geral,Cadastro Único
Feminino,33,Médio Completo,Albuquerque,1,CRAS Alto,CRAS Alto,Público Geral,Cadastro Único
Feminino,39,Fundamental Incompleto,Albuquerque,1,CRAS Alto,CRAS Alto,Público Geral,Cadastro Único
Feminino,85,Fundamental Incompleto,Tijuca,1,CRAS Alto,CRAS Alto,Público Geral,Cadastro Único
Masculino,19,Superior Incompleto,Iucas,1,CRAS Alto,CRAS Alto,Público Geral,Cadastro Único
Feminino,59,Fundamental Incompleto,Cascata Guarani,1,CRAS Alto,CRAS Alto,Público Geral,Cadastro Único
Masculino,30,Superior Completo,Alto,1,CRAS Alto,CRAS Alto,Público Geral,Cadastro Único
Feminino,50,Superior Incompleto,Morro dos Pinheiros,1,CRAS Alto,CRAS Alto,Público Geral,Cadastro Único
Masculino,58,Superior Incompleto,Agriões,1,CRAS Alto,CRAS Alto,Público Geral,Cadastro Único
Masculino,37,Médio Completo,Fazendinha,1,CRAS Alto,CRAS Alto,Público Geral,Cadastro Único
Feminino,62,Fundamental Incompleto,Granja Guarani,1,CRAS Alto,CRAS Alto,Público Geral,Cadastro Único
Feminino,69,Fundamental Completo,Corta Vento,1,CRAS Alto,CRAS Alto,Público Geral,Cadastro Único
Masculino,39,Médio Completo,Alto,1,CRAS Alto,CRAS Alto,Público Geral,Cadastro Único
Feminino,56,Médio Completo,Cascata Guarani,1,CRAS Alto,CRAS Alto,Público Geral,Cadastro Único
Feminino,47,Superior Completo,Tijuca,1,CRAS Alto,CRAS Alto,Público Geral,Cadastro Único
Masculino,69,Fundamental Incompleto,Fazendinha,1,CRAS Alto,CRAS Alto,Público Geral,Cadastro Único
Feminino,67,Médio Completo,Albuquerque,1,CRAS Alto,CRAS Alto,Público Geral,Cadastro Único
Masculino,34,Fundamental Completo,Granja Guarani,1,CRAS Alto,CRAS Alto,Público Geral,Cadastro Único
Feminino,41,Superior Completo,Fazendinha,1,CRAS Alto,CRAS Alto,Público Geral,Cadastro Único
Feminino,75,Superior Completo,Alto,1,CRAS Alto,CRAS Alto,Público Geral,Cadastro Único
Feminino,51,Médio Completo,Alto,1,CRAS Alto,CRAS Alto,Público Geral,Cadastro Único
Feminino,52,Médio Completo,Corta Vento,1,CRAS Alto,CRAS Alto,Público Geral,Cadastro Único
Masculino,54,Superior Completo,Várzea,1,CRAS Alto,CRAS Alto,Público Geral,Cadastro Único
Feminino,35,Médio Completo,Albuquerque,1,CRAS Alto,CRAS Alto,Público Geral,Cadastro Único
Feminino,19,Médio Completo,Cascata Guarani,1,CRAS Alto,CRAS Alto,Público Geral,Cadastro Único
Masculino,43,Médio Completo,Alto,1,CRAS Alto,CRAS Alto,Público Geral,Cadastro Único
Feminino,47,Médio Completo,Cascata Guarani,1,CRAS Alto,CRAS Alto,Público Geral,Cadastro Único
Feminino,37,Médio Incompleto,Jardim Serrano,1,CRAS Alto,CRAS Alto,Público Geral,Cadastro Único
Masculino,43,Fundamental Incompleto,Albuquerque,1,CRAS Alto,CRAS Alto,Público Geral,Cadastro Único
Feminino,43,Fundamental Incompleto,Albuquerque,1,CRAS Alto,CRAS Alto,Público Geral,Cadastro Único
Masculino,79,Fundamental Completo,Corta Vento,1,CRAS Alto,CRAS Alto,Público Geral,Cadastro Único
Feminino,43,Médio Completo,Albuquerque,1,CRAS Alto,CRAS Alto,Público Geral,Cadastro Único
Feminino,36,Médio Completo,Albuquerque,1,CRAS Alto,CRAS Alto,Público Geral,Cadastro Único
Feminino,42,Médio Completo,Albuquerque,1,CRAS Alto,CRAS Alto,Público Geral,Cadastro Único
Feminino,36,Fundamental Incompleto,Fazendinha,1,CRAS Alto,CRAS Alto,Público Geral,Cadastro Único
Feminino,42,Médio Completo,Albuquerque,1,CRAS Alto,CRAS Alto,Público Geral,Cadastro Único
Feminino,51,Médio Completo,Alto,1,CRAS Alto,CRAS Alto,Público Geral,Cadastro Único
Feminino,62,Fundamental Incompleto,Alto,1,CRAS Alto,CRAS Alto,Público Geral,Cadastro Único
Feminino,35,Médio Completo,Albuquerque,1,CRAS Alto,CRAS Alto,Público Geral,Cadastro Único
Feminino,37,Médio Completo,Granja Guarani,1,CRAS Alto,CRAS Alto,Público Geral,Cadastro Único
Masculino,72,Fundamental Incompleto,Cascata Guarani,1,CRAS Alto,CRAS Alto,Público Geral,Cadastro Único
Feminino,39,Médio Completo,Albuquerque,1,CRAS Alto,CRAS Alto,Público Geral,Cadastro Único
Feminino,41,Médio Completo,Granja Guarani,1,CRAS Alto,CRAS Alto,Público Geral,Cadastro Único
Feminino,67,Fundamental Incompleto,Canoas,3,CRAS Alto,CRAS Alto,Público Geral,Cadastro Único
Masculino,62,Médio Completo,Alto,1,CRAS Alto,CRAS Alto,Público Geral,Cadastro Único
Feminino,70,Fundamental Incompleto,Iucas,1,CRAS Alto,CRAS Alto,Público Geral,Cadastro Único
Feminino,38,Médio Completo,Parque São Luiz,1,CRAS Alto,CRAS Alto,Público Geral,Cadastro Único
Masculino,38,Médio Completo,Soberbo,1,CRAS Alto,CRAS Alto,Público Geral,Cadastro Único
Feminino,56,Médio Completo,Alto,1,CRAS Alto,CRAS Alto,Público Geral,Cadastro Único
Feminino,34,Fundamental Incompleto,Parque São Luiz,1,CRAS Alto,CRAS Alto,Público Geral,Cadastro Único
Masculino,78,Médio Completo,Alto,1,CRAS Alto,CRAS Alto,Público Geral,Cadastro Único
Feminino,61,Fundamental Incompleto,Corta Vento,1,CRAS Alto,CRAS Alto,Público Geral,Cadastro Único
Feminino,18,Médio Completo,Fazenda Ermitage,1,CRAS Alto,CRAS Alto,Público Geral,Cadastro Único
Feminino,67,Médio Completo,Tijuca,1,CRAS Alto,CRAS Alto,Público Geral,Cadastro Único
Feminino,28,Superior Completo,Tijuca,1,CRAS Alto,CRAS Alto,Público Geral,Cadastro Único
Feminino,50,Fundamental Incompleto,Cascata Guarani,1,CRAS Alto,CRAS Alto,Público Geral,Cadastro Único
Feminino,36,Fundamental Incompleto,Agriões,1,CRAS Alto,CRAS Alto,Público Geral,Cadastro Único
Feminino,57,Fundamental Incompleto,Alto,1,CRAS Alto,CRAS Alto,Público Geral,Cadastro Único
Feminino,42,Superior Completo,Várzea,1,CRAS Alto,CRAS Alto,Público Geral,Cadastro Único
Feminino,24,Médio Completo,Várzea,1,CRAS Alto,CRAS Alto,Público Geral,Cadastro Único
Feminino,22,Superior Incompleto,Várzea,1,CRAS Alto,CRAS Alto,Público Geral,Cadastro Único
Feminino,20,Médio Completo,Albuquerque,1,CRAS Alto,CRAS Alto,Público Geral,Cadastro Único
Feminino,66,Superior Completo,Alto,1,CRAS Alto,CRAS Alto,Público Geral,Cadastro Único
Feminino,57,Médio Completo,Várzea,1,CRAS Alto,CRAS Alto,Público Geral,Cadastro Único
Feminino,26,Médio Completo,Tijuca,1,CRAS Alto,CRAS Alto,Público Geral,Cadastro Único
Feminino,35,Fundamental Completo,Parque São Luiz,1,CRAS Alto,CRAS Alto,Público Geral,Cadastro Único
Feminino,61,Fundamental Completo,Várzea,1,CRAS Alto,CRAS Alto,Público Geral,Cadastro Único
Feminino,80,Fundamental Incompleto,Alto,1,CRAS Alto,CRAS Alto,Público Geral,Cadastro Único
Feminino,29,Médio Completo,Albuquerque,1,CRAS Alto,CRAS Alto,Público Geral,Cadastro Único
Feminino,66,Não Escolarizado,Ermitage,1,CRAS Alto,CRAS Alto,Público Geral,Cadastro Único
Feminino,73,Médio Completo,Agriões,1,CRAS Alto,CRAS Alto,Público Geral,Cadastro Único
Feminino,35,Médio Completo,Corta Vento,1,CRAS Alto,CRAS Alto,Público Geral,Cadastro Único
Feminino,40,Superior Completo,Várzea,1,CRAS Alto,CRAS Alto,Público Geral,Cadastro Único
Feminino,35,Fundamental Completo,Fazendinha,1,CRAS Alto,CRAS Alto,Público Geral,Cadastro Único
Feminino,36,Médio Completo,Alto,1,CRAS Alto,CRAS Alto,Público Geral,Cadastro Único
Masculino,61,Médio Completo,Cascata Guarani,1,CRAS Alto,CRAS Alto,Público Geral,Cadastro Único
Feminino,50,Médio Completo,Corta Vento,1,CRAS Alto,CRAS Alto,Público Geral,Cadastro Único
Feminino,43,Médio Completo,Canoas,3,CRAS Alto,CRAS Alto,Público Geral,Cadastro Único
Feminino,63,Não Escolarizado,Albuquerque,1,CRAS Alto,CRAS Alto,Público Geral,Cadastro Único
Feminino,36,Fundamental Completo,Albuquerque,1,CRAS Alto,CRAS Alto,Público Geral,Cadastro Único
Feminino,35,Médio Incompleto,Morro dos Pinheiros,1,CRAS Alto,CRAS Alto,Público Geral,Cadastro Único
Feminino,28,Médio Completo,Alto,1,CRAS Alto,CRAS Alto,Público Geral,Cadastro Único
Masculino,69,Médio Incompleto,Granja Guarani,1,CRAS Alto,CRAS Alto,Público Geral,Cadastro Único
Feminino,39,Fundamental Incompleto,Morro dos Pinheiros,1,CRAS Alto,CRAS Alto,Público Geral,Cadastro Único
Masculino,52,Fundamental Incompleto,Morro dos Pinheiros,1,CRAS Alto,CRAS Alto,Público Geral,Cadastro Único
Feminino,50,Fundamental Incompleto,Albuquerque,1,CRAS Alto,CRAS Alto,Público Geral,Cadastro Único
Feminino,77,Superior Incompleto,Várzea,1,CRAS Alto,CRAS Alto,Público Geral,Cadastro Único
Masculino,73,Fundamental Incompleto,Corta Vento,1,CRAS Alto,CRAS Alto,Público Geral,Cadastro Único
Masculino,75,Fundamental Incompleto,Morro dos Pinheiros,1,CRAS Alto,CRAS Alto,Público Geral,Cadastro Único
Feminino,55,Médio Incompleto,Tijuca,1,CRAS Alto,CRAS Alto,Público Geral,Cadastro Único
Feminino,45,Médio Incompleto,Corta Vento,1,CRAS Alto,CRAS Alto,Público Geral,Cadastro Único
Masculino,51,Fundamental Incompleto,Cascata Guarani,1,CRAS Alto,CRAS Alto,Público Geral,Cadastro Único
Masculino,60,Fundamental Incompleto,Cascata Guarani,1,CRAS Alto,CRAS Alto,Público Geral,Cadastro Único
Feminino,54,Superior Completo,Várzea,1,CRAS Alto,CRAS Alto,Público Geral,Cadastro Único
Masculino,68,Médio Completo,Tijuca,1,CRAS Alto,CRAS Alto,Público Geral,Cadastro Único
Feminino,48,Médio Completo,Fazendinha,1,CRAS Alto,CRAS Alto,Público Geral,Cadastro Único
Feminino,66,Não Escolarizado,Granja Guarani,1,CRAS Alto,CRAS Alto,Público Geral,Cadastro Único
Feminino,27,Fundamental Completo,Granja Guarani,1,CRAS Alto,CRAS Alto,Público Geral,Cadastro Único
Feminino,61,Médio Completo,Alto,1,CRAS Alto,CRAS Alto,Público Geral,Cadastro Único
Feminino,57,Fundamental Completo,Alto,1,CRAS Alto,CRAS Alto,Público Geral,Cadastro Único
Masculino,53,Fundamental Completo,Ermitage,1,CRAS Alto,CRAS Alto,Público Geral,Cadastro Único
Masculino,40,Fundamental Completo,Iucas,1,CRAS Alto,CRAS Alto,Público Geral,Cadastro Único
Feminino,24,Médio Incompleto,Albuquerque,1,CRAS Alto,CRAS Alto,Público Geral,Cadastro Único
Feminino,63,Fundamental Incompleto,Cascata Guarani,1,CRAS Alto,CRAS Alto,Público Geral,Cadastro Único
Masculino,18,Médio Completo,Granja Guarani,1,CRAS Alto,CRAS Alto,Público Geral,Cadastro Único
Masculino,57,Fundamental Incompleto,Corta Vento,1,CRAS Alto,CRAS Alto,Público Geral,Cadastro Único
Masculino,43,Superior Completo,Agriões,1,CRAS Alto,CRAS Alto,Público Geral,Cadastro Único
Feminino,50,Médio Completo,Ermitage,1,CRAS Alto,CRAS Alto,Público Geral,Cadastro Único
Feminino,70,Superior Incompleto,Corta Vento,1,CRAS Alto,CRAS Alto,Público Geral,Cadastro Único
Masculino,83,Fundamental Incompleto,Tijuca,1,CRAS Alto,CRAS Alto,Público Geral,Cadastro Único
Masculino,49,Superior Incompleto,Agriões,1,CRAS Alto,CRAS Alto,Público Geral,Cadastro Único
Feminino,48,Médio Completo,Albuquerque,1,CRAS Alto,CRAS Alto,Público Geral,Cadastro Único
Feminino,41,Médio Completo,Várzea,1,CRAS Alto,CRAS Alto,Público Geral,Cadastro Único
Feminino,42,Superior Completo,Várzea,1,CRAS Alto,CRAS Alto,Público Geral,Cadastro Único
Feminino,41,Médio Completo,Bairro dos Artistas,1,CRAS Alto,CRAS Alto,Público Geral,Cadastro Único
Feminino,73,Superior Completo,Várzea,1,CRAS Alto,CRAS Alto,Público Geral,Cadastro Único
Masculino,51,Fundamental Completo,Alto,1,CRAS Alto,CRAS Alto,Público Geral,Cadastro Único
Masculino,66,Médio Completo,Cascata Guarani,1,CRAS Alto,CRAS Alto,Público Geral,Cadastro Único
Feminino,22,Médio Completo,Vale Paraíso,1,CRAS Alto,CRAS Alto,Público Geral,Cadastro Único
Masculino,65,Superior Completo,Parque Imbuí,1,CRAS Alto,CRAS Alto,Público Geral,Cadastro Único
Masculino,40,Médio Completo,Várzea,1,CRAS Alto,CRAS Alto,Público Geral,Cadastro Único
Feminino,30,Superior Completo,Várzea,1,CRAS Alto,CRAS Alto,Público Geral,Cadastro Único
Feminino,29,Médio Completo,Várzea,1,CRAS Alto,CRAS Alto,Público Geral,Cadastro Único
Feminino,36,Médio Completo,Jardim Serrano,1,CRAS Alto,CRAS Alto,Público Geral,Cadastro Único
Feminino,30,Médio Completo,Fazendinha,1,CRAS Alto,CRAS Alto,Público Geral,Cadastro Único
Masculino,57,Fundamental Incompleto,Canoas,3,CRAS Alto,CRAS Alto,Público Geral,Cadastro Único
Feminino,71,Fundamental Completo,Várzea,1,CRAS Alto,CRAS Alto,Público Geral,Cadastro Único
Feminino,49,Superior Completo,Várzea,1,CRAS Alto,CRAS Alto,Público Geral,Cadastro Único
Feminino,43,Médio Completo,Soberbo,1,CRAS Alto,CRAS Alto,Público Geral,Cadastro Único
Masculino,51,Médio Incompleto,Agriões,1,CRAS Alto,CRAS Alto,Público Geral,Cadastro Único
Masculino,49,Fundamental Incompleto,Albuquerque,1,CRAS Alto,CRAS Alto,Público Geral,Cadastro Único
Feminino,28,Médio Completo,Cascata Guarani,1,CRAS Alto,CRAS Alto,Público Geral,Cadastro Único
Feminino,62,Superior Completo,Alto,1,CRAS Alto,CRAS Alto,Público Geral,Cadastro Único
Feminino,61,Fundamental Completo,Cascata Guarani,1,CRAS Alto,CRAS Alto,Público Geral,Cadastro Único
Feminino,48,Médio Completo,Alto,1,CRAS Alto,CRAS Alto,Público Geral,Cadastro Único
Feminino,30,Fundamental Incompleto,Parque São Luiz,1,CRAS Alto,CRAS Alto,Público Geral,Cadastro Único
Feminino,23,Fundamental Completo,Corta Vento,1,CRAS Alto,CRAS Alto,Público Geral,Cadastro Único
Feminino,31,Fundamental Completo,Granja Guarani,1,CRAS Alto,CRAS Alto,Público Geral,Cadastro Único
Feminino,73,Superior Completo,Várzea,1,CRAS Alto,CRAS Alto,Público Geral,Cadastro Único
Feminino,41,Fundamental Incompleto,Parque São Luiz,1,CRAS Alto,CRAS Alto,Público Geral,Cadastro Único
Feminino,70,Fundamental Incompleto,Várzea,1,CRAS Alto,CRAS Alto,Público Geral,Cadastro Único
Feminino,57,Fundamental Completo,Morro dos Pinheiros,1,CRAS Alto,CRAS Alto,Público Geral,Cadastro Único
Feminino,67,Médio Incompleto,Várzea,1,CRAS Alto,CRAS Alto,Público Geral,Cadastro Único
Masculino,68,Fundamental Completo,Parque Ingá,1,CRAS Alto,CRAS Alto,Público Geral,Cadastro Único
Masculino,44,Fundamental Incompleto,Cascata Guarani,1,CRAS Alto,CRAS Alto,Público Geral,Cadastro Único
Feminino,67,Fundamental Incompleto,Cascata Guarani,1,CRAS Alto,CRAS Alto,Público Geral,Cadastro Único
Masculino,39,Médio Completo,Fazendinha,1,CRAS Alto,CRAS Alto,Público Geral,Cadastro Único
Feminino,43,Fundamental Completo,Vale Paraíso,1,CRAS Alto,CRAS Alto,Público Geral,Cadastro Único
Feminino,46,Fundamental Incompleto,Panorama,1,CRAS Alto,CRAS Alto,Público Geral,Cadastro Único
Masculino,61,Fundamental Incompleto,Ermitage,1,CRAS Alto,CRAS Alto,Público Geral,Cadastro Único
Masculino,52,Superior Completo,Várzea,1,CRAS Alto,CRAS Alto,Público Geral,Cadastro Único
Masculino,40,Médio Completo,Iucas,1,CRAS Alto,CRAS Alto,Público Geral,Cadastro Único
Masculino,69,Fundamental Completo,Agriões,1,CRAS Alto,CRAS Alto,Público Geral,Cadastro Único
Feminino,44,Médio Incompleto,Morro dos Pinheiros,1,CRAS Alto,CRAS Alto,Público Geral,Cadastro Único
Feminino,20,Médio Completo,Vale Paraíso,1,CRAS Alto,CRAS Alto,Público Geral,Cadastro Único
Feminino,67,Fundamental Incompleto,Albuquerque,1,CRAS Alto,CRAS Alto,Público Geral,Cadastro Único
Masculino,52,Médio Incompleto,Agriões,1,CRAS Alto,CRAS Alto,Público Geral,Cadastro Único
Feminino,42,Superior Completo,Pimenteiras,1,CRAS Alto,CRAS Alto,Público Geral,Cadastro Único
Feminino,17,Médio Completo,Morro dos Pinheiros,1,CRAS Alto,CRAS Alto,Público Geral,Cadastro Único
Feminino,58,Fundamental Incompleto,Cascata Guarani,1,CRAS Alto,CRAS Alto,Público Geral,Cadastro Único
Feminino,57,Fundamental Incompleto,Várzea,1,CRAS Alto,CRAS Alto,Público Geral,Cadastro Único
Feminino,33,Médio Completo,Ermitage,1,CRAS Alto,CRAS Alto,Público Geral,Cadastro Único
Feminino,40,Médio Completo,Tijuca,1,CRAS Alto,CRAS Alto,Público Geral,Cadastro Único
Feminino,21,Médio Incompleto,Granja Guarani,1,CRAS Alto,CRAS Alto,Público Geral,Cadastro Único
Feminino,61,Superior Completo,Alto,1,CRAS Alto,CRAS Alto,Público Geral,Cadastro Único
Feminino,61,Superior Completo,Alto,1,CRAS Alto,CRAS Alto,Público Geral,Cadastro Único
Feminino,23,Médio Incompleto,Morro dos Pinheiros,1,CRAS Alto,CRAS Alto,Público Geral,Cadastro Único
Feminino,46,Fundamental Incompleto,Granja Guarani,1,CRAS Alto,CRAS Alto,Público Geral,Cadastro Único
Feminino,20,Médio Completo,Alto,1,CRAS Alto,CRAS Alto,Público Geral,Cadastro Único
Feminino,26,Médio Completo,Cascata Guarani,1,CRAS Alto,CRAS Alto,Público Geral,Cadastro Único
Feminino,36,Médio Completo,Ermitage,1,CRAS Alto,CRAS Alto,Público Geral,Cadastro Único
Feminino,35,Médio Incompleto,Corta Vento,1,CRAS Alto,CRAS Alto,Público Geral,Cadastro Único
Feminino,67,Médio Incompleto,Corta Vento,1,CRAS Alto,CRAS Alto,Público Geral,Cadastro Único
Feminino,67,Superior Completo,Corta Vento,1,CRAS Alto,CRAS Alto,Público Geral,Cadastro Único
Masculino,44,Fundamental Incompleto,Cascata Guarani,1,CRAS Alto,CRAS Alto,Público Geral,Cadastro Único
Feminino,30,Médio Completo,Corta Vento,1,CRAS Alto,CRAS Alto,Público Geral,Cadastro Único
Feminino,70,Médio Incompleto,Ermitage,1,CRAS Alto,CRAS Alto,Público Geral,Cadastro Único
Feminino,67,Médio Incompleto,Fazendinha,1,CRAS Alto,CRAS Alto,Público Geral,Cadastro Único
Feminino,36,Médio Completo,Canoas,3,CRAS Alto,CRAS Alto,Público Geral,Cadastro Único
Masculino,55,Médio Completo,Várzea,1,CRAS Alto,CRAS Alto,Público Geral,Cadastro Único
Feminino,65,Médio Completo,Várzea,1,CRAS Alto,CRAS Alto,Público Geral,Cadastro Único
Feminino,86,Fundamental Incompleto,Cascata Guarani,1,CRAS Alto,CRAS Alto,Público Geral,Cadastro Único
Feminino,46,Médio Completo,Alto,1,CRAS Alto,CRAS Alto,Público Geral,Cadastro Único
Feminino,47,Superior Completo,Tijuca,1,CRAS Alto,CRAS Alto,Público Geral,Cadastro Único
Feminino,53,Fundamental Completo,Albuquerque,1,CRAS Alto,CRAS Alto,Público Geral,Cadastro Único
Feminino,36,Superior Incompleto,Várzea,1,CRAS Alto,CRAS Alto,Público Geral,Cadastro Único
Masculino,33,Médio Incompleto,Cascata Guarani,1,CRAS Alto,CRAS Alto,Público Geral,Cadastro Único
Feminino,78,Fundamental Incompleto,Cascata Guarani,1,CRAS Alto,CRAS Alto,Público Geral,Cadastro Único
Masculino,63,Fundamental Incompleto,Morro dos Pinheiros,1,CRAS Alto,CRAS Alto,Público Geral,Cadastro Único
Feminino,36,Médio Completo,Granja Guarani,1,CRAS Alto,CRAS Alto,Público Geral,Cadastro Único
Feminino,20,Médio Incompleto,Agriões,1,CRAS Alto,CRAS Alto,Público Geral,Cadastro Único
Masculino,39,Médio Completo,Fazendinha,1,CRAS Alto,CRAS Alto,Público Geral,Cadastro Único
Feminino,68,Fundamental Incompleto,Alto,1,CRAS Alto,CRAS Alto,Público Geral,Cadastro Único
Feminino,40,Fundamental Incompleto,Albuquerque,1,CRAS Alto,CRAS Alto,Público Geral,Cadastro Único
Feminino,43,Médio Completo,Granja Guarani,1,CRAS Alto,CRAS Alto,Público Geral,Cadastro Único
Feminino,29,Médio Completo,Corta Vento,1,CRAS Alto,CRAS Alto,Público Geral,Cadastro Único
Feminino,73,Fundamental Completo,Morro dos Pinheiros,1,CRAS Alto,CRAS Alto,Público Geral,Cadastro Único
Feminino,50,Médio Completo,Fazendinha,1,CRAS Alto,CRAS Alto,Público Geral,Cadastro Único
Feminino,24,Superior Completo,Cascata Guarani,1,CRAS Alto,CRAS Alto,Público Geral,Cadastro Único
Feminino,60,Fundamental Incompleto,Granja Guarani,1,CRAS Alto,CRAS Alto,Público Geral,Cadastro Único
Feminino,52,Médio Incompleto,Alto,1,CRAS Alto,CRAS Alto,Público Geral,Cadastro Único
Feminino,64,Médio Completo,Agriões,1,CRAS Alto,CRAS Alto,Público Geral,Cadastro Único
Feminino,80,Fundamental Incompleto,Cascata Guarani,1,CRAS Alto,CRAS Alto,Público Geral,Cadastro Único
Masculino,68,Fundamental Incompleto,Ermitage,1,CRAS Alto,CRAS Alto,Público Geral,Cadastro Único
Masculino,37,Médio Completo,Morro dos Pinheiros,1,CRAS Alto,CRAS Alto,Público Geral,Cadastro Único
Feminino,62,Fundamental Incompleto,Canoas,3,CRAS Alto,CRAS Alto,Público Geral,Cadastro Único
Feminino,58,Fundamental Incompleto,Morro dos Pinheiros,1,CRAS Alto,CRAS Alto,Público Geral,Cadastro Único
Feminino,37,Médio Completo,Parque Ingá,1,CRAS Alto,CRAS Alto,Público Geral,Cadastro Único
Feminino,39,Médio Incompleto,Morro dos Pinheiros,1,CRAS Alto,CRAS Alto,Público Geral,Cadastro Único
Feminino,27,Médio Incompleto,Cascata Guarani,1,CRAS Alto,CRAS Alto,Público Geral,Cadastro Único
Feminino,50,Fundamental Incompleto,Albuquerque,1,CRAS Alto,CRAS Alto,Público Geral,Cadastro Único
Feminino,75,Fundamental Incompleto,Parque São Luiz,1,CRAS Alto,CRAS Alto,Público Geral,Cadastro Único
Feminino,41,Fundamental Incompleto,Canoas,3,CRAS Alto,CRAS Alto,Público Geral,Cadastro Único
Feminino,64,Fundamental Completo,Morro dos Pinheiros,1,CRAS Alto,CRAS Alto,Público Geral,Cadastro Único
Feminino,52,Médio Completo,Vale Paraíso,1,CRAS Alto,CRAS Alto,Público Geral,Cadastro Único
Feminino,26,Fundamental Incompleto,Cascata Guarani,1,CRAS Alto,CRAS Alto,Público Geral,Cadastro Único
Masculino,41,Fundamental Incompleto,Cascata Guarani,1,CRAS Alto,CRAS Alto,Público Geral,Cadastro Único
Feminino,51,Superior Completo,Soberbo,1,CRAS Alto,CRAS Alto,Público Geral,Cadastro Único
Feminino,35,Fundamental Incompleto,Cascata Guarani,1,CRAS Alto,CRAS Alto,Público Geral,Cadastro Único
Feminino,68,Superior Incompleto,Várzea,1,CRAS Alto,CRAS Alto,Público Geral,Cadastro Único
Masculino,21,Superior Incompleto,Corta Vento,1,CRAS Alto,CRAS Alto,Público Geral,Cadastro Único
Masculino,89,Fundamental Completo,Tijuca,1,CRAS Alto,CRAS Alto,Público Geral,Cadastro Único
Feminino,21,Médio Completo,Granja Guarani,1,CRAS Alto,CRAS Alto,Público Geral,Cadastro Único
Feminino,67,Médio Completo,Albuquerque,1,CRAS Alto,CRAS Alto,Público Geral,Cadastro Único
Feminino,49,Fundamental Incompleto,Albuquerque,1,CRAS Alto,CRAS Alto,Público Geral,Cadastro Único
Feminino,27,Médio Completo,Cascata Guarani,1,CRAS Alto,CRAS Alto,Público Geral,Cadastro Único
Feminino,29,Médio Completo,Soberbo,1,CRAS Alto,CRAS Alto,Público Geral,Cadastro Único
Masculino,72,Fundamental Incompleto,Granja Guarani,1,CRAS Alto,CRAS Alto,Público Geral,Cadastro Único
Feminino,30,Médio Completo,Morro dos Pinheiros,1,CRAS Alto,CRAS Alto,Público Geral,Cadastro Único
Feminino,19,Médio Completo,Parque São Luiz,1,CRAS Alto,CRAS Alto,Público Geral,Cadastro Único
Feminino,43,Médio Completo,Granja Guarani,1,CRAS Alto,CRAS Alto,Público Geral,Cadastro Único
Feminino,83,Fundamental Incompleto,Albuquerque,1,CRAS Alto,CRAS Alto,Público Geral,Cadastro Único
Feminino,40,Superior Completo,Várzea,1,CRAS Alto,CRAS Alto,Público Geral,Cadastro Único
Feminino,40,Superior Completo,Ermitage,1,CRAS Alto,CRAS Alto,Público Geral,Cadastro Único
Feminino,58,Não Escolarizado,Granja Guarani,1,CRAS Alto,CRAS Alto,Público Geral,Cadastro Único
Feminino,22,Médio Completo,Vale Paraíso,1,CRAS Alto,CRAS Alto,Público Geral,Cadastro Único
Feminino,55,Fundamental Incompleto,Cascata Guarani,1,CRAS Alto,CRAS Alto,Público Geral,Cadastro Único
Feminino,45,Fundamental Completo,Várzea,1,CRAS Alto,CRAS Alto,Público Geral,Cadastro Único
Feminino,26,Médio Completo,Cascata Guarani,1,CRAS Alto,CRAS Alto,Público Geral,Cadastro Único
Feminino,53,Médio Completo,Várzea,1,CRAS Alto,CRAS Alto,Público Geral,Cadastro Único
Feminino,62,Superior Incompleto,Albuquerque,1,CRAS Alto,CRAS Alto,Público Geral,Cadastro Único
Feminino,39,Superior Completo,Panorama,1,CRAS Alto,CRAS Alto,Público Geral,Cadastro Único
Feminino,65,Superior Incompleto,Alto,1,CRAS Alto,CRAS Alto,Público Geral,Cadastro Único
Feminino,19,Superior Incompleto,Ermitage,1,CRAS Alto,CRAS Alto,Público Geral,Cadastro Único
Feminino,58,Médio Incompleto,Granja Guarani,1,CRAS Alto,CRAS Alto,Público Geral,Cadastro Único
Feminino,30,Médio Completo,Várzea,1,CRAS Alto,CRAS Alto,Público Geral,Cadastro Único
Feminino,28,Superior Incompleto,Várzea,1,CRAS Alto,CRAS Alto,Público Geral,Cadastro Único
Feminino,59,Superior Incompleto,Agriões,1,CRAS Alto,CRAS Alto,Público Geral,Cadastro Único
Masculino,79,Superior Completo,Albuquerque,1,CRAS Alto,CRAS Alto,Público Geral,Cadastro Único
Masculino,64,Médio Completo,Albuquerque,1,CRAS Alto,CRAS Alto,Público Geral,Cadastro Único
Feminino,66,Fundamental Incompleto,Ermitage,1,CRAS Alto,CRAS Alto,Público Geral,Cadastro Único
Feminino,24,Médio Incompleto,Cascata Guarani,1,CRAS Alto,CRAS Alto,Público Geral,Cadastro Único
Masculino,24,Médio Incompleto,Várzea,1,CRAS Alto,CRAS Alto,Público Geral,Cadastro Único
Feminino,40,Superior Completo,Bairro dos Artistas,1,CRAS Alto,CRAS Alto,Público Geral,Cadastro Único
Masculino,29,Fundamental Incompleto,Morro dos Pinheiros,1,CRAS Alto,CRAS Alto,Público Geral,Cadastro Único
Feminino,61,Fundamental Incompleto,Albuquerque,1,CRAS Alto,CRAS Alto,Público Geral,Cadastro Único
Feminino,35,Médio Completo,Panorama,1,CRAS Alto,CRAS Alto,Público Geral,Cadastro Único
Feminino,40,Fundamental Incompleto,Morro dos Pinheiros,1,CRAS Alto,CRAS Alto,Público Geral,Cadastro Único
Feminino,64,Fundamental Completo,Castelinho,1,CRAS Alto,CRAS Alto,Público Geral,Cadastro Único
Feminino,37,Médio Completo,Parque São Luiz,1,CRAS Alto,CRAS Alto,Público Geral,Cadastro Único
Feminino,46,Médio Completo,Albuquerque,1,CRAS Alto,CRAS Alto,Público Geral,Cadastro Único
Feminino,27,Médio Completo,Canoas,3,CRAS Alto,CRAS Alto,Público Geral,Cadastro Único
Feminino,90,Fundamental Incompleto,Granja Guarani,1,CRAS Alto,CRAS Alto,Público Geral,Cadastro Único
Feminino,55,Fundamental Completo,Canoas,3,CRAS Alto,CRAS Alto,Público Geral,Cadastro Único
Feminino,52,Superior Completo,Corta Vento,1,CRAS Alto,CRAS Alto,Público Geral,Cadastro Único
Feminino,55,Fundamental Incompleto,Cascata Guarani,1,CRAS Alto,CRAS Alto,Público Geral,Cadastro Único
Masculino,63,Fundamental Incompleto,Morro dos Pinheiros,1,CRAS Alto,CRAS Alto,Público Geral,Cadastro Único
Feminino,59,Fundamental Incompleto,Jardim Serrano,1,CRAS Alto,CRAS Alto,Público Geral,Cadastro Único
Feminino,31,Superior Incompleto,Tijuca,1,CRAS Alto,CRAS Alto,Público Geral,Cadastro Único
Masculino,83,Fundamental Completo,Albuquerque,1,CRAS Alto,CRAS Alto,Público Geral,Cadastro Único
Feminino,26,Fundamental Incompleto,Tijuca,1,CRAS Alto,CRAS Alto,Público Geral,Cadastro Único
Masculino,55,Fundamental Incompleto,Cascata Guarani,1,CRAS Alto,CRAS Alto,Público Geral,Cadastro Único
Feminino,60,Fundamental Incompleto,Cascata Guarani,1,CRAS Alto,CRAS Alto,Público Geral,Cadastro Único
Masculino,37,Superior Completo,Cascata Guarani,1,CRAS Alto,CRAS Alto,Público Geral,Cadastro Único
Feminino,39,Médio Completo,Várzea,1,CRAS Alto,CRAS Alto,Público Geral,Cadastro Único
Feminino,31,Médio Completo,Várzea,1,CRAS Alto,CRAS Alto,Público Geral,Cadastro Único
Masculino,44,Médio Completo,Cascata Guarani,1,CRAS Alto,CRAS Alto,Público Geral,Cadastro Único
Feminino,35,Fundamental Incompleto,Granja Guarani,1,CRAS Alto,CRAS Alto,Público Geral,Cadastro Único
Feminino,37,Médio Completo,Jardim Serrano,1,CRAS Alto,CRAS Alto,Público Geral,Cadastro Único
Feminino,60,Fundamental Incompleto,Granja Guarani,1,CRAS Alto,CRAS Alto,Público Geral,Cadastro Único
Feminino,67,Médio Completo,Granja Guarani,1,CRAS Alto,CRAS Alto,Público Geral,Cadastro Único
Feminino,67,Fundamental Incompleto,Ermitage,1,CRAS Alto,CRAS Alto,Público Geral,Cadastro Único
Feminino,24,Superior Incompleto,Cascata Guarani,1,CRAS Alto,CRAS Alto,Público Geral,Cadastro Único
Feminino,51,Médio Incompleto,Albuquerque,1,CRAS Alto,CRAS Alto,Público Geral,Cadastro Único
Feminino,55,Fundamental Incompleto,Vale Paraíso,1,CRAS Alto,CRAS Alto,Público Geral,Cadastro Único
Feminino,64,Fundamental Incompleto,Ermitage,1,CRAS Alto,CRAS Alto,Público Geral,Cadastro Único
Feminino,54,Médio Completo,Canoas,3,CRAS Alto,CRAS Alto,Público Geral,Cadastro Único
Feminino,56,Fundamental Incompleto,Parque São Luiz,1,CRAS Alto,CRAS Alto,Público Geral,Cadastro Único
Feminino,50,Fundamental Incompleto,Cascata Guarani,1,CRAS Alto,CRAS Alto,Público Geral,Cadastro Único
Feminino,42,Fundamental Incompleto,Alto,1,CRAS Alto,CRAS Alto,PAIF,Cadastro Único
Feminino,49,Fundamental Incompleto,Vale Paraíso,1,CRAS Alto,CRAS Alto,Público Geral,Cadastro Único
Feminino,51,Fundamental Incompleto,Soberbo,1,CRAS Alto,CRAS Alto,Público Geral,Cadastro Único
Feminino,58,Fundamental Incompleto,Fazendinha,1,CRAS Alto,CRAS Alto,Público Geral,Cadastro Único
Feminino,18,Médio Completo,Agriões,1,CRAS Alto,CRAS Alto,Público Geral,Cadastro Único
Feminino,80,Fundamental Incompleto,Vale Paraíso,1,CRAS Alto,CRAS Alto,Público Geral,Cadastro Único
Masculino,57,Fundamental Incompleto,Canoas,3,CRAS Alto,CRAS Alto,Público Geral,Cadastro Único
Masculino,71,Fundamental Incompleto,Alto,1,CRAS Alto,CRAS Alto,PAIF,Assistente social
Feminino,55,Fundamental Completo,Canoas,3,CRAS Alto,CRAS Alto,Público Geral,Assistente Social
Masculino,51,Não Escolarizado,Morro dos Pinheiros,1,CRAS Alto,CRAS Alto,PAIF,Assistente Social
Feminino,29,Médio Completo,Soberbo,1,CRAS Alto,CRAS Alto,Público Geral,Assistente Social
Feminino,25,Médio Completo,Ermitage,1,CRAS Alto,CRAS Alto,Público Geral,Assistente Social
Feminino,45,Médio Completo,Corta Vento,1,CRAS Alto,CRAS Alto,Público Geral,Assistente Social
Feminino,55,Médio Completo,Albuquerque,1,CRAS Alto,CRAS Alto,Público Geral,Assistente Social
Feminino,27,Médio Completo,Albuquerque,1,CRAS Alto,CRAS Alto,Público Geral,Assistente Social
Masculino,58,Superior Completo,Agriões,1,CRAS Alto,CRAS Alto,Público Geral,Assistente Social
Feminino,35,Médio Completo,Bairro dos Artistas,1,CRAS Alto,CRAS Alto,Público Geral,Assistente Social
Feminino,59,Fundamental Incompleto,Bairro dos Artistas,1,CRAS Alto,CRAS Alto,Público Geral,Assistente Social
Feminino,45,Fundamental Incompleto,Morro dos Pinheiros,1,CRAS Alto,CRAS Alto,Público Geral,Assistente Social
Feminino,16,Médio Completo,Morro dos Pinheiros,1,CRAS Alto,CRAS Alto,Público Geral,Assistente Social
Feminino,50,Fundamental Completo,Morro dos Pinheiros,1,CRAS Alto,CRAS Alto,Público Geral,Assistente Social
Feminino,27,Superior Incompleto,Cascata Guarani,1,CRAS Alto,CRAS Alto,Público Geral,Assistente Social
Feminino,37,Fundamental Incompleto,Parque São Luiz,1,CRAS Alto,CRAS Alto,Público Geral,Assistente Social
Feminino,19,Médio Completo,Corta Vento,1,CRAS Alto,CRAS Alto,Público Geral,Assistente Social
Feminino,26,Médio Completo,Cascata Guarani,1,CRAS Alto,CRAS Alto,Público Geral,Assistente Social
Feminino,20,Superior Incompleto,Alto,1,CRAS Alto,CRAS Alto,Público Geral,Assistente Social
Feminino,30,Médio Completo,Barra do Imbuí,1,CRAS Alto,CRAS Alto,Público Geral,Assistente Social
Feminino,34,Superior Incompleto,Jardim Serrano,1,CRAS Alto,CRAS Alto,Público Geral,Assistente Social
Feminino,31,Fundamental Incompleto,Parque São Luiz,1,CRAS Alto,CRAS Alto,Público Geral,Assistente Social
Feminino,41,Médio Completo,Bairro dos Artistas,1,CRAS Alto,CRAS Alto,Público Geral,Assistente Social
Feminino,32,Médio Completo,Jardim Serrano,1,CRAS Alto,CRAS Alto,Público Geral,Assistente Social
Feminino,57,Médio Completo,Corta Vento,1,CRAS Alto,CRAS Alto,Público Geral,Assistente Social
Feminino,23,Fundamental Incompleto,Albuquerque,1,CRAS Alto,CRAS Alto,Público Geral,Assistente Social
Feminino,35,Médio Completo,Várzea,1,CRAS Alto,CRAS Alto,Público Geral,Assistente Social
Masculino,64,Fundamental Incompleto,Cascata Guarani,1,CRAS Alto,CRAS Alto,Público Geral,Assistente Social
Masculino,18,Médio Completo,Granja Guarani,1,CRAS Alto,CRAS Alto,Público Geral,Assistente Social
Feminino,36,Médio Completo,Alto,1,CRAS Alto,CRAS Alto,Público Geral,Assistente Social
Feminino,29,Médio Completo,Cascata Guarani,1,CRAS Alto,CRAS Alto,Público Geral,Assistente Social
Feminino,46,Superior Incompleto,Várzea,1,CRAS Alto,CRAS Alto,Público Geral,Assistente Social
Feminino,35,Médio Completo,Várzea,1,CRAS Alto,CRAS Alto,Público Geral,Assistente Social
Feminino,80,Superior Incompleto,Várzea,1,CRAS Alto,CRAS Alto,Público Geral,Assistente Social
Feminino,68,Superior Incompleto,Várzea,1,CRAS Alto,CRAS Alto,Público Geral,Assistente Social
Feminino,32,Médio Completo,Ermitage,1,CRAS Alto,CRAS Alto,Público Geral,Assistente Social
Feminino,46,Fundamental Incompleto,Agriões,1,CRAS Alto,CRAS Alto,Público Geral,Assistente Social
Feminino,51,Fundamental Incompleto,Albuquerque,1,CRAS Alto,CRAS Alto,Público Geral,Assistente Social
Feminino,49,Médio Completo,Corta Vento,1,CRAS Alto,CRAS Alto,Público Geral,Assistente Social
Masculino,40,Médio Completo,Morro dos Pinheiros,1,CRAS Alto,CRAS Alto,Público Geral,Assistente Social
Feminino,46,Superior Completo,Várzea,1,CRAS Alto,CRAS Alto,Público Geral,Assistente Social
Masculino,65,Fundamental Incompleto,Fazendinha,1,CRAS Alto,CRAS Alto,Público Geral,Assistente Social
Feminino,41,Médio Incompleto,Granja Guarani,1,CRAS Alto,CRAS Alto,Público Geral,Assistente Social
Feminino,26,Médio Completo,Soberbo,1,CRAS Alto,CRAS Alto,Público Geral,Assistente Social
Masculino,19,Médio Completo,Cascata Guarani,1,CRAS Alto,CRAS Alto,Público Geral,Assistente Social
Feminino,49,Médio Incompleto,Alto,1,CRAS Alto,CRAS Alto,Público Geral,Assistente Social
Feminino,37,Fundamental Incompleto,Parque São Luiz,1,CRAS Alto,CRAS Alto,Público Geral,Assistente Social
Feminino,23,Superior Incompleto,Vila Muqui,1,CRAS Alto,CRAS Alto,Público Geral,Assistente Social
Feminino,57,Superior Completo,Várzea,1,CRAS Alto,CRAS Alto,Público Geral,Assistente Social
Feminino,51,Fundamental Completo,Vale Paraíso,1,CRAS Alto,CRAS Alto,Público Geral,Assistente Social
Feminino,23,Médio Completo,Cascata Guarani,1,CRAS Alto,CRAS Alto,Público Geral,Assistente Social
Feminino,39,Médio Completo,Bom Retiro,1,CRAS Alto,CRAS Alto,Público Geral,Assistente Social
Feminino,22,Médio Completo,Morro dos Pinheiros,1,CRAS Alto,CRAS Alto,Público Geral,Assistente Social
Feminino,23,Superior Completo,Vila Muqui,1,CRAS Alto,CRAS Alto,Público Geral,Assistente Social
Feminino,22,Médio Incompleto,Cascata Guarani,1,CRAS Alto,CRAS Alto,Público Geral,Assistente Social
Masculino,26,Superior Completo,Morro dos Pinheiros,1,CRAS Alto,CRAS Alto,Público Geral,Assistente Social
Feminino,31,Fundamental Incompleto,Vale Paraíso,1,CRAS Alto,CRAS Alto,Público Geral,Assistente Social
Feminino,28,Fundamental Completo,Vale Paraíso,1,CRAS Alto,CRAS Alto,Público Geral,Assistente Social
Feminino,32,Médio Completo,Corta Vento,1,CRAS Alto,CRAS Alto,Público Geral,Assistente Social
Feminino,50,Fundamental Incompleto,Canoas,3,CRAS Alto,CRAS Alto,Público Geral,Assistente Social
Feminino,37,Médio Completo,Canoas,3,CRAS Alto,CRAS Alto,Público Geral,Assistente Social
Feminino,32,Médio Incompleto,Canoas,3,CRAS Alto,CRAS Alto,Público Geral,Assistente Social
Masculino,64,Médio Incompleto,Iucas,1,CRAS Alto,CRAS Alto,Público Geral,Assistente Social
Feminino,61,Médio Completo,Agriões,1,CRAS Alto,CRAS Alto,Público Geral,Assistente Social
Feminino,19,Médio Completo,Cascata Guarani,1,CRAS Alto,CRAS Alto,Público Geral,Assistente Social
Masculino,62,Médio Completo,Cascata Guarani,1,CRAS Alto,CRAS Alto,Público Geral,Assistente Social
Feminino,38,Fundamental Incompleto,Várzea,1,CRAS Alto,CRAS Alto,Público Geral,Assistente Social
Feminino,20,Médio Incompleto,Tijuca,1,CRAS Alto,CRAS Alto,Público Geral,Assistente Social
Masculino,18,Médio Incompleto,Alto,1,CRAS Alto,CRAS Alto,Público Geral,Assistente Social
Feminino,31,Fundamental Incompleto,Vale Paraíso,1,CRAS Alto,CRAS Alto,Público Geral,Assistente Social
Feminino,41,Fundamental Incompleto,Cascata Guarani,1,CRAS Alto,CRAS Alto,Público Geral,Assistente Social
Feminino,20,Superior Incompleto,Albuquerque,1,CRAS Alto,CRAS Alto,Público Geral,Assistente Social
Feminino,40,Médio Completo,Cascata Guarani,1,CRAS Alto,CRAS Alto,Público Geral,Assistente Social
Feminino,23,Fundamental Completo,Corta Vento,1,CRAS Alto,CRAS Alto,Público Geral,Assistente Social
Feminino,50,Médio Completo,Taumaturgo,1,CRAS Alto,CRAS Alto,Público Geral,Assistente Social
Feminino,46,Médio Completo,Tijuca,1,CRAS Alto,CRAS Alto,Público Geral,Assistente Social
Feminino,46,Fundamental Incompleto,Agriões,1,CRAS Alto,CRAS Alto,Público Geral,Assistente Social
Feminino,50,Fundamental Incompleto,Iucas,1,CRAS Alto,CRAS Alto,Público Geral,Assistente Social
Feminino,55,Superior Incompleto,Ermitage,1,CRAS Alto,CRAS Alto,Público Geral,Assistente Social
Feminino,64,Não Escolarizado,Canoas,3,CRAS Alto,CRAS Alto,Público Geral,Assistente Social
Feminino,19,Médio Completo,Várzea,1,CRAS Alto,CRAS Alto,Público Geral,Assistente Social
Feminino,33,Superior Completo,Ermitage,1,CRAS Alto,CRAS Alto,Público Geral,Assistente Social
Feminino,37,Médio Completo,Várzea,1,CRAS Alto,CRAS Alto,Público Geral,Assistente Social
Masculino,24,Fundamental Completo,Cascata Guarani,1,CRAS Alto,CRAS Alto,Público Geral,Assistente Social
Feminino,68,Médio Completo,Várzea,1,CRAS Alto,CRAS Alto,Público Geral,Assistente Social
Feminino,31,Médio Completo,Várzea,1,CRAS Alto,CRAS Alto,Público Geral,Assistente Social
Feminino,52,Superior Completo,Corta Vento,1,CRAS Alto,CRAS Alto,Público Geral,Assistente Social
Feminino,53,Não Escolarizado,Cascata Guarani,1,CRAS Alto,CRAS Alto,Público Geral,Assistente Social
Feminino,28,Médio Incompleto,Pedreira,1,CRAS Alto,CRAS Alto,Público Geral,Assistente Social
Feminino,41,Fundamental Completo,Agriões,1,CRAS Alto,CRAS Alto,Público Geral,Assistente Social
Feminino,36,Superior Incompleto,Tijuca,1,CRAS Alto,CRAS Alto,Público Geral,Assistente Social
Feminino,21,Médio Completo,Cascata Guarani,1,CRAS Alto,CRAS Alto,Público Geral,Assistente Social
Masculino,67,Fundamental Incompleto,Bairro dos Artistas,1,CRAS Alto,CRAS Alto,Público Geral,Assistente Social
Masculino,63,Médio Completo,Várzea,1,CRAS Alto,CRAS Alto,Público Geral,Assistente Social
Feminino,36,Médio Incompleto,Jardim Serrano,1,CRAS Alto,CRAS Alto,Público Geral,Assistente Social
Feminino,37,Médio Completo,Tijuca,1,CRAS Alto,CRAS Alto,Público Geral,Assistente Social
Feminino,35,Médio Completo,Cascata Guarani,1,CRAS Alto,CRAS Alto,Público Geral,Assistente Social
Feminino,49,Superior Completo,Várzea,1,CRAS Alto,CRAS Alto,Público Geral,Assistente Social
Feminino,47,Superior Completo,Vale Paraíso,1,CRAS Alto,CRAS Alto,Público Geral,Assistente Social
Feminino,50,Médio Completo,Alto,1,CRAS Alto,CRAS Alto,Público Geral,Assistente Social
Masculino,32,Fundamental Completo,Granja Guarani,1,CRAS Alto,CRAS Alto,Público Geral,Assistente Social
Feminino,19,Médio Completo,Bairro dos Artistas,1,CRAS Alto,CRAS Alto,Público Geral,Assistente Social
Feminino,39,Fundamental Incompleto,Tijuca,1,CRAS Alto,CRAS Alto,Público Geral,Assistente Social
Masculino,59,Médio Completo,Várzea,1,CRAS Alto,CRAS Alto,Público Geral,Assistente Social
Feminino,50,Superior Incompleto,Cascata Guarani,1,CRAS Alto,CRAS Alto,Público Geral,Assistente Social
Feminino,58,Fundamental Completo,Cascata Guarani,1,CRAS Alto,CRAS Alto,Público Geral,Assistente Social
Feminino,53,Fundamental Incompleto,Granja Guarani,1,CRAS Alto,CRAS Alto,Público Geral,Assistente Social
Feminino,70,Médio Completo,Várzea,1,CRAS Alto,CRAS Alto,Público Geral,Assistente Social
Feminino,73,Superior Completo,Alto,1,CRAS Alto,CRAS Alto,Público Geral,Assistente Social
Feminino,63,Fundamental Incompleto,Granja Guarani,1,CRAS Alto,CRAS Alto,Público Geral,Assistente Social
Feminino,33,Médio Completo,Granja Guarani,1,CRAS Alto,CRAS Alto,Público Geral,Assistente Social
Feminino,75,Médio Completo,Granja Guarani,1,CRAS Alto,CRAS Alto,Público Geral,Assistente Social
Feminino,21,Médio Completo,Panorama,1,CRAS Alto,CRAS Alto,Público Geral,Assistente Social
Feminino,36,Médio Completo,Albuquerque,1,CRAS Alto,CRAS Alto,Público Geral,Assistente Social
Feminino,47,Superior Incompleto,Cascata Guarani,1,CRAS Alto,CRAS Alto,Público Geral,Assistente Social
Feminino,31,Médio Completo,Morro dos Pinheiros,1,CRAS Alto,CRAS Alto,Público Geral,Assistente Social
Feminino,42,Médio Incompleto,Cascata Guarani,1,CRAS Alto,CRAS Alto,Público Geral,Assistente Social
Feminino,59,Médio Incompleto,Parque São Luiz,1,CRAS Alto,CRAS Alto,Público Geral,Assistente Social
Feminino,20,Médio Completo,Tijuca,1,CRAS Alto,CRAS Alto,Público Geral,Assistente Social
Masculino,24,Fundamental Completo,Cascata Guarani,1,CRAS Alto,CRAS Alto,Público Geral,Assistente Social
Feminino,46,Fundamental Completo,Agriões,1,CRAS Alto,CRAS Alto,Público Geral,Assistente Social
Feminino,33,Médio Completo,Canoas,3,CRAS Alto,CRAS Alto,Público Geral,Assistente Social
Feminino,56,Superior Completo,Várzea,1,CRAS Alto,CRAS Alto,Público Geral,Assistente Social
Feminino,53,Médio Completo,Vale Paraíso,1,CRAS Alto,CRAS Alto,Público Geral,Assistente Social
Feminino,19,Médio Completo,Féos,1,CRAS Alto,CRAS Alto,Público Geral,Assistente Social
Feminino,22,Médio Completo,Tijuca,1,CRAS Alto,CRAS Alto,Público Geral,Assistente Social
Feminino,44,Fundamental Incompleto,Bairro dos Artistas,1,CRAS Alto,CRAS Alto,Público Geral,Assistente Social
Feminino,28,Fundamental Completo,Alto,1,CRAS Alto,CRAS Alto,Público Geral,Assistente Social
Feminino,27,Médio Completo,Corta Vento,1,CRAS Alto,CRAS Alto,Público Geral,Assistente Social
Feminino,44,Fundamental Incompleto,Alto,1,CRAS Alto,CRAS Alto,Público Geral,Assistente Social
Feminino,27,Médio Incompleto,Alto,1,CRAS Alto,CRAS Alto,Público Geral,Assistente Social
Feminino,45,Superior Completo,Alto,1,CRAS Alto,CRAS Alto,Público Geral,Assistente Social
Masculino,52,Fundamental Incompleto,Parque São Luiz,1,CRAS Alto,CRAS Alto,Público Geral,Assistente Social
Feminino,40,Fundamental Incompleto,Albuquerque,1,CRAS Alto,CRAS Alto,Público Geral,Assistente Social
Masculino,48,Médio Completo,Várzea,1,CRAS Alto,CRAS Alto,Público Geral,Assistente Social
Feminino,61,Médio Completo,Cascata dos Amores,1,CRAS Alto,CRAS Alto,Público Geral,Assistente Social
Feminino,52,Superior Completo,Fazendinha,1,CRAS Alto,CRAS Alto,Público Geral,Assistente Social
Feminino,67,Médio Completo,Cascata Guarani,1,CRAS Alto,CRAS Alto,Público Geral,Assistente Social
Masculino,48,Fundamental Incompleto,Barra do Imbuí,1,CRAS Alto,CRAS Alto,Público Geral,Assistente Social
Feminino,40,Fundamental Incompleto,Alto,1,CRAS Alto,CRAS Alto,Público Geral,Assistente Social
Feminino,55,Fundamental Incompleto,Taumaturgo,1,CRAS Alto,CRAS Alto,Público Geral,Cadastro Único
Feminino,54,Médio Completo,Ermitage,1,CRAS Alto,CRAS Alto,Público Geral,Cadastro Único
Feminino,30,Médio Completo,Barra do Imbuí,1,CRAS Alto,CRAS Alto,Público Geral,Cadastro Único
Feminino,28,Médio Completo,Várzea,1,CRAS Alto,CRAS Alto,PAIF,Cadastro Único
Feminino,60,Médio Completo,Albuquerque,1,CRAS Alto,CRAS Alto,Público Geral,Cadastro Único
Feminino,37,Fundamental Completo,Agriões,1,CRAS Alto,CRAS Alto,Público Geral,Cadastro Único
Feminino,40,Médio Completo,Morro dos Pinheiros,1,CRAS Alto,CRAS Alto,Público Geral,Cadastro Único
Masculino,18,Médio Completo,Cascata Guarani,1,CRAS Alto,CRAS Alto,Público Geral,Cadastro Único
Feminino,25,Superior Completo,Iucas,1,CRAS Alto,CRAS Alto,Público Geral,Cadastro Único
Feminino,31,Fundamental Incompleto,Parque São Luiz,1,CRAS Alto,CRAS Alto,Público Geral,Cadastro Único
Feminino,56,Superior Completo,Tijuca,1,CRAS Alto,CRAS Alto,Público Geral,Cadastro Único
Masculino,38,Fundamental Incompleto,Cascata Guarani,1,CRAS Alto,CRAS Alto,Público Geral,Cadastro Único
Feminino,29,Superior Completo,Várzea,1,CRAS Alto,CRAS Alto,Público Geral,Cadastro Único
Masculino,69,Fundamental Incompleto,Cascata Guarani,1,CRAS Alto,CRAS Alto,Público Geral,Cadastro Único
Masculino,57,Fundamental Incompleto,Agriões,1,CRAS Alto,CRAS Alto,Público Geral,Cadastro Único
Masculino,64,Fundamental Incompleto,Cascata Guarani,1,CRAS Alto,CRAS Alto,Público Geral,Cadastro Único
Feminino,35,Fundamental Incompleto,Corta Vento,1,CRAS Alto,CRAS Alto,Público Geral,Cadastro Único
Feminino,57,Fundamental Incompleto,Corta Vento,1,CRAS Alto,CRAS Alto,Público Geral,Cadastro Único
Feminino,69,Fundamental Incompleto,Fátima,1,CRAS Alto,CRAS Alto,Público Geral,Cadastro Único
Feminino,57,Médio Completo,Várzea,1,CRAS Alto,CRAS Alto,Público Geral,Cadastro Único
Feminino,36,Médio Completo,Alto,1,CRAS Alto,CRAS Alto,Público Geral,Cadastro Único
Feminino,76,Médio Completo,Alto,1,CRAS Alto,CRAS Alto,Público Geral,Cadastro Único
Masculino,58,Superior Completo,Agriões,1,CRAS Alto,CRAS Alto,Público Geral,Cadastro Único
Feminino,65,Fundamental Incompleto,Cascata Guarani,1,CRAS Alto,CRAS Alto,Público Geral,Cadastro Único
Feminino,44,Médio Completo,Agriões,1,CRAS Alto,CRAS Alto,Público Geral,Cadastro Único
Feminino,58,Médio Incompleto,Fazendinha,1,CRAS Alto,CRAS Alto,Público Geral,Cadastro Único
Feminino,50,Fundamental Completo,Corta Vento,1,CRAS Alto,CRAS Alto,Público Geral,Cadastro Único
Masculino,69,Fundamental Incompleto,Vale Paraíso,1,CRAS Alto,CRAS Alto,Público Geral,Cadastro Único
Feminino,62,Fundamental Incompleto,Fazendinha,1,CRAS Alto,CRAS Alto,Público Geral,Cadastro Único
Masculino,46,Fundamental Incompleto,Albuquerque,1,CRAS Alto,CRAS Alto,Público Geral,Cadastro Único
Masculino,71,Fundamental Incompleto,Tijuca,1,CRAS Alto,CRAS Alto,Público Geral,Cadastro Único
Masculino,59,Fundamental Incompleto,Bairro dos Artistas,1,CRAS Alto,CRAS Alto,Público Geral,Cadastro Único
Masculino,49,Superior Incompleto,Agriões,1,CRAS Alto,CRAS Alto,Público Geral,Cadastro Único
Feminino,46,Médio Completo,Granja Guarani,1,CRAS Alto,CRAS Alto,Público Geral,Cadastro Único
Feminino,66,Médio Completo,Tijuca,1,CRAS Alto,CRAS Alto,Público Geral,Cadastro Único
Feminino,23,Médio Completo,Alto,1,CRAS Alto,CRAS Alto,Público Geral,Cadastro Único
Feminino,19,Médio Completo,Corta Vento,1,CRAS Alto,CRAS Alto,Público Geral,Cadastro Único
Feminino,29,Fundamental Incompleto,Fazendinha,1,CRAS Alto,CRAS Alto,Público Geral,Cadastro Único
Feminino,52,Fundamental Completo,Corta Vento,1,CRAS Alto,CRAS Alto,Público Geral,Cadastro Único
Feminino,55,Fundamental Incompleto,Fazendinha,1,CRAS Alto,CRAS Alto,Público Geral,Cadastro Único
Feminino,20,Superior Completo,Alto,1,CRAS Alto,CRAS Alto,Público Geral,Cadastro Único
Feminino,57,Não Escolarizado,Cascata Guarani,1,CRAS Alto,CRAS Alto,Público Geral,Cadastro Único
Feminino,74,Não Escolarizado,Alto,1,CRAS Alto,CRAS Alto,Público Geral,Cadastro Único
Masculino,35,Médio Incompleto,Cascata Guarani,1,CRAS Alto,CRAS Alto,Público Geral,Cadastro Único
Feminino,77,Fundamental Incompleto,Granja Guarani,1,CRAS Alto,CRAS Alto,Público Geral,Cadastro Único
Masculino,28,Médio Completo,Cascata Guarani,1,CRAS Alto,CRAS Alto,Público Geral,Cadastro Único
Feminino,26,Médio Completo,Soberbo,1,CRAS Alto,CRAS Alto,Público Geral,Cadastro Único
Feminino,68,Superior Incompleto,Várzea,1,CRAS Alto,CRAS Alto,Público Geral,Cadastro Único
Feminino,51,Fundamental Incompleto,Soberbo,1,CRAS Alto,CRAS Alto,Público Geral,Cadastro Único
Feminino,64,Não Escolarizado,Vale Paraíso,1,CRAS Alto,CRAS Alto,Público Geral,Cadastro Único
Feminino,46,Fundamental Incompleto,Pedreira,1,CRAS Alto,CRAS Alto,Público Geral,Cadastro Único
Feminino,43,Médio Completo,Vale Paraíso,1,CRAS Alto,CRAS Alto,Público Geral,Cadastro Único
Feminino,35,Fundamental Incompleto,Parque São Luiz,1,CRAS Alto,CRAS Alto,Público Geral,Cadastro Único
Feminino,55,Fundamental Incompleto,Jardim Cascata,1,CRAS Alto,CRAS Alto,Público Geral,Cadastro Único
Masculino,35,Fundamental Incompleto,Tijuca,1,CRAS Alto,CRAS Alto,Público Geral,Cadastro Único
Feminino,37,Fundamental Incompleto,Parque São Luiz,1,CRAS Alto,CRAS Alto,Público Geral,Cadastro Único
Feminino,51,Médio Completo,Fazendinha,1,CRAS Alto,CRAS Alto,Público Geral,Cadastro Único
Masculino,44,Fundamental Incompleto,Alto,1,CRAS Alto,CRAS Alto,Público Geral,Cadastro Único
Feminino,81,Não Escolarizado,Granja Guarani,1,CRAS Alto,CRAS Alto,Público Geral,Cadastro Único
Feminino,59,Fundamental Incompleto,Jardim Serrano,1,CRAS Alto,CRAS Alto,Público Geral,Cadastro Único
Feminino,64,Médio Completo,Granja Guarani,1,CRAS Alto,CRAS Alto,Público Geral,Cadastro Único
Feminino,57,Fundamental Incompleto,Cascata Guarani,1,CRAS Alto,CRAS Alto,Público Geral,Cadastro Único
Feminino,43,Médio Completo,Granja Guarani,1,CRAS Alto,CRAS Alto,Público Geral,Cadastro Único
Masculino,73,Fundamental Incompleto,Granja Guarani,1,CRAS Alto,CRAS Alto,Público Geral,Cadastro Único
Masculino,63,Médio Completo,Alto,1,CRAS Alto,CRAS Alto,Público Geral,Cadastro Único
Masculino,82,Fundamental Incompleto,Ermitage,1,CRAS Alto,CRAS Alto,Público Geral,Cadastro Único
Masculino,19,Médio Completo,Castelinho,1,CRAS Alto,CRAS Alto,Público Geral,Cadastro Único
Masculino,18,Médio Completo,Granja Guarani,1,CRAS Alto,CRAS Alto,Público Geral,Cadastro Único
Feminino,59,Fundamental Incompleto,Cascata Guarani,1,CRAS Alto,CRAS Alto,Público Geral,Cadastro Único
Feminino,50,Médio Incompleto,Granja Guarani,1,CRAS Alto,CRAS Alto,Público Geral,Cadastro Único
Masculino,72,Médio Incompleto,Albuquerque,1,CRAS Alto,CRAS Alto,Público Geral,Cadastro Único
Masculino,76,Não Escolarizado,Bairro dos Artistas,1,CRAS Alto,CRAS Alto,Público Geral,Cadastro Único
Feminino,46,Superior Incompleto,Várzea,1,CRAS Alto,CRAS Alto,Público Geral,Cadastro Único
Feminino,80,Superior Incompleto,Soberbo,1,CRAS Alto,CRAS Alto,Público Geral,Cadastro Único
Feminino,65,Fundamental Incompleto,Vila Muqui,1,CRAS Alto,CRAS Alto,Público Geral,Cadastro Único
Feminino,41,Médio Completo,Ermitage,1,CRAS Alto,CRAS Alto,Público Geral,Cadastro Único
Feminino,51,Fundamental Completo,Soberbo,1,CRAS Alto,CRAS Alto,Público Geral,Cadastro Único
Feminino,38,Superior Completo,Alto,1,CRAS Alto,CRAS Alto,Público Geral,Cadastro Único
Feminino,36,Médio Completo,Alto,1,CRAS Alto,CRAS Alto,Público Geral,Cadastro Único
Masculino,76,Não Escolarizado,Bairro dos Artistas,1,CRAS Alto,CRAS Alto,Público Geral,Cadastro Único
Feminino,43,Fundamental Incompleto,Jardim Serrano,1,CRAS Alto,CRAS Alto,Público Geral,Cadastro Único
Masculino,77,Médio Incompleto,Várzea,1,CRAS Alto,CRAS Alto,Público Geral,Cadastro Único
Feminino,39,Fundamental Incompleto,Granja Guarani,1,CRAS Alto,CRAS Alto,Público Geral,Cadastro Único
Feminino,37,Médio Incompleto,Alto,1,CRAS Alto,CRAS Alto,Público Geral,Cadastro Único
Masculino,29,Médio Completo,Morro dos Pinheiros,1,CRAS Alto,CRAS Alto,Público Geral,Cadastro Único
Feminino,31,Médio Completo,Ermitage,1,CRAS Alto,CRAS Alto,Público Geral,Cadastro Único
Masculino,26,Superior Completo,Morro dos Pinheiros,1,CRAS Alto,CRAS Alto,Público Geral,Cadastro Único
Feminino,40,Médio Completo,Bairro dos Artistas,1,CRAS Alto,CRAS Alto,Público Geral,Cadastro Único
Feminino,33,Médio Completo,Água Quente,2,CRAS Alto,CRAS Alto,Público Geral,Cadastro Único
Feminino,52,Superior Completo,Várzea,1,CRAS Alto,CRAS Alto,Público Geral,Cadastro Único
Feminino,46,Fundamental Incompleto,Tijuca,1,CRAS Alto,CRAS Alto,Público Geral,Cadastro Único
Feminino,55,Fundamental Incompleto,Tijuca,1,CRAS Alto,CRAS Alto,Público Geral,Cadastro Único
Masculino,45,Fundamental Incompleto,Tijuca,1,CRAS Alto,CRAS Alto,Público Geral,Cadastro Único
Masculino,33,Superior Completo,Tijuca,1,CRAS Alto,CRAS Alto,Público Geral,Cadastro Único
Feminino,27,Médio Completo,Morro dos Pinheiros,1,CRAS Alto,CRAS Alto,Público Geral,Cadastro Único
Masculino,70,Fundamental Incompleto,Fazendinha,1,CRAS Alto,CRAS Alto,Público Geral,Cadastro Único
Feminino,62,Superior Completo,Agriões,1,CRAS Alto,CRAS Alto,Público Geral,Cadastro Único
Masculino,65,Fundamental Incompleto,Fazendinha,1,CRAS Alto,CRAS Alto,Público Geral,Cadastro Único
Feminino,43,Superior Incompleto,Alto,1,CRAS Alto,CRAS Alto,Público Geral,Cadastro Único
Feminino,25,Fundamental Incompleto,Cascata Guarani,1,CRAS Alto,CRAS Alto,Público Geral,Cadastro Único
Feminino,45,Superior Completo,Cascata Guarani,1,CRAS Alto,CRAS Alto,Público Geral,Cadastro Único
Masculino,56,Fundamental Incompleto,Várzea,1,CRAS Alto,CRAS Alto,Público Geral,Cadastro Único
Feminino,28,Fundamental Incompleto,Albuquerque,1,CRAS Alto,CRAS Alto,Público Geral,Cadastro Único
Feminino,31,Fundamental Completo,Vale Paraíso,1,CRAS Alto,CRAS Alto,Público Geral,Cadastro Único
Feminino,28,Fundamental Completo,Vale Paraíso,1,CRAS Alto,CRAS Alto,Público Geral,Cadastro Único
Feminino,32,Médio Incompleto,Canoas,3,CRAS Alto,CRAS Alto,Público Geral,Cadastro Único
Feminino,60,Fundamental Incompleto,Vale Paraíso,1,CRAS Alto,CRAS Alto,Público Geral,Cadastro Único
Feminino,50,Fundamental Incompleto,Canoas,3,CRAS Alto,CRAS Alto,Público Geral,Cadastro Único
Feminino,41,Médio Completo,Morro dos Pinheiros,1,CRAS Alto,CRAS Alto,Público Geral,Cadastro Único
Masculino,65,Fundamental Incompleto,Morro dos Pinheiros,1,CRAS Alto,CRAS Alto,Público Geral,Cadastro Único
Masculino,64,Médio Completo,Iucas,1,CRAS Alto,CRAS Alto,Público Geral,Cadastro Único
Masculino,70,Médio Incompleto,Corta Vento,1,CRAS Alto,CRAS Alto,Público Geral,Cadastro Único
Masculino,53,Fundamental Incompleto,Morro dos Pinheiros,1,CRAS Alto,CRAS Alto,Público Geral,Cadastro Único
Feminino,58,Médio Incompleto,Morro dos Pinheiros,1,CRAS Alto,CRAS Alto,Público Geral,Cadastro Único
Feminino,38,Fundamental Incompleto,Cascata Guarani,1,CRAS Alto,CRAS Alto,Público Geral,Cadastro Único
Feminino,46,Médio Completo,Ermitage,1,CRAS Alto,CRAS Alto,Público Geral,Cadastro Único
Feminino,71,Médio Completo,Alto,1,CRAS Alto,CRAS Alto,Público Geral,Cadastro Único
Feminino,43,Fundamental Incompleto,Fazendinha,1,CRAS Alto,CRAS Alto,Público Geral,Cadastro Único
Feminino,43,Superior Completo,Morro dos Pinheiros,1,CRAS Alto,CRAS Alto,Público Geral,Cadastro Único
Feminino,35,Superior Completo,Agriões,1,CRAS Alto,CRAS Alto,Público Geral,Cadastro Único
Feminino,35,Médio Completo,Tijuca,1,CRAS Alto,CRAS Alto,Público Geral,Cadastro Único
Feminino,55,Médio Completo,Agriões,1,CRAS Alto,CRAS Alto,Público Geral,Cadastro Único
Feminino,50,Fundamental Incompleto,Cascata Guarani,1,CRAS Alto,CRAS Alto,Público Geral,Cadastro Único
Feminino,55,Superior Completo,Vale Paraíso,1,CRAS Alto,CRAS Alto,Público Geral,Cadastro Único
Feminino,47,Médio Completo,Bairro dos Artistas,1,CRAS Alto,CRAS Alto,Público Geral,Cadastro Único
Feminino,43,Médio Completo,Morro dos Pinheiros,1,CRAS Alto,CRAS Alto,Público Geral,Cadastro Único
Masculino,31,Médio Completo,Araras,1,CRAS Alto,CRAS Alto,Público Geral,Cadastro Único
Feminino,39,Médio Completo,Várzea,1,CRAS Alto,CRAS Alto,Público Geral,Cadastro Único
Feminino,56,Fundamental Incompleto,Cascata Guarani,1,CRAS Alto,CRAS Alto,Público Geral,Cadastro Único
Masculino,74,Superior Completo,Albuquerque,1,CRAS Alto,CRAS Alto,Público Geral,Cadastro Único
Masculino,55,Fundamental Incompleto,Cascata Guarani,1,CRAS Alto,CRAS Alto,Público Geral,Cadastro Único
Feminino,35,Médio Incompleto,Granja Guarani,1,CRAS Alto,CRAS Alto,Público Geral,Cadastro Único
Masculino,28,Superior Completo,Cascata Guarani,1,CRAS Alto,CRAS Alto,Público Geral,Cadastro Único
Feminino,22,Médio Completo,Várzea,1,CRAS Alto,CRAS Alto,Público Geral,Cadastro Único
Masculino,60,Fundamental Incompleto,Bairro dos Artistas,1,CRAS Alto,CRAS Alto,Público Geral,Cadastro Único
Feminino,50,Médio Completo,Alto,1,CRAS Alto,CRAS Alto,Público Geral,Cadastro Único
Feminino,67,Fundamental Incompleto,Albuquerque,1,CRAS Alto,CRAS Alto,Público Geral,Cadastro Único
Feminino,64,Fundamental Incompleto,Canoas,3,CRAS Alto,CRAS Alto,Público Geral,Cadastro Único
Masculino,70,Fundamental Incompleto,Corta Vento,1,CRAS Alto,CRAS Alto,Público Geral,Cadastro Único
Feminino,70,Fundamental Completo,Alto,1,CRAS Alto,CRAS Alto,Público Geral,Cadastro Único
Masculino,74,Superior Completo,Albuquerque,1,CRAS Alto,CRAS Alto,Público Geral,Cadastro Único
Feminino,67,Fundamental Incompleto,Agriões,1,CRAS Alto,CRAS Alto,Público Geral,Cadastro Único
Feminino,29,Fundamental Incompleto,Corta Vento,1,CRAS Alto,CRAS Alto,Público Geral,Cadastro Único
Masculino,61,Superior Completo,Albuquerque,1,CRAS Alto,CRAS Alto,Público Geral,Cadastro Único
Feminino,55,Fundamental Incompleto,Cascata Guarani,1,CRAS Alto,CRAS Alto,Público Geral,Cadastro Único
Feminino,55,Fundamental Incompleto,Albuquerque,1,CRAS Alto,CRAS Alto,Público Geral,Cadastro Único
Feminino,48,Fundamental Incompleto,Jardim Serrano,1,CRAS Alto,CRAS Alto,Público Geral,Cadastro Único
Feminino,62,Fundamental Incompleto,Cascata Guarani,1,CRAS Alto,CRAS Alto,Público Geral,Cadastro Único
Feminino,41,Médio Completo,Vale Paraíso,1,CRAS Alto,CRAS Alto,Público Geral,Cadastro Único
Feminino,19,Médio Completo,Várzea,1,CRAS Alto,CRAS Alto,Público Geral,Cadastro Único
Feminino,50,Médio Completo,Jardim Serrano,1,CRAS Alto,CRAS Alto,Público Geral,Cadastro Único
Feminino,31,Superior Incompleto,Várzea,1,CRAS Alto,CRAS Alto,Público Geral,Cadastro Único
Feminino,56,Médio Completo,Agriões,1,CRAS Alto,CRAS Alto,Público Geral,Cadastro Único
Masculino,60,Fundamental Incompleto,Cascata Guarani,1,CRAS Alto,CRAS Alto,Público Geral,Cadastro Único
Feminino,44,Médio Completo,Jardim Serrano,1,CRAS Alto,CRAS Alto,Público Geral,Cadastro Único
Masculino,64,Fundamental Incompleto,Vale Paraíso,1,CRAS Alto,CRAS Alto,Público Geral,Cadastro Único
Feminino,69,Fundamental Incompleto,Corta Vento,1,CRAS Alto,CRAS Alto,Público Geral,Cadastro Único
Masculino,18,Médio Incompleto,Alto,1,CRAS Alto,CRAS Alto,Público Geral,Cadastro Único
Feminino,37,Superior Incompleto,Várzea,1,CRAS Alto,CRAS Alto,Público Geral,Cadastro Único
Feminino,34,Médio Completo,Canoas,3,CRAS Alto,CRAS Alto,Público Geral,Cadastro Único
Masculino,63,Superior Completo,Cascata Guarani,1,CRAS Alto,CRAS Alto,Público Geral,Cadastro Único
Masculino,30,Fundamental Incompleto,Cascata Guarani,1,CRAS Alto,CRAS Alto,Público Geral,Cadastro Único
Feminino,41,Fundamental Incompleto,Cascata Guarani,1,CRAS Alto,CRAS Alto,Público Geral,Cadastro Único
Feminino,38,Superior Completo,Jardim Serrano,1,CRAS Alto,CRAS Alto,Público Geral,Cadastro Único
Feminino,22,Médio Incompleto,Albuquerque,1,CRAS Alto,CRAS Alto,Público Geral,Cadastro Único
Feminino,20,Superior Incompleto,Parque São Luiz,1,CRAS Alto,CRAS Alto,Público Geral,Cadastro Único
Feminino,52,Fundamental Incompleto,Cascata Guarani,1,CRAS Alto,CRAS Alto,Público Geral,Cadastro Único
Feminino,30,Médio Completo,Alto,1,CRAS Alto,CRAS Alto,Público Geral,Cadastro Único
Feminino,60,Fundamental Incompleto,Corta Vento,1,CRAS Alto,CRAS Alto,Público Geral,Cadastro Único
Feminino,24,Médio Completo,Alto,1,CRAS Alto,CRAS Alto,Público Geral,Cadastro Único
Feminino,51,Superior Completo,Jardim Serrano,1,CRAS Alto,CRAS Alto,Público Geral,Cadastro Único
Feminino,41,Fundamental Incompleto,Morro dos Pinheiros,1,CRAS Alto,CRAS Alto,Público Geral,Cadastro Único
Feminino,41,Superior Completo,Morro dos Pinheiros,1,CRAS Alto,CRAS Alto,Público Geral,Cadastro Único
Feminino,39,Médio Incompleto,Corta Vento,1,CRAS Alto,CRAS Alto,Público Geral,Cadastro Único
Feminino,33,Médio Completo,Cascata Guarani,1,CRAS Alto,CRAS Alto,Público Geral,Cadastro Único
Feminino,48,Médio Completo,Cascata Guarani,1,CRAS Alto,CRAS Alto,Público Geral,Cadastro Único
Feminino,46,Fundamental Incompleto,Agriões,1,CRAS Alto,CRAS Alto,Público Geral,Cadastro Único
Feminino,76,Não Escolarizado,Cascata Guarani,1,CRAS Alto,CRAS Alto,Público Geral,Cadastro Único
Masculino,24,Fundamental Completo,Cascata Guarani,1,CRAS Alto,CRAS Alto,Público Geral,Cadastro Único
Feminino,71,Médio Completo,Cascata Guarani,1,CRAS Alto,CRAS Alto,Público Geral,Cadastro Único
Masculino,66,Médio Completo,Tijuca,1,CRAS Alto,CRAS Alto,Público Geral,Cadastro Único
Feminino,33,Médio Completo,Albuquerque,1,CRAS Alto,CRAS Alto,Público Geral,Cadastro Único
Feminino,62,Fundamental Completo,Alto,1,CRAS Alto,CRAS Alto,Público Geral,Cadastro Único
Feminino,62,Superior Completo,Agriões,1,CRAS Alto,CRAS Alto,Público Geral,Cadastro Único
Masculino,41,Fundamental Completo,Agriões,1,CRAS Alto,CRAS Alto,Público Geral,Cadastro Único
Feminino,51,Fundamental Incompleto,Soberbo,1,CRAS Alto,CRAS Alto,Público Geral,Cadastro Único
Masculino,63,Médio Completo,Granja Guarani,1,CRAS Alto,CRAS Alto,Público Geral,Cadastro Único
Feminino,48,Médio Completo,Granja Guarani,1,CRAS Alto,CRAS Alto,Público Geral,Cadastro Único
Feminino,27,Superior Completo,Tijuca,1,CRAS Alto,CRAS Alto,Público Geral,Cadastro Único
Feminino,37,Superior Completo,Tijuca,1,CRAS Alto,CRAS Alto,Público Geral,Cadastro Único
Feminino,35,Médio Completo,Albuquerque,1,CRAS Alto,CRAS Alto,Público Geral,Cadastro Único
Feminino,67,Fundamental Completo,Cascata Guarani,1,CRAS Alto,CRAS Alto,Público Geral,Cadastro Único
Masculino,63,Médio Completo,Morro dos Pinheiros,1,CRAS Alto,CRAS Alto,Público Geral,Cadastro Único
Feminino,37,Médio Completo,Corta Vento,1,CRAS Alto,CRAS Alto,Público Geral,Cadastro Único
Feminino,25,Médio Completo,Várzea,1,CRAS Alto,CRAS Alto,Público Geral,Cadastro Único
Feminino,36,Médio Incompleto,Jardim Serrano,1,CRAS Alto,CRAS Alto,Público Geral,Cadastro Único
Feminino,21,Médio Completo,Cascata Guarani,1,CRAS Alto,CRAS Alto,Público Geral,Cadastro Único
Feminino,33,Não Escolarizado,Várzea,1,CRAS Alto,CRAS Alto,Público Geral,Cadastro Único
Masculino,71,Superior Completo,Alto,1,CRAS Alto,CRAS Alto,Público Geral,Cadastro Único
Feminino,43,Fundamental Completo,Várzea,1,CRAS Alto,CRAS Alto,Público Geral,Cadastro Único
Feminino,36,Fundamental Incompleto,Fazendinha,1,CRAS Alto,CRAS Alto,Público Geral,Cadastro Único
Feminino,42,Médio Completo,Agriões,1,CRAS Alto,CRAS Alto,Público Geral,Cadastro Único
Feminino,44,Médio Completo,Corta Vento,1,CRAS Alto,CRAS Alto,Público Geral,Cadastro Único
Feminino,63,Médio Completo,Alto,1,CRAS Alto,CRAS Alto,Público Geral,Cadastro Único
Feminino,60,Fundamental Incompleto,Vale Paraíso,1,CRAS Alto,CRAS Alto,Público Geral,Cadastro Único
Feminino,33,Médio Completo,Canoas,3,CRAS Alto,CRAS Alto,Público Geral,Cadastro Único
Feminino,59,Médio Incompleto,Agriões,1,CRAS Alto,CRAS Alto,Público Geral,Cadastro Único
Feminino,49,Superior Completo,Várzea,1,CRAS Alto,CRAS Alto,Público Geral,Cadastro Único
Feminino,32,Médio Incompleto,Albuquerque,1,CRAS Alto,CRAS Alto,Público Geral,Cadastro Único
Feminino,44,Médio Completo,Alto,1,CRAS Alto,CRAS Alto,Público Geral,Cadastro Único
Masculino,63,Fundamental Incompleto,Albuquerque,1,CRAS Alto,CRAS Alto,Público Geral,Cadastro Único
Feminino,67,Fundamental Incompleto,Várzea,1,CRAS Alto,CRAS Alto,Público Geral,Cadastro Único
Masculino,43,Fundamental Incompleto,Bairro dos Artistas,1,CRAS Alto,CRAS Alto,Público Geral,Cadastro Único
Masculino,71,Fundamental Incompleto,Jardim Serrano,1,CRAS Alto,CRAS Alto,Público Geral,Cadastro Único
Feminino,31,Médio Completo,Tijuca,1,CRAS Alto,CRAS Alto,Público Geral,Cadastro Único
Masculino,65,Fundamental Incompleto,Albuquerque,1,CRAS Alto,CRAS Alto,Público Geral,Cadastro Único
Feminino,55,Fundamental Incompleto,Morro dos Pinheiros,1,CRAS Alto,CRAS Alto,Público Geral,Cadastro Único
Feminino,20,Médio Completo,Tijuca,1,CRAS Alto,CRAS Alto,Público Geral,Cadastro Único
Feminino,25,Fundamental Completo,Corta Vento,1,CRAS Alto,CRAS Alto,Público Geral,Cadastro Único
Feminino,31,Médio Incompleto,Corta Vento,1,CRAS Alto,CRAS Alto,Público Geral,Cadastro Único
Feminino,48,Médio Completo,Ermitage,1,CRAS Alto,CRAS Alto,Público Geral,Cadastro Único
Masculino,52,Fundamental Incompleto,Morro dos Pinheiros,1,CRAS Alto,CRAS Alto,Público Geral,Cadastro Único
Feminino,56,Médio Completo,Cascata Guarani,1,CRAS Alto,CRAS Alto,Público Geral,Cadastro Único
Feminino,30,Médio Completo,Tijuca,1,CRAS Alto,CRAS Alto,Público Geral,Cadastro Único
Feminino,42,Médio Completo,Ermitage,1,CRAS Alto,CRAS Alto,Público Geral,Cadastro Único
Feminino,29,Médio Incompleto,Jardim Serrano,1,CRAS Alto,CRAS Alto,Público Geral,Cadastro Único
Feminino,22,Médio Incompleto,Cascata Guarani,1,CRAS Alto,CRAS Alto,Público Geral,Cadastro Único
Feminino,48,Médio Completo,Cascata Guarani,1,CRAS Alto,CRAS Alto,Público Geral,Cadastro Único
Feminino,34,Médio Completo,Albuquerque,1,CRAS Alto,CRAS Alto,Público Geral,Cadastro Único
Masculino,77,Médio Incompleto,Várzea,1,CRAS Alto,CRAS Alto,Público Geral,Cadastro Único
Feminino,54,Médio Completo,Cascata Guarani,1,CRAS Alto,CRAS Alto,Público Geral,Cadastro Único
Masculino,59,Médio Completo,Várzea,1,CRAS Alto,CRAS Alto,Público Geral,Cadastro Único
Feminino,39,Médio Completo,Ermitage,1,CRAS Alto,CRAS Alto,Público Geral,Cadastro Único
Feminino,25,Médio Incompleto,Tijuca,1,CRAS Alto,CRAS Alto,Público Geral,Cadastro Único
Feminino,30,Médio Completo,Albuquerque,1,CRAS Alto,CRAS Alto,Público Geral,Cadastro Único
Feminino,63,Fundamental Incompleto,Granja Guarani,1,CRAS Alto,CRAS Alto,Público Geral,Cadastro Único
Feminino,40,Médio Incompleto,Albuquerque,1,CRAS Alto,CRAS Alto,Público Geral,Cadastro Único
Masculino,45,Superior Completo,Alto,1,CRAS Alto,CRAS Alto,Público Geral,Cadastro Único
Feminino,19,Superior Incompleto,Ermitage,1,CRAS Alto,CRAS Alto,Público Geral,Cadastro Único
Feminino,53,Não Escolarizado,Cascata Guarani,1,CRAS Alto,CRAS Alto,Público Geral,Cadastro Único
Feminino,44,Médio Completo,Alto,1,CRAS Alto,CRAS Alto,Público Geral,Cadastro Único
Masculino,63,Fundamental Incompleto,Albuquerque,1,CRAS Alto,CRAS Alto,Público Geral,Cadastro Único
Feminino,46,Médio Completo,Alto,1,CRAS Alto,CRAS Alto,Público Geral,Cadastro Único
Masculino,67,Médio Completo,Albuquerque,1,CRAS Alto,CRAS Alto,Público Geral,Cadastro Único
Feminino,50,Médio Completo,Alto,1,CRAS Alto,CRAS Alto,Público Geral,Cadastro Único
Feminino,48,Médio Completo,Cascata Guarani,1,CRAS Alto,CRAS Alto,Público Geral,Cadastro Único
Feminino,42,Médio Incompleto,Cascata Guarani,1,CRAS Alto,CRAS Alto,Público Geral,Cadastro Único
Feminino,56,Médio Completo,Albuquerque,1,CRAS Alto,CRAS Alto,Público Geral,Cadastro Único
Feminino,44,Médio Incompleto,Cascata Guarani,1,CRAS Alto,CRAS Alto,Público Geral,Cadastro Único
Feminino,66,Fundamental Incompleto,Parque São Luiz,1,CRAS Alto,CRAS Alto,Público Geral,Cadastro Único
Feminino,29,Médio Incompleto,Granja Guarani,1,CRAS Alto,CRAS Alto,Público Geral,Cadastro Único
Feminino,81,Fundamental Completo,Fazendinha,1,CRAS Alto,CRAS Alto,Público Geral,Cadastro Único
Feminino,21,Médio Incompleto,Panorama,1,CRAS Alto,CRAS Alto,Público Geral,Cadastro Único
Masculino,69,Fundamental Incompleto,Agriões,1,CRAS Alto,CRAS Alto,Público Geral,Cadastro Único
Feminino,70,Médio Completo,Várzea,1,CRAS Alto,CRAS Alto,Público Geral,Cadastro Único
Masculino,57,Fundamental Incompleto,Granja Guarani,1,CRAS Alto,CRAS Alto,Público Geral,Cadastro Único
Feminino,31,Médio Completo,Morro dos Pinheiros,1,CRAS Alto,CRAS Alto,Público Geral,Cadastro Único
Feminino,60,Médio Completo,Albuquerque,1,CRAS Alto,CRAS Alto,Público Geral,Cadastro Único
Feminino,79,Médio Completo,Agriões,1,CRAS Alto,CRAS Alto,Público Geral,Cadastro Único
Feminino,76,Fundamental Completo,Cascata Guarani,1,CRAS Alto,CRAS Alto,Público Geral,Cadastro Único
Masculino,24,Médio Completo,Vale Paraíso,1,CRAS Alto,CRAS Alto,Público Geral,Cadastro Único
Feminino,55,Médio Completo,Soberbo,1,CRAS Alto,CRAS Alto,Público Geral,Cadastro Único
Masculino,59,Superior Incompleto,Várzea,1,CRAS Alto,CRAS Alto,Público Geral,Cadastro Único
Feminino,40,Não Escolarizado,Cascata Guarani,1,CRAS Alto,CRAS Alto,Público Geral,Cadastro Único
Masculino,21,Médio Completo,Alto,1,CRAS Alto,CRAS Alto,Público Geral,Cadastro Único
Feminino,44,Médio Completo,Bairro dos Artistas,1,CRAS Alto,CRAS Alto,Público Geral,Cadastro Único
Feminino,65,Fundamental Incompleto,Albuquerque,1,CRAS Alto,CRAS Alto,Público Geral,Cadastro Único
Feminino,52,Superior Completo,Morro dos Pinheiros,1,CRAS Alto,CRAS Alto,Público Geral,Cadastro Único
Feminino,27,Fundamental Incompleto,Fazendinha,1,CRAS Alto,CRAS Alto,Público Geral,Cadastro Único
Masculino,70,Fundamental Incompleto,Agriões,1,CRAS Alto,CRAS Alto,Público Geral,Cadastro Único
Feminino,48,Fundamental Incompleto,Bairro dos Artistas,1,CRAS Alto,CRAS Alto,Público Geral,Cadastro Único
Feminino,61,Fundamental Incompleto,Alto,1,CRAS Alto,CRAS Alto,Público Geral,Cadastro Único
Feminino,26,Médio Completo,Vale Paraíso,1,CRAS Alto,CRAS Alto,Público Geral,Cadastro Único
Masculino,40,Médio Completo,Jardim Cascata,1,CRAS Alto,CRAS Alto,Público Geral,Cadastro Único
Feminino,66,Fundamental Incompleto,Morro dos Pinheiros,1,CRAS Alto,CRAS Alto,Público Geral,Cadastro Único
Feminino,42,Médio Incompleto,Parque São Luiz,1,CRAS Alto,CRAS Alto,Público Geral,Cadastro Único
Feminino,50,Superior Completo,Várzea,1,CRAS Alto,CRAS Alto,Público Geral,Cadastro Único
Feminino,32,Fundamental Incompleto,Corta Vento,1,CRAS Alto,CRAS Alto,Público Geral,Cadastro Único
Masculino,28,Médio Incompleto,Cascata Guarani,1,CRAS Alto,CRAS Alto,Público Geral,Cadastro Único
Feminino,62,Médio Incompleto,Fazendinha,1,CRAS Alto,CRAS Alto,Público Geral,Cadastro Único
Feminino,26,Fundamental Incompleto,Várzea,1,CRAS Alto,CRAS Alto,Público Geral,Cadastro Único
Feminino,18,Superior Completo,Tijuca,1,CRAS Alto,CRAS Alto,Público Geral,Cadastro Único
Feminino,51,Médio Completo,Vale Paraíso,1,CRAS Alto,CRAS Alto,Público Geral,Cadastro Único
Masculino,58,Fundamental Completo,Morro dos Pinheiros,1,CRAS Alto,CRAS Alto,Público Geral,Cadastro Único
Feminino,56,Médio Incompleto,Corta Vento,1,CRAS Alto,CRAS Alto,Público Geral,Cadastro Único
Feminino,46,Médio Completo,Várzea,1,CRAS Alto,CRAS Alto,Público Geral,Cadastro Único
Feminino,55,Médio Incompleto,Iucas,1,CRAS Alto,CRAS Alto,Público Geral,Cadastro Único
Feminino,26,Médio Incompleto,Cascata Guarani,1,CRAS Alto,CRAS Alto,Público Geral,Cadastro Único
Feminino,53,Médio Incompleto,Vale Paraíso,1,CRAS Alto,CRAS Alto,Público Geral,Cadastro Único
Feminino,68,Médio Incompleto,Vale Paraíso,1,CRAS Alto,CRAS Alto,Público Geral,Cadastro Único
Feminino,32,Médio Incompleto,Várzea,1,CRAS Alto,CRAS Alto,Público Geral,Cadastro Único
Feminino,49,Médio Completo,Tijuca,1,CRAS Alto,CRAS Alto,Público Geral,Cadastro Único
Feminino,22,Superior Completo,Alto,1,CRAS Alto,CRAS Alto,Público Geral,Cadastro Único
Feminino,33,Médio Completo,Tijuca,1,CRAS Alto,CRAS Alto,Público Geral,Cadastro Único
Feminino,55,Médio Completo,Canoas,3,CRAS Alto,CRAS Alto,Público Geral,Cadastro Único
Feminino,61,Fundamental Incompleto,Granja Guarani,1,CRAS Alto,CRAS Alto,Público Geral,Cadastro Único
Feminino,49,Fundamental Incompleto,Corta Vento,1,CRAS Alto,CRAS Alto,Público Geral,Cadastro Único
Feminino,55,Fundamental Incompleto,Morro dos Pinheiros,1,CRAS Alto,CRAS Alto,Público Geral,Cadastro Único
Masculino,76,Fundamental Incompleto,Morro dos Pinheiros,1,CRAS Alto,CRAS Alto,Público Geral,Cadastro Único
Feminino,76,Fundamental Incompleto,Várzea,1,CRAS Alto,CRAS Alto,Público Geral,Cadastro Único
Feminino,62,Médio Incompleto,Bairro dos Artistas,1,CRAS Alto,CRAS Alto,Público Geral,Cadastro Único
Masculino,64,Fundamental Incompleto,Vale Paraíso,1,CRAS Alto,CRAS Alto,Público Geral,Cadastro Único
Feminino,22,Médio Incompleto,Alto,1,CRAS Alto,CRAS Alto,Público Geral,Cadastro Único
Feminino,28,Médio Completo,Cascata Guarani,1,CRAS Alto,CRAS Alto,Público Geral,Cadastro Único
Masculino,38,Fundamental Incompleto,Cascata Guarani,1,CRAS Alto,CRAS Alto,Público Geral,Cadastro Único
Masculino,24,Superior Completo,Tijuca,1,CRAS Alto,CRAS Alto,Público Geral,Cadastro Único
Feminino,71,Superior Incompleto,Iucas,1,CRAS Alto,CRAS Alto,Público Geral,Cadastro Único
Feminino,57,Fundamental Incompleto,Pedreira,1,CRAS Alto,CRAS Alto,Público Geral,Cadastro Único
Feminino,60,Não Escolarizado,Pedreira,1,CRAS Alto,CRAS Alto,Público Geral,Cadastro Único
Feminino,46,Médio Completo,Várzea,1,CRAS Alto,CRAS Alto,Público Geral,Cadastro Único
Feminino,48,Fundamental Incompleto,Corta Vento,1,CRAS Alto,CRAS Alto,Público Geral,Cadastro Único
Feminino,31,Médio Completo,Cascata Guarani,1,CRAS Alto,CRAS Alto,Público Geral,Cadastro Único
Feminino,38,Fundamental Incompleto,Alto,1,CRAS Alto,CRAS Alto,Público Geral,Cadastro Único
Feminino,43,Fundamental Incompleto,Alto,1,CRAS Alto,CRAS Alto,Público Geral,Cadastro Único
Feminino,43,Superior Completo,Morro dos Pinheiros,1,CRAS Alto,CRAS Alto,Público Geral,Cadastro Único
Feminino,18,Médio Incompleto,Morro dos Pinheiros,1,CRAS Alto,CRAS Alto,Público Geral,Cadastro Único
Feminino,52,Fundamental Completo,Corta Vento,1,CRAS Alto,CRAS Alto,Público Geral,Cadastro Único
Feminino,41,Médio Incompleto,Tijuca,1,CRAS Alto,CRAS Alto,Público Geral,Cadastro Único
Feminino,26,Fundamental Incompleto,Várzea,1,CRAS Alto,CRAS Alto,Público Geral,Cadastro Único
Feminino,38,Fundamental Completo,Bairro dos Artistas,1,CRAS Alto,CRAS Alto,Público Geral,Cadastro Único
Feminino,74,Médio Completo,Alto,1,CRAS Alto,CRAS Alto,Público Geral,Cadastro Único
Feminino,45,Fundamental Completo,Várzea,1,CRAS Alto,CRAS Alto,Público Geral,Cadastro Único
Feminino,50,Fundamental Completo,Tijuca,1,CRAS Alto,CRAS Alto,Público Geral,Cadastro Único
Feminino,65,Não Escolarizado,Cascata Guarani,1,CRAS Alto,CRAS Alto,Público Geral,Cadastro Único
Feminino,65,Fundamental Incompleto,Vale Paraíso,1,CRAS Alto,CRAS Alto,Público Geral,Cadastro Único
Feminino,50,Médio Completo,Morro dos Pinheiros,1,CRAS Alto,CRAS Alto,Público Geral,Cadastro Único
Feminino,21,Médio Completo,Cascata Guarani,1,CRAS Alto,CRAS Alto,Público Geral,Cadastro Único
Feminino,20,Médio Completo,Tijuca,1,CRAS Alto,CRAS Alto,Público Geral,Cadastro Único
Masculino,82,Fundamental Incompleto,Várzea,1,CRAS Alto,CRAS Alto,Público Geral,Cadastro Único
Feminino,36,Médio Completo,Cascata Guarani,1,CRAS Alto,CRAS Alto,Público Geral,Cadastro Único
Masculino,77,Médio Completo,Várzea,1,CRAS Alto,CRAS Alto,Público Geral,Cadastro Único
Feminino,45,Superior Incompleto,Corta Vento,1,CRAS Alto,CRAS Alto,Público Geral,Cadastro Único
Feminino,30,Médio Completo,Vale Paraíso,1,CRAS Alto,CRAS Alto,Público Geral,Cadastro Único
Feminino,60,Médio Completo,Tijuca,1,CRAS Alto,CRAS Alto,Público Geral,Cadastro Único
Feminino,52,Fundamental Incompleto,Cascata Guarani,1,CRAS Alto,CRAS Alto,Público Geral,Cadastro Único
Feminino,28,Fundamental Incompleto,Vale Paraíso,1,CRAS Alto,CRAS Alto,Público Geral,Cadastro Único
Feminino,45,Médio Completo,Cascata Guarani,1,CRAS Alto,CRAS Alto,Público Geral,Cadastro Único
Feminino,38,Médio Incompleto,Jardim Serrano,1,CRAS Alto,CRAS Alto,Público Geral,Cadastro Único
Masculino,47,Superior Incompleto,Ermitage,1,CRAS Alto,CRAS Alto,Público Geral,Cadastro Único
Feminino,69,Médio Completo,Panorama,1,CRAS Alto,CRAS Alto,Público Geral,Cadastro Único
Feminino,24,Médio Completo,Fazendinha,1,CRAS Alto,CRAS Alto,Público Geral,Cadastro Único
Feminino,22,Médio Incompleto,Alto,1,CRAS Alto,CRAS Alto,Público Geral,Assistente Social
Masculino,34,Não Escolarizado,Granja Guarani,1,CRAS Alto,CRAS Alto,Público Geral,Assistente Social
Feminino,56,Médio Incompleto,Várzea,1,CRAS Alto,CRAS Alto,Público Geral,Assistente Social
Feminino,30,Médio Incompleto,Bairro dos Artistas,1,CRAS Alto,CRAS Alto,Público Geral,Assistente Social
Masculino,52,Fundamental Incompleto,Parque São Luiz,1,CRAS Alto,CRAS Alto,Público Geral,Assistente Social
Feminino,41,Fundamental Completo,Castelinho,1,CRAS Alto,CRAS Alto,Público Geral,Assistente Social
Feminino,43,Superior Incompleto,Morro dos Pinheiros,1,CRAS Alto,CRAS Alto,Público Geral,Assistente Social
Masculino,32,Médio Completo,Panorama,1,CRAS Alto,CRAS Alto,Público Geral,Assistente Social
Masculino,61,Médio Completo,Ermitage,1,CRAS Alto,CRAS Alto,Público Geral,Assistente Social
Feminino,42,Médio Completo,Alto,1,CRAS Alto,CRAS Alto,Público Geral,Assistente Social
Feminino,74,Médio Completo,Alto,1,CRAS Alto,CRAS Alto,Público Geral,Assistente Social
Feminino,44,Médio Completo,Panorama,1,CRAS Alto,CRAS Alto,Público Geral,Assistente Social
Feminino,20,Médio Completo,Tijuca,1,CRAS Alto,CRAS Alto,Público Geral,Assistente Social
Feminino,21,Médio Completo,Cascata Guarani,1,CRAS Alto,CRAS Alto,Público Geral,Assistente Social
Feminino,41,Fundamental Incompleto,Cascata Guarani,1,CRAS Alto,CRAS Alto,Benefício Eventual,Cadastro Único
Feminino,49,Fundamental Incompleto,Morro dos Pinheiros,1,CRAS Alto,CRAS Alto,Benefício Eventual,Cadastro Único
Feminino,42,Fundamental Incompleto,Granja Guarani,1,CRAS Alto,CRAS Alto,Benefício Eventual,Cadastro Único
Feminino,34,Superior Incompleto,Jardim Serrano,1,CRAS Alto,CRAS Alto,Benefício Eventual,Cadastro Único
Feminino,43,Fundamental Incompleto,Cascata Guarani,1,CRAS Alto,CRAS Alto,Benefício Eventual,Cadastro Único
Feminino,37,Médio Completo,Alto,1,CRAS Alto,CRAS Alto,Benefício Eventual,Cadastro Único
Feminino,50,Fundamental Incompleto,Pedreira,1,CRAS Alto,CRAS Alto,Benefício Eventual,Cadastro Único
Feminino,52,Fundamental Incompleto,Agriões,1,CRAS Alto,CRAS Alto,Benefício Eventual,Cadastro Único
Masculino,64,Médio Incompleto,Granja Guarani,1,CRAS Alto,CRAS Alto,Benefício Eventual,Cadastro Único
Feminino,55,Não Informado,Cascata Guarani,1,CRAS Alto,CRAS Alto,Benefício Eventual,Cadastro Único
Masculino,38,Não Informado,Canoas,3,CRAS Alto,CRAS Alto,Benefício Eventual,Cadastro Único
Feminino,28,Fundamental Completo,Várzea,1,CRAS Alto,CRAS Alto,Benefício Eventual,Cadastro Único
Feminino,62,Fundamental Incompleto,Canoas,3,CRAS Alto,CRAS Alto,Benefício Eventual,Cadastro Único
Feminino,42,Não Informado,Cascata Guarani,1,CRAS Alto,CRAS Alto,Benefício Eventual,Cadastro Único
Feminino,32,Fundamental Completo,Granja Guarani,1,CRAS Alto,CRAS Alto,Benefício Eventual,Cadastro Único
Feminino,40,Médio Completo,Várzea,1,CRAS Alto,CRAS Alto,Benefício Eventual,Cadastro Único
Feminino,43,Médio Completo,Cascata Guarani,1,CRAS Alto,CRAS Alto,Benefício Eventual,Cadastro Único
Feminino,56,Fundamental Incompleto,Parque São Luiz,1,CRAS Alto,CRAS Alto,Benefício Eventual,Cadastro Único
Feminino,37,Fundamental Incompleto,Agriões,1,CRAS Alto,CRAS Alto,Benefício Eventual,Cadastro Único
Feminino,52,Fundamental Incompleto,Alto,1,CRAS Alto,CRAS Alto,Atendimento Geral,Fortalecimento de Vínculos
Feminino,68,Superior Completo,Não Informado,Não Informado,CRAS Alto,CRAS Alto,Atendimento Geral,Fortalecimento de Vínculos
Feminino,44,Médio Completo,Vila Muqui ,1,CRAS Alto,CRAS Alto,Atendimento Geral,Fortalecimento de Vínculos
Feminino,14,Médio Completo,Granja Guarani,1,CRAS Alto,CRAS Alto,Atendimento Geral,Fortalecimento de Vínculos
Feminino,14,Médio Completo,Granja Guarani,1,CRAS Alto,CRAS Alto,Atendimento Geral,Fortalecimento de Vínculos
Feminino,47,Médio Completo,Santa Cecília,1,CRAS Alto,CRAS Alto,Atendimento Geral,Fortalecimento de Vínculos
Feminino,14,Médio Completo,Santa Cecília,1,CRAS Alto,CRAS Alto,Atendimento Geral,Fortalecimento de Vínculos
Feminino,74,Fundamental Incompleto,Granja Guarani,1,CRAS Alto,CRAS Alto,Atendimento Geral,Fortalecimento de Vínculos
Feminino,57,Médio Completo,São Pedro ,1,CRAS Alto,CRAS Alto,Atendimento Geral,Fortalecimento de Vínculos
Feminino,71,Fundamental Incompleto,Não Informado,Não Informado,CRAS Alto,CRAS Alto,Atendimento Geral,Fortalecimento de Vínculos
Feminino,71,Fundamental Incompleto,Granja Guarani,1,CRAS Alto,CRAS Alto,Atendimento Geral,Fortalecimento de Vínculos
Feminino,61,Fundamental Incompleto,Corta Vento ,1,CRAS Alto,CRAS Alto,Atendimento Geral,Fortalecimento de Vínculos
Feminino,57,Médio Completo,Agriões ,1,CRAS Alto,CRAS Alto,Atendimento Geral,Fortalecimento de Vínculos
Feminino,68,Fundamental Incompleto,Não Informado,Não Informado,CRAS Alto,CRAS Alto,Atendimento Geral,Fortalecimento de Vínculos
Feminino,68,Superior Completo,Não Informado,Não Informado,CRAS Alto,CRAS Alto,Atendimento Geral,Fortalecimento de Vínculos
Feminino,65,Médio Completo,Alto ,1,CRAS Alto,CRAS Alto,Atendimento Geral,Fortalecimento de Vínculos
Feminino,83,Fundamental Completo,Não Informado,Não Informado,CRAS Alto,CRAS Alto,Atendimento Geral,Fortalecimento de Vínculos
Feminino,55,Médio Completo,Alto ,1,CRAS Alto,CRAS Alto,Atendimento Geral,Fortalecimento de Vínculos
Feminino,72,Médio Incompleto,Não Informado,Não Informado,CRAS Alto,CRAS Alto,Atendimento Geral,Fortalecimento de Vínculos
Feminino,62,Médio Completo,Não Informado,Não Informado,CRAS Alto,CRAS Alto,Atendimento Geral,Fortalecimento de Vínculos
Feminino,56,Fundamental Completo,Não Informado,Não Informado,CRAS Alto,CRAS Alto,Atendimento Geral,Fortalecimento de Vínculos
Feminino,70,Fundamental Incompleto,Não Informado,Não Informado,CRAS Alto,CRAS Alto,Atendimento Geral,Fortalecimento de Vínculos
Feminino,55,Médio Completo,Não Informado,Não Informado,CRAS Alto,CRAS Alto,Atendimento Geral,Cadastro Único
Feminino,50,Fundamental Completo,Pedreira ,1,CRAS Alto,CRAS Alto,Atendimento Geral,Cadastro Único
Feminino,57,Médio Completo,Agriões ,1,CRAS Alto,CRAS Alto,Atendimento Geral,Cadastro Único
Feminino,50,Fundamental Incompleto,Bairro dos Artistas,1,CRAS Alto,CRAS Alto,Atendimento Geral,Cadastro Único
Feminino,76,Fundamental Incompleto,Não Informado,Não Informado,CRAS Alto,CRAS Alto,Atendimento Geral,Cadastro Único
Feminino,69,Não Escolarizado,Não Informado,Não Informado,CRAS Alto,CRAS Alto,Atendimento Geral,Cadastro Único
Feminino,56,Não Escolarizado,Granja Guarani ,1,CRAS Alto,CRAS Alto,Atendimento Geral,Cadastro Único
Feminino,44,Médio Completo,Não Informado,Não Informado,CRAS Alto,CRAS Alto,Atendimento Geral,Cadastro Único
Feminino,72,Médio Completo,Agriões ,1,CRAS Alto,CRAS Alto,Atendimento Geral,Cadastro Único
Feminino,62,Fundamental Incompleto,Fazendinha ,1,CRAS Alto,CRAS Alto,Atendimento Geral,Cadastro Único
Feminino,76,Fundamental Incompleto,Não Informado,Não Informado,CRAS Alto,CRAS Alto,Atendimento Geral,Cadastro Único
Feminino,69,Médio Completo,Não Informado,Não Informado,CRAS Alto,CRAS Alto,Atendimento Geral,Cadastro Único
Feminino,62,Médio Completo,Não Informado,Não Informado,CRAS Alto,CRAS Alto,Atendimento Geral,Cadastro Único
Feminino,64,Médio Completo,Várzea,1,CRAS Alto,CRAS Alto,Atendimento Geral,Cadastro Único
Feminino,62,Médio Completo,Não Informado,Não Informado,CRAS Alto,CRAS Alto,Atendimento Geral,Cadastro Único
Feminino,67,Médio Incompleto,Várzea,1,CRAS Alto,CRAS Alto,Atendimento Geral,Cadastro Único
Feminino,64,Superior Completo,Parque Ingá,1,CRAS Alto,CRAS Alto,Atendimento Geral,Cadastro Único
Feminino,63,Médio Completo,Agriões,1,CRAS Alto,CRAS Alto,Atendimento Geral,Cadastro Único
Masculino,26,Médio Completo,Várzea,1,CRAS Alto,CRAS Alto,Atendimento Geral,Fortalecimento de Vínculos
Feminino,50,Fundamental Completo,Corta Vento,1,CRAS Alto,CRAS Alto,Atendimento Geral,Fortalecimento de Vínculos
Masculino,15,Fundamental Incompleto,Corta Vento,1,CRAS Alto,CRAS Alto,Atendimento Geral,Fortalecimento de Vínculos
Feminino,25,Médio Completo,Bairro dos Artistas,1,CRAS Alto,CRAS Alto,Atendimento Geral,Fortalecimento de Vínculos
Feminino,71,Médio Completo,Quinta Lebrão,1,CRAS Alto,CRAS Alto,Atendimento Geral,Fortalecimento de Vínculos
Feminino,24,Médio Completo,Fazendinha,1,CRAS Alto,CRAS Alto,Atendimento Geral,Fortalecimento de Vínculos
Masculino,14,Fundamental Incompleto,Corta Vento,1,CRAS Alto,CRAS Alto,Atendimento Geral,Fortalecimento de Vínculos
Feminino,48,Fundamental Incompleto,Fazenda Ermitage,1,CRAS Alto,CRAS Alto,Atendimento Geral,Fortalecimento de Vínculos
Feminino,72,Médio Completo,Agriões,1,CRAS Alto,CRAS Alto,Atendimento Geral,Cadastro Único
Feminino,62,Fundamental Incompleto,Fazendinha,1,CRAS Alto,CRAS Alto,Atendimento Geral,Cadastro Único
Feminino,76,Fundamental Incompleto,Barroso,1,CRAS Alto,CRAS Alto,Atendimento Geral,Cadastro Único
Feminino,69,Médio Completo,Barra do Imbuí,1,CRAS Alto,CRAS Alto,Atendimento Geral,Cadastro Único
Feminino,81,Fundamental Completo,Várzea,1,CRAS Alto,CRAS Alto,Atendimento Geral,Cadastro Único
Feminino,62,Médio Completo,Várzea,1,CRAS Alto,CRAS Alto,Atendimento Geral,Cadastro Único
Feminino,73,Não Informado,Granja Guarani,1,CRAS Alto,CRAS Alto,Atendimento Geral,Cadastro Único
Feminino,78,Não Informado,Não Informado,Não Informado,CRAS Alto,CRAS Alto,Atendimento Geral,Cadastro Único
Feminino,70,Não Informado,Não Informado,Não Informado,CRAS Alto,CRAS Alto,Atendimento Geral,Cadastro Único
Feminino,64,Médio Completo,Várzea,1,CRAS Alto,CRAS Alto,Atendimento Geral,Cadastro Único
Feminino,62,Médio Completo,Fazenda Ermitage,1,CRAS Alto,CRAS Alto,Atendimento Geral,Cadastro Único
Feminino,67,Médio Completo,Várzea,1,CRAS Alto,CRAS Alto,Atendimento Geral,Cadastro Único
Feminino,64,Superior Completo,Parque Ingá,1,CRAS Alto,CRAS Alto,Atendimento Geral,Cadastro Único
Feminino,63,Médio Completo,Agriões,1,CRAS Alto,CRAS Alto,Atendimento Geral,Cadastro Único
Feminino,60,Não Informado,Não Informado,Não Informado,CRAS Alto,CRAS Alto,Atendimento Geral,Cadastro Único
Feminino,15,Médio Incompleto,Cascata Guarani,1,CRAS Alto,CRAS Alto,Atendimento Geral,Cadastro Único
Feminino,41,Fundamental Incompleto,Cascata Guarani,1,CRAS Alto,CRAS Alto,Atendimento Geral,Não Informado
Masculino,51,Fundamental Incompleto,Vale Paraíso,1,CRAS Alto,CRAS Alto,Público Geral,Assistente Social
Feminino,43,Médio Completo,Cascata Guarani,1,CRAS Alto,CRAS Alto,Público Geral,Assistente Social
Masculino,64,Fundamental Incompleto,Parque São Luiz,1,CRAS Alto,CRAS Alto,Público Geral,Assistente Social
Feminino,22,Superior Completo,Bairro dos Artistas,1,CRAS Alto,CRAS Alto,Público Geral,Assistente Social
Feminino,25,Médio Completo,Ermitage,1,CRAS Alto,CRAS Alto,Público Geral,Assistente Social
Feminino,34,Médio Completo,Vale Paraíso,1,CRAS Alto,CRAS Alto,Público Geral,Assistente Social
Feminino,35,Superior Incompleto,Agriões,1,CRAS Alto,CRAS Alto,Público Geral,Assistente Social
Masculino,51,Médio Completo,Alto,1,CRAS Alto,CRAS Alto,Público Geral,Assistente Social
Feminino,30,Fundamental Incompleto,Alto,1,CRAS Alto,CRAS Alto,Público Geral,Assistente Social
Feminino,15,Médio Incompleto,Agriões,1,CRAS Alto,CRAS Alto,Público Geral,Assistente Social
Feminino,62,Não Escolarizado,Granja Guarani,1,CRAS Alto,CRAS Alto,Público Geral,Assistente Social
Feminino,33,Médio Incompleto,Pedreira,1,CRAS Alto,CRAS Alto,Público Geral,Assistente Social
Feminino,27,Superior Completo,Alto,1,CRAS Alto,CRAS Alto,Público Geral,Assistente Social
Masculino,57,Superior Incompleto,Alto,1,CRAS Alto,CRAS Alto,Público Geral,Assistente Social
Feminino,23,Médio Completo,Canoas,3,CRAS Alto,CRAS Alto,Público Geral,Assistente Social
Feminino,27,Médio Completo,Canoas,3,CRAS Alto,CRAS Alto,Público Geral,Assistente Social
Feminino,35,Fundamental Incompleto,Fazendinha,1,CRAS Alto,CRAS Alto,Público Geral,Assistente Social
Feminino,42,Médio Completo,Várzea,1,CRAS Alto,CRAS Alto,Público Geral,Assistente Social
Feminino,56,Médio Completo,Várzea,1,CRAS Alto,CRAS Alto,Público Geral,Assistente Social
Feminino,47,Médio Completo,Corta Vento,1,CRAS Alto,CRAS Alto,Público Geral,Assistente Social
Masculino,24,Médio Completo,Corta Vento,1,CRAS Alto,CRAS Alto,Público Geral,Assistente Social
Feminino,24,Médio Completo,Albuquerque,1,CRAS Alto,CRAS Alto,Público Geral,Assistente Social
Feminino,34,Médio Completo,Ermitage,1,CRAS Alto,CRAS Alto,Público Geral,Assistente Social
Feminino,32,Médio Completo,Ermitage,1,CRAS Alto,CRAS Alto,Público Geral,Assistente Social
Masculino,19,Médio Incompleto,Várzea,1,CRAS Alto,CRAS Alto,Público Geral,Assistente Social
Masculino,60,Superior Completo,Corta Vento,1,CRAS Alto,CRAS Alto,Público Geral,Assistente Social
Feminino,60,Fundamental Incompleto,Morro dos Pinheiros,1,CRAS Alto,CRAS Alto,Público Geral,Assistente Social
Feminino,21,Médio Incompleto,Jardim Serrano,1,CRAS Alto,CRAS Alto,Público Geral,Assistente Social
Feminino,50,Fundamental Incompleto,Bairro dos Artistas,1,CRAS Alto,CRAS Alto,Público Geral,Assistente Social
Feminino,62,Médio Incompleto,Alto,1,CRAS Alto,CRAS Alto,Público Geral,Assistente Social
Feminino,46,Fundamental Incompleto,Agriões,1,CRAS Alto,CRAS Alto,Público Geral,Assistente Social
Masculino,62,Médio Completo,Cascata Guarani,1,CRAS Alto,CRAS Alto,Público Geral,Assistente Social
Feminino,55,Médio Completo,Albuquerque,1,CRAS Alto,CRAS Alto,Público Geral,Assistente Social
Feminino,30,Superior Completo,Várzea,1,CRAS Alto,CRAS Alto,Público Geral,Assistente Social
Feminino,39,Médio Completo,Fazendinha,1,CRAS Alto,CRAS Alto,Público Geral,Assistente Social
Masculino,16,Médio Incompleto,Ermitage,1,CRAS Alto,CRAS Alto,Público Geral,Assistente Social
Feminino,75,Médio Completo,Pedreira,1,CRAS Alto,CRAS Alto,Público Geral,Assistente Social
Feminino,20,Médio Incompleto,Ermitage,1,CRAS Alto,CRAS Alto,Público Geral,Assistente Social
Masculino,24,Médio Completo,Albuquerque,1,CRAS Alto,CRAS Alto,Público Geral,Assistente Social
Feminino,43,Médio Completo,Soberbo,1,CRAS Alto,CRAS Alto,Público Geral,Assistente Social
Masculino,25,Médio Completo,Pedreira,1,CRAS Alto,CRAS Alto,Público Geral,Assistente Social
Feminino,38,Médio Completo,Morro dos Pinheiros,1,CRAS Alto,CRAS Alto,Público Geral,Assistente Social
Feminino,48,Médio Completo,Vale Paraíso,1,CRAS Alto,CRAS Alto,Público Geral,Assistente Social
Feminino,22,Superior Incompleto,Cascata Guarani,1,CRAS Alto,CRAS Alto,Público Geral,Assistente Social
Feminino,32,Médio Completo,Ermitage,1,CRAS Alto,CRAS Alto,Público Geral,Assistente Social
Feminino,21,Médio Completo,Bom Retiro,1,CRAS Alto,CRAS Alto,Público Geral,Assistente Social
Feminino,38,Superior Completo,Morro dos Pinheiros,1,CRAS Alto,CRAS Alto,Público Geral,Assistente Social
Feminino,50,Médio Completo,Fazendinha,1,CRAS Alto,CRAS Alto,Público Geral,Assistente Social
Feminino,32,Médio Completo,Morro dos Pinheiros,1,CRAS Alto,CRAS Alto,Público Geral,Assistente Social
Feminino,32,Médio Completo,Várzea,1,CRAS Alto,CRAS Alto,Público Geral,Assistente Social
Feminino,50,Superior Incompleto,Cascata Guarani,1,CRAS Alto,CRAS Alto,Público Geral,Assistente Social
Feminino,38,Médio Completo,Morro dos Pinheiros,1,CRAS Alto,CRAS Alto,Público Geral,Assistente Social
Feminino,26,Médio Incompleto,Cascata Guarani,1,CRAS Alto,CRAS Alto,Público Geral,Assistente Social
Feminino,26,Fundamental Incompleto,Cascata Guarani,1,CRAS Alto,CRAS Alto,Público Geral,Assistente Social
Feminino,57,Médio Completo,Várzea,1,CRAS Alto,CRAS Alto,Público Geral,Assistente Social
Feminino,39,Superior Incompleto,Alto,1,CRAS Alto,CRAS Alto,Público Geral,Assistente Social
Feminino,40,Superior Completo,Agriões,1,CRAS Alto,CRAS Alto,Público Geral,Assistente Social
Feminino,20,Médio Incompleto,Tijuca,1,CRAS Alto,CRAS Alto,Público Geral,Assistente Social
Feminino,37,Superior Incompleto,Alto,1,CRAS Alto,CRAS Alto,Público Geral,Assistente Social
Feminino,44,Fundamental Incompleto,Albuquerque,1,CRAS Alto,CRAS Alto,Público Geral,Assistente Social
Feminino,55,Fundamental Incompleto,Corta Vento,1,CRAS Alto,CRAS Alto,Público Geral,Assistente Social
Feminino,47,Fundamental Incompleto,Albuquerque,1,CRAS Alto,CRAS Alto,Público Geral,Assistente Social
Feminino,29,Médio Completo,Canoas,3,CRAS Alto,CRAS Alto,Público Geral,Assistente Social
Feminino,42,Médio Completo,Morro dos Pinheiros,1,CRAS Alto,CRAS Alto,Público Geral,Assistente Social
Feminino,28,Médio Completo,Cascata Guarani,1,CRAS Alto,CRAS Alto,Público Geral,Assistente Social
Feminino,37,Médio Completo,Cascata Guarani,1,CRAS Alto,CRAS Alto,Público Geral,Assistente Social
Feminino,65,Fundamental Incompleto,Cascata Guarani,1,CRAS Alto,CRAS Alto,Público Geral,Assistente Social
Feminino,20,Médio Completo,Granja Guarani,1,CRAS Alto,CRAS Alto,Público Geral,Assistente Social
Feminino,26,Médio Completo,Fátima,1,CRAS Alto,CRAS Alto,Público Geral,Assistente Social
Feminino,29,Médio Incompleto,Tijuca,1,CRAS Alto,CRAS Alto,Público Geral,Assistente Social
Masculino,26,Superior Completo,Morro dos Pinheiros,1,CRAS Alto,CRAS Alto,Público Geral,Assistente Social
Masculino,53,Médio Incompleto,Vila Muqui,1,CRAS Alto,CRAS Alto,Público Geral,Assistente Social
Feminino,24,Médio Completo,São Pedro,1,CRAS Alto,CRAS Alto,Público Geral,Assistente Social
Feminino,65,Fundamental Incompleto,Granja Guarani,1,CRAS Alto,CRAS Alto,Público Geral,Assistente Social
Masculino,56,Fundamental Incompleto,Granja Guarani,1,CRAS Alto,CRAS Alto,Público Geral,Assistente Social
Feminino,56,Médio Incompleto,Várzea,1,CRAS Alto,CRAS Alto,Público Geral,Assistente Social
Masculino,46,Médio Completo,Cascata Guarani,1,CRAS Alto,CRAS Alto,Público Geral,Assistente Social
Feminino,50,Fundamental Incompleto,Pedreira,1,CRAS Alto,CRAS Alto,Público Geral,Assistente Social
Feminino,43,Médio Completo,Granja Guarani,1,CRAS Alto,CRAS Alto,Público Geral,Assistente Social
Feminino,55,Médio Completo,Várzea,1,CRAS Alto,CRAS Alto,Público Geral,Assistente Social
Masculino,49,Superior Incompleto,Agriões,1,CRAS Alto,CRAS Alto,Público Geral,Assistente Social
Feminino,29,Superior Incompleto,Várzea,1,CRAS Alto,CRAS Alto,Público Geral,Assistente Social
Feminino,69,Fundamental Incompleto,Ermitage,1,CRAS Alto,CRAS Alto,Público Geral,Assistente Social
Feminino,18,Médio Completo,Granja Guarani,1,CRAS Alto,CRAS Alto,Público Geral,Assistente Social
Feminino,61,Superior Completo,Tijuca,1,CRAS Alto,CRAS Alto,Público Geral,Assistente Social
Masculino,38,Fundamental Incompleto,Cascata Guarani,1,CRAS Alto,CRAS Alto,Público Geral,Assistente Social
Feminino,26,Fundamental Incompleto,Cascata Guarani,1,CRAS Alto,CRAS Alto,Público Geral,Assistente Social
Feminino,19,Médio Completo,Corta Vento,1,CRAS Alto,CRAS Alto,Público Geral,Assistente Social
Feminino,31,Médio Completo,Alto,1,CRAS Alto,CRAS Alto,Público Geral,Assistente Social
Feminino,42,Médio Completo,Ermitage,1,CRAS Alto,CRAS Alto,Público Geral,Assistente Social
Masculino,29,Médio Completo,Morro dos Pinheiros,1,CRAS Alto,CRAS Alto,Público Geral,Assistente Social
Masculino,66,Fundamental Incompleto,Cascata Guarani,1,CRAS Alto,CRAS Alto,Público Geral,Assistente Social
Feminino,20,Médio Completo,Morro dos Pinheiros,1,CRAS Alto,CRAS Alto,Público Geral,Assistente Social
Feminino,37,Médio Completo,Alto,1,CRAS Alto,CRAS Alto,Público Geral,Assistente Social
Feminino,39,Médio Incompleto,Canoas,3,CRAS Alto,CRAS Alto,Público Geral,Assistente Social
Feminino,39,Superior Completo,Granja Guarani,1,CRAS Alto,CRAS Alto,Público Geral,Assistente Social
Feminino,73,Fundamental Completo,Cascata Guarani,1,CRAS Alto,CRAS Alto,Público Geral,Assistente Social
Feminino,20,Fundamental Completo,Ermitage,1,CRAS Alto,CRAS Alto,Público Geral,Assistente Social
Feminino,46,Médio Completo,Alto,1,CRAS Alto,CRAS Alto,Público Geral,Assistente Social
Feminino,18,Médio Completo,Corta Vento,1,CRAS Alto,CRAS Alto,Público Geral,Assistente Social
Feminino,46,Médio Completo,Alto,1,CRAS Alto,CRAS Alto,Público Geral,Assistente Social
Feminino,31,Médio Completo,Alto,1,CRAS Alto,CRAS Alto,Público Geral,Assistente Social
Feminino,23,Médio Completo,Tijuca,1,CRAS Alto,CRAS Alto,Público Geral,Assistente Social
Masculino,56,Médio Completo,Pedreira,1,CRAS Alto,CRAS Alto,Público Geral,Assistente Social
Feminino,48,Fundamental Incompleto,Albuquerque,1,CRAS Alto,CRAS Alto,Público Geral,Assistente Social
Feminino,29,Médio Incompleto,Alto,1,CRAS Alto,CRAS Alto,Público Geral,Assistente Social
Feminino,32,Médio Completo,Corta Vento,1,CRAS Alto,CRAS Alto,Público Geral,Assistente Social
Não informado,30,Médio Completo,Morro dos Pinheiros,1,CRAS Alto,CRAS Alto,Público Geral,Assistente Social
Feminino,42,Médio Completo,Alto,1,CRAS Alto,CRAS Alto,Público Geral,Assistente Social
Feminino,20,Médio Completo,Pedreira,1,CRAS Alto,CRAS Alto,Público Geral,Assistente Social
Feminino,41,Médio Completo,Cascata Guarani,1,CRAS Alto,CRAS Alto,Público Geral,Assistente Social
Masculino,18,Fundamental Incompleto,Morro dos Pinheiros,1,CRAS Alto,CRAS Alto,Público Geral,Assistente Social
Feminino,19,Médio Completo,Morro dos Pinheiros,1,CRAS Alto,CRAS Alto,Público Geral,Assistente Social
Feminino,34,Médio Completo,Ermitage,1,CRAS Alto,CRAS Alto,Público Geral,Assistente Social
Masculino,29,Médio Completo,Corta Vento,1,CRAS Alto,CRAS Alto,Público Geral,Assistente Social
Feminino,44,Superior Incompleto,Cascata Guarani,1,CRAS Alto,CRAS Alto,Público Geral,Assistente Social
Feminino,50,Superior Completo,Várzea,1,CRAS Alto,CRAS Alto,Público Geral,Assistente Social
Feminino,32,Médio Completo,Corta Vento,1,CRAS Alto,CRAS Alto,Público Geral,Assistente Social
Masculino,14,Fundamental Incompleto,Morro dos Pinheiros,1,CRAS Alto,CRAS Alto,Público Geral,Assistente Social
Feminino,59,Médio Incompleto,Panorama,1,CRAS Alto,CRAS Alto,Público Geral,Assistente Social
Feminino,48,Fundamental Incompleto,Alto,1,CRAS Alto,CRAS Alto,Público Geral,Assistente Social
Feminino,41,Médio Completo,Granja Guarani,1,CRAS Alto,CRAS Alto,Público Geral,Assistente Social
Feminino,18,Médio Completo,Agriões,1,CRAS Alto,CRAS Alto,Público Geral,Assistente Social
Feminino,52,Superior Completo,Corta Vento,1,CRAS Alto,CRAS Alto,Público Geral,Assistente Social
Masculino,45,Médio Completo,Ermitage,1,CRAS Alto,CRAS Alto,Público Geral,Assistente Social
Feminino,51,Médio Completo,Vale Paraíso,1,CRAS Alto,CRAS Alto,Público Geral,Assistente Social
Feminino,37,Médio Incompleto,Canoas,3,CRAS Alto,CRAS Alto,Público Geral,Assistente Social
Feminino,30,Médio Completo,Parque São Luiz,1,CRAS Alto,CRAS Alto,Público Geral,Assistente Social
Masculino,59,Fundamental Incompleto,Parque São Luiz,1,CRAS Alto,CRAS Alto,Público Geral,Assistente Social
Feminino,47,Fundamental Completo,Cascata Guarani,1,CRAS Alto,CRAS Alto,Público Geral,Assistente Social
Feminino,88,Médio Completo,Alto,1,CRAS Alto,CRAS Alto,Público Geral,Assistente Social
Feminino,48,Fundamental Incompleto,Cascata Guarani,1,CRAS Alto,CRAS Alto,Público Geral,Assistente Social
Feminino,43,Fundamental Incompleto,Corta Vento,1,CRAS Alto,CRAS Alto,Público Geral,Assistente Social
Masculino,45,Fundamental Completo,Alto,1,CRAS Alto,CRAS Alto,Público Geral,Assistente Social
Masculino,19,Médio Incompleto,Canoas,3,CRAS Alto,CRAS Alto,Público Geral,Assistente Social
Feminino,58,Médio Completo,Alto,1,CRAS Alto,CRAS Alto,Público Geral,Assistente Social
Feminino,35,Médio Completo,Cascata Guarani,1,CRAS Alto,CRAS Alto,Público Geral,Assistente Social
Masculino,21,Médio Completo,Granja Guarani,1,CRAS Alto,CRAS Alto,Público Geral,Assistente Social
Feminino,49,Fundamental Incompleto,Cascata Guarani,1,CRAS Alto,CRAS Alto,Público Geral,Assistente Social
Feminino,23,Superior Incompleto,Várzea,1,CRAS Alto,CRAS Alto,Público Geral,Assistente Social
Feminino,22,Médio Completo,Cascata Guarani,1,CRAS Alto,CRAS Alto,Público Geral,Assistente Social
Feminino,30,Médio Completo,Cascata Guarani,1,CRAS Alto,CRAS Alto,Público Geral,Assistente Social
Feminino,57,Médio Completo,Bairro dos Artistas,1,CRAS Alto,CRAS Alto,Público Geral,Assistente Social
Feminino,34,Médio Incompleto,Albuquerque,1,CRAS Alto,CRAS Alto,Público Geral,Assistente Social
Masculino,42,Médio Incompleto,Agriões,1,CRAS Alto,CRAS Alto,Público Geral,Assistente Social
Feminino,25,Médio Completo,Parque São Luiz,1,CRAS Alto,CRAS Alto,Público Geral,Assistente Social
Feminino,85,Médio Completo,Várzea,1,CRAS Alto,CRAS Alto,Público Geral,Assistente Social
Feminino,57,Fundamental Incompleto,Canoas,3,CRAS Alto,CRAS Alto,Público Geral,Assistente Social
Feminino,57,Fundamental Incompleto,Fazendinha,1,CRAS Alto,CRAS Alto,Público Geral,Assistente Social
Feminino,43,Médio Completo,Cascata Guarani,1,CRAS Alto,CRAS Alto,Público Geral,Assistente Social
Feminino,35,Fundamental Incompleto,Canoas,3,CRAS Alto,CRAS Alto,Público Geral,Assistente Social
Feminino,52,Médio Completo,Granja Guarani,1,CRAS Alto,CRAS Alto,Público Geral,Assistente Social
Feminino,34,Médio Completo,Cascata Guarani,1,CRAS Alto,CRAS Alto,Público Geral,Assistente Social
Feminino,40,Médio Incompleto,Granja Guarani,1,CRAS Alto,CRAS Alto,Público Geral,Assistente Social
Feminino,29,Médio Completo,Granja Guarani,1,CRAS Alto,CRAS Alto,Público Geral,Assistente Social
Feminino,29,Superior Incompleto,Várzea,1,CRAS Alto,CRAS Alto,Público Geral,Assistente Social
Feminino,18,Médio Incompleto,Alto,1,CRAS Alto,CRAS Alto,Público Geral,Assistente Social
Masculino,29,Superior Completo,Ermitage,1,CRAS Alto,CRAS Alto,Público Geral,Assistente Social
Feminino,47,Fundamental Incompleto,Albuquerque,1,CRAS Alto,CRAS Alto,Público Geral,Assistente Social
Feminino,58,Superior Completo,Bom Retiro,1,CRAS Alto,CRAS Alto,Público Geral,Assistente Social
Masculino,24,Médio Completo,Várzea,1,CRAS Alto,CRAS Alto,Público Geral,Assistente Social
Feminino,40,Fundamental Incompleto,Cascata Guarani,1,CRAS Alto,CRAS Alto,Público Geral,Assistente Social
Feminino,65,Superior Incompleto,Agriões,1,CRAS Alto,CRAS Alto,Público Geral,Assistente Social
Feminino,51,Superior Completo,Agriões,1,CRAS Alto,CRAS Alto,Público Geral,Assistente Social
Feminino,18,Médio Completo,Tijuca,1,CRAS Alto,CRAS Alto,Público Geral,Assistente Social
Feminino,56,Médio Incompleto,Várzea,1,CRAS Alto,CRAS Alto,Público Geral,Assistente Social
Feminino,36,Fundamental Completo,Canoas,3,CRAS Alto,CRAS Alto,Público Geral,Assistente Social
Feminino,20,Fundamental Completo,Ermitage,1,CRAS Alto,CRAS Alto,Público Geral,Assistente Social
Feminino,46,Superior Completo,Bairro dos Artistas,1,CRAS Alto,CRAS Alto,Público Geral,Assistente Social
Feminino,36,Superior Incompleto,Castelinho,1,CRAS Alto,CRAS Alto,Público Geral,Assistente Social
Feminino,19,Superior Incompleto,Corta Vento,1,CRAS Alto,CRAS Alto,Público Geral,Assistente Social
Feminino,57,Fundamental Incompleto,Canoas,3,CRAS Alto,CRAS Alto,Público Geral,Assistente Social
Feminino,23,Médio Completo,Canoas ,3,CRAS Alto,CRAS Alto,Público Geral,Assistente Social
Feminino,32,Médio Completo,Canoas ,3,CRAS Alto,CRAS Alto,Público Geral,Assistente Social
Feminino,41,Médio Incompleto,Granja Guarani,1,CRAS Alto,CRAS Alto,Público Geral,Assistente Social
Masculino,34,Médio Completo,Fazendinha,1,CRAS Alto,CRAS Alto,Público Geral,Assistente Social
Feminino,31,Fundamental Completo,Várzea,1,CRAS Alto,CRAS Alto,Público Geral,Assistente Social
Feminino,65,Médio Completo,Canoas ,3,CRAS Alto,CRAS Alto,Público Geral,Assistente Social
Feminino,39,Superior Incompleto,Alto,1,CRAS Alto,CRAS Alto,Público Geral,Assistente Social
Feminino,38,Superior Completo,Cascata Guarani,1,CRAS Alto,CRAS Alto,Público Geral,Assistente Social
Feminino,39,Médio Completo,Granja Guarani,1,CRAS Alto,CRAS Alto,Público Geral,Assistente Social
Feminino,41,Fundamental Completo,Albuquerque,1,CRAS Alto,CRAS Alto,Público Geral,Assistente Social
Feminino,47,Fundamental Completo,Cascata Guarani,1,CRAS Alto,CRAS Alto,Público Geral,Assistente Social
Feminino,25,Médio Completo,Tijuca,1,CRAS Alto,CRAS Alto,Público Geral,Assistente Social
Masculino,51,Médio Completo,Tijuca,1,CRAS Alto,CRAS Alto,Público Geral,Assistente Social
Feminino,24,Médio Completo,Agriões,1,CRAS Alto,CRAS Alto,Público Geral,Assistente Social
Feminino,88,Fundamental Incompleto,Albuquerque,1,CRAS Alto,CRAS Alto,Público Geral,Assistente Social
Feminino,19,Médio Completo,Corta Vento,1,CRAS Alto,CRAS Alto,Público Geral,Assistente Social
Masculino,49,Fundamental Incompleto,Alto,1,CRAS Alto,CRAS Alto,Público Geral,Assistente Social
Feminino,31,Médio Incompleto,Tijuca ,1,CRAS Alto,CRAS Alto,Público Geral,Assistente Social
Masculino,45,Médio Completo,Fazenda Ermitage ,1,CRAS Alto,CRAS Alto,Público Geral,Assistente Social
Masculino,19,Superior Incompleto,Morro dos Pinheiros,1,CRAS Alto,CRAS Alto,Público Geral,Assistente Social
Feminino,34,Médio Completo,Agriões,1,CRAS Alto,CRAS Alto,Público Geral,Assistente Social
Masculino,48,Fundamental Incompleto,Canoas ,3,CRAS Alto,CRAS Alto,Público Geral,Assistente Social
Feminino,41,Médio Completo,Fazendinha ,1,CRAS Alto,CRAS Alto,Público Geral,Assistente Social
Feminino,48,Superior Completo,Parque São Luiz,1,CRAS Alto,CRAS Alto,Público Geral,Assistente Social
Feminino,52,Superior Completo,Fazendinha,1,CRAS Alto,CRAS Alto,Público Geral,Assistente Social
Feminino,48,Fundamental Incompleto,Fazenda Ermitage ,1,CRAS Alto,CRAS Alto,Público Geral,Assistente Social
Feminino,26,Fundamental Incompleto,Bairro dos Artistas,1,CRAS Alto,CRAS Alto,Público Geral,Assistente Social
Feminino,37,Superior Completo,Cascata Guarani,1,CRAS Alto,CRAS Alto,Público Geral,Assistente Social
Feminino,56,Fundamental Incompleto,Granja Guarani,1,CRAS Alto,CRAS Alto,Público Geral,Assistente Social
Feminino,62,Fundamental Incompleto,Granja Guarani,1,CRAS Alto,CRAS Alto,Público Geral,Assistente Social
Feminino,18,Médio Completo,Cascata Guarani,1,CRAS Alto,CRAS Alto,Público Geral,Assistente Social
Feminino,63,Médio Completo,Agriões,1,CRAS Alto,CRAS Alto,Público Geral,Assistente Social
Feminino,21,Fundamental Incompleto,Agriões,1,CRAS Alto,CRAS Alto,Público Geral,Assistente Social
Feminino,39,Fundamental Incompleto,Tijuca,1,CRAS Alto,CRAS Alto,Público Geral,Assistente Social
Feminino,61,Fundamental Incompleto,Alto,1,CRAS Alto,CRAS Alto,Público Geral,Assistente Social
Feminino,39,Médio Completo,Fazendinha,1,CRAS Alto,CRAS Alto,Público Geral,Assistente Social
Feminino,49,Fundamental Incompleto,Cascata Guarani,1,CRAS Alto,CRAS Alto,Público Geral,Assistente Social
Feminino,32,Médio Completo,Granja Guarani,1,CRAS Alto,CRAS Alto,Público Geral,Assistente Social
Feminino,39,Superior Completo,Granja Guarani,1,CRAS Alto,CRAS Alto,Público Geral,Assistente Social
Feminino,36,Médio Incompleto,Jardim Serrano,1,CRAS Alto,CRAS Alto,Público Geral,Assistente Social
Feminino,54,Fundamental Incompleto,Parque São Luiz,1,CRAS Alto,CRAS Alto,Público Geral,Assistente Social
Feminino,18,Médio Incompleto,Várzea,1,CRAS Alto,CRAS Alto,Público Geral,Assistente Social
Feminino,56,Fundamental Incompleto,São Pedro ,1,CRAS Alto,CRAS Alto,Público Geral,Assistente Social
Feminino,18,Superior Incompleto,Albuquerque ,1,CRAS Alto,CRAS Alto,Público Geral,Assistente Social
Feminino,56,Médio Incompleto,Corta Vento,1,CRAS Alto,CRAS Alto,Público Geral,Assistente Social
Feminino,52,Fundamental Incompleto,Agriões,1,CRAS Alto,CRAS Alto,Público Geral,Assistente Social
Feminino,18,Médio Completo,Granja Guarani,1,CRAS Alto,CRAS Alto,Público Geral,Assistente Social
Feminino,36,Médio Completo,Albuquerque ,1,CRAS Alto,CRAS Alto,Público Geral,Assistente Social
Feminino,37,Médio Completo,Alto,1,CRAS Alto,CRAS Alto,Público Geral,Assistente Social
Masculino,35,Médio Completo,Várzea,1,CRAS Alto,CRAS Alto,Público Geral,Assistente Social
Feminino,43,Fundamental Incompleto,Várzea,1,CRAS Alto,CRAS Alto,Público Geral,Assistente Social
Feminino,79,Fundamental Completo,Agriões,1,CRAS Alto,CRAS Alto,Público Geral,Assistente Social
Feminino,25,Superior Incompleto,Cascata Guarani,1,CRAS Alto,CRAS Alto,Público Geral,Assistente Social
Feminino,52,Superior Incompleto,Agriões,1,CRAS Alto,CRAS Alto,Público Geral,Assistente Social
Feminino,43,Médio Completo,Canoas,3,CRAS Alto,CRAS Alto,Público Geral,Assistente Social
Feminino,39,Médio Completo,Cascata Guarani,1,CRAS Alto,CRAS Alto,Público Geral,Assistente Social
Masculino,43,Médio Completo,Canoas,3,CRAS Alto,CRAS Alto,Público Geral,Assistente Social
Feminino,23,Médio Completo,Alto,1,CRAS Alto,CRAS Alto,Público Geral,Assistente Social
Feminino,62,Médio Completo,Vale Paraíso,1,CRAS Alto,CRAS Alto,Público Geral,Assistente Social
Feminino,54,Médio Incompleto,Cascata Guarani,1,CRAS Alto,CRAS Alto,Público Geral,Assistente Social
Feminino,40,Superior Incompleto,Tijuca,1,CRAS Alto,CRAS Alto,Público Geral,Assistente Social
Feminino,69,Fundamental Completo,Cascata Guarani,1,CRAS Alto,CRAS Alto,Público Geral,Cadastro Único
Feminino,37,Médio Completo,Granja Guarani,1,CRAS Alto,CRAS Alto,Público Geral,Cadastro Único
Feminino,66,Fundamental Incompleto,Vila Muqui,1,CRAS Alto,CRAS Alto,Público Geral,Cadastro Único
Masculino,47,Médio Completo,Ermitage,1,CRAS Alto,CRAS Alto,Público Geral,Cadastro Único
Feminino,23,Médio Completo,Canoas,3,CRAS Alto,CRAS Alto,Público Geral,Cadastro Único
Feminino,31,Médio Incompleto,Alto,1,CRAS Alto,CRAS Alto,Público Geral,Cadastro Único
Feminino,51,Fundamental Incompleto,Vale Paraíso,1,CRAS Alto,CRAS Alto,Público Geral,Cadastro Único
Feminino,62,Médio Completo,Vale Paraíso,1,CRAS Alto,CRAS Alto,Público Geral,Cadastro Único
Masculino,24,Superior Incompleto,Alto,1,CRAS Alto,CRAS Alto,Público Geral,Cadastro Único
Feminino,58,Fundamental Incompleto,Albuquerque ,1,CRAS Alto,CRAS Alto,Público Geral,Cadastro Único
Masculino,67,Fundamental Completo,Várzea,1,CRAS Alto,CRAS Alto,Público Geral,Cadastro Único
Masculino,35,Médio Incompleto,Granja Guarani,1,CRAS Alto,CRAS Alto,Público Geral,Cadastro Único
Feminino,63,Médio Incompleto,Alto,1,CRAS Alto,CRAS Alto,Público Geral,Cadastro Único
Masculino,64,Fundamental Incompleto,Alto,1,CRAS Alto,CRAS Alto,Público Geral,Cadastro Único
Feminino,53,Médio Completo,Ermitage,1,CRAS Alto,CRAS Alto,Público Geral,Cadastro Único
Feminino,82,Fundamental Incompleto,Várzea,1,CRAS Alto,CRAS Alto,Público Geral,Cadastro Único
Feminino,49,Médio Completo,Várzea,1,CRAS Alto,CRAS Alto,Público Geral,Cadastro Único
Feminino,34,Médio Completo,Granja Guarani,1,CRAS Alto,CRAS Alto,Público Geral,Cadastro Único
Feminino,44,Superior Completo,Granja Guarani,1,CRAS Alto,CRAS Alto,Público Geral,Cadastro Único
Feminino,35,Médio Completo,Granja Guarani,1,CRAS Alto,CRAS Alto,Público Geral,Cadastro Único
Feminino,24,Médio Completo,Granja Guarani,1,CRAS Alto,CRAS Alto,Público Geral,Cadastro Único
Masculino,51,Médio Completo,Alto,1,CRAS Alto,CRAS Alto,Público Geral,Cadastro Único
Feminino,39,Médio Incompleto,Albuquerque ,1,CRAS Alto,CRAS Alto,Público Geral,Cadastro Único
Feminino,63,Não Escolarizado,Albuquerque ,1,CRAS Alto,CRAS Alto,Público Geral,Cadastro Único
Feminino,35,Superior Incompleto,Agriões,1,CRAS Alto,CRAS Alto,Público Geral,Cadastro Único
Feminino,46,Superior Completo,Panorama ,1,CRAS Alto,CRAS Alto,Público Geral,Cadastro Único
Masculino,59,Médio Completo,Várzea,1,CRAS Alto,CRAS Alto,Público Geral,Cadastro Único
Feminino,32,Médio Completo,Granja Guarani,1,CRAS Alto,CRAS Alto,Público Geral,Cadastro Único
Feminino,24,Médio Incompleto,Albuquerque ,1,CRAS Alto,CRAS Alto,Público Geral,Cadastro Único
Feminino,33,Médio Incompleto,Granja Guarani,1,CRAS Alto,CRAS Alto,Público Geral,Cadastro Único
Masculino,51,Médio Completo,Cascata Guarani ,1,CRAS Alto,CRAS Alto,Público Geral,Cadastro Único
Masculino,50,Fundamental Incompleto,Granja Guarani,1,CRAS Alto,CRAS Alto,Público Geral,Cadastro Único
Feminino,27,Fundamental Incompleto,Granja Guarani,1,CRAS Alto,CRAS Alto,Público Geral,Cadastro Único
Feminino,49,Fundamental Incompleto,Cascata Guarani ,1,CRAS Alto,CRAS Alto,Público Geral,Cadastro Único
Feminino,61,Fundamental Incompleto,Panorama ,1,CRAS Alto,CRAS Alto,Público Geral,Cadastro Único
Masculino,28,Médio Completo,Várzea,1,CRAS Alto,CRAS Alto,Público Geral,Cadastro Único
Feminino,49,Médio Incompleto,Cascata Guarani ,1,CRAS Alto,CRAS Alto,Público Geral,Cadastro Único
Feminino,96,Não Escolarizado,Alto ,1,CRAS Alto,CRAS Alto,Público Geral,Cadastro Único
Feminino,47,Superior Incompleto,Cascata Guarani ,1,CRAS Alto,CRAS Alto,Público Geral,Cadastro Único
Feminino,43,Superior Incompleto,Cascata Guarani ,1,CRAS Alto,CRAS Alto,Público Geral,Cadastro Único
Feminino,19,Médio Completo,Tijuca,1,CRAS Alto,CRAS Alto,Público Geral,Cadastro Único
Feminino,73,Fundamental Completo,Ermitage,1,CRAS Alto,CRAS Alto,Público Geral,Cadastro Único
Masculino,74,Fundamental Incompleto,Bairro dos Artistas,1,CRAS Alto,CRAS Alto,Público Geral,Cadastro Único
Masculino,30,Superior Incompleto,Cascata Guarani ,1,CRAS Alto,CRAS Alto,Público Geral,Cadastro Único
Feminino,50,Médio Completo,Várzea,1,CRAS Alto,CRAS Alto,Público Geral,Cadastro Único
Feminino,43,Fundamental Completo,Alto ,1,CRAS Alto,CRAS Alto,Público Geral,Cadastro Único
Feminino,42,Médio Completo,Tijuca,1,CRAS Alto,CRAS Alto,Público Geral,Cadastro Único
Feminino,40,Médio Completo,Albuquerque ,1,CRAS Alto,CRAS Alto,Público Geral,Cadastro Único
Feminino,50,Fundamental Incompleto,Bairro dos Artistas,1,CRAS Alto,CRAS Alto,Público Geral,Cadastro Único
Feminino,20,Médio Completo,Morro dos Pinheiros,1,CRAS Alto,CRAS Alto,Público Geral,Cadastro Único
Feminino,44,Superior Completo,Ermitage,1,CRAS Alto,CRAS Alto,Público Geral,Cadastro Único
Feminino,51,Fundamental Incompleto,Soberbo,1,CRAS Alto,CRAS Alto,Público Geral,Cadastro Único
Masculino,63,Fundamental Incompleto,Jardim Serrano ,1,CRAS Alto,CRAS Alto,Público Geral,Cadastro Único
Feminino,37,Médio Completo,Granja Guarani,1,CRAS Alto,CRAS Alto,Público Geral,Cadastro Único
Feminino,55,Médio Completo,Albuquerque ,1,CRAS Alto,CRAS Alto,Público Geral,Cadastro Único
Feminino,31,Fundamental Completo,Cascata Guarani ,1,CRAS Alto,CRAS Alto,Público Geral,Cadastro Único
Masculino,69,Fundamental Incompleto,Várzea,1,CRAS Alto,CRAS Alto,Público Geral,Cadastro Único
Feminino,37,Médio Completo,Várzea,1,CRAS Alto,CRAS Alto,Público Geral,Cadastro Único
Feminino,51,Fundamental Incompleto,Tijuca,1,CRAS Alto,CRAS Alto,Público Geral,Cadastro Único
Feminino,59,Fundamental Incompleto,Cascata Guarani ,1,CRAS Alto,CRAS Alto,Público Geral,Cadastro Único
Feminino,48,Médio Completo,Vale Paraíso,1,CRAS Alto,CRAS Alto,Público Geral,Cadastro Único
Feminino,47,Superior Completo,Ermitage,1,CRAS Alto,CRAS Alto,Público Geral,Cadastro Único
Feminino,43,Médio Incompleto,Várzea,1,CRAS Alto,CRAS Alto,Público Geral,Cadastro Único
Feminino,52,Fundamental Incompleto,Várzea,1,CRAS Alto,CRAS Alto,Público Geral,Cadastro Único
Masculino,67,Fundamental Completo,Granja Guarani,1,CRAS Alto,CRAS Alto,Público Geral,Cadastro Único
Masculino,24,Médio Completo,Albuquerque ,1,CRAS Alto,CRAS Alto,Público Geral,Cadastro Único
Feminino,36,Médio Incompleto,Fazendinha ,1,CRAS Alto,CRAS Alto,Público Geral,Cadastro Único
Masculino,72,Fundamental Completo,Alto ,1,CRAS Alto,CRAS Alto,Público Geral,Cadastro Único
Feminino,36,Superior Completo,Albuquerque ,1,CRAS Alto,CRAS Alto,Público Geral,Cadastro Único
Masculino,25,Médio Completo,Pedreira,1,CRAS Alto,CRAS Alto,Público Geral,Cadastro Único
Feminino,17,Médio Incompleto,Alto,1,CRAS Alto,CRAS Alto,Público Geral,Cadastro Único
Feminino,57,Superior Completo,Jardim Europa,1,CRAS Alto,CRAS Alto,Público Geral,Cadastro Único
Masculino,40,Superior Completo,Granja Guarani,1,CRAS Alto,CRAS Alto,Público Geral,Cadastro Único
Feminino,38,Médio Completo,Morro dos Pinheiros,1,CRAS Alto,CRAS Alto,Público Geral,Cadastro Único
Feminino,78,Fundamental Incompleto,Granja Guarani,1,CRAS Alto,CRAS Alto,Público Geral,Cadastro Único
Feminino,52,Superior Completo,Albuquerque ,1,CRAS Alto,CRAS Alto,Público Geral,Cadastro Único
Feminino,38,Superior Completo,Morro dos Pinheiros,1,CRAS Alto,CRAS Alto,Público Geral,Cadastro Único
Feminino,50,Médio Completo,Fazendinha ,1,CRAS Alto,CRAS Alto,Público Geral,Cadastro Único
Feminino,26,Médio Incompleto,Cascata Guarani,1,CRAS Alto,CRAS Alto,Público Geral,Cadastro Único
Feminino,26,Fundamental Incompleto,Cascata Guarani,1,CRAS Alto,CRAS Alto,Público Geral,Cadastro Único
Feminino,61,Médio Completo,Várzea,1,CRAS Alto,CRAS Alto,Público Geral,Cadastro Único
Feminino,70,Fundamental Incompleto, Bom Retiro,1,CRAS Alto,CRAS Alto,Público Geral,Cadastro Único
Feminino,37,Superior Incompleto,Alto,1,CRAS Alto,CRAS Alto,Público Geral,Cadastro Único
Feminino,36,Médio Incompleto,Cascata Guarani,1,CRAS Alto,CRAS Alto,Público Geral,Cadastro Único
Masculino,19,Médio Incompleto,Várzea,1,CRAS Alto,CRAS Alto,Público Geral,Cadastro Único
Feminino,39,Superior Incompleto,Alto,1,CRAS Alto,CRAS Alto,Público Geral,Cadastro Único
Feminino,53,Médio Completo,Vale Paraíso,1,CRAS Alto,CRAS Alto,Público Geral,Cadastro Único
Feminino,48,Fundamental Incompleto,Jardim Serrano ,1,CRAS Alto,CRAS Alto,Público Geral,Cadastro Único
Masculino,61,Não Escolarizado,Corta Vento,1,CRAS Alto,CRAS Alto,Público Geral,Cadastro Único
Feminino,22,Médio Completo,Albuquerque ,1,CRAS Alto,CRAS Alto,Público Geral,Cadastro Único
Masculino,65,Médio Completo,Tijuca,1,CRAS Alto,CRAS Alto,Público Geral,Cadastro Único
Feminino,55,Fundamental Incompleto,Corta Vento,1,CRAS Alto,CRAS Alto,Público Geral,Cadastro Único
Feminino,59,Não Escolarizado,tijuca,1,CRAS Alto,CRAS Alto,Público Geral,Cadastro Único
Feminino,47,Fundamental Incompleto,Albuquerque ,1,CRAS Alto,CRAS Alto,Público Geral,Cadastro Único
Feminino,41,Médio Completo,Corta Vento,1,CRAS Alto,CRAS Alto,Público Geral,Cadastro Único
Feminino,58,Fundamental Incompleto,Fazendinha ,1,CRAS Alto,CRAS Alto,Público Geral,Cadastro Único
Feminino,69,Fundamental Incompleto,tijuca,1,CRAS Alto,CRAS Alto,Público Geral,Cadastro Único
Feminino,26,Fundamental Incompleto,Santa Cecília,1,CRAS Alto,CRAS Alto,Público Geral,Cadastro Único
Masculino,58,Fundamental Incompleto,Alto,1,CRAS Alto,CRAS Alto,Público Geral,Cadastro Único
Feminino,67,Médio Completo,Agriões,1,CRAS Alto,CRAS Alto,Público Geral,Cadastro Único
Feminino,65,Médio Completo,Alto,1,CRAS Alto,CRAS Alto,Público Geral,Cadastro Único
Masculino,51,Fundamental Incompleto,Várzea,1,CRAS Alto,CRAS Alto,Público Geral,Cadastro Único
Feminino,56,Fundamental Incompleto,Granja Guarani,1,CRAS Alto,CRAS Alto,Público Geral,Cadastro Único
Feminino,65,Fundamental Incompleto,Alto,1,CRAS Alto,CRAS Alto,Público Geral,Cadastro Único
Feminino,57,Fundamental Incompleto,Fazendinha ,1,CRAS Alto,CRAS Alto,Público Geral,Cadastro Único
Feminino,49,Superior Completo,Alto,1,CRAS Alto,CRAS Alto,Público Geral,Cadastro Único
Feminino,82,Fundamental Incompleto,Cascata Guarani,1,CRAS Alto,CRAS Alto,Público Geral,Cadastro Único
Feminino,41,Médio Completo,Corta Vento,1,CRAS Alto,CRAS Alto,Público Geral,Cadastro Único
Masculino,40,Médio Completo,Várzea,1,CRAS Alto,CRAS Alto,Público Geral,Cadastro Único
Feminino,19,Fundamental Incompleto,Alto,1,CRAS Alto,CRAS Alto,Público Geral,Cadastro Único
Masculino,39,Médio Completo,Granja Guarani,1,CRAS Alto,CRAS Alto,Público Geral,Cadastro Único
Feminino,26,Médio Completo,Fátima ,1,CRAS Alto,CRAS Alto,Público Geral,Cadastro Único
Feminino,55,Médio Completo,Albuquerque ,1,CRAS Alto,CRAS Alto,Público Geral,Cadastro Único
Feminino,46,Médio Completo,Alto,1,CRAS Alto,CRAS Alto,Público Geral,Cadastro Único
Masculino,22,Médio Completo,Várzea,1,CRAS Alto,CRAS Alto,Público Geral,Cadastro Único
Masculino,42,Superior Incompleto,Albuquerque ,1,CRAS Alto,CRAS Alto,Público Geral,Cadastro Único
Feminino,42,Fundamental Completo,Albuquerque ,1,CRAS Alto,CRAS Alto,Público Geral,Cadastro Único
Masculino,38,Médio Completo,Agriões,1,CRAS Alto,CRAS Alto,Público Geral,Cadastro Único
Feminino,70,Fundamental Incompleto,Cascata Guarani ,1,CRAS Alto,CRAS Alto,Público Geral,Cadastro Único
Feminino,71,Não Escolarizado,Parque São Luiz,1,CRAS Alto,CRAS Alto,Público Geral,Cadastro Único
Masculino,35,Fundamental Incompleto,Várzea,1,CRAS Alto,CRAS Alto,Público Geral,Cadastro Único
Masculino,26,Superior Completo,Morro dos Pinheiros,1,CRAS Alto,CRAS Alto,Público Geral,Cadastro Único
Feminino,69,Fundamental Incompleto,Ermitage,1,CRAS Alto,CRAS Alto,Público Geral,Cadastro Único
Feminino,32,Médio Completo,Agriões,1,CRAS Alto,CRAS Alto,Público Geral,Cadastro Único
Feminino,38,Médio Incompleto,Albuquerque ,1,CRAS Alto,CRAS Alto,Público Geral,Cadastro Único
Masculino,49,Fundamental Incompleto,Alto,1,CRAS Alto,CRAS Alto,Público Geral,Cadastro Único
Masculino,61,Médio Completo,Ermitage ,1,CRAS Alto,CRAS Alto,Público Geral,Cadastro Único
Masculino,65,Fundamental Incompleto,Alto,1,CRAS Alto,CRAS Alto,Público Geral,Cadastro Único
Feminino,51,Superior Completo,Alto,1,CRAS Alto,CRAS Alto,Público Geral,Cadastro Único
Feminino,39,Médio Completo,Bairro dos Artistas,1,CRAS Alto,CRAS Alto,Público Geral,Cadastro Único
Feminino,56,Médio Completo,Várzea,1,CRAS Alto,CRAS Alto,Público Geral,Cadastro Único
Feminino,67,Não Escolarizado,Cascata Guarani ,1,CRAS Alto,CRAS Alto,Público Geral,Cadastro Único
Feminino,70,Fundamental Incompleto,Vale Paraíso,1,CRAS Alto,CRAS Alto,Público Geral,Cadastro Único
Feminino,32,Médio Completo,Cascata Guarani ,1,CRAS Alto,CRAS Alto,Público Geral,Cadastro Único
Feminino,59,Superior Incompleto,Albuquerque ,1,CRAS Alto,CRAS Alto,Público Geral,Cadastro Único
Feminino,52,Fundamental Incompleto,Albuquerque ,1,CRAS Alto,CRAS Alto,Público Geral,Cadastro Único
Feminino,24,Médio Completo,São Pedro,1,CRAS Alto,CRAS Alto,Público Geral,Cadastro Único
Feminino,59,Fundamental Completo,Albuquerque ,1,CRAS Alto,CRAS Alto,Público Geral,Cadastro Único
Feminino,42,Médio Completo,Albuquerque ,1,CRAS Alto,CRAS Alto,Público Geral,Cadastro Único
Feminino,32,Médio Completo,Soberbo,1,CRAS Alto,CRAS Alto,Público Geral,Cadastro Único
Feminino,56,Médio Incompleto,Várzea,1,CRAS Alto,CRAS Alto,Público Geral,Cadastro Único
Feminino,38,Fundamental Incompleto,Morro dos Pinheiros,1,CRAS Alto,CRAS Alto,Público Geral,Cadastro Único
Feminino,66,Médio Incompleto,Granja Guarani,1,CRAS Alto,CRAS Alto,Público Geral,Cadastro Único
Masculino,49,Superior Incompleto,Agriões,1,CRAS Alto,CRAS Alto,Público Geral,Cadastro Único
Masculino,46,Médio Completo,Cascata Guarani,1,CRAS Alto,CRAS Alto,Público Geral,Cadastro Único
Feminino,53,Médio Completo,Várzea,1,CRAS Alto,CRAS Alto,Público Geral,Cadastro Único
Feminino,30,Fundamental Incompleto,Corta Vento,1,CRAS Alto,CRAS Alto,Público Geral,Cadastro Único
Feminino,63,Fundamental Incompleto,Alto,1,CRAS Alto,CRAS Alto,Público Geral,Cadastro Único
Feminino,51,Fundamental Incompleto,Canoas,3,CRAS Alto,CRAS Alto,Público Geral,Cadastro Único
Feminino,29,Superior Incompleto,Várzea,1,CRAS Alto,CRAS Alto,Público Geral,Cadastro Único
Masculino,50,Superior Completo,Albuquerque ,1,CRAS Alto,CRAS Alto,Público Geral,Cadastro Único
Masculino,19,Médio Completo,Canoas,3,CRAS Alto,CRAS Alto,Público Geral,Cadastro Único
Feminino,46,Médio Completo,Alto,1,CRAS Alto,CRAS Alto,Público Geral,Cadastro Único
Feminino,50,Fundamental Incompleto,Granja Guarani,1,CRAS Alto,CRAS Alto,Público Geral,Cadastro Único
Feminino,19,Médio Incompleto,Tijuca,1,CRAS Alto,CRAS Alto,Público Geral,Cadastro Único
Masculino,29,Médio Completo,Morro dos Pinheiros,1,CRAS Alto,CRAS Alto,Público Geral,Cadastro Único
Feminino,42,Médio Completo,Cascata Guarani,1,CRAS Alto,CRAS Alto,Público Geral,Cadastro Único
Feminino,49,Fundamental Incompleto,Cascata Guarani,1,CRAS Alto,CRAS Alto,Público Geral,Cadastro Único
Feminino,78,Médio Completo,Granja Guarani,1,CRAS Alto,CRAS Alto,Público Geral,Cadastro Único
Masculino,67,Médio Completo,Várzea,1,CRAS Alto,CRAS Alto,Público Geral,Cadastro Único
Feminino,39,Médio Incompleto,Canoas,3,CRAS Alto,CRAS Alto,Público Geral,Cadastro Único
Feminino,29,Médio Incompleto,Alto,1,CRAS Alto,CRAS Alto,Público Geral,Cadastro Único
Feminino,26,Médio Incompleto,Albuquerque ,1,CRAS Alto,CRAS Alto,Público Geral,Cadastro Único
Feminino,75,Médio Completo,Alto,1,CRAS Alto,CRAS Alto,Público Geral,Cadastro Único
Feminino,54,Médio Incompleto,Vale Paraíso,1,CRAS Alto,CRAS Alto,Público Geral,Cadastro Único
Feminino,53,Médio Completo,Corta Vento,1,CRAS Alto,CRAS Alto,Público Geral,Cadastro Único
Feminino,34,Médio Completo,Granja Guarani,1,CRAS Alto,CRAS Alto,Público Geral,Cadastro Único
Feminino,37,Médio Completo,Agriões,1,CRAS Alto,CRAS Alto,Público Geral,Cadastro Único
Feminino,45,Fundamental Incompleto,Granja Guarani,1,CRAS Alto,CRAS Alto,Público Geral,Cadastro Único
Feminino,73,Fundamental Completo,Cascata Guarani ,1,CRAS Alto,CRAS Alto,Público Geral,Cadastro Único
Feminino,30,Fundamental Incompleto,Parque São Luiz,1,CRAS Alto,CRAS Alto,Público Geral,Cadastro Único
Feminino,28,Médio Completo,Cascata Guarani,1,CRAS Alto,CRAS Alto,Público Geral,Cadastro Único
Feminino,20,Fundamental Completo,Ermitage,1,CRAS Alto,CRAS Alto,Público Geral,Cadastro Único
Feminino,39,Não Escolarizado,Várzea,1,CRAS Alto,CRAS Alto,Público Geral,Cadastro Único
Feminino,31,Superior Completo,Agriões,1,CRAS Alto,CRAS Alto,Público Geral,Cadastro Único
Feminino,46,Médio Completo,Alto,1,CRAS Alto,CRAS Alto,Público Geral,Cadastro Único
Feminino,37,Médio Completo,Cascata Guarani,1,CRAS Alto,CRAS Alto,Público Geral,Cadastro Único
Masculino,46,Fundamental Incompleto,Alto,1,CRAS Alto,CRAS Alto,Público Geral,Cadastro Único
Feminino,50,Não Escolarizado,Alto,1,CRAS Alto,CRAS Alto,Público Geral,Cadastro Único
Masculino,73,Não Escolarizado,Cascata Guarani,1,CRAS Alto,CRAS Alto,Público Geral,Cadastro Único
Feminino,42,Médio Completo,Albuquerque ,1,CRAS Alto,CRAS Alto,Público Geral,Cadastro Único
Feminino,25,Médio Completo,Ermitage,1,CRAS Alto,CRAS Alto,Público Geral,Cadastro Único
Feminino,25,Médio Completo,Ermitage,1,CRAS Alto,CRAS Alto,Público Geral,Cadastro Único
Feminino,74,Fundamental Incompleto,Morro dos Pinheiros,1,CRAS Alto,CRAS Alto,Público Geral,Cadastro Único
Feminino,66,Médio Completo,Panorama ,1,CRAS Alto,CRAS Alto,Público Geral,Cadastro Único
Feminino,40,Médio Completo,Cascata Guarani,1,CRAS Alto,CRAS Alto,Público Geral,Cadastro Único
Feminino,69,Fundamental Incompleto,Tijuca,1,CRAS Alto,CRAS Alto,Público Geral,Cadastro Único
Feminino,48,Fundamental Incompleto,Albuquerque ,1,CRAS Alto,CRAS Alto,Público Geral,Cadastro Único
Feminino,32,Médio Completo,Albuquerque ,1,CRAS Alto,CRAS Alto,Público Geral,Cadastro Único
Feminino,22,Médio Incompleto,Cascata Guarani,1,CRAS Alto,CRAS Alto,Público Geral,Cadastro Único
Feminino,51,Fundamental Completo,Bairro dos Artistas,1,CRAS Alto,CRAS Alto,Público Geral,Cadastro Único
Masculino,21,Médio Completo,Granja Guarani,1,CRAS Alto,CRAS Alto,Público Geral,Cadastro Único
Masculino,80,Não Escolarizado,Fazendinha ,1,CRAS Alto,CRAS Alto,Público Geral,Cadastro Único
Feminino,63,Fundamental Incompleto,Alto,1,CRAS Alto,CRAS Alto,Público Geral,Cadastro Único
Feminino,62,Fundamental Incompleto,Granja Guarani,1,CRAS Alto,CRAS Alto,Público Geral,Cadastro Único
Feminino,48,Fundamental Incompleto,Granja Guarani,1,CRAS Alto,CRAS Alto,Público Geral,Cadastro Único
Feminino,50,Não Escolarizado,Alto,1,CRAS Alto,CRAS Alto,Público Geral,Cadastro Único
Feminino,61,Fundamental Incompleto,Cascata Guarani,1,CRAS Alto,CRAS Alto,Público Geral,Cadastro Único
Feminino,20,Médio Completo,Granja Guarani,1,CRAS Alto,CRAS Alto,Público Geral,Cadastro Único
Masculino,30,Médio Completo,Morro dos Pinheiros,1,CRAS Alto,CRAS Alto,Público Geral,Cadastro Único
Feminino,74,Fundamental Incompleto,Várzea,1,CRAS Alto,CRAS Alto,Público Geral,Cadastro Único
Feminino,47,Médio Completo,Fazendinha ,1,CRAS Alto,CRAS Alto,Público Geral,Cadastro Único
Masculino,57,Médio Completo,Cascata Guarani,1,CRAS Alto,CRAS Alto,Público Geral,Cadastro Único
Feminino,60,Fundamental Incompleto,Bairro dos Artistas,1,CRAS Alto,CRAS Alto,Público Geral,Cadastro Único
Feminino,35,Médio Completo,Albuquerque ,1,CRAS Alto,CRAS Alto,Público Geral,Cadastro Único
Masculino,69,Fundamental Completo,Vale Paraíso,1,CRAS Alto,CRAS Alto,Público Geral,Cadastro Único
Feminino,74,Médio Completo,Alto,1,CRAS Alto,CRAS Alto,Público Geral,Cadastro Único
Masculino,29,Médio Completo,Corta Vento,1,CRAS Alto,CRAS Alto,Público Geral,Cadastro Único
Masculino,18,Fundamental Incompleto,Granja Guarani,1,CRAS Alto,CRAS Alto,Público Geral,Cadastro Único
Masculino,73,Superior Completo,Agriões,1,CRAS Alto,CRAS Alto,Público Geral,Cadastro Único
Masculino,47,Fundamental Incompleto,Bairro dos Artistas,1,CRAS Alto,CRAS Alto,Público Geral,Cadastro Único
Feminino,57,Médio Completo,Granja Guarani,1,CRAS Alto,CRAS Alto,Público Geral,Cadastro Único
Feminino,50,Fundamental Incompleto,Granja Guarani,1,CRAS Alto,CRAS Alto,Público Geral,Cadastro Único
Masculino,62,Fundamental Incompleto,Granja Guarani,1,CRAS Alto,CRAS Alto,Público Geral,Cadastro Único
Feminino,53,Não Escolarizado,Albuquerque ,1,CRAS Alto,CRAS Alto,Público Geral,Cadastro Único
Masculino,45,Médio Completo,Ermitage,1,CRAS Alto,CRAS Alto,Público Geral,Cadastro Único
Masculino,65,Fundamental Incompleto,Alto,1,CRAS Alto,CRAS Alto,Público Geral,Cadastro Único
Masculino,30,Médio Completo,Morro dos Pinheiros,1,CRAS Alto,CRAS Alto,Público Geral,Cadastro Único
Feminino,58,Fundamental Incompleto,Granja Guarani,1,CRAS Alto,CRAS Alto,Público Geral,Cadastro Único
Feminino,51,Médio Completo,Vale Paraíso,1,CRAS Alto,CRAS Alto,Público Geral,Cadastro Único
Feminino,28,Médio Completo,Vale Alpino,3,CRAS Alto,CRAS Alto,Público Geral,Cadastro Único
Feminino,25,Fundamental Completo,Ermitage,1,CRAS Alto,CRAS Alto,Público Geral,Cadastro Único
Feminino,70,Fundamental Incompleto,Ermitage,1,CRAS Alto,CRAS Alto,Público Geral,Cadastro Único
Masculino,40,Médio Completo,Agriões,1,CRAS Alto,CRAS Alto,Público Geral,Cadastro Único
Feminino,23,Superior Incompleto,Várzea,1,CRAS Alto,CRAS Alto,Público Geral,Cadastro Único
Feminino,31,Fundamental Incompleto,Canoas,3,CRAS Alto,CRAS Alto,Público Geral,Cadastro Único
Feminino,63,Fundamental Incompleto,Canoas,3,CRAS Alto,CRAS Alto,Público Geral,Cadastro Único
Masculino,56,Fundamental Incompleto,Parque São Luiz,1,CRAS Alto,CRAS Alto,Público Geral,Cadastro Único
Masculino,68,Fundamental Incompleto,Cascata Guarani,1,CRAS Alto,CRAS Alto,Público Geral,Cadastro Único
Feminino,31,Médio Completo,Soberbo,1,CRAS Alto,CRAS Alto,Público Geral,Cadastro Único
Masculino,70,Fundamental Incompleto,Albuquerque ,1,CRAS Alto,CRAS Alto,Público Geral,Cadastro Único
Feminino,40,Médio Completo,Ermitage,1,CRAS Alto,CRAS Alto,Público Geral,Cadastro Único
Feminino,53,Médio Incompleto,Agriões,1,CRAS Alto,CRAS Alto,Público Geral,Cadastro Único
Feminino,41,Médio Completo,Granja Guarani,1,CRAS Alto,CRAS Alto,Público Geral,Cadastro Único
Feminino,55,Médio Incompleto,Tijuca,1,CRAS Alto,CRAS Alto,Público Geral,Cadastro Único
Feminino,65,Fundamental Incompleto,Granja Guarani,1,CRAS Alto,CRAS Alto,Público Geral,Cadastro Único
Feminino,55,Fundamental Incompleto,Cascata Guarani,1,CRAS Alto,CRAS Alto,Público Geral,Cadastro Único
Masculino,70,Superior Completo,Albuquerque ,1,CRAS Alto,CRAS Alto,Público Geral,Cadastro Único
Feminino,30,Médio Completo,Parque São Luiz,1,CRAS Alto,CRAS Alto,Público Geral,Cadastro Único
Feminino,50,Médio Completo,Cascata Guarani,1,CRAS Alto,CRAS Alto,Público Geral,Cadastro Único
Masculino,76,Fundamental Incompleto,Morro dos Pinheiros,1,CRAS Alto,CRAS Alto,Público Geral,Cadastro Único
Masculino,59,Fundamental Incompleto,Parque São Luiz,1,CRAS Alto,CRAS Alto,Público Geral,Cadastro Único
Masculino,88,Médio Completo,Alto,1,CRAS Alto,CRAS Alto,Público Geral,Cadastro Único
Masculino,45,Fundamental Completo,Alto,1,CRAS Alto,CRAS Alto,Público Geral,Cadastro Único
Feminino,57,Fundamental Completo,Corta Vento,1,CRAS Alto,CRAS Alto,Público Geral,Cadastro Único
Feminino,26,Médio Completo,Cascata Guarani,1,CRAS Alto,CRAS Alto,Público Geral,Cadastro Único
Feminino,43,Fundamental Incompleto,Cascata Guarani,1,CRAS Alto,CRAS Alto,Público Geral,Cadastro Único
Feminino,57,Médio Incompleto,Tijuca ,1,CRAS Alto,CRAS Alto,Público Geral,Cadastro Único
Feminino,31,Superior Completo,Corta Vento,1,CRAS Alto,CRAS Alto,Público Geral,Cadastro Único
Feminino,55,Fundamental Incompleto,Cascata Guarani,1,CRAS Alto,CRAS Alto,Público Geral,Cadastro Único
Feminino,69,Fundamental Incompleto,Ermitage ,1,CRAS Alto,CRAS Alto,Público Geral,Cadastro Único
Feminino,37,Médio Completo,Alto ,1,CRAS Alto,CRAS Alto,Público Geral,Cadastro Único
Feminino,37,Médio Completo,Corta Vento,1,CRAS Alto,CRAS Alto,Público Geral,Cadastro Único
Feminino,62,Médio Completo,Vale Paraíso,1,CRAS Alto,CRAS Alto,Público Geral,Cadastro Único
Masculino,62,Superior Completo,Ermitage,1,CRAS Alto,CRAS Alto,Público Geral,Cadastro Único
Feminino,22,Médio Completo,Agriões,1,CRAS Alto,CRAS Alto,Público Geral,Cadastro Único
Masculino,48,Fundamental Incompleto,Alto,1,CRAS Alto,CRAS Alto,Público Geral,Cadastro Único
Feminino,91,Médio Completo,Várzea,1,CRAS Alto,CRAS Alto,Público Geral,Cadastro Único
Feminino,57,Médio Completo,Bairro dos Artistas,1,CRAS Alto,CRAS Alto,Público Geral,Cadastro Único
Feminino,34,Médio Incompleto,Albuquerque ,1,CRAS Alto,CRAS Alto,Público Geral,Cadastro Único
Masculino,77,Fundamental Incompleto,Ermitage ,1,CRAS Alto,CRAS Alto,Público Geral,Cadastro Único
Feminino,57,Fundamental Incompleto,Canoas,3,CRAS Alto,CRAS Alto,Público Geral,Cadastro Único
Feminino,23,Médio Incompleto,Alto,1,CRAS Alto,CRAS Alto,Público Geral,Cadastro Único
Feminino,73,Fundamental Incompleto,Tijuca,1,CRAS Alto,CRAS Alto,Público Geral,Cadastro Único
Feminino,25,Fundamental Completo,Corta Vento,1,CRAS Alto,CRAS Alto,Público Geral,Cadastro Único
Masculino,27,Fundamental Completo,Corta Vento,1,CRAS Alto,CRAS Alto,Público Geral,Cadastro Único
Feminino,29,Superior Completo,Várzea,1,CRAS Alto,CRAS Alto,Público Geral,Cadastro Único
Feminino,20,Médio Completo,Corta Vento,1,CRAS Alto,CRAS Alto,Público Geral,Cadastro Único
Feminino,69,Fundamental Incompleto,Jardim Serrano ,1,CRAS Alto,CRAS Alto,Público Geral,Cadastro Único
Masculino,51,Médio Completo,Cascata Guarani ,1,CRAS Alto,CRAS Alto,Público Geral,Cadastro Único
Feminino,29,Médio Incompleto,Albuquerque ,1,CRAS Alto,CRAS Alto,Público Geral,Cadastro Único
Feminino,35,Superior Completo,Alto,1,CRAS Alto,CRAS Alto,Público Geral,Cadastro Único
Feminino,35,Fundamental Incompleto,Canoas,3,CRAS Alto,CRAS Alto,Público Geral,Cadastro Único
Feminino,34,Médio Completo,Cascata Guarani ,1,CRAS Alto,CRAS Alto,Público Geral,Cadastro Único
Feminino,36,Médio Completo,Albuquerque ,1,CRAS Alto,CRAS Alto,Público Geral,Cadastro Único
Feminino,43,Superior Incompleto,Albuquerque ,1,CRAS Alto,CRAS Alto,Público Geral,Cadastro Único
Feminino,53,Médio Completo,Fazendinha ,1,CRAS Alto,CRAS Alto,Público Geral,Cadastro Único
Masculino,65,Fundamental Completo,Vale Paraíso,1,CRAS Alto,CRAS Alto,Público Geral,Cadastro Único
Masculino,30,Superior Completo,Ermitage,1,CRAS Alto,CRAS Alto,Público Geral,Cadastro Único
Feminino,72,Superior Completo,Alto,1,CRAS Alto,CRAS Alto,Público Geral,Cadastro Único
Masculino,29,Superior Completo,Ermitage,1,CRAS Alto,CRAS Alto,Público Geral,Cadastro Único
Masculino,24,Médio Completo,Várzea,1,CRAS Alto,CRAS Alto,Público Geral,Cadastro Único
Feminino,31,Fundamental Completo,Tijuca ,1,CRAS Alto,CRAS Alto,Público Geral,Cadastro Único
Feminino,71,Superior Completo,Taumaturgo,1,CRAS Alto,CRAS Alto,Público Geral,Cadastro Único
Feminino,51,Fundamental Incompleto,Albuquerque ,1,CRAS Alto,CRAS Alto,Público Geral,Cadastro Único
Feminino,40,Fundamental Incompleto,Cascata Guarani ,1,CRAS Alto,CRAS Alto,Público Geral,Cadastro Único
Feminino,18,Médio Completo,Tijuca,1,CRAS Alto,CRAS Alto,Público Geral,Cadastro Único
Masculino,56,Fundamental Completo,Ermitage ,1,CRAS Alto,CRAS Alto,Público Geral,Cadastro Único
Masculino,65,Fundamental Incompleto,Alto,1,CRAS Alto,CRAS Alto,Público Geral,Cadastro Único
Masculino,59,Fundamental Incompleto,Granja Guarani,1,CRAS Alto,CRAS Alto,Público Geral,Cadastro Único
Masculino,32,Médio Completo,Canoas,3,CRAS Alto,CRAS Alto,Público Geral,Cadastro Único
Feminino,65,Fundamental Incompleto,Cascata Guarani ,1,CRAS Alto,CRAS Alto,Público Geral,Cadastro Único
Feminino,42,Superior Completo,Canoas,3,CRAS Alto,CRAS Alto,Público Geral,Cadastro Único
Feminino,42,Fundamental Incompleto,Canoas,3,CRAS Alto,CRAS Alto,Público Geral,Cadastro Único
Feminino,48,Fundamental Incompleto,Cascata Guarani ,1,CRAS Alto,CRAS Alto,Público Geral,Cadastro Único
Feminino,67,Fundamental Completo,Agriões,1,CRAS Alto,CRAS Alto,Público Geral,Cadastro Único
Feminino,49,Fundamental Incompleto,Albuquerque ,1,CRAS Alto,CRAS Alto,Público Geral,Cadastro Único
Feminino,39,Médio Completo,Granja Guarani,1,CRAS Alto,CRAS Alto,Público Geral,Cadastro Único
Feminino,25,Médio Completo,Vale Paraíso,1,CRAS Alto,CRAS Alto,Público Geral,Cadastro Único
Feminino,53,Médio Completo,Granja Guarani,1,CRAS Alto,CRAS Alto,Público Geral,Cadastro Único
Feminino,46,Fundamental Incompleto,Canoas,3,CRAS Alto,CRAS Alto,Público Geral,Cadastro Único
Masculino,41,Médio Completo,Bairro dos Artistas,1,CRAS Alto,CRAS Alto,Público Geral,Cadastro Único
Masculino,32,Fundamental Incompleto,Alto,1,CRAS Alto,CRAS Alto,Público Geral,Cadastro Único
Feminino,81,Fundamental Completo,Agriões,1,CRAS Alto,CRAS Alto,Público Geral,Cadastro Único
Masculino,34,Médio Completo,Cascata Guarani ,1,CRAS Alto,CRAS Alto,Público Geral,Cadastro Único
Masculino,45,Médio Completo,Soberbo,1,CRAS Alto,CRAS Alto,Público Geral,Cadastro Único
Masculino,34,Médio Completo,Fazendinha ,1,CRAS Alto,CRAS Alto,Público Geral,Cadastro Único
Feminino,71,Fundamental Incompleto,Granja Guarani,1,CRAS Alto,CRAS Alto,Público Geral,Cadastro Único
Feminino,77,Fundamental Incompleto,Agriões,1,CRAS Alto,CRAS Alto,Público Geral,Cadastro Único
Feminino,79,Médio Completo,Agriões,1,CRAS Alto,CRAS Alto,Público Geral,Cadastro Único
Masculino,50,Fundamental Incompleto,Iucas,1,CRAS Alto,CRAS Alto,Público Geral,Cadastro Único
Feminino,41,Fundamental Incompleto,Cascata Guarani ,1,CRAS Alto,CRAS Alto,Público Geral,Cadastro Único
Feminino,36,Fundamental Completo,Granja Guarani,1,CRAS Alto,CRAS Alto,Público Geral,Cadastro Único
Feminino,51,Fundamental Incompleto,Cascata Guarani ,1,CRAS Alto,CRAS Alto,Público Geral,Cadastro Único
Feminino,22,Médio Completo,Cascata Guarani ,1,CRAS Alto,CRAS Alto,Público Geral,Cadastro Único
Feminino,28,Médio Incompleto,Corta Vento,1,CRAS Alto,CRAS Alto,Público Geral,Cadastro Único
Feminino,27,Fundamental Incompleto,Cascata Guarani ,1,CRAS Alto,CRAS Alto,Público Geral,Cadastro Único
Feminino,25,Médio Completo,Vale Paraíso,1,CRAS Alto,CRAS Alto,Público Geral,Cadastro Único
Masculino,60,Médio Completo,Alto,1,CRAS Alto,CRAS Alto,Público Geral,Cadastro Único
Feminino,26,Médio Incompleto,Cascata Guarani ,1,CRAS Alto,CRAS Alto,Público Geral,Cadastro Único
Feminino,74,Fundamental Completo,Várzea,1,CRAS Alto,CRAS Alto,Público Geral,Cadastro Único
Feminino,66,Fundamental Completo,Granja Guarani,1,CRAS Alto,CRAS Alto,Público Geral,Cadastro Único
Feminino,40,Fundamental Completo,Corta Vento,1,CRAS Alto,CRAS Alto,Público Geral,Cadastro Único
Masculino,42,Fundamental Incompleto,Granja Guarani,1,CRAS Alto,CRAS Alto,Público Geral,Cadastro Único
Feminino,65,Médio Completo,Canoas,3,CRAS Alto,CRAS Alto,Público Geral,Cadastro Único
Feminino,39,Superior Incompleto,Alto,1,CRAS Alto,CRAS Alto,Público Geral,Cadastro Único
Masculino,23,Médio Completo,Bairro dos Artistas,1,CRAS Alto,CRAS Alto,Público Geral,Cadastro Único
Feminino,38,Médio Completo,Ermitage,1,CRAS Alto,CRAS Alto,Público Geral,Cadastro Único
Feminino,30,Médio Incompleto,Granja Guarani,1,CRAS Alto,CRAS Alto,Público Geral,Cadastro Único
Masculino,35,Fundamental Incompleto,Agriões,1,CRAS Alto,CRAS Alto,Público Geral,Cadastro Único
Feminino,30,Médio Incompleto,Fazendinha ,1,CRAS Alto,CRAS Alto,Público Geral,Cadastro Único
Masculino,36,Médio Completo,Corta Vento,1,CRAS Alto,CRAS Alto,Público Geral,Cadastro Único
Feminino,25,Médio Completo,Tijuca,1,CRAS Alto,CRAS Alto,Público Geral,Cadastro Único
Feminino,46,Fundamental Incompleto,Corta Vento,1,CRAS Alto,CRAS Alto,Público Geral,Cadastro Único
Feminino,34,Fundamental Incompleto,Várzea,1,CRAS Alto,CRAS Alto,Público Geral,Cadastro Único
Feminino,28,Médio Completo,Alto,1,CRAS Alto,CRAS Alto,Público Geral,Cadastro Único
Masculino,56,Fundamental Incompleto,Granja Guarani,1,CRAS Alto,CRAS Alto,Público Geral,Cadastro Único
Feminino,79,Fundamental Incompleto,Várzea,1,CRAS Alto,CRAS Alto,Público Geral,Cadastro Único
Feminino,34,Fundamental Incompleto,Albuquerque ,1,CRAS Alto,CRAS Alto,Público Geral,Cadastro Único
Feminino,49,Superior Completo,Alto,1,CRAS Alto,CRAS Alto,Público Geral,Cadastro Único
Feminino,46,Médio Completo,Granja Guarani,1,CRAS Alto,CRAS Alto,Público Geral,Cadastro Único
Feminino,44,Fundamental Incompleto,Morro dos Pinheiros,1,CRAS Alto,CRAS Alto,Público Geral,Cadastro Único
Feminino,41,Superior Completo,Alto,1,CRAS Alto,CRAS Alto,Público Geral,Cadastro Único
Masculino,32,Médio Completo,Granja Guarani,1,CRAS Alto,CRAS Alto,Público Geral,Cadastro Único
Feminino,49,Superior Completo,Alto,1,CRAS Alto,CRAS Alto,Público Geral,Cadastro Único
Feminino,46,Superior Completo,Tijuca,1,CRAS Alto,CRAS Alto,Público Geral,Cadastro Único
Feminino,47,Médio Completo,Ermitage,1,CRAS Alto,CRAS Alto,Público Geral,Cadastro Único
Feminino,28,Médio Incompleto,Corta Vento,1,CRAS Alto,CRAS Alto,Público Geral,Cadastro Único
Feminino,32,Médio Completo,Várzea,1,CRAS Alto,CRAS Alto,Público Geral,Cadastro Único
Masculino,65,Fundamental Incompleto,Alto,1,CRAS Alto,CRAS Alto,Público Geral,Cadastro Único
Feminino,46,Fundamental Incompleto,Albuquerque ,1,CRAS Alto,CRAS Alto,Público Geral,Cadastro Único
Feminino,54,Não Escolarizado,Corta Vento,1,CRAS Alto,CRAS Alto,Público Geral,Cadastro Único
Masculino,64,Fundamental Incompleto,Alto,1,CRAS Alto,CRAS Alto,Público Geral,Cadastro Único
Feminino,36,Fundamental Incompleto,Alto,1,CRAS Alto,CRAS Alto,Público Geral,Cadastro Único
Feminino,51,Médio Incompleto,Tijuca,1,CRAS Alto,CRAS Alto,Público Geral,Cadastro Único
Feminino,23,Médio Completo,Alto,1,CRAS Alto,CRAS Alto,Público Geral,Cadastro Único
Feminino,24,Médio Completo,Fazendinha ,1,CRAS Alto,CRAS Alto,Público Geral,Cadastro Único
Feminino,48,Médio Incompleto,Alto,1,CRAS Alto,CRAS Alto,Público Geral,Cadastro Único
Masculino,65,Fundamental Completo,Várzea,1,CRAS Alto,CRAS Alto,Público Geral,Cadastro Único
Feminino,36,Médio Completo,Albuquerque ,1,CRAS Alto,CRAS Alto,Público Geral,Cadastro Único
Feminino,41,Fundamental Incompleto,Albuquerque ,1,CRAS Alto,CRAS Alto,Público Geral,Cadastro Único
Feminino,62,Fundamental Incompleto,Canoas,3,CRAS Alto,CRAS Alto,Público Geral,Cadastro Único
Masculino,61,Médio Completo,Morro dos Pinheiros,1,CRAS Alto,CRAS Alto,Público Geral,Cadastro Único
Masculino,41,Médio Completo,Cascata Guarani,1,CRAS Alto,CRAS Alto,Público Geral,Cadastro Único
Feminino,74,Fundamental Incompleto,Granja Guarani,1,CRAS Alto,CRAS Alto,Público Geral,Cadastro Único
Feminino,60,Fundamental Incompleto,Morro dos Pinheiros,1,CRAS Alto,CRAS Alto,Público Geral,Cadastro Único
Feminino,18,Médio Completo,Soberbo,1,CRAS Alto,CRAS Alto,Público Geral,Cadastro Único
Feminino,27,Superior Completo,Corta Vento,1,CRAS Alto,CRAS Alto,Público Geral,Cadastro Único
Feminino,29,Médio Completo,Tijuca,1,CRAS Alto,CRAS Alto,Público Geral,Cadastro Único
Feminino,52,Médio Incompleto,Alto,1,CRAS Alto,CRAS Alto,Público Geral,Cadastro Único
Feminino,29,Fundamental Incompleto,Jardim Serrano ,1,CRAS Alto,CRAS Alto,Público Geral,Cadastro Único
Feminino,56,Não Escolarizado,Várzea,1,CRAS Alto,CRAS Alto,Público Geral,Cadastro Único
Masculino,37,Fundamental Completo,Granja Guarani,1,CRAS Alto,CRAS Alto,Público Geral,Cadastro Único
Feminino,34,Médio Incompleto,Albuquerque ,1,CRAS Alto,CRAS Alto,Público Geral,Cadastro Único
Feminino,41,Médio Completo,Tijuca,1,CRAS Alto,CRAS Alto,Público Geral,Cadastro Único
Feminino,41,Médio Completo,Granja Guarani,1,CRAS Alto,CRAS Alto,Público Geral,Cadastro Único
Feminino,35,Superior Completo,Vale Paraíso,1,CRAS Alto,CRAS Alto,Público Geral,Cadastro Único
Feminino,28,Fundamental Completo,Alto,1,CRAS Alto,CRAS Alto,Público Geral,Cadastro Único
Masculino,75,Fundamental Completo,Alto,1,CRAS Alto,CRAS Alto,Público Geral,Cadastro Único
Masculino,32,Fundamental Incompleto,Vale Paraíso,1,CRAS Alto,CRAS Alto,Público Geral,Cadastro Único
Feminino,61,Superior Completo,Várzea,1,CRAS Alto,CRAS Alto,Público Geral,Cadastro Único
Feminino,57,Fundamental Incompleto,Canoas,3,CRAS Alto,CRAS Alto,Público Geral,Cadastro Único
Feminino,43,Fundamental Incompleto,Alto,1,CRAS Alto,CRAS Alto,Público Geral,Cadastro Único
Feminino,29,Superior Completo,Alto,1,CRAS Alto,CRAS Alto,Público Geral,Cadastro Único
Feminino,40,Fundamental Completo,Alto,1,CRAS Alto,CRAS Alto,Público Geral,Cadastro Único
Feminino,31,Médio Incompleto,Soberbo,1,CRAS Alto,CRAS Alto,Público Geral,Cadastro Único
Feminino,50,Superior Incompleto,Várzea,1,CRAS Alto,CRAS Alto,Público Geral,Cadastro Único
Feminino,41,Médio Completo,Tijuca,1,CRAS Alto,CRAS Alto,Público Geral,Cadastro Único
Feminino,46,Médio Completo,Alto,1,CRAS Alto,CRAS Alto,Público Geral,Cadastro Único
Feminino,44,Fundamental Incompleto,Granja Guarani,1,CRAS Alto,CRAS Alto,Público Geral,Cadastro Único
Feminino,44,Fundamental Completo,Jardim Serrano ,1,CRAS Alto,CRAS Alto,Público Geral,Cadastro Único
Feminino,43,Fundamental Incompleto,Várzea,1,CRAS Alto,CRAS Alto,Público Geral,Cadastro Único
Masculino,61,Fundamental Incompleto,Várzea,1,CRAS Alto,CRAS Alto,Público Geral,Cadastro Único
Feminino,26,Fundamental Incompleto,Albuquerque ,1,CRAS Alto,CRAS Alto,Público Geral,Cadastro Único
Feminino,37,Médio Incompleto,Morro dos Pinheiros,1,CRAS Alto,CRAS Alto,Público Geral,Cadastro Único
Feminino,38,Médio Incompleto,Corta Vento,1,CRAS Alto,CRAS Alto,Público Geral,Cadastro Único
Feminino,39,Médio Completo,Cascata Guarani,1,CRAS Alto,CRAS Alto,Público Geral,Cadastro Único
Feminino,51,Médio Completo,Granja Guarani,1,CRAS Alto,CRAS Alto,Público Geral,Cadastro Único
Feminino,71,Fundamental Incompleto,Granja Guarani,1,CRAS Alto,CRAS Alto,Público Geral,Cadastro Único
Masculino,55,Fundamental Incompleto,Cascata Guarani,1,CRAS Alto,CRAS Alto,Público Geral,Cadastro Único
Masculino,60,Fundamental Incompleto,Granja Guarani,1,CRAS Alto,CRAS Alto,Público Geral,Cadastro Único
Feminino,54,Médio Incompleto,Cascata Guarani,1,CRAS Alto,CRAS Alto,Público Geral,Cadastro Único
Feminino,36,Superior Completo,Cascata Guarani,1,CRAS Alto,CRAS Alto,Público Geral,Cadastro Único
Feminino,70,Médio Completo,Tijuca,1,CRAS Alto,CRAS Alto,Público Geral,Cadastro Único
Feminino,66,Fundamental Incompleto,Granja Guarani,1,CRAS Alto,CRAS Alto,Público Geral,Cadastro Único
Feminino,74,Superior Completo,Agriões,1,CRAS Alto,CRAS Alto,Público Geral,Cadastro Único
Feminino,56,Médio Completo,Granja Guarani,1,CRAS Alto,CRAS Alto,Público Geral,Cadastro Único
Feminino,27,Médio Completo,Corta Vento,1,CRAS Alto,CRAS Alto,Público Geral,Cadastro Único
Feminino,38,Fundamental Completo,Agriões,1,CRAS Alto,CRAS Alto,Público Geral,Cadastro Único
Feminino,28,Médio Completo,Canoas,3,CRAS Alto,CRAS Alto,Público Geral,Cadastro Único
Masculino,22,Médio Incompleto,Várzea,1,CRAS Alto,CRAS Alto,Público Geral,Cadastro Único
Feminino,40,Superior Completo,Corta Vento,1,CRAS Alto,CRAS Alto,Público Geral,Cadastro Único
Masculino,44,Médio Incompleto,Corta Vento,1,CRAS Alto,CRAS Alto,Público Geral,Cadastro Único
Feminino,43,Médio Completo,Corta Vento,1,CRAS Alto,CRAS Alto,Público Geral,Cadastro Único
Feminino,35,Médio Completo,Agriões,1,CRAS Alto,CRAS Alto,Público Geral,Cadastro Único
Feminino,42,Fundamental Incompleto,Cascata Guarani,1,CRAS Alto,CRAS Alto,Público Geral,Cadastro Único
Feminino,33,Médio Incompleto,Cascata Guarani,1,CRAS Alto,CRAS Alto,Público Geral,Cadastro Único
Feminino,59,Fundamental Incompleto,Tijuca,1,CRAS Alto,CRAS Alto,Público Geral,Cadastro Único
Feminino,25,Médio Completo,Agriões,1,CRAS Alto,CRAS Alto,Público Geral,Cadastro Único
Feminino,55,Fundamental Completo,Várzea,1,CRAS Alto,CRAS Alto,Público Geral,Cadastro Único
Feminino,19,Médio Completo,Alto,1,CRAS Alto,CRAS Alto,Público Geral,Cadastro Único
Feminino,21,Fundamental Completo,Agriões,1,CRAS Alto,CRAS Alto,Público Geral,Cadastro Único
Masculino,36,Médio Incompleto,Várzea,1,CRAS Alto,CRAS Alto,Público Geral,Cadastro Único
Masculino,70,Não Escolarizado,Albuquerque ,1,CRAS Alto,CRAS Alto,Público Geral,Cadastro Único
Feminino,47,Fundamental Incompleto,Albuquerque ,1,CRAS Alto,CRAS Alto,Público Geral,Cadastro Único
Feminino,56,Médio Incompleto,Várzea,1,CRAS Alto,CRAS Alto,Público Geral,Cadastro Único
Masculino,48,Fundamental Incompleto,Cascata Guarani,1,CRAS Alto,CRAS Alto,Público Geral,Cadastro Único
Masculino,49,Fundamental Incompleto,Alto,1,CRAS Alto,CRAS Alto,Público Geral,Cadastro Único
Feminino,45,Superior Completo,Cascata Guarani,1,CRAS Alto,CRAS Alto,Público Geral,Cadastro Único
Masculino,56,Médio Completo,Tijuca,1,CRAS Alto,CRAS Alto,Público Geral,Cadastro Único
Feminino,53,Médio Completo,Agriões,1,CRAS Alto,CRAS Alto,Público Geral,Cadastro Único
Feminino,71,Superior Completo,Alto,1,CRAS Alto,CRAS Alto,Público Geral,Cadastro Único
Feminino,61,Superior Completo,Tijuca,1,CRAS Alto,CRAS Alto,Público Geral,Cadastro Único
Feminino,40,Fundamental Completo,Alto,1,CRAS Alto,CRAS Alto,Público Geral,Cadastro Único
Masculino,65,Fundamental Incompleto,Ermitage,1,CRAS Alto,CRAS Alto,Público Geral,Cadastro Único
Feminino,69,Fundamental Incompleto,Cascata Guarani,1,CRAS Alto,CRAS Alto,Público Geral,Cadastro Único
Feminino,63,Médio Completo,Várzea,1,CRAS Alto,CRAS Alto,Público Geral,Cadastro Único
Feminino,58,Superior Completo,Várzea,1,CRAS Alto,CRAS Alto,Público Geral,Cadastro Único
Feminino,41,Médio Completo,Fazendinha ,1,CRAS Alto,CRAS Alto,Público Geral,Cadastro Único
Feminino,76,Fundamental Completo,Alto,1,CRAS Alto,CRAS Alto,Público Geral,Cadastro Único
Feminino,55,Fundamental Incompleto,Parque São Luiz,1,CRAS Alto,CRAS Alto,Público Geral,Cadastro Único
Feminino,28,Médio Incompleto,Várzea,1,CRAS Alto,CRAS Alto,PAIF,Assistente Social 
Feminino,52,Fundamental Incompleto,Agriões ,1,CRAS Alto,CRAS Alto,PAIF,Assistente Social 
Feminino,37,Médio Incompleto,Corta Vento,1,CRAS Alto,CRAS Alto,PAIF,Assistente Social 
Feminino,39,Fundamental Incompleto,Tijuca ,1,CRAS Alto,CRAS Alto,PAIF,Assistente Social 
Feminino,37,Médio Completo,Alto,1,CRAS Alto,CRAS Alto,PAIF,Assistente Social 
Feminino,33,Médio Incompleto,Soberbo,1,CRAS Alto,CRAS Alto,PAIF,Assistente Social 
Feminino,49,Fundamental Incompleto,Morro dos Pinheiros,1,CRAS Alto,CRAS Alto,PAIF,Assistente Social 
Feminino,48,Médio Completo,Vale Paraíso,1,CRAS Alto,CRAS Alto,PAIF,Assistente Social 
Feminino,43,Fundamental Incompleto,Cascata Guarani ,1,CRAS Alto,CRAS Alto,PAIF,Assistente Social 
Feminino,29,Fundamental Incompleto,Alto ,1,CRAS Alto,CRAS Alto,PAIF,Assistente Social 
Feminino,50,Fundamental Incompleto,Pedreira ,1,CRAS Alto,CRAS Alto,PAIF,Assistente Social 
Feminino,32,Fundamental Incompleto,Várzea,1,CRAS Alto,CRAS Alto,PAIF,Assistente Social 
Feminino,42,Fundamental Incompleto,Granja Guarani,1,CRAS Alto,CRAS Alto,PAIF,Assistente Social 
Feminino,38,Médio Incompleto,Canoas,3,CRAS Alto,CRAS Alto,PAIF,Assistente Social 
Feminino,52,Fundamental Incompleto,Agriões ,1,CRAS Alto,CRAS Alto,PAIF,Assistente Social 
Feminino,48,Médio Completo,Vale Paraíso,1,CRAS Alto,CRAS Alto,PAIF,Assistente Social 
Feminino,29,Fundamental Incompleto,Alto,1,CRAS Alto,CRAS Alto,PAIF,Assistente Social 
Feminino,62,Fundamental Incompleto,Canoas,3,CRAS Alto,CRAS Alto,PAIF,Assistente Social 
Feminino,50,Fundamental Incompleto,Granja Guarani,1,CRAS Alto,CRAS Alto,PAIF,Assistente Social 
Feminino,42,Médio Completo,Ermitage,1,CRAS Alto,CRAS Alto,PAIF,Assistente Social 
Feminino,49,Fundamental Incompleto,Ermitage ,1,CRAS Alto,CRAS Alto,PAIF,Assistente Social 
Feminino,28,Médio Incompleto,Várzea,1,CRAS Alto,CRAS Alto,PAIF,Assistente Social 
Feminino,49,Fundamental Incompleto,Morro dos Pinheiros,1,CRAS Alto,CRAS Alto,PAIF,Assistente Social 
Masculino,64,Médio Incompleto,Granja Guarani,1,CRAS Alto,CRAS Alto,PAIF,Assistente Social 
Feminino,33,Médio Incompleto,Soberbo,1,CRAS Alto,CRAS Alto,PAIF,Assistente Social 
Feminino,39,Médio Completo,Alto,1,CRAS Alto,CRAS Alto,PAIF,Assistente Social 
Feminino,44,Fundamental Incompleto,Cascata Guarani ,1,CRAS Alto,CRAS Alto,PAIF,Assistente Social 
Masculino,36,Médio Completo,Quinta Lebrão ,1,CRAS Alto,CRAS Alto,PAIF,Assistente Social 
Masculino,36,Fundamental Incompleto,Cascata Guarani ,1,CRAS Alto,CRAS Alto,PAIF,Assistente Social 
Feminino,55,Fundamental Incompleto,Corta Vento,1,CRAS Alto,CRAS Alto,PAIF,Assistente Social 
Feminino,40,Médio Incompleto,Várzea,1,CRAS Alto,CRAS Alto,PAIF,Assistente Social 
Feminino,44,Médio Completo,Cascata Guarani,1,CRAS Alto,CRAS Alto,PAIF,Assistente Social 
Feminino,39,Fundamental Incompleto,Corta Vento,1,CRAS Alto,CRAS Alto,PAIF,Assistente Social 
Feminino,20,Médio Incompleto,Tijuca ,1,CRAS Alto,CRAS Alto,PAIF,Assistente Social 
Feminino,30,Fundamental Completo,Alto ,1,CRAS Alto,CRAS Alto,PAIF,Assistente Social 
Feminino,56,Fundamental Incompleto,Parque São Luiz,1,CRAS Alto,CRAS Alto,PAIF,Assistente Social 
Feminino,41,Fundamental Incompleto,Cascata Guarani,1,CRAS Alto,CRAS Alto,PAIF,Assistente Social 
Feminino,50,Superior Incompleto,Cascata Guarani,1,CRAS Alto,CRAS Alto,Público Geral,Público Geral
Feminino,18,Médio Completo,Corta Vento,1,CRAS Alto,CRAS Alto,Público Geral,Público Geral
Feminino,25,Médio Completo,Cascata Guarani,1,CRAS Alto,CRAS Alto,Público Geral,Público Geral
Feminino,20,Médio Completo,Corta Vento,1,CRAS Alto,CRAS Alto,Público Geral,Público Geral
Feminino,51,Superior Completo,Vale Paraíso,1,CRAS Alto,CRAS Alto,Público Geral,Público Geral
Feminino,38,Médio Completo,Várzea,1,CRAS Alto,CRAS Alto,Público Geral,Público Geral
Feminino,25,Médio Incompleto,Várzea,1,CRAS Alto,CRAS Alto,Público Geral,Público Geral
Feminino,21,Médio Completo,Quinta Lebrão,1,CRAS Alto,CRAS Alto,Público Geral,Público Geral
Masculino,40,Fundamental Completo,Corta Vento,1,CRAS Alto,CRAS Alto,Público Geral,Público Geral
Feminino,60,Médio Completo,Albuquerque,1,CRAS Alto,CRAS Alto,Público Geral,Público Geral
Feminino,29,Superior Completo,Agriões,1,CRAS Alto,CRAS Alto,Público Geral,Público Geral
Feminino,18,Médio Completo,Granja Guarani,1,CRAS Alto,CRAS Alto,Público Geral,Público Geral
Feminino,36,Superior Completo,Várzea,1,CRAS Alto,CRAS Alto,Público Geral,Público Geral
Masculino,18,Médio Completo,Ermitage,1,CRAS Alto,CRAS Alto,Público Geral,Público Geral
Masculino,52,Fundamental Incompleto,Parque São Luiz,1,CRAS Alto,CRAS Alto,Público Geral,Público Geral
Feminino,46,Fundamental Incompleto,Rosário,1,CRAS Alto,CRAS Alto,Público Geral,Público Geral
Feminino,65,Fundamental Incompleto,Parque São Luiz,1,CRAS Alto,CRAS Alto,Público Geral,Público Geral
Feminino,21,Fundamental Completo,Agriões,1,CRAS Alto,CRAS Alto,Público Geral,Público Geral
Feminino,19,Médio Completo,Vale Paraíso,1,CRAS Alto,CRAS Alto,Público Geral,Público Geral
Feminino,41,Médio Completo,Granja Guarani,1,CRAS Alto,CRAS Alto,Público Geral,Público Geral
Feminino,64,Fundamental Incompleto,Várzea,1,CRAS Alto,CRAS Alto,Público Geral,Público Geral
Feminino,34,Médio Completo,Araras,1,CRAS Alto,CRAS Alto,Público Geral,Público Geral
Masculino,19,Médio Incompleto,Canoas,3,CRAS Alto,CRAS Alto,Público Geral,Público Geral
Feminino,26,Médio Incompleto,Morro do Tiro,1,CRAS Alto,CRAS Alto,Público Geral,Público Geral
Feminino,68,Médio Completo,Fazendinha,1,CRAS Alto,CRAS Alto,Público Geral,Público Geral
Feminino,35,Superior Completo,Vale Paraíso,1,CRAS Alto,CRAS Alto,Público Geral,Público Geral
Feminino,24,Médio Completo,Agriões,1,CRAS Alto,CRAS Alto,Público Geral,Público Geral
Feminino,39,Superior Completo,Granja Guarani,1,CRAS Alto,CRAS Alto,Público Geral,Público Geral
Feminino,49,Fundamental Incompleto,Cascata Guarani,1,CRAS Alto,CRAS Alto,Público Geral,Público Geral
Feminino,24,Médio Completo,Canoas,3,CRAS Alto,CRAS Alto,Público Geral,Público Geral
Feminino,18,Médio Completo,Alto,1,CRAS Alto,CRAS Alto,Público Geral,Público Geral
Feminino,39,Não Escolarizado,Várzea,1,CRAS Alto,CRAS Alto,Público Geral,Público Geral
Feminino,24,Médio Incompleto,Agriões,1,CRAS Alto,CRAS Alto,Público Geral,Público Geral
Masculino,47,Fundamental Incompleto,Vale Paraíso,1,CRAS Alto,CRAS Alto,Público Geral,Público Geral
Feminino,44,Médio Incompleto,Albuquerque,1,CRAS Alto,CRAS Alto,Público Geral,Público Geral
Feminino,49,Fundamental Incompleto,Alto,1,CRAS Alto,CRAS Alto,Público Geral,Público Geral
Feminino,29,Médio Completo,Cascata Guarani,1,CRAS Alto,CRAS Alto,Público Geral,Público Geral
Feminino,52,Superior Completo,Fazendinha,1,CRAS Alto,CRAS Alto,Público Geral,Público Geral
Feminino,21,Médio Completo,Albuquerque,1,CRAS Alto,CRAS Alto,Público Geral,Público Geral
Feminino,27,Médio Completo,Cascata Guarani,1,CRAS Alto,CRAS Alto,Público Geral,Público Geral
Feminino,54,Fundamental Incompleto,Canoas,3,CRAS Alto,CRAS Alto,Público Geral,Público Geral
Feminino,41,Médio Completo,Granja Guarani,1,CRAS Alto,CRAS Alto,Público Geral,Público Geral
Feminino,52,Médio Completo,Morro dos Pinheiros,1,CRAS Alto,CRAS Alto,Público Geral,Público Geral
Feminino,18,Médio Completo,Morro dos Pinheiros,1,CRAS Alto,CRAS Alto,Público Geral,Público Geral
Feminino,40,Superior Completo,Granja Guarani,1,CRAS Alto,CRAS Alto,Público Geral,Público Geral
Feminino,29,Médio Completo,Canoas,3,CRAS Alto,CRAS Alto,Público Geral,Público Geral
Feminino,50,Médio Completo,Ermitage,1,CRAS Alto,CRAS Alto,Público Geral,Público Geral
Feminino,22,Fundamental Incompleto,Canoas,3,CRAS Alto,CRAS Alto,Público Geral,Público Geral
Feminino,28,Médio Incompleto,Fonte Santa,1,CRAS Alto,CRAS Alto,Público Geral,Público Geral
Feminino,28,Médio Completo,Albuquerque,1,CRAS Alto,CRAS Alto,Público Geral,Público Geral
Feminino,67,Fundamental Incompleto,Albuquerque,1,CRAS Alto,CRAS Alto,Público Geral,Público Geral
Feminino,42,Superior Completo,Albuquerque,1,CRAS Alto,CRAS Alto,Público Geral,Público Geral
Feminino,38,Médio Completo,Morro dos Pinheiros,1,CRAS Alto,CRAS Alto,Público Geral,Público Geral
Feminino,57,Médio Completo,Fazendinha,1,CRAS Alto,CRAS Alto,Público Geral,Público Geral
Feminino,22,Fundamental Incompleto,Fazendinha,1,CRAS Alto,CRAS Alto,Público Geral,Público Geral
Feminino,52,Fundamental Incompleto,Tijuca,1,CRAS Alto,CRAS Alto,Público Geral,Público Geral
Masculino,55,Médio Completo,Pedreira,1,CRAS Alto,CRAS Alto,Público Geral,Público Geral
Feminino,59,Médio Completo,Tijuca,1,CRAS Alto,CRAS Alto,Público Geral,Público Geral
Feminino,55,Superior Completo,Albuquerque,1,CRAS Alto,CRAS Alto,Público Geral,Público Geral
Feminino,47,Fundamental Completo,Cascata Guarani,1,CRAS Alto,CRAS Alto,Público Geral,Público Geral
Feminino,52,Superior Incompleto,Albuquerque,1,CRAS Alto,CRAS Alto,Público Geral,Público Geral
Feminino,35,Médio Completo,Ermitage,1,CRAS Alto,CRAS Alto,Público Geral,Público Geral
Feminino,51,Superior Completo,Várzea,1,CRAS Alto,CRAS Alto,Público Geral,Público Geral
Feminino,55,Superior Completo,Granja Guarani,1,CRAS Alto,CRAS Alto,Público Geral,Público Geral
Feminino,31,Médio Incompleto,Granja Guarani,1,CRAS Alto,CRAS Alto,Público Geral,Público Geral
Masculino,25,Médio Completo,Araras,1,CRAS Alto,CRAS Alto,Público Geral,Público Geral
Masculino,66,Fundamental Incompleto,Morro dos Pinheiros,1,CRAS Alto,CRAS Alto,Público Geral,Público Geral
Feminino,50,Médio Completo,Corta Vento,1,CRAS Alto,CRAS Alto,Público Geral,Público Geral
Feminino,26,Fundamental Incompleto,Cascata Guarani,1,CRAS Alto,CRAS Alto,Público Geral,Público Geral
Feminino,73,Superior Incompleto,Várzea,1,CRAS Alto,CRAS Alto,Público Geral,Público Geral
Feminino,33,Fundamental Incompleto,Cascata Guarani,1,CRAS Alto,CRAS Alto,Público Geral,Público Geral
Feminino,19,Médio Completo,Ermitage,1,CRAS Alto,CRAS Alto,Público Geral,Público Geral
Feminino,30,Médio Incompleto,Cascata Guarani,1,CRAS Alto,CRAS Alto,Público Geral,Público Geral
Feminino,67,Médio Completo,Albuquerque,1,CRAS Alto,CRAS Alto,Público Geral,Público Geral
Feminino,57,Fundamental Incompleto,Fazendinha,1,CRAS Alto,CRAS Alto,Público Geral,Público Geral
Feminino,36,Fundamental Incompleto,Alto,1,CRAS Alto,CRAS Alto,Público Geral,Público Geral
Feminino,39,Médio Completo,Cascata Guarani,1,CRAS Alto,CRAS Alto,Público Geral,Público Geral
Masculino,48,Médio Completo,Golf,1,CRAS Alto,CRAS Alto,Público Geral,Público Geral
Feminino,44,Superior Completo,Ermitage,1,CRAS Alto,CRAS Alto,Público Geral,Público Geral
Masculino,26,Médio Completo,Agriões,1,CRAS Alto,CRAS Alto,Público Geral,Público Geral
Feminino,47,Fundamental Incompleto,Morro dos Pinheiros,1,CRAS Alto,CRAS Alto,Público Geral,Público Geral
Feminino,18,Médio Incompleto,Albuquerque,1,CRAS Alto,CRAS Alto,Público Geral,Público Geral
Feminino,21,Médio Incompleto,Castelinho,1,CRAS Alto,CRAS Alto,Público Geral,Público Geral
Masculino,60,Fundamental Incompleto,Morro dos Pinheiros,1,CRAS Alto,CRAS Alto,Público Geral,Público Geral
Feminino,48,Superior Completo,Alto,1,CRAS Alto,CRAS Alto,Público Geral,Público Geral
Feminino,32,Médio Incompleto,Granja Guarani,1,CRAS Alto,CRAS Alto,Público Geral,Público Geral
Feminino,18,Médio Completo,Albuquerque,1,CRAS Alto,CRAS Alto,Público Geral,Público Geral
Feminino,30,Superior Completo,Granja Guarani,1,CRAS Alto,CRAS Alto,Público Geral,Público Geral
Feminino,58,Não Escolarizado,Alto,1,CRAS Alto,CRAS Alto,Público Geral,Público Geral
Feminino,81,Fundamental Incompleto,Várzea,1,CRAS Alto,CRAS Alto,Público Geral,Público Geral
Feminino,42,Médio Incompleto,Morro dos Pinheiros,1,CRAS Alto,CRAS Alto,Público Geral,Público Geral
Feminino,18,Médio Incompleto,Albuquerque,1,CRAS Alto,CRAS Alto,Público Geral,Público Geral
Feminino,30,Fundamental Incompleto,Albuquerque,1,CRAS Alto,CRAS Alto,Público Geral,Público Geral
Feminino,50,Fundamental Completo,Bairro dos Artistas,1,CRAS Alto,CRAS Alto,Público Geral,Público Geral
Feminino,51,Fundamental Completo,Morro dos Pinheiros,1,CRAS Alto,CRAS Alto,Público Geral,Público Geral
Feminino,30,Fundamental Incompleto,Albuquerque,1,CRAS Alto,CRAS Alto,Público Geral,Público Geral
Feminino,59,Médio Incompleto,Panorama,1,CRAS Alto,CRAS Alto,Público Geral,Público Geral
Feminino,39,Não Escolarizado,Várzea,1,CRAS Alto,CRAS Alto,Público Geral,Público Geral
Masculino,40,Fundamental Incompleto,Morro dos Pinheiros,1,CRAS Alto,CRAS Alto,Público Geral,Público Geral
Feminino,58,Médio Completo,Várzea,1,CRAS Alto,CRAS Alto,Público Geral,Público Geral
Masculino,46,Fundamental Incompleto,Parque São Luiz,1,CRAS Alto,CRAS Alto,Público Geral,Público Geral
Feminino,31,Médio Completo,Granja Guarani,1,CRAS Alto,CRAS Alto,Público Geral,Público Geral
Feminino,53,Superior Incompleto,Alto,1,CRAS Alto,CRAS Alto,Público Geral,Público Geral
Feminino,88,Não Escolarizado,Albuquerque,1,CRAS Alto,CRAS Alto,Público Geral,Público Geral
Feminino,40,Fundamental Incompleto,Barroso,1,CRAS Alto,CRAS Alto,Público Geral,Público Geral
Masculino,55,Médio Completo,Pedreira,1,CRAS Alto,CRAS Alto,Público Geral,Público Geral
Feminino,31,Médio Completo,Pedreira,1,CRAS Alto,CRAS Alto,Público Geral,Público Geral
Feminino,54,Médio Incompleto,Várzea,1,CRAS Alto,CRAS Alto,Público Geral,Público Geral
Feminino,38,Médio Incompleto,Corta Vento,1,CRAS Alto,CRAS Alto,Público Geral,Público Geral
Feminino,18,Médio Incompleto,Santa Cecília,1,CRAS Alto,CRAS Alto,Público Geral,Público Geral
Feminino,56,Fundamental Incompleto,Cascata Guarani,1,CRAS Alto,CRAS Alto,Público Geral,Público Geral
Feminino,36,Médio Completo,Albuquerque,1,CRAS Alto,CRAS Alto,Público Geral,Público Geral
Feminino,46,Médio Completo,Granja Guarani,1,CRAS Alto,CRAS Alto,Público Geral,Público Geral
Feminino,24,Médio Incompleto,Cascata Guarani,1,CRAS Alto,CRAS Alto,Público Geral,Público Geral
Masculino,23,Médio Incompleto,Cascata Guarani,1,CRAS Alto,CRAS Alto,Público Geral,Público Geral
Feminino,32,Fundamental Incompleto,Parque São Luiz,1,CRAS Alto,CRAS Alto,Público Geral,Público Geral
Feminino,38,Médio Completo,Agriões,1,CRAS Alto,CRAS Alto,Público Geral,Público Geral
Feminino,84,Médio Completo,Alto,1,CRAS Alto,CRAS Alto,Público Geral,Público Geral
Masculino,56,Superior Completo,Várzea,1,CRAS Alto,CRAS Alto,Público Geral,Público Geral
Feminino,32,Superior Completo,Morro dos Pinheiros,1,CRAS Alto,CRAS Alto,Público Geral,Público Geral
Feminino,78,Fundamental Incompleto,Várzea,1,CRAS Alto,CRAS Alto,Público Geral,Público Geral
Feminino,47,Médio Incompleto,Corta Vento,1,CRAS Alto,CRAS Alto,Público Geral,Público Geral
Feminino,45,Fundamental Incompleto,Granja Guarani,1,CRAS Alto,CRAS Alto,Público Geral,Público Geral
Feminino,23,Médio Completo,Ermitage,1,CRAS Alto,CRAS Alto,Público Geral,Público Geral
Feminino,36,Médio Completo,Vale Paraíso,1,CRAS Alto,CRAS Alto,Público Geral,Público Geral
Feminino,49,Fundamental Incompleto,Cascata Guarani,1,CRAS Alto,CRAS Alto,Público Geral,Público Geral
Feminino,41,Médio Completo,Castelinho,1,CRAS Alto,CRAS Alto,Público Geral,Público Geral
Feminino,46,Médio Completo,Granja Guarani,1,CRAS Alto,CRAS Alto,Público Geral,Público Geral
Feminino,27,Médio Incompleto,Cascata Guarani,1,CRAS Alto,CRAS Alto,Público Geral,Público Geral
Feminino,34,Superior Completo,Corta Vento,1,CRAS Alto,CRAS Alto,Público Geral,Público Geral
Feminino,29,Médio Incompleto,Cascata Guarani,1,CRAS Alto,CRAS Alto,Público Geral,Público Geral
Feminino,69,Fundamental Incompleto,Cascata Guarani,1,CRAS Alto,CRAS Alto,Público Geral,Público Geral
Feminino,35,Superior Completo,Albuquerque,1,CRAS Alto,CRAS Alto,Público Geral,Público Geral
Masculino,60,Médio Completo,Agriões,1,CRAS Alto,CRAS Alto,Público Geral,Público Geral
Feminino,22,Médio Incompleto,Albuquerque,1,CRAS Alto,CRAS Alto,Público Geral,Público Geral
Feminino,48,Superior Incompleto,Alto,1,CRAS Alto,CRAS Alto,Público Geral,Público Geral
Feminino,19,Médio Incompleto,Cascata Guarani,1,CRAS Alto,CRAS Alto,Público Geral,Público Geral
Masculino,65,Não Escolarizado,Alto,1,CRAS Alto,CRAS Alto,Público Geral,Público Geral
Feminino,31,Fundamental Incompleto,Parque São Luiz,1,CRAS Alto,CRAS Alto,Público Geral,Público Geral
Feminino,27,Fundamental Incompleto,Cascata Guarani,1,CRAS Alto,CRAS Alto,Público Geral,Público Geral
Feminino,25,Médio Completo,Granja Guarani,1,CRAS Alto,CRAS Alto,Público Geral,Público Geral
Feminino,55,Fundamental Incompleto,Granja Guarani,1,CRAS Alto,CRAS Alto,Público Geral,Público Geral
Feminino,37,Médio Completo,Ermitage,1,CRAS Alto,CRAS Alto,Público Geral,Público Geral
Masculino,35,Médio Completo,Canoas,3,CRAS Alto,CRAS Alto,Público Geral,Público Geral
Masculino,33,Médio Completo,Canoas,3,CRAS Alto,CRAS Alto,Público Geral,Público Geral
Feminino,30,Médio Incompleto,Pedreira,1,CRAS Alto,CRAS Alto,Público Geral,Público Geral
Feminino,48,Fundamental Incompleto,Cascata Guarani,1,CRAS Alto,CRAS Alto,Público Geral,Público Geral
Masculino,60,Fundamental Incompleto,Bairro dos Artistas,1,CRAS Alto,CRAS Alto,Público Geral,Público Geral
Masculino,18,Médio Completo,Morro dos Pinheiros,1,CRAS Alto,CRAS Alto,Público Geral,Público Geral
Feminino,61,Fundamental Incompleto,Corta Vento,1,CRAS Alto,CRAS Alto,Público Geral,Público Geral
Feminino,52,Fundamental Incompleto,Albuquerque,1,CRAS Alto,CRAS Alto,Público Geral,Público Geral
Feminino,41,Médio Completo,Ermitage,1,CRAS Alto,CRAS Alto,Público Geral,Público Geral
Masculino,20,Médio Completo,Agriões,1,CRAS Alto,CRAS Alto,Público Geral,Público Geral
Masculino,24,Médio Completo,Ermitage,1,CRAS Alto,CRAS Alto,Público Geral,Público Geral
Masculino,59,Superior Completo,Alto,1,CRAS Alto,CRAS Alto,Público Geral,Público Geral
Feminino,65,Médio Completo,Canoas,3,CRAS Alto,CRAS Alto,Público Geral,Público Geral
Feminino,37,Superior Incompleto,Granja Guarani,1,CRAS Alto,CRAS Alto,Público Geral,Público Geral
Feminino,56,Médio Incompleto,Cascata Guarani,1,CRAS Alto,CRAS Alto,Público Geral,Público Geral
Feminino,62,Não Escolarizado,Várzea,1,CRAS Alto,CRAS Alto,Público Geral,Público Geral
Feminino,78,Não Escolarizado,Granja Guarani,1,CRAS Alto,CRAS Alto,Público Geral,Público Geral
Feminino,51,Médio Completo,Granja Guarani,1,CRAS Alto,CRAS Alto,Público Geral,Público Geral
Feminino,36,Médio Completo,Albuquerque,1,CRAS Alto,CRAS Alto,Público Geral,Público Geral
Feminino,46,Médio Completo,Granja Guarani,1,CRAS Alto,CRAS Alto,Público Geral,Público Geral
Feminino,55,Fundamental Incompleto,Prata,1,CRAS Alto,CRAS Alto,Público Geral,Público Geral
Feminino,22,Fundamental Incompleto,Cascata Guarani,1,CRAS Alto,CRAS Alto,Público Geral,Público Geral
Feminino,71,Não Escolarizado,Parque São Luiz,1,CRAS Alto,CRAS Alto,Público Geral,Público Geral
Feminino,47,Médio Completo,Agriões,1,CRAS Alto,CRAS Alto,Público Geral,Público Geral
Feminino,45,Fundamental Completo,Corta Vento,1,CRAS Alto,CRAS Alto,Público Geral,Público Geral
Feminino,38,Fundamental Completo,Granja Guarani,1,CRAS Alto,CRAS Alto,Público Geral,Público Geral
Masculino,62,Fundamental Incompleto,Morro dos Pinheiros,1,CRAS Alto,CRAS Alto,Público Geral,Público Geral
Feminino,44,Superior Completo,Várzea,1,CRAS Alto,CRAS Alto,Público Geral,Público Geral
Feminino,20,Médio Completo,Várzea,1,CRAS Alto,CRAS Alto,Público Geral,Público Geral
Feminino,48,Fundamental Incompleto,Várzea,1,CRAS Alto,CRAS Alto,Público Geral,Público Geral
Feminino,23,Médio Completo,Bairro dos Artistas,1,CRAS Alto,CRAS Alto,Público Geral,Público Geral
Feminino,49,Médio Completo,Castelinho,1,CRAS Alto,CRAS Alto,Público Geral,Público Geral
Masculino,52,Médio Completo,Tijuca,1,CRAS Alto,CRAS Alto,Público Geral,Público Geral
Feminino,46,Fundamental Incompleto,Albuquerque,1,CRAS Alto,CRAS Alto,Público Geral,Público Geral
Feminino,19,Médio Completo,Albuquerque,1,CRAS Alto,CRAS Alto,Público Geral,Público Geral
Masculino,65,Fundamental Incompleto,Granja Guarani,1,CRAS Alto,CRAS Alto,Público Geral,Público Geral
Feminino,29,Médio Incompleto,Parque São Luiz,1,CRAS Alto,CRAS Alto,Público Geral,Público Geral
Feminino,19,Médio Incompleto,Cascata Guarani,1,CRAS Alto,CRAS Alto,Público Geral,Público Geral
Masculino,65,Superior Completo,Canoas,3,CRAS Alto,CRAS Alto,Público Geral,Público Geral
Feminino,51,Fundamental Incompleto,Ermitage,1,CRAS Alto,CRAS Alto,Público Geral,Público Geral
Feminino,77,Médio Completo,Várzea,1,CRAS Alto,CRAS Alto,Público Geral,Público Geral
Feminino,30,Médio Completo,Várzea,1,CRAS Alto,CRAS Alto,Público Geral,Público Geral
Feminino,48,Fundamental Incompleto,Fátima,1,CRAS Alto,CRAS Alto,Público Geral,Público Geral
Masculino,51,Médio Completo,Granja Guarani,1,CRAS Alto,CRAS Alto,Público Geral,Público Geral
Feminino,34,Médio Incompleto,Alto,1,CRAS Alto,CRAS Alto,Público Geral,Público Geral
Feminino,44,Superior Completo,Fazendinha,1,CRAS Alto,CRAS Alto,Público Geral,Público Geral
Masculino,32,Fundamental Incompleto,Alto,1,CRAS Alto,CRAS Alto,Público Geral,Público Geral
Feminino,61,Fundamental Incompleto,Cascata Guarani,1,CRAS Alto,CRAS Alto,Público Geral,Público Geral
Feminino,30,Médio Completo,Morro dos Pinheiros,1,CRAS Alto,CRAS Alto,Público Geral,Público Geral
Feminino,32,Médio Completo,Corta Vento,1,CRAS Alto,CRAS Alto,Público Geral,Público Geral
Feminino,18,Médio Incompleto,Várzea,1,CRAS Alto,CRAS Alto,Público Geral,Público Geral
Feminino,48,Médio Completo,Alto,1,CRAS Alto,CRAS Alto,Público Geral,Público Geral
Masculino,27,Médio Incompleto,Tijuca,1,CRAS Alto,CRAS Alto,Público Geral,Público Geral
Feminino,36,Médio Completo,Tijuca,1,CRAS Alto,CRAS Alto,Público Geral,Público Geral
Feminino,18,Médio Completo,Corta Vento,1,CRAS Alto,CRAS Alto,Público Geral,Público Geral
Masculino,30,Médio Completo,Agriões,1,CRAS Alto,CRAS Alto,Público Geral,Público Geral
Feminino,34,Fundamental Incompleto,Santa Cecília,1,CRAS Alto,CRAS Alto,Público Geral,Público Geral
Feminino,54,Médio Incompleto,Canoas,3,CRAS Alto,CRAS Alto,Público Geral,Público Geral
Masculino,42,Médio Completo,Cascata Guarani,1,CRAS Alto,CRAS Alto,Público Geral,Público Geral
Feminino,65,Fundamental Incompleto,Tijuca,1,CRAS Alto,CRAS Alto,Público Geral,Público Geral
Feminino,32,Médio Completo,Tijuca,1,CRAS Alto,CRAS Alto,Público Geral,Público Geral
Feminino,35,Médio Completo,Parque São Luiz,1,CRAS Alto,CRAS Alto,Público Geral,Público Geral
Feminino,42,Médio Completo,Parque São Luiz,1,CRAS Alto,CRAS Alto,Público Geral,Público Geral
Feminino,30,Médio Completo,Tijuca,1,CRAS Alto,CRAS Alto,Público Geral,Público Geral
Feminino,63,Fundamental Incompleto,Jardim Serrano,1,CRAS Alto,CRAS Alto,Público Geral,Público Geral
Feminino,43,Médio Completo,Granja Guarani,1,CRAS Alto,CRAS Alto,Público Geral,Público Geral
Feminino,69,Médio Incompleto,Cascata Guarani,1,CRAS Alto,CRAS Alto,Público Geral,Público Geral
Feminino,43,Superior Incompleto,Albuquerque,1,CRAS Alto,CRAS Alto,Público Geral,Público Geral
Masculino,40,Fundamental Incompleto,Corta Vento,1,CRAS Alto,CRAS Alto,Público Geral,Público Geral
Feminino,40,Médio Completo,Albuquerque,1,CRAS Alto,CRAS Alto,Público Geral,Público Geral
Masculino,38,Fundamental Incompleto,Jardim Serrano,1,CRAS Alto,CRAS Alto,Público Geral,Público Geral
Feminino,49,Fundamental Incompleto,Pedreira,1,CRAS Alto,CRAS Alto,Público Geral,Público Geral
Feminino,27,Fundamental Incompleto,Fazendinha,1,CRAS Alto,CRAS Alto,Público Geral,Público Geral
Feminino,72,Fundamental Completo,Várzea,1,CRAS Alto,CRAS Alto,Público Geral,Público Geral
Feminino,34,Superior Incompleto,Ermitage,1,CRAS Alto,CRAS Alto,Público Geral,Público Geral
Feminino,52,Superior Completo,Agriões,1,CRAS Alto,CRAS Alto,Público Geral,Público Geral
Masculino,46,Superior Incompleto,Alto,1,CRAS Alto,CRAS Alto,Público Geral,Público Geral
Feminino,37,Médio Completo,Alto,1,CRAS Alto,CRAS Alto,Público Geral,Público Geral
Feminino,51,Superior Completo,Vale Paraíso,1,CRAS Alto,CRAS Alto,Público Geral,Público Geral
Feminino,39,Superior Completo,Várzea,1,CRAS Alto,CRAS Alto,Público Geral,Público Geral
Masculino,51,Não Escolarizado,Tijuca,1,CRAS Alto,CRAS Alto,Público Geral,Público Geral
Feminino,70,Fundamental Incompleto,Albuquerque,1,CRAS Alto,CRAS Alto,Público Geral,Público Geral
Masculino,56,Fundamental Incompleto,Granja Guarani,1,CRAS Alto,CRAS Alto,Público Geral,Público Geral
Masculino,45,Fundamental Incompleto,Tijuca,1,CRAS Alto,CRAS Alto,Público Geral,Público Geral
Feminino,44,Fundamental Incompleto,Albuquerque,1,CRAS Alto,CRAS Alto,Público Geral,Público Geral
Feminino,39,Fundamental Completo,Bairro dos Artistas,1,CRAS Alto,CRAS Alto,Público Geral,Público Geral
Feminino,29,Superior Incompleto,Cascata Guarani,1,CRAS Alto,CRAS Alto,Público Geral,Público Geral
Masculino,50,Médio Completo,Cascata Guarani,1,CRAS Alto,CRAS Alto,Público Geral,Público Geral
Masculino,29,Fundamental Incompleto,Canoas,3,CRAS Alto,CRAS Alto,Público Geral,Público Geral
Masculino,44,Médio Completo,Canoas,3,CRAS Alto,CRAS Alto,Público Geral,Público Geral
Masculino,30,Médio Completo,Canoas,3,CRAS Alto,CRAS Alto,Público Geral,Público Geral
Feminino,64,Fundamental Incompleto,Soberbo,1,CRAS Alto,CRAS Alto,Público Geral,Público Geral
Masculino,51,Médio Completo,Cascata Guarani,1,CRAS Alto,CRAS Alto,Público Geral,Público Geral
Masculino,38,Fundamental Incompleto,Cascata Guarani,1,CRAS Alto,CRAS Alto,Público Geral,Público Geral
Masculino,58,Fundamental Completo,Cascata Guarani,1,CRAS Alto,CRAS Alto,Público Geral,Público Geral
Feminino,64,Fundamental Incompleto,Cascata Guarani,1,CRAS Alto,CRAS Alto,Público Geral,Público Geral
Feminino,61,Fundamental Incompleto,Vale Paraíso,1,CRAS Alto,CRAS Alto,Público Geral,Público Geral
Feminino,37,Médio Completo,Morro dos Pinheiros,1,CRAS Alto,CRAS Alto,Público Geral,Público Geral
Feminino,25,Médio Completo,Várzea,1,CRAS Alto,CRAS Alto,Público Geral,Público Geral
Feminino,65,Fundamental Completo,Alto,1,CRAS Alto,CRAS Alto,Público Geral,Público Geral
Feminino,41,Médio Completo,Canoas,3,CRAS Alto,CRAS Alto,Público Geral,Público Geral
Feminino,29,Superior Completo,Agriões,1,CRAS Alto,CRAS Alto,Público Geral,Público Geral
Feminino,53,Médio Completo,Vale Paraíso,1,CRAS Alto,CRAS Alto,Público Geral,Público Geral
Feminino,43,Médio Completo,Alto,1,CRAS Alto,CRAS Alto,Público Geral,Público Geral
Feminino,36,Superior Completo,Várzea,1,CRAS Alto,CRAS Alto,Público Geral,Público Geral
Feminino,67,Fundamental Incompleto,Albuquerque,1,CRAS Alto,CRAS Alto,Público Geral,Público Geral
Feminino,71,Superior Completo,Alto,1,CRAS Alto,CRAS Alto,Público Geral,Público Geral
Feminino,46,Fundamental Incompleto,,1,CRAS Alto,CRAS Alto,Público Geral,Público Geral
Feminino,18,Médio Incompleto,Morro dos Pinheiros,1,CRAS Alto,CRAS Alto,Público Geral,Público Geral
Feminino,30,Médio Completo,Morro dos Pinheiros,1,CRAS Alto,CRAS Alto,Público Geral,Público Geral
Feminino,34,Médio Completo,Araras,1,CRAS Alto,CRAS Alto,Público Geral,Público Geral
Masculino,58,Fundamental Incompleto,Várzea,1,CRAS Alto,CRAS Alto,Público Geral,Público Geral
Feminino,34,Fundamental Incompleto,Ermitage,1,CRAS Alto,CRAS Alto,Público Geral,Público Geral
Feminino,64,Superior Completo,Bairro dos Artistas,1,CRAS Alto,CRAS Alto,Público Geral,Público Geral
Feminino,57,Superior Completo,Soberbo,1,CRAS Alto,CRAS Alto,Público Geral,Público Geral
Feminino,49,Fundamental Incompleto,Cascata Guarani,1,CRAS Alto,CRAS Alto,Público Geral,Público Geral
Masculino,44,Superior Incompleto,Alto,1,CRAS Alto,CRAS Alto,Público Geral,Público Geral
Feminino,23,Médio Completo,Cascata Guarani,1,CRAS Alto,CRAS Alto,Público Geral,Público Geral
Feminino,33,Médio Completo,Várzea,1,CRAS Alto,CRAS Alto,Público Geral,Público Geral
Feminino,61,Superior Completo,Tijuca,1,CRAS Alto,CRAS Alto,Público Geral,Público Geral
Feminino,67,Fundamental Incompleto,Vale Paraíso,1,CRAS Alto,CRAS Alto,Público Geral,Público Geral
Feminino,27,Fundamental Incompleto,Tijuca,1,CRAS Alto,CRAS Alto,Público Geral,Público Geral
Feminino,49,Fundamental Incompleto,Cascata Guarani,1,CRAS Alto,CRAS Alto,Público Geral,Público Geral
Feminino,40,Médio Completo,Tijuca,1,CRAS Alto,CRAS Alto,Público Geral,Público Geral
Feminino,18,Médio Completo,Alto,1,CRAS Alto,CRAS Alto,Público Geral,Público Geral
Feminino,24,Médio Completo,Canoas,3,CRAS Alto,CRAS Alto,Público Geral,Público Geral
Feminino,34,Médio Completo,Morro dos Pinheiros,1,CRAS Alto,CRAS Alto,Público Geral,Público Geral
Feminino,47,Fundamental Incompleto,Vale Paraíso,1,CRAS Alto,CRAS Alto,Público Geral,Público Geral
Masculino,65,Fundamental Incompleto,Cascata Guarani,1,CRAS Alto,CRAS Alto,Público Geral,Público Geral
Feminino,44,Médio Incompleto,Albuquerque,1,CRAS Alto,CRAS Alto,Público Geral,Público Geral
Feminino,49,Fundamental Incompleto,Alto,1,CRAS Alto,CRAS Alto,Público Geral,Público Geral
Masculino,46,Médio Incompleto,Várzea,1,CRAS Alto,CRAS Alto,Público Geral,Público Geral
Feminino,57,Médio Incompleto,Albuquerque,1,CRAS Alto,CRAS Alto,Público Geral,Público Geral
Feminino,80,Não Escolarizado,Bairro dos Artistas,1,CRAS Alto,CRAS Alto,Público Geral,Público Geral
Feminino,38,Médio Completo,Morro dos Pinheiros,1,CRAS Alto,CRAS Alto,Público Geral,Público Geral
Feminino,43,Fundamental Incompleto,Corta Vento,1,CRAS Alto,CRAS Alto,Público Geral,Público Geral
Feminino,54,Fundamental Incompleto,Alto,1,CRAS Alto,CRAS Alto,Público Geral,Público Geral
Feminino,65,Fundamental Incompleto,Várzea,1,CRAS Alto,CRAS Alto,Público Geral,Público Geral
Feminino,28,Fundamental Incompleto,Cascata Guarani,1,CRAS Alto,CRAS Alto,Público Geral,Público Geral
Masculino,56,Fundamental Incompleto,Cascata Guarani,1,CRAS Alto,CRAS Alto,Público Geral,Público Geral
Feminino,48,Médio Completo,Panorama,1,CRAS Alto,CRAS Alto,Público Geral,Público Geral
Masculino,63,Fundamental Incompleto,Granja Guarani,1,CRAS Alto,CRAS Alto,Público Geral,Público Geral
Feminino,66,Médio Completo,Morro dos Pinheiros,1,CRAS Alto,CRAS Alto,Público Geral,Público Geral
Masculino,40,Fundamental Incompleto,Corta Vento,1,CRAS Alto,CRAS Alto,Público Geral,Público Geral
Feminino,78,Fundamental Incompleto,Cascata Guarani,1,CRAS Alto,CRAS Alto,Público Geral,Público Geral
Feminino,79,Fundamental Incompleto,Cascata Guarani,1,CRAS Alto,CRAS Alto,Público Geral,Público Geral
Feminino,62,Fundamental Incompleto,Cascata Guarani,1,CRAS Alto,CRAS Alto,Público Geral,Público Geral
Masculino,50,Fundamental Incompleto,Albuquerque,1,CRAS Alto,CRAS Alto,Público Geral,Público Geral
Feminino,35,Fundamental Incompleto,Cascata Guarani,1,CRAS Alto,CRAS Alto,Público Geral,Público Geral
Feminino,67,Médio Completo,Albuquerque,1,CRAS Alto,CRAS Alto,Público Geral,Público Geral
Masculino,53,Fundamental Incompleto,Alto,1,CRAS Alto,CRAS Alto,Público Geral,Público Geral
Feminino,45,Fundamental Incompleto,Cascata Guarani,1,CRAS Alto,CRAS Alto,Público Geral,Público Geral
Feminino,62,Fundamental Incompleto,Alto,1,CRAS Alto,CRAS Alto,Público Geral,Público Geral
Feminino,61,Fundamental Incompleto,Alto,1,CRAS Alto,CRAS Alto,Público Geral,Público Geral
Feminino,47,Fundamental Incompleto,Agriões,1,CRAS Alto,CRAS Alto,Público Geral,Público Geral
Feminino,55,Médio Completo,Agriões,1,CRAS Alto,CRAS Alto,Público Geral,Público Geral
Feminino,21,Médio Incompleto,Castelinho,1,CRAS Alto,CRAS Alto,Público Geral,Público Geral
Feminino,25,Fundamental Incompleto,Granja Guarani,1,CRAS Alto,CRAS Alto,Público Geral,Público Geral
Feminino,54,Não Escolarizado,Parque Ingá,1,CRAS Alto,CRAS Alto,Público Geral,Público Geral
Feminino,46,Médio Completo,Granja Guarani,1,CRAS Alto,CRAS Alto,Público Geral,Público Geral
Feminino,64,Médio Completo,Granja Guarani,1,CRAS Alto,CRAS Alto,Público Geral,Público Geral
Feminino,32,Fundamental Incompleto,Granja Guarani,1,CRAS Alto,CRAS Alto,Público Geral,Público Geral
Feminino,42,Médio Completo,Albuquerque,1,CRAS Alto,CRAS Alto,Público Geral,Público Geral
Feminino,49,Superior Incompleto,Várzea,1,CRAS Alto,CRAS Alto,Público Geral,Público Geral
Feminino,43,Fundamental Incompleto,Corta Vento,1,CRAS Alto,CRAS Alto,Público Geral,Público Geral
Feminino,23,Médio Completo,Cascata Guarani,1,CRAS Alto,CRAS Alto,Público Geral,Público Geral
Feminino,64,Médio Completo,Agriões,1,CRAS Alto,CRAS Alto,Público Geral,Público Geral
Feminino,49,Médio Incompleto,Canoas,3,CRAS Alto,CRAS Alto,Público Geral,Público Geral
Masculino,60,Médio Incompleto,Canoas,3,CRAS Alto,CRAS Alto,Público Geral,Público Geral
Masculino,53,Fundamental Incompleto,Canoas,3,CRAS Alto,CRAS Alto,Público Geral,Público Geral
Feminino,51,Superior Completo,Várzea,1,CRAS Alto,CRAS Alto,Público Geral,Público Geral
Feminino,58,Superior Completo,Alto,1,CRAS Alto,CRAS Alto,Público Geral,Público Geral
Feminino,43,Fundamental Completo,Albuquerque,1,CRAS Alto,CRAS Alto,Público Geral,Público Geral
Feminino,51,Médio Completo,Parque São Luiz,1,CRAS Alto,CRAS Alto,Público Geral,Público Geral
Masculino,58,Médio Incompleto,Corta Vento,1,CRAS Alto,CRAS Alto,Público Geral,Público Geral
Masculino,72,Médio Completo,Agriões,1,CRAS Alto,CRAS Alto,Público Geral,Público Geral
Feminino,67,Médio Completo,Vale Paraíso,1,CRAS Alto,CRAS Alto,Público Geral,Público Geral
Feminino,23,Médio Completo,Cascata Guarani,1,CRAS Alto,CRAS Alto,Público Geral,Público Geral
Feminino,62,Superior Incompleto,Vale Paraíso,1,CRAS Alto,CRAS Alto,Público Geral,Público Geral
Masculino,29,Fundamental Incompleto,Cascata Guarani,1,CRAS Alto,CRAS Alto,Público Geral,Público Geral
Masculino,71,Fundamental Incompleto,Granja Guarani,1,CRAS Alto,CRAS Alto,Público Geral,Público Geral
Masculino,30,Médio Completo,Várzea,1,CRAS Alto,CRAS Alto,Público Geral,Público Geral
Feminino,56,Fundamental Incompleto,Morro dos Pinheiros,1,CRAS Alto,CRAS Alto,Público Geral,Público Geral
Feminino,84,Não Escolarizado,Cascata Guarani,1,CRAS Alto,CRAS Alto,Público Geral,Público Geral
Masculino,49,Médio Completo,Alto,1,CRAS Alto,CRAS Alto,Público Geral,Público Geral
Feminino,23,Fundamental Incompleto,Albuquerque,1,CRAS Alto,CRAS Alto,Público Geral,Público Geral
Masculino,46,Médio Completo,Albuquerque,1,CRAS Alto,CRAS Alto,Público Geral,Público Geral
Feminino,36,Médio Incompleto,Albuquerque,1,CRAS Alto,CRAS Alto,Público Geral,Público Geral
Masculino,24,Médio Incompleto,Cascata Guarani,1,CRAS Alto,CRAS Alto,Público Geral,Público Geral
Masculino,69,Médio Completo,Várzea,1,CRAS Alto,CRAS Alto,Público Geral,Público Geral
Feminino,36,Médio Completo,Panorama,1,CRAS Alto,CRAS Alto,Público Geral,Público Geral
Feminino,47,Superior Completo,Alto,1,CRAS Alto,CRAS Alto,Público Geral,Público Geral
Feminino,57,Fundamental Incompleto,Vale Paraíso,1,CRAS Alto,CRAS Alto,Público Geral,Público Geral
Feminino,56,Fundamental Incompleto,Cascata Guarani,1,CRAS Alto,CRAS Alto,Público Geral,Público Geral
Feminino,42,Superior Completo,Albuquerque,1,CRAS Alto,CRAS Alto,Público Geral,Público Geral
Feminino,22,Médio Completo,Alto,1,CRAS Alto,CRAS Alto,Público Geral,Público Geral
Feminino,24,Médio Incompleto,Cascata Guarani,1,CRAS Alto,CRAS Alto,Público Geral,Público Geral
Feminino,47,Médio Incompleto,Corta Vento,1,CRAS Alto,CRAS Alto,Público Geral,Público Geral
Feminino,52,Fundamental Incompleto,Tijuca,1,CRAS Alto,CRAS Alto,Público Geral,Público Geral
Feminino,22,Fundamental Incompleto,Fazendinha,1,CRAS Alto,CRAS Alto,Público Geral,Público Geral
Feminino,62,Fundamental Incompleto,Cascata Guarani,1,CRAS Alto,CRAS Alto,Público Geral,Público Geral
Masculino,28,Médio Completo,Tijuca,1,CRAS Alto,CRAS Alto,Público Geral,Público Geral
Feminino,23,Médio Completo,Ermitage,1,CRAS Alto,CRAS Alto,Público Geral,Público Geral
Feminino,59,Superior Completo,Albuquerque,1,CRAS Alto,CRAS Alto,Público Geral,Público Geral
Feminino,50,Médio Incompleto,Parque São Luiz,1,CRAS Alto,CRAS Alto,Público Geral,Público Geral
Feminino,51,Médio Incompleto,Parque São Luiz,1,CRAS Alto,CRAS Alto,Público Geral,Público Geral
Feminino,61,Fundamental Incompleto,Granja Guarani,1,CRAS Alto,CRAS Alto,Público Geral,Público Geral
Masculino,56,Médio Incompleto,Cascata Guarani,1,CRAS Alto,CRAS Alto,Público Geral,Público Geral
Feminino,31,Fundamental Incompleto,Albuquerque,1,CRAS Alto,CRAS Alto,Público Geral,Público Geral
Feminino,58,Fundamental Incompleto,Cascata Guarani,1,CRAS Alto,CRAS Alto,Público Geral,Público Geral
Feminino,18,Médio Completo,Albuquerque,1,CRAS Alto,CRAS Alto,Público Geral,Público Geral
Feminino,66,Médio Incompleto,Jardim Europa,1,CRAS Alto,CRAS Alto,Público Geral,Público Geral
Feminino,45,Médio Completo,Granja Guarani,1,CRAS Alto,CRAS Alto,Público Geral,Público Geral
Feminino,43,Médio Incompleto,Albuquerque,1,CRAS Alto,CRAS Alto,Público Geral,Público Geral
Feminino,66,Fundamental Incompleto,Granja Guarani,1,CRAS Alto,CRAS Alto,Público Geral,Público Geral
Feminino,74,Fundamental Incompleto,Albuquerque,1,CRAS Alto,CRAS Alto,Público Geral,Público Geral
Masculino,50,Médio Incompleto,Albuquerque,1,CRAS Alto,CRAS Alto,Público Geral,Público Geral
Feminino,58,Não Escolarizado,Alto,1,CRAS Alto,CRAS Alto,Público Geral,Público Geral
Feminino,81,Fundamental Incompleto,Tijuca,1,CRAS Alto,CRAS Alto,Público Geral,Público Geral
Feminino,42,Médio Completo,Morro dos Pinheiros,1,CRAS Alto,CRAS Alto,Público Geral,Público Geral
Feminino,47,Médio Completo,Pedreira,1,CRAS Alto,CRAS Alto,Público Geral,Público Geral
Feminino,63,Fundamental Incompleto,Agriões,1,CRAS Alto,CRAS Alto,Público Geral,Público Geral
Feminino,30,Fundamental Incompleto,Albuquerque,1,CRAS Alto,CRAS Alto,Público Geral,Público Geral
Feminino,57,Médio Completo,Parque São Luiz,1,CRAS Alto,CRAS Alto,Público Geral,Público Geral
Masculino,48,Superior Completo,Várzea,1,CRAS Alto,CRAS Alto,Público Geral,Público Geral
Masculino,23,Médio Incompleto,Cascata Guarani,1,CRAS Alto,CRAS Alto,Público Geral,Público Geral
Feminino,24,Fundamental Incompleto,Cascata Guarani,1,CRAS Alto,CRAS Alto,Público Geral,Público Geral
Feminino,35,Médio Incompleto,Cascata Guarani,1,CRAS Alto,CRAS Alto,Público Geral,Público Geral
Feminino,43,Fundamental Incompleto,Granja Guarani,1,CRAS Alto,CRAS Alto,Público Geral,Público Geral
Feminino,77,Fundamental Incompleto,Vale Paraíso,1,CRAS Alto,CRAS Alto,Público Geral,Público Geral
Feminino,61,Fundamental Incompleto,Cascata Guarani,1,CRAS Alto,CRAS Alto,Público Geral,Público Geral
Feminino,67,Médio Incompleto,Albuquerque,1,CRAS Alto,CRAS Alto,Público Geral,Público Geral
Feminino,64,Fundamental Incompleto,Várzea,1,CRAS Alto,CRAS Alto,Público Geral,Público Geral
Feminino,28,Fundamental Incompleto,Várzea,1,CRAS Alto,CRAS Alto,Público Geral,Público Geral
Feminino,49,Médio Completo,Agriões,1,CRAS Alto,CRAS Alto,Público Geral,Público Geral
Masculino,55,Superior Completo,Várzea,1,CRAS Alto,CRAS Alto,Público Geral,Público Geral
Feminino,32,Superior Completo,Morro dos Pinheiros,1,CRAS Alto,CRAS Alto,Público Geral,Público Geral
Masculino,28,Médio Completo,Cascata Guarani,1,CRAS Alto,CRAS Alto,Público Geral,Público Geral
Feminino,45,Superior Completo,Albuquerque,1,CRAS Alto,CRAS Alto,Público Geral,Público Geral
Feminino,20,Médio Completo,Cascata Guarani,1,CRAS Alto,CRAS Alto,Público Geral,Público Geral
Feminino,61,Superior Completo,Alto,1,CRAS Alto,CRAS Alto,Público Geral,Público Geral
Feminino,46,Superior Completo,Bairro dos Artistas,1,CRAS Alto,CRAS Alto,Público Geral,Público Geral
Masculino,77,Médio Completo,Fazendinha,1,CRAS Alto,CRAS Alto,Público Geral,Público Geral
Masculino,20,Fundamental Incompleto,Tijuca,1,CRAS Alto,CRAS Alto,Público Geral,Público Geral
Feminino,27,Médio Completo,Fazendinha,1,CRAS Alto,CRAS Alto,Público Geral,Público Geral
Masculino,27,Fundamental Incompleto,Parque São Luiz,1,CRAS Alto,CRAS Alto,Público Geral,Público Geral
Feminino,51,Médio Completo,Albuquerque,1,CRAS Alto,CRAS Alto,Público Geral,Público Geral
Feminino,27,Fundamental Incompleto,Cascata Guarani,1,CRAS Alto,CRAS Alto,Público Geral,Público Geral
Feminino,44,Médio Completo,Ermitage,1,CRAS Alto,CRAS Alto,Público Geral,Público Geral
Feminino,37,Superior Completo,Vale Paraíso,1,CRAS Alto,CRAS Alto,Público Geral,Público Geral
Feminino,50,Fundamental Incompleto,Cascata Guarani,1,CRAS Alto,CRAS Alto,Público Geral,Público Geral
Masculino,47,Fundamental Incompleto,Vale Paraíso,1,CRAS Alto,CRAS Alto,Público Geral,Público Geral
Masculino,46,Fundamental Completo,Alto,1,CRAS Alto,CRAS Alto,Público Geral,Público Geral
Feminino,42,Superior Completo,Granja Guarani,1,CRAS Alto,CRAS Alto,Público Geral,Público Geral
Feminino,23,Médio Incompleto,Cascata Guarani,1,CRAS Alto,CRAS Alto,Público Geral,Público Geral
Feminino,27,Médio Completo,Vale Paraíso,1,CRAS Alto,CRAS Alto,Público Geral,Público Geral
Feminino,46,Médio Completo,Cascata Guarani,1,CRAS Alto,CRAS Alto,Público Geral,Público Geral
Masculino,23,Fundamental Incompleto,Vale Paraíso,1,CRAS Alto,CRAS Alto,Público Geral,Público Geral
Feminino,37,Médio Incompleto,Alto,1,CRAS Alto,CRAS Alto,Público Geral,Público Geral
Feminino,37,Médio Completo,Vale Paraíso,1,CRAS Alto,CRAS Alto,Público Geral,Público Geral
Masculino,61,Fundamental Incompleto,Granja Guarani,1,CRAS Alto,CRAS Alto,Público Geral,Público Geral
Feminino,45,Médio Incompleto,Parque São Luiz,1,CRAS Alto,CRAS Alto,Público Geral,Público Geral
Masculino,45,Fundamental Incompleto,Albuquerque,1,CRAS Alto,CRAS Alto,Público Geral,Público Geral
Feminino,44,Fundamental Incompleto,Cascata Guarani,1,CRAS Alto,CRAS Alto,Público Geral,Público Geral
Feminino,68,Fundamental Incompleto,Jardim Serrano,1,CRAS Alto,CRAS Alto,Público Geral,Público Geral
Feminino,64,Fundamental Incompleto,Canoas,3,CRAS Alto,CRAS Alto,Público Geral,Público Geral
Feminino,53,Médio Incompleto,Parque São Luiz,1,CRAS Alto,CRAS Alto,Público Geral,Público Geral
Feminino,67,Não Escolarizado,Cascata Guarani,1,CRAS Alto,CRAS Alto,Público Geral,Público Geral
Feminino,19,Médio Incompleto,Cascata Guarani,1,CRAS Alto,CRAS Alto,Público Geral,Público Geral
Masculino,52,Fundamental Completo,Morro dos Pinheiros,1,CRAS Alto,CRAS Alto,Público Geral,Público Geral
Masculino,53,Não Escolarizado,Tijuca,1,CRAS Alto,CRAS Alto,Público Geral,Público Geral
Masculino,65,Fundamental Incompleto,Cascata Guarani,1,CRAS Alto,CRAS Alto,Público Geral,Público Geral
Feminino,50,Médio Completo,Cascata Guarani,1,CRAS Alto,CRAS Alto,Público Geral,Público Geral
Masculino,65,Não Escolarizado,Alto,1,CRAS Alto,CRAS Alto,Público Geral,Público Geral
Masculino,69,Fundamental Completo,Alto,1,CRAS Alto,CRAS Alto,Público Geral,Público Geral
Feminino,33,Médio Completo,Várzea,1,CRAS Alto,CRAS Alto,Público Geral,Público Geral
Masculino,67,Superior Completo,Várzea,1,CRAS Alto,CRAS Alto,Público Geral,Público Geral
Feminino,39,Não Escolarizado,Várzea,1,CRAS Alto,CRAS Alto,Público Geral,Público Geral
Feminino,72,Não Escolarizado,Cascata Guarani,1,CRAS Alto,CRAS Alto,Público Geral,Público Geral
Masculino,35,Médio Completo,Canoas,3,CRAS Alto,CRAS Alto,Público Geral,Público Geral
Masculino,33,Médio Completo,Canoas,3,CRAS Alto,CRAS Alto,Público Geral,Público Geral
Feminino,61,Fundamental Incompleto,Cascata Guarani,1,CRAS Alto,CRAS Alto,Público Geral,Público Geral
Masculino,77,Superior Completo,Cascata Guarani,1,CRAS Alto,CRAS Alto,Público Geral,Público Geral
Feminino,37,Médio Completo,Ermitage,1,CRAS Alto,CRAS Alto,Público Geral,Público Geral
Feminino,54,Fundamental Completo,Várzea,1,CRAS Alto,CRAS Alto,Público Geral,Público Geral
Feminino,52,Fundamental Incompleto,Albuquerque,1,CRAS Alto,CRAS Alto,Público Geral,Público Geral
Feminino,28,Médio Completo,Albuquerque,1,CRAS Alto,CRAS Alto,Público Geral,Público Geral
Masculino,74,Fundamental Incompleto,Albuquerque,1,CRAS Alto,CRAS Alto,Público Geral,Público Geral
Feminino,48,Médio Completo,Parque São Luiz,1,CRAS Alto,CRAS Alto,Público Geral,Público Geral
Feminino,42,Fundamental Incompleto,40 Casas,1,CRAS Alto,CRAS Alto,Público Geral,Público Geral
Masculino,58,Fundamental Incompleto,Corta Vento,1,CRAS Alto,CRAS Alto,Público Geral,Público Geral
Feminino,30,Médio Completo,Parque São Luiz,1,CRAS Alto,CRAS Alto,Público Geral,Público Geral
Feminino,36,Médio Completo,Vale Paraíso,1,CRAS Alto,CRAS Alto,Público Geral,Público Geral
Feminino,31,Médio Completo,Várzea,1,CRAS Alto,CRAS Alto,Público Geral,Público Geral
Feminino,52,Médio Completo,Bairro dos Artistas,1,CRAS Alto,CRAS Alto,Público Geral,Público Geral
Masculino,62,Superior Incompleto,Vale Paraíso,1,CRAS Alto,CRAS Alto,Público Geral,Público Geral
Feminino,59,Médio Incompleto,Panorama,1,CRAS Alto,CRAS Alto,Público Geral,Público Geral
Feminino,21,Médio Completo,Cascata Guarani,1,CRAS Alto,CRAS Alto,Público Geral,Público Geral
Masculino,45,Médio Incompleto,Alto,1,CRAS Alto,CRAS Alto,Público Geral,Público Geral
Feminino,40,Médio Completo,Granja Guarani,1,CRAS Alto,CRAS Alto,Público Geral,Público Geral
Masculino,40,Médio Completo,Agriões,1,CRAS Alto,CRAS Alto,Público Geral,Público Geral
Feminino,28,Médio Completo,Granja Guarani,1,CRAS Alto,CRAS Alto,Público Geral,Público Geral
Feminino,65,Médio Completo,Várzea,1,CRAS Alto,CRAS Alto,Público Geral,Público Geral
Feminino,31,Médio Completo,Granja Guarani,1,CRAS Alto,CRAS Alto,Público Geral,Público Geral
Feminino,26,Médio Completo,Vale Paraíso,1,CRAS Alto,CRAS Alto,Público Geral,Público Geral
Feminino,62,Fundamental Incompleto,Várzea,1,CRAS Alto,CRAS Alto,Público Geral,Público Geral
Feminino,41,Fundamental Incompleto,Corta Vento,1,CRAS Alto,CRAS Alto,Público Geral,Público Geral
Feminino,23,Médio Completo,Alto,1,CRAS Alto,CRAS Alto,Público Geral,Público Geral
Feminino,32,Superior Completo,Parque São Luiz,1,CRAS Alto,CRAS Alto,Público Geral,Público Geral
Masculino,38,Superior Completo,Alto,1,CRAS Alto,CRAS Alto,Público Geral,Público Geral
Feminino,32,Superior Completo,Ermitage,1,CRAS Alto,CRAS Alto,Público Geral,Público Geral
Feminino,39,Fundamental Incompleto,Albuquerque,1,CRAS Alto,CRAS Alto,Público Geral,Público Geral
Feminino,38,Médio Completo,Cascata Guarani,1,CRAS Alto,CRAS Alto,Público Geral,Público Geral
Feminino,46,Fundamental Completo,Fazendinha,1,CRAS Alto,CRAS Alto,Público Geral,Público Geral
Feminino,24,Fundamental Incompleto,Canoas,3,CRAS Alto,CRAS Alto,Público Geral,Público Geral
Masculino,62,Fundamental Incompleto,Granja Guarani,1,CRAS Alto,CRAS Alto,Público Geral,Público Geral
Masculino,66,Fundamental Incompleto,Morro dos Pinheiros,1,CRAS Alto,CRAS Alto,Público Geral,Público Geral
Feminino,64,Fundamental Incompleto,Corta Vento,1,CRAS Alto,CRAS Alto,Público Geral,Público Geral
Feminino,71,Médio Completo,Alto,1,CRAS Alto,CRAS Alto,Público Geral,Público Geral
Masculino,30,Fundamental Incompleto,Cascata Guarani,1,CRAS Alto,CRAS Alto,Público Geral,Público Geral
Feminino,66,Médio Incompleto,Panorama,1,CRAS Alto,CRAS Alto,Público Geral,Público Geral
Masculino,35,Médio Incompleto,Cascata Guarani,1,CRAS Alto,CRAS Alto,Público Geral,Público Geral
Feminino,53,Médio Completo,Tijuca ,1,CRAS Alto,CRAS Alto,Público Geral,Público Geral
Feminino,35,Fundamental Completo,Cascata Guarani,1,CRAS Alto,CRAS Alto,Público Geral,Público Geral
Feminino,50,Médio Completo,Várzea,1,CRAS Alto,CRAS Alto,Público Geral,Público Geral
Masculino,58,Superior Incompleto,Alto,1,CRAS Alto,CRAS Alto,Público Geral,Público Geral
Masculino,41,Fundamental Completo,Várzea,1,CRAS Alto,CRAS Alto,Público Geral,Público Geral
Masculino,68,Não Escolarizado,Albuquerque,1,CRAS Alto,CRAS Alto,Público Geral,Público Geral
Feminino,78,Fundamental Incompleto,Vale Paraíso,1,CRAS Alto,CRAS Alto,Público Geral,Público Geral
Feminino,36,Médio Completo,Albuquerque,1,CRAS Alto,CRAS Alto,Público Geral,Público Geral
Masculino,61,Médio Completo,Ermitage,1,CRAS Alto,CRAS Alto,Público Geral,Público Geral
Feminino,64,Fundamental Completo,Alto,1,CRAS Alto,CRAS Alto,Público Geral,Público Geral
Feminino,65,Médio Completo,Canoas ,3,CRAS Alto,CRAS Alto,Público Geral,Público Geral
Feminino,46,Médio Completo,Granja Guarani,1,CRAS Alto,CRAS Alto,Público Geral,Público Geral
Feminino,41,Médio Completo,Morro dos Pinheiros,1,CRAS Alto,CRAS Alto,Público Geral,Público Geral
Feminino,43,Fundamental Incompleto,Alto,1,CRAS Alto,CRAS Alto,Público Geral,Público Geral
Feminino,61,Fundamental Incompleto,Albuquerque,1,CRAS Alto,CRAS Alto,Público Geral,Público Geral
Feminino,24,Fundamental Incompleto,Cascata Guarani,1,CRAS Alto,CRAS Alto,Público Geral,Público Geral
Masculino,46,Fundamental Incompleto,Vale Paraíso,1,CRAS Alto,CRAS Alto,Público Geral,Público Geral
Feminino,54,Médio Completo,Várzea,1,CRAS Alto,CRAS Alto,Público Geral,Público Geral
Feminino,64,Médio Completo,Agriões ,1,CRAS Alto,CRAS Alto,Público Geral,Público Geral
Feminino,69,Fundamental Completo,Várzea,1,CRAS Alto,CRAS Alto,Público Geral,Público Geral
Feminino,17,Médio Incompleto,Albuquerque,1,CRAS Alto,CRAS Alto,Público Geral,Público Geral
Masculino,50,Não Escolarizado,Cascata Guarani,1,CRAS Alto,CRAS Alto,Público Geral,Público Geral
Feminino,37,Superior Incompleto,Granja Guarani,1,CRAS Alto,CRAS Alto,Público Geral,Público Geral
Masculino,35,Fundamental Incompleto,Jardim Serrano,1,CRAS Alto,CRAS Alto,Público Geral,Público Geral
Feminino,44,Médio Completo,Ermitage ,1,CRAS Alto,CRAS Alto,Público Geral,Público Geral
Masculino,67,Fundamental Incompleto,Canoas ,3,CRAS Alto,CRAS Alto,Público Geral,Público Geral
Feminino,49,Médio Completo,Tijuca ,1,CRAS Alto,CRAS Alto,Público Geral,Público Geral
Feminino,79,Médio Incompleto,Agriões ,1,CRAS Alto,CRAS Alto,Público Geral,Público Geral
Masculino,62,Médio Completo,Ermitage ,1,CRAS Alto,CRAS Alto,Público Geral,Público Geral
Feminino,45,Fundamental Completo,Corta Vento,1,CRAS Alto,CRAS Alto,Público Geral,Público Geral
Feminino,61,Médio Completo,Várzea,1,CRAS Alto,CRAS Alto,Público Geral,Público Geral
Feminino,72,Fundamental Incompleto,Várzea,1,CRAS Alto,CRAS Alto,Público Geral,Público Geral
Masculino,29,Médio Completo,Várzea,1,CRAS Alto,CRAS Alto,Público Geral,Público Geral
Feminino,56,Fundamental Incompleto,Albuquerque,1,CRAS Alto,CRAS Alto,Público Geral,Público Geral
Masculino,74,Fundamental Incompleto,Fátima,1,CRAS Alto,CRAS Alto,Público Geral,Público Geral
Feminino,27,Fundamental Incompleto,Fazendinha,1,CRAS Alto,CRAS Alto,Público Geral,Público Geral
Feminino,44,Superior Completo,Várzea,1,CRAS Alto,CRAS Alto,Público Geral,Público Geral
Feminino,53,Fundamental Incompleto,Albuquerque,1,CRAS Alto,CRAS Alto,Público Geral,Público Geral
Feminino,57,Fundamental Incompleto,Cascata Guarani,1,CRAS Alto,CRAS Alto,Público Geral,Público Geral
Feminino,38,Fundamental Completo,Granja Guarani,1,CRAS Alto,CRAS Alto,Público Geral,Público Geral
Feminino,48,Fundamental Incompleto,Várzea,1,CRAS Alto,CRAS Alto,Público Geral,Público Geral
Feminino,56,Superior Incompleto,Agriões ,1,CRAS Alto,CRAS Alto,Público Geral,Público Geral
Feminino,32,Médio Completo,Cascata Guarani,1,CRAS Alto,CRAS Alto,Público Geral,Público Geral
Feminino,73,Fundamental Incompleto,Várzea,1,CRAS Alto,CRAS Alto,Público Geral,Público Geral
Masculino,52,Médio Completo,Tijuca ,1,CRAS Alto,CRAS Alto,Público Geral,Público Geral
Feminino,60,Superior Incompleto,Agriões ,1,CRAS Alto,CRAS Alto,Público Geral,Público Geral
Masculino,60,Médio Completo,Alto ,1,CRAS Alto,CRAS Alto,Público Geral,Público Geral
Feminino,62,Médio Completo,Morro dos Pinheiros,1,CRAS Alto,CRAS Alto,Público Geral,Público Geral
Feminino,56,Médio Completo,Alto,1,CRAS Alto,CRAS Alto,Público Geral,Público Geral
Masculino,51,Superior Completo,Albuquerque,1,CRAS Alto,CRAS Alto,Público Geral,Público Geral
Feminino,44,Médio Completo,Alto ,1,CRAS Alto,CRAS Alto,Público Geral,Público Geral
Masculino,70,Médio Incompleto,Parque São Luiz,1,CRAS Alto,CRAS Alto,Público Geral,Público Geral
Feminino,51,Fundamental Incompleto,Agriões ,1,CRAS Alto,CRAS Alto,Público Geral,Público Geral
Masculino,19,Médio Completo,Albuquerque,1,CRAS Alto,CRAS Alto,Público Geral,Público Geral
Feminino,40,Fundamental Incompleto,Albuquerque,1,CRAS Alto,CRAS Alto,Público Geral,Público Geral
Feminino,62,Fundamental Incompleto,Cascata Guarani,1,CRAS Alto,CRAS Alto,Público Geral,Público Geral
Feminino,22,Médio Incompleto,Cascata Guarani,1,CRAS Alto,CRAS Alto,Público Geral,Público Geral
Masculino,65,Fundamental Incompleto,Granja Guarani,1,CRAS Alto,CRAS Alto,Público Geral,Público Geral
Feminino,65,Fundamental Incompleto,Fazendinha,1,CRAS Alto,CRAS Alto,Público Geral,Público Geral
Feminino,79,Fundamental Incompleto,Vale Paraíso,1,CRAS Alto,CRAS Alto,Público Geral,Público Geral
Feminino,76,Médio Incompleto,Tijuca ,1,CRAS Alto,CRAS Alto,Público Geral,Público Geral
Feminino,48,Não Escolarizado,Tijuca ,1,CRAS Alto,CRAS Alto,Público Geral,Público Geral
Feminino,61,Fundamental Incompleto,Corta Vento ,1,CRAS Alto,CRAS Alto,Público Geral,Público Geral
Feminino,82,Médio Completo,Alto ,1,CRAS Alto,CRAS Alto,Público Geral,Público Geral
Feminino,18,Médio Completo,Canoas ,3,CRAS Alto,CRAS Alto,Público Geral,Público Geral
Feminino,29,Médio Completo,Corta Vento,1,CRAS Alto,CRAS Alto,Público Geral,Público Geral
Masculino,61,Fundamental Incompleto,Granja Guarani,1,CRAS Alto,CRAS Alto,Público Geral,Público Geral
Feminino,55,Médio Incompleto,Soberbo,1,CRAS Alto,CRAS Alto,Público Geral,Público Geral
Feminino,33,Fundamental Completo,Bairro dos Artistas,1,CRAS Alto,CRAS Alto,Público Geral,Público Geral
Masculino,40,Fundamental Incompleto,Morro dos Pinheiros,1,CRAS Alto,CRAS Alto,PAIF,PAIF
Feminino,56,Fundamental Incompleto,Parque São Luiz,1,CRAS Alto,CRAS Alto,PAIF,PAIF
Feminino,50,Fundamental Incompleto,Granja Guarani,1,CRAS Alto,CRAS Alto,PAIF,PAIF
Feminino,34,Superior Incompleto,Jardim Serrano,1,CRAS Alto,CRAS Alto,PAIF,PAIF
Feminino,52,Fundamental Incompleto,Agriões ,1,CRAS Alto,CRAS Alto,PAIF,PAIF
Feminino,62,Fundamental Incompleto,Canoas ,3,CRAS Alto,CRAS Alto,PAIF,PAIF
Feminino,35,Médio Incompleto,Várzea,1,CRAS Alto,CRAS Alto,PAIF,PAIF
Feminino,43,Fundamental Incompleto,Várzea,1,CRAS Alto,CRAS Alto,PAIF,PAIF
Feminino,55,Fundamental Completo,Corta Vento ,1,CRAS Alto,CRAS Alto,PAIF,PAIF
Feminino,33,Médio Completo,Soberbo,1,CRAS Alto,CRAS Alto,PAIF,PAIF
Feminino,48,Médio Completo,Vale Paraíso,1,CRAS Alto,CRAS Alto,PAIF,PAIF
Masculino,55,Médio Completo,Pedreira ,1,CRAS Alto,CRAS Alto,PAIF,PAIF
Feminino,43,Fundamental Incompleto,Alto ,1,CRAS Alto,CRAS Alto,PAIF,PAIF
Feminino,59,Fundamental Incompleto,Morro dos Pinheiros,1,CRAS Alto,CRAS Alto,PAIF,PAIF
Feminino,54,Fundamental Completo,Várzea,1,CRAS Alto,CRAS Alto,PAIF,PAIF
Feminino,28,Fundamental Completo,Várzea,1,CRAS Alto,CRAS Alto,PAIF,PAIF
Feminino,37,Médio Incompleto,Corta Vento ,1,CRAS Alto,CRAS Alto,PAIF,PAIF
Feminino,41,Fundamental Incompleto,Cascata Guarani,1,CRAS Alto,CRAS Alto,PAIF,PAIF
Feminino,43,Fundamental Incompleto,Cascata Guarani,1,CRAS Alto,CRAS Alto,PAIF,PAIF
Feminino,30,Fundamental Incompleto,Alto ,1,CRAS Alto,CRAS Alto,PAIF,PAIF
Masculino,36,Médio Completo,Quinta Lebrão ,1,CRAS Alto,CRAS Alto,PAIF,PAIF
Feminino,37,Médio Completo,Alto,1,CRAS Alto,CRAS Alto,PAIF,PAIF
Masculino,64,Médio Completo,Alto,1,CRAS Alto,CRAS Alto,PAIF,PAIF
Feminino,30,Fundamental Incompleto,Albuquerque,1,CRAS Alto,CRAS Alto,PAIF,PAIF
Feminino,20,Médio Incompleto,Parque São Luiz,1,CRAS Alto,CRAS Alto,PAIF,PAIF
Feminino,55,Médio Completo,Albuquerque,1,CRAS Alto,CRAS Alto,PAIF,PAIF
Feminino,40,Médio Completo,Várzea,1,CRAS Alto,CRAS Alto,PAIF,PAIF
Feminino,49,Fundamental Completo,Ermitage ,1,CRAS Alto,CRAS Alto,PAIF,PAIF
Feminino,7,Fundamental Incompleto,Araras ,1,CRAS Alto,CRAS Alto,Público Geral,Público Geral
Masculino,8,Fundamental Incompleto,Alto ,1,CRAS Alto,CRAS Alto,Público Geral,Público Geral
Masculino,9,Fundamental Incompleto,Morro dos Pinheiros,1,CRAS Alto,CRAS Alto,Público Geral,Público Geral
Feminino,8,Fundamental Incompleto,Vale Paraíso,1,CRAS Alto,CRAS Alto,Público Geral,Público Geral
Masculino,7,Fundamental Incompleto,Barroso,1,CRAS Alto,CRAS Alto,Público Geral,Público Geral
Feminino,6,Fundamental Incompleto,Santa Cecília,1,CRAS Alto,CRAS Alto,Público Geral,Público Geral
Feminino,5,Fundamental Incompleto,Cascata Guarani,1,CRAS Alto,CRAS Alto,Público Geral,Público Geral
Feminino,7,Fundamental Incompleto,Cascata Guarani,1,CRAS Alto,CRAS Alto,Público Geral,Público Geral
Masculino,5,Fundamental Incompleto,Vale Paraíso,1,CRAS Alto,CRAS Alto,Público Geral,Público Geral
Masculino,6,Fundamental Incompleto,Cascata Guarani,1,CRAS Alto,CRAS Alto,Público Geral,Público Geral
Feminino,5,Fundamental Incompleto,Cascata Guarani,1,CRAS Alto,CRAS Alto,Público Geral,Público Geral
Masculino,5,Fundamental Incompleto,Santa Cecília,1,CRAS Alto,CRAS Alto,Público Geral,Público Geral
Feminino,6,Fundamental Incompleto,Albuquerque,1,CRAS Alto,CRAS Alto,Público Geral,Público Geral
Feminino,5,Fundamental Incompleto,Alto ,1,CRAS Alto,CRAS Alto,Público Geral,Público Geral
Feminino,8,Fundamental Incompleto,Araras ,1,CRAS Alto,CRAS Alto,Público Geral,Público Geral
Feminino,8,Fundamental Incompleto,Santa Cecília,1,CRAS Alto,CRAS Alto,Público Geral,Público Geral
Feminino,8,Fundamental Incompleto,Pimenteiras,1,CRAS Alto,CRAS Alto,Público Geral,Público Geral
Masculino,7,Fundamental Incompleto,Cascata Guarani,1,CRAS Alto,CRAS Alto,Público Geral,Público Geral
Masculino,8,Fundamental Incompleto,Vila Muqui ,1,CRAS Alto,CRAS Alto,Público Geral,Público Geral
Feminino,7,Fundamental Incompleto,Fazendinha,1,CRAS Alto,CRAS Alto,Público Geral,Público Geral
Feminino,8,Fundamental Incompleto,Barroso,1,CRAS Alto,CRAS Alto,Público Geral,Público Geral
Feminino,8,Fundamental Incompleto,Santa Cecília,1,CRAS Alto,CRAS Alto,Público Geral,Público Geral
Feminino,5,Fundamental Incompleto,Granja Guarani,1,CRAS Alto,CRAS Alto,Público Geral,Público Geral
Masculino,5,Fundamental Incompleto,Meudon ,1,CRAS Alto,CRAS Alto,Público Geral,Público Geral
Masculino,5,Fundamental Incompleto,Alto,1,CRAS Alto,CRAS Alto,Público Geral,Público Geral
Masculino,10,Fundamental Incompleto,Várzea,1,CRAS Alto,CRAS Alto,Público Geral,Público Geral
Feminino,10,Fundamental Incompleto,Barroso,1,CRAS Alto,CRAS Alto,Público Geral,Público Geral
Masculino,10,Fundamental Incompleto,Cascata Guarani,1,CRAS Alto,CRAS Alto,Público Geral,Público Geral
Feminino,9,Fundamental Incompleto,Barroso,1,CRAS Alto,CRAS Alto,Público Geral,Público Geral
Masculino,9,Fundamental Incompleto,Jardim Meudon ,1,CRAS Alto,CRAS Alto,Público Geral,Público Geral
Feminino,10,Fundamental Incompleto,Bom Retiro ,1,CRAS Alto,CRAS Alto,Público Geral,Público Geral
Feminino,11,Fundamental Incompleto,Várzea,1,CRAS Alto,CRAS Alto,Público Geral,Público Geral
Feminino,11,Fundamental Incompleto,Quinta Lebrão ,1,CRAS Alto,CRAS Alto,Público Geral,Público Geral
Masculino,9,Fundamental Incompleto,Santa Cecília,1,CRAS Alto,CRAS Alto,Público Geral,Público Geral
Feminino,11,Fundamental Incompleto,Panorama,1,CRAS Alto,CRAS Alto,Público Geral,Público Geral
Masculino,10,Fundamental Incompleto,Fazendinha,1,CRAS Alto,CRAS Alto,Público Geral,Público Geral
Feminino,9,Fundamental Incompleto,Soberbo,1,CRAS Alto,CRAS Alto,Público Geral,Público Geral
Feminino,10,Fundamental Incompleto,Cascata Guarani,1,CRAS Alto,CRAS Alto,Público Geral,Público Geral
Masculino,10,Fundamental Incompleto,Agriões,1,CRAS Alto,CRAS Alto,Público Geral,Público Geral
Masculino,10,Fundamental Incompleto,Cascata Guarani,1,CRAS Alto,CRAS Alto,Público Geral,Público Geral
Masculino,10,Fundamental Incompleto,Várzea,1,CRAS Alto,CRAS Alto,Público Geral,Público Geral
Masculino,10,Fundamental Incompleto,Iucas ,1,CRAS Alto,CRAS Alto,Público Geral,Público Geral
Feminino,9,Fundamental Incompleto,Pimenteiras,1,CRAS Alto,CRAS Alto,Público Geral,Público Geral
Masculino,9,Fundamental Incompleto,Parque Ingá,1,CRAS Alto,CRAS Alto,Público Geral,Público Geral
Feminino,11,Fundamental Incompleto,Cascata Guarani,1,CRAS Alto,CRAS Alto,Público Geral,Público Geral
Masculino,9,Fundamental Incompleto,Barra do Imbuí,1,CRAS Alto,CRAS Alto,Público Geral,Público Geral
Feminino,49,Superior Completo,Várzea,1,CRAS Alto,CRAS Alto,Público Geral,Cadastro Único
Masculino,79,Fundamental Incompleto,Alto ,1,CRAS Alto,CRAS Alto,Público Geral,Cadastro Único
Feminino,65,Fundamental Incompleto,Alto ,1,CRAS Alto,CRAS Alto,Público Geral,Cadastro Único
Feminino,57,Fundamental Incompleto,Várzea,1,CRAS Alto,CRAS Alto,Público Geral,Cadastro Único
Feminino,53,Médio Completo,Albuquerque ,1,CRAS Alto,CRAS Alto,Público Geral,Cadastro Único
Feminino,60,Fundamental Incompleto,Canoas ,3,CRAS Alto,CRAS Alto,Público Geral,Cadastro Único
Feminino,55,Fundamental Completo,Corta Vento ,1,CRAS Alto,CRAS Alto,Público Geral,Cadastro Único
Feminino,67,Superior Completo,Alto ,1,CRAS Alto,CRAS Alto,Público Geral,Cadastro Único
Feminino,53,Médio Completo,Alto ,1,CRAS Alto,CRAS Alto,Público Geral,Cadastro Único
Feminino,40,Superior Completo,Morro dos Pinheiros,1,CRAS Alto,CRAS Alto,Público Geral,Cadastro Único
Feminino,39,Fundamental Incompleto,Albuquerque ,1,CRAS Alto,CRAS Alto,Público Geral,Cadastro Único
Feminino,37,Médio Completo,Agriões ,1,CRAS Alto,CRAS Alto,Público Geral,Cadastro Único
Feminino,35,Médio Completo,Alto ,1,CRAS Alto,CRAS Alto,Público Geral,Cadastro Único
Feminino,44,Médio Completo,Tijuca ,1,CRAS Alto,CRAS Alto,Público Geral,Cadastro Único
Feminino,49,Superior Completo,Alto ,1,CRAS Alto,CRAS Alto,Público Geral,Cadastro Único
Feminino,23,Médio Completo,Alto ,1,CRAS Alto,CRAS Alto,Público Geral,Cadastro Único
Feminino,46,Fundamental Incompleto,Tijuca ,1,CRAS Alto,CRAS Alto,Público Geral,Cadastro Único
Feminino,67,Fundamental Incompleto,Fazendinha ,1,CRAS Alto,CRAS Alto,Público Geral,Cadastro Único
Masculino,36,Fundamental Incompleto,Granja Guarani ,1,CRAS Alto,CRAS Alto,Público Geral,Cadastro Único
Feminino,37,Médio Completo,Alto ,1,CRAS Alto,CRAS Alto,Público Geral,Cadastro Único
Masculino,55,Fundamental Incompleto,Cascata Guarani ,1,CRAS Alto,CRAS Alto,Público Geral,Cadastro Único
Feminino,22,Médio Completo,Soberbo ,1,CRAS Alto,CRAS Alto,Público Geral,Cadastro Único
Feminino,36,Médio Completo,Canoas ,3,CRAS Alto,CRAS Alto,Público Geral,Cadastro Único
Feminino,30,Médio Completo,Canoas ,3,CRAS Alto,CRAS Alto,Público Geral,Cadastro Único
Feminino,58,Fundamental Incompleto,Albuquerque ,1,CRAS Alto,CRAS Alto,Público Geral,Cadastro Único
Masculino,20,Médio Completo,Granja Guarani ,1,CRAS Alto,CRAS Alto,Público Geral,Cadastro Único
Feminino,67,Médio Completo,Morro dos Pinheiros,1,CRAS Alto,CRAS Alto,Público Geral,Cadastro Único
Masculino,44,Médio Completo,Granja Guarani ,1,CRAS Alto,CRAS Alto,Público Geral,Cadastro Único
Masculino,51,Fundamental Incompleto,Albuquerque ,1,CRAS Alto,CRAS Alto,Público Geral,Cadastro Único
Feminino,29,Médio Completo,Albuquerque ,1,CRAS Alto,CRAS Alto,Público Geral,Cadastro Único
Masculino,35,Médio Completo,Morro dos Pinheiros,1,CRAS Alto,CRAS Alto,Público Geral,Cadastro Único
Masculino,62,Fundamental Incompleto,Morro dos Pinheiros,1,CRAS Alto,CRAS Alto,Público Geral,Cadastro Único
Feminino,56,Médio Completo,Agriões ,1,CRAS Alto,CRAS Alto,Público Geral,Cadastro Único
Masculino,67,Fundamental Incompleto,Morro dos Pinheiros,1,CRAS Alto,CRAS Alto,Público Geral,Cadastro Único
Feminino,58,Fundamental Incompleto,Morro dos Pinheiros,1,CRAS Alto,CRAS Alto,Público Geral,Cadastro Único
Feminino,26,Superior Completo,Cascata Guarani ,1,CRAS Alto,CRAS Alto,Público Geral,Cadastro Único
Feminino,36,Médio Completo,Granja Guarani ,1,CRAS Alto,CRAS Alto,Público Geral,Cadastro Único
Feminino,41,Médio Completo,Bairro dos Artistas,1,CRAS Alto,CRAS Alto,Público Geral,Cadastro Único
Masculino,63,Médio Completo,Tijuca ,1,CRAS Alto,CRAS Alto,Público Geral,Cadastro Único
Feminino,56,Superior Completo,Granja Guarani ,1,CRAS Alto,CRAS Alto,Público Geral,Cadastro Único
Feminino,38,Médio Completo,Morro dos Pinheiros,1,CRAS Alto,CRAS Alto,Público Geral,Cadastro Único
Masculino,38,Fundamental Completo,Alto ,1,CRAS Alto,CRAS Alto,Público Geral,Cadastro Único
Masculino,54,Fundamental Incompleto,Morro dos Pinheiros,1,CRAS Alto,CRAS Alto,Público Geral,Cadastro Único
Feminino,57,Fundamental Completo,Ermitage ,1,CRAS Alto,CRAS Alto,Público Geral,Cadastro Único
Feminino,56,Fundamental Completo,Ermitage ,1,CRAS Alto,CRAS Alto,Público Geral,Cadastro Único
Feminino,57,Fundamental Incompleto,Cascata Guarani ,1,CRAS Alto,CRAS Alto,Público Geral,Cadastro Único
Feminino,61,Superior Incompleto,Alto ,1,CRAS Alto,CRAS Alto,Público Geral,Cadastro Único
Feminino,55,Médio Incompleto,Albuquerque ,1,CRAS Alto,CRAS Alto,Público Geral,Cadastro Único
Feminino,39,Superior Incompleto,Bairro dos Artistas,1,CRAS Alto,CRAS Alto,Público Geral,Cadastro Único
Feminino,44,Fundamental Completo,Ermitage ,1,CRAS Alto,CRAS Alto,Público Geral,Cadastro Único
Feminino,55,Médio Incompleto,Ermitage ,1,CRAS Alto,CRAS Alto,Público Geral,Cadastro Único
Feminino,62,Superior Completo,Tijuca ,1,CRAS Alto,CRAS Alto,Público Geral,Cadastro Único
Masculino,45,Fundamental Incompleto,Cascata Guarani ,1,CRAS Alto,CRAS Alto,Público Geral,Cadastro Único
Masculino,48,Fundamental Incompleto,Albuquerque ,1,CRAS Alto,CRAS Alto,Público Geral,Cadastro Único
Feminino,24,Médio Completo,Morro dos Pinheiros,1,CRAS Alto,CRAS Alto,Público Geral,Cadastro Único
Feminino,26,Médio Incompleto,Vale Paraíso,1,CRAS Alto,CRAS Alto,Público Geral,Cadastro Único
Feminino,51,Médio Completo,Fazendinha ,1,CRAS Alto,CRAS Alto,Público Geral,Cadastro Único
Feminino,45,Médio Incompleto,Cascata Guarani ,1,CRAS Alto,CRAS Alto,Público Geral,Cadastro Único
Masculino,62,Superior Completo,Alto ,1,CRAS Alto,CRAS Alto,Público Geral,Cadastro Único
Masculino,57,Superior Completo,Agriões ,1,CRAS Alto,CRAS Alto,Público Geral,Cadastro Único
Feminino,60,Médio Completo,Várzea,1,CRAS Alto,CRAS Alto,Público Geral,Cadastro Único
Feminino,44,Médio Completo,Tijuca ,1,CRAS Alto,CRAS Alto,Público Geral,Cadastro Único
Feminino,32,Médio Completo,Canoas ,3,CRAS Alto,CRAS Alto,Público Geral,Cadastro Único
Feminino,39,Médio Completo,Granja Guarani ,1,CRAS Alto,CRAS Alto,Público Geral,Cadastro Único
Feminino,56,Fundamental Incompleto,Agriões ,1,CRAS Alto,CRAS Alto,Público Geral,Cadastro Único
Feminino,55,Fundamental Incompleto,Albuquerque ,1,CRAS Alto,CRAS Alto,Público Geral,Cadastro Único
Feminino,57,Superior Completo,Várzea,1,CRAS Alto,CRAS Alto,Público Geral,Cadastro Único
Feminino,29,Superior Incompleto,Alto ,1,CRAS Alto,CRAS Alto,Público Geral,Cadastro Único
Masculino,39,Fundamental Incompleto,Ermitage ,1,CRAS Alto,CRAS Alto,Público Geral,Cadastro Único
Feminino,50,Fundamental Incompleto,Morro dos Pinheiros,1,CRAS Alto,CRAS Alto,Público Geral,Cadastro Único
Feminino,66,Médio Completo,Alto ,1,CRAS Alto,CRAS Alto,Público Geral,Cadastro Único
Feminino,72,Fundamental Incompleto,Albuquerque ,1,CRAS Alto,CRAS Alto,Público Geral,Cadastro Único
Feminino,39,Médio Completo,Vale Paraíso,1,CRAS Alto,CRAS Alto,Público Geral,Cadastro Único
Feminino,30,Superior Completo,Cascata Guarani ,1,CRAS Alto,CRAS Alto,Público Geral,Cadastro Único
Masculino,24,Médio Completo,Várzea,1,CRAS Alto,CRAS Alto,Público Geral,Cadastro Único
Masculino,23,Médio Completo,Bairro dos Artistas,1,CRAS Alto,CRAS Alto,Público Geral,Cadastro Único
Feminino,21,Médio Completo,Fazendinha ,1,CRAS Alto,CRAS Alto,Público Geral,Cadastro Único
Feminino,46,Superior Completo,Cascata Guarani ,1,CRAS Alto,CRAS Alto,Público Geral,Cadastro Único
Feminino,50,Fundamental Incompleto,Alto ,1,CRAS Alto,CRAS Alto,Público Geral,Cadastro Único
Feminino,21,Médio Completo,Cascata Guarani ,1,CRAS Alto,CRAS Alto,Público Geral,Cadastro Único
Masculino,50,Fundamental Incompleto,Morro dos Pinheiros,1,CRAS Alto,CRAS Alto,Público Geral,Cadastro Único
Masculino,39,Médio Completo,Várzea,1,CRAS Alto,CRAS Alto,Público Geral,Cadastro Único
Feminino,52,Médio Completo,Corta Vento ,1,CRAS Alto,CRAS Alto,Público Geral,Cadastro Único
Feminino,47,Fundamental Incompleto,Morro dos Pinheiros,1,CRAS Alto,CRAS Alto,Público Geral,Cadastro Único
Feminino,63,Fundamental Incompleto,Cascata Guarani ,1,CRAS Alto,CRAS Alto,Público Geral,Cadastro Único
Feminino,51,Superior Completo,Soberbo ,1,CRAS Alto,CRAS Alto,Público Geral,Cadastro Único
Masculino,23,Médio Completo,Granja Guarani ,1,CRAS Alto,CRAS Alto,Público Geral,Cadastro Único
Feminino,44,Médio Completo,Canoas ,3,CRAS Alto,CRAS Alto,Público Geral,Cadastro Único
Feminino,25,Superior Incompleto,Tijuca ,1,CRAS Alto,CRAS Alto,Público Geral,Cadastro Único
Feminino,26,Fundamental Incompleto,Pessegueiros,2,CRAS Alto,CRAS Alto,Público Geral,Cadastro Único
Feminino,30,Médio Incompleto,Parque São Luiz,1,CRAS Alto,CRAS Alto,Público Geral,Cadastro Único
Feminino,27,Médio Incompleto,Canoas ,3,CRAS Alto,CRAS Alto,Público Geral,Cadastro Único
Masculino,37,Médio Completo,Vale Paraíso,1,CRAS Alto,CRAS Alto,Público Geral,Cadastro Único
Feminino,62,Fundamental Incompleto,Morro dos Pinheiros,1,CRAS Alto,CRAS Alto,Público Geral,Cadastro Único
Feminino,27,Médio Completo,Fazendinha ,1,CRAS Alto,CRAS Alto,Público Geral,Cadastro Único
Feminino,40,Fundamental Completo,Parque São Luiz,1,CRAS Alto,CRAS Alto,Público Geral,Cadastro Único
Feminino,64,Médio Completo,Fazendinha ,1,CRAS Alto,CRAS Alto,Público Geral,Cadastro Único
Feminino,67,Fundamental Incompleto,Morro dos Pinheiros,1,CRAS Alto,CRAS Alto,Público Geral,Cadastro Único
Feminino,39,Médio Completo,Fazendinha ,1,CRAS Alto,CRAS Alto,Público Geral,Cadastro Único
Feminino,41,Superior Completo,Várzea,1,CRAS Alto,CRAS Alto,Público Geral,Cadastro Único
Feminino,64,Superior Completo,Alto ,1,CRAS Alto,CRAS Alto,Público Geral,Cadastro Único
Feminino,63,Não Escolarizado,Granja Guarani ,1,CRAS Alto,CRAS Alto,Público Geral,Cadastro Único
Feminino,34,Médio Incompleto,Alto ,1,CRAS Alto,CRAS Alto,Público Geral,Cadastro Único
Feminino,59,Médio Completo,Agriões ,1,CRAS Alto,CRAS Alto,Público Geral,Cadastro Único
Feminino,68,Médio Incompleto,Corta Vento ,1,CRAS Alto,CRAS Alto,Público Geral,Cadastro Único
Feminino,48,Médio Completo,Albuquerque ,1,CRAS Alto,CRAS Alto,Público Geral,Cadastro Único
Feminino,60,Fundamental Incompleto,Várzea,1,CRAS Alto,CRAS Alto,Público Geral,Cadastro Único
Feminino,58,Fundamental Incompleto,Canoas ,3,CRAS Alto,CRAS Alto,Público Geral,Cadastro Único
Feminino,65,Fundamental Incompleto,Cascata Guarani ,1,CRAS Alto,CRAS Alto,Público Geral,Cadastro Único
Feminino,43,Fundamental Incompleto,Alto ,1,CRAS Alto,CRAS Alto,Público Geral,Cadastro Único
Feminino,65,Fundamental Incompleto,Morro dos Pinheiros,1,CRAS Alto,CRAS Alto,Público Geral,Cadastro Único
Feminino,55,Fundamental Incompleto,Jardim Cascata,1,CRAS Alto,CRAS Alto,Público Geral,Cadastro Único
Feminino,61,Fundamental Incompleto,Fazendinha ,1,CRAS Alto,CRAS Alto,Público Geral,Cadastro Único
Masculino,61,Fundamental Incompleto,Alto ,1,CRAS Alto,CRAS Alto,Público Geral,Cadastro Único
Feminino,41,Médio Completo,Várzea,1,CRAS Alto,CRAS Alto,Público Geral,Cadastro Único
Feminino,19,Médio Completo,Albuquerque ,1,CRAS Alto,CRAS Alto,Público Geral,Cadastro Único
Feminino,42,Superior Completo,Bairro dos Artistas,1,CRAS Alto,CRAS Alto,Público Geral,Cadastro Único
Feminino,71,Médio Completo,Alto ,1,CRAS Alto,CRAS Alto,Público Geral,Cadastro Único
Feminino,73,Superior Completo,Várzea,1,CRAS Alto,CRAS Alto,Público Geral,Cadastro Único
Masculino,51,Médio Incompleto,Várzea,1,CRAS Alto,CRAS Alto,Público Geral,Cadastro Único
Feminino,60,Médio Completo,Várzea,1,CRAS Alto,CRAS Alto,Público Geral,Cadastro Único
Feminino,58,Médio Completo,Parque São Luiz,1,CRAS Alto,CRAS Alto,Público Geral,Cadastro Único
Masculino,52,Fundamental Completo,Morro dos Pinheiros,1,CRAS Alto,CRAS Alto,Público Geral,Cadastro Único
Feminino,32,Superior Completo,Alto ,1,CRAS Alto,CRAS Alto,Público Geral,Cadastro Único
Masculino,19,Fundamental Incompleto,Canoas ,3,CRAS Alto,CRAS Alto,Público Geral,Cadastro Único
Feminino,28,Médio Completo,Corta Vento ,1,CRAS Alto,CRAS Alto,Público Geral,Cadastro Único
Feminino,56,Médio Completo,Várzea,1,CRAS Alto,CRAS Alto,Público Geral,Cadastro Único
Feminino,52,Fundamental Incompleto,Albuquerque ,1,CRAS Alto,CRAS Alto,Público Geral,Cadastro Único
Feminino,42,Fundamental Incompleto,Alto ,1,CRAS Alto,CRAS Alto,Público Geral,Cadastro Único
Feminino,33,Médio Completo,Agriões ,1,CRAS Alto,CRAS Alto,Público Geral,Cadastro Único
Feminino,34,Superior Completo,Várzea,1,CRAS Alto,CRAS Alto,Público Geral,Cadastro Único
Feminino,52,Superior Incompleto,Alto ,1,CRAS Alto,CRAS Alto,Público Geral,Cadastro Único
Feminino,46,Superior Completo,Cascata Guarani ,1,CRAS Alto,CRAS Alto,Público Geral,Cadastro Único
Masculino,31,Fundamental Completo,Alto ,1,CRAS Alto,CRAS Alto,Público Geral,Cadastro Único
Masculino,64,Médio Completo,Morro dos Pinheiros,1,CRAS Alto,CRAS Alto,Público Geral,Cadastro Único
Feminino,58,Fundamental Incompleto,Alto ,1,CRAS Alto,CRAS Alto,Público Geral,Cadastro Único
Feminino,43,Médio Completo,Cascata Guarani ,1,CRAS Alto,CRAS Alto,Público Geral,Cadastro Único
Feminino,59,Fundamental Completo,Granja Guarani ,1,CRAS Alto,CRAS Alto,Público Geral,Cadastro Único
Feminino,40,Médio Completo,Parque São Luiz,1,CRAS Alto,CRAS Alto,Público Geral,Cadastro Único
Feminino,65,Fundamental Incompleto,Várzea,1,CRAS Alto,CRAS Alto,Público Geral,Cadastro Único
Feminino,67,Fundamental Incompleto,Tijuca ,1,CRAS Alto,CRAS Alto,Público Geral,Cadastro Único
Feminino,37,Médio Completo,Bairro dos Artistas,1,CRAS Alto,CRAS Alto,Público Geral,Cadastro Único
Feminino,49,Médio Completo,Alto ,1,CRAS Alto,CRAS Alto,Público Geral,Cadastro Único
Feminino,29,Médio Completo,Granja Guarani ,1,CRAS Alto,CRAS Alto,Público Geral,Cadastro Único
Masculino,22,Médio Incompleto,Vale Paraíso,1,CRAS Alto,CRAS Alto,Público Geral,Cadastro Único
Masculino,49,Fundamental Incompleto,Agriões ,1,CRAS Alto,CRAS Alto,Público Geral,Cadastro Único
Masculino,57,Fundamental Incompleto,Ermitage ,1,CRAS Alto,CRAS Alto,Público Geral,Cadastro Único
Feminino,67,Fundamental Incompleto,Tijuca ,1,CRAS Alto,CRAS Alto,Público Geral,Cadastro Único
Feminino,44,Fundamental Incompleto,Alto ,1,CRAS Alto,CRAS Alto,Público Geral,Cadastro Único
Feminino,41,Fundamental Incompleto,Corta Vento ,1,CRAS Alto,CRAS Alto,Público Geral,Cadastro Único
Masculino,66,Fundamental Completo,Cascata Guarani ,1,CRAS Alto,CRAS Alto,Público Geral,Cadastro Único
Feminino,44,Fundamental Incompleto,Albuquerque ,1,CRAS Alto,CRAS Alto,Público Geral,Cadastro Único
Feminino,61,Médio Completo,Várzea,1,CRAS Alto,CRAS Alto,Público Geral,Cadastro Único
Feminino,26,Médio Incompleto,Granja Guarani ,1,CRAS Alto,CRAS Alto,Público Geral,Cadastro Único
Feminino,59,Fundamental Incompleto,Jardim Serrano,1,CRAS Alto,CRAS Alto,Público Geral,Cadastro Único
Feminino,42,Superior Completo,Bairro dos Artistas,1,CRAS Alto,CRAS Alto,Público Geral,Cadastro Único
Masculino,58,Fundamental Incompleto,Albuquerque ,1,CRAS Alto,CRAS Alto,Público Geral,Cadastro Único
Masculino,49,Médio Completo,Cascata Guarani ,1,CRAS Alto,CRAS Alto,Público Geral,Cadastro Único
Feminino,29,Médio Incompleto,Tijuca ,1,CRAS Alto,CRAS Alto,Público Geral,Cadastro Único
Feminino,38,Superior Completo,Alto ,1,CRAS Alto,CRAS Alto,Público Geral,Cadastro Único
Feminino,34,Superior Completo,Várzea,1,CRAS Alto,CRAS Alto,Público Geral,Cadastro Único
Masculino,37,Médio Incompleto,Granja Guarani ,1,CRAS Alto,CRAS Alto,Público Geral,Cadastro Único
Feminino,32,Médio Completo,Soberbo ,1,CRAS Alto,CRAS Alto,Público Geral,Cadastro Único
Feminino,61,Médio Completo,Ermitage ,1,CRAS Alto,CRAS Alto,Público Geral,Cadastro Único
Feminino,26,Fundamental Incompleto,Várzea,1,CRAS Alto,CRAS Alto,Público Geral,Cadastro Único
Feminino,55,Médio Completo,Fazendinha ,1,CRAS Alto,CRAS Alto,Público Geral,Cadastro Único
Feminino,65,Médio Incompleto,Canoas ,3,CRAS Alto,CRAS Alto,Público Geral,Cadastro Único
Feminino,48,Médio Completo,Cascata Guarani ,1,CRAS Alto,CRAS Alto,Público Geral,Cadastro Único
Feminino,65,Médio Incompleto,Várzea,1,CRAS Alto,CRAS Alto,Público Geral,Cadastro Único
Feminino,67,Médio Completo,Morro dos Pinheiros,1,CRAS Alto,CRAS Alto,Público Geral,Cadastro Único
Masculino,28,Superior Completo,Várzea,1,CRAS Alto,CRAS Alto,Público Geral,Cadastro Único
Feminino,26,Médio Completo,Tijuca ,1,CRAS Alto,CRAS Alto,Público Geral,Cadastro Único
Feminino,62,Médio Completo,Alto ,1,CRAS Alto,CRAS Alto,Público Geral,Cadastro Único
Feminino,51,Médio Incompleto,Tijuca ,1,CRAS Alto,CRAS Alto,Público Geral,Cadastro Único
Masculino,80,Fundamental Incompleto,Ermitage ,1,CRAS Alto,CRAS Alto,Público Geral,Cadastro Único
Masculino,84,Fundamental Incompleto,Tijuca ,1,CRAS Alto,CRAS Alto,Público Geral,Cadastro Único
Masculino,58,Superior Completo,Tijuca ,1,CRAS Alto,CRAS Alto,Público Geral,Cadastro Único
Feminino,40,Superior Incompleto,Tijuca ,1,CRAS Alto,CRAS Alto,Público Geral,Cadastro Único
Feminino,67,Fundamental Incompleto,Cascata Guarani ,1,CRAS Alto,CRAS Alto,Público Geral,Cadastro Único
Feminino,50,Superior Incompleto,Várzea,1,CRAS Alto,CRAS Alto,Público Geral,Cadastro Único
Feminino,40,Médio Incompleto,Alto ,1,CRAS Alto,CRAS Alto,Público Geral,Cadastro Único
Feminino,36,Superior Completo,Cascata Guarani ,1,CRAS Alto,CRAS Alto,Público Geral,Cadastro Único
Masculino,50,Médio Incompleto,Cascata Guarani ,1,CRAS Alto,CRAS Alto,Público Geral,Cadastro Único
Feminino,68,Fundamental Incompleto,Cascata Guarani ,1,CRAS Alto,CRAS Alto,Público Geral,Cadastro Único
Feminino,33,Médio Completo,Canoas ,3,CRAS Alto,CRAS Alto,Público Geral,Cadastro Único
Feminino,51,Fundamental Incompleto,40 Casas ,1,CRAS Alto,CRAS Alto,Público Geral,Cadastro Único
Feminino,57,Superior Completo,Albuquerque ,1,CRAS Alto,CRAS Alto,Público Geral,Cadastro Único
Feminino,52,Fundamental Completo,Panorama,1,CRAS Alto,CRAS Alto,Público Geral,Cadastro Único
Masculino,56,Médio Incompleto,Panorama,1,CRAS Alto,CRAS Alto,Público Geral,Cadastro Único
Feminino,74,Fundamental Completo,Agriões ,1,CRAS Alto,CRAS Alto,Público Geral,Cadastro Único
Masculino,65,Médio Incompleto,Jardim Serrano ,1,CRAS Alto,CRAS Alto,Público Geral,Cadastro Único
Feminino,56,Médio Completo,Fazendinha ,1,CRAS Alto,CRAS Alto,Público Geral,Cadastro Único
Masculino,47,Médio Completo,Cascata Guarani ,1,CRAS Alto,CRAS Alto,Público Geral,Cadastro Único
Feminino,61,Fundamental Incompleto,Tijuca ,1,CRAS Alto,CRAS Alto,Público Geral,Cadastro Único
Feminino,88,Não Escolarizado,Albuquerque ,1,CRAS Alto,CRAS Alto,Público Geral,Cadastro Único
Feminino,53,Fundamental Incompleto,Fazendinha ,1,CRAS Alto,CRAS Alto,Público Geral,Cadastro Único
Masculino,65,Fundamental Incompleto,Ponte Nova,2,CRAS Alto,CRAS Alto,Público Geral,Cadastro Único
Feminino,52,Fundamental Incompleto,Canoas ,3,CRAS Alto,CRAS Alto,Público Geral,Cadastro Único
Feminino,42,Fundamental Incompleto,Água Quente ,2,CRAS Alto,CRAS Alto,Público Geral,Cadastro Único
Feminino,46,Médio Completo,Parque Ingá,1,CRAS Alto,CRAS Alto,Público Geral,Cadastro Único
Feminino,68,Médio Incompleto,Tijuca ,1,CRAS Alto,CRAS Alto,Público Geral,Cadastro Único
Feminino,25,Médio Completo,Granja Guarani ,1,CRAS Alto,CRAS Alto,Público Geral,Cadastro Único
Feminino,59,Médio Incompleto,Morro dos Pinheiros,1,CRAS Alto,CRAS Alto,Público Geral,Cadastro Único
Masculino,64,Fundamental Incompleto,Fazendinha ,1,CRAS Alto,CRAS Alto,Público Geral,Cadastro Único
Feminino,43,Médio Completo,Tijuca ,1,CRAS Alto,CRAS Alto,Público Geral,Cadastro Único
Feminino,85,Não Escolarizado,Parque São Luiz,1,CRAS Alto,CRAS Alto,Público Geral,Cadastro Único
Masculino,45,Médio Incompleto,Corta Vento ,1,CRAS Alto,CRAS Alto,Público Geral,Cadastro Único
Feminino,59,Fundamental Incompleto,Cascata Guarani ,1,CRAS Alto,CRAS Alto,Público Geral,Cadastro Único
Masculino,58,Médio Completo,Granja Guarani ,1,CRAS Alto,CRAS Alto,Público Geral,Cadastro Único
Masculino,65,Fundamental Incompleto,Granja Guarani ,1,CRAS Alto,CRAS Alto,Público Geral,Cadastro Único
Feminino,63,Fundamental Incompleto,Panorama,1,CRAS Alto,CRAS Alto,Público Geral,Cadastro Único
Feminino,27,Médio Completo,Cascata Guarani ,1,CRAS Alto,CRAS Alto,Público Geral,Cadastro Único
Masculino,40,Fundamental Incompleto,Corta Vento ,1,CRAS Alto,CRAS Alto,Público Geral,Cadastro Único
Feminino,34,Fundamental Incompleto,Cascata Guarani ,1,CRAS Alto,CRAS Alto,Público Geral,Cadastro Único
Masculino,57,Médio Completo,Alto ,1,CRAS Alto,CRAS Alto,Público Geral,Cadastro Único
Feminino,56,Fundamental Incompleto,Soberbo ,1,CRAS Alto,CRAS Alto,Público Geral,Cadastro Único
Feminino,68,Fundamental Incompleto,Cascata Guarani ,1,CRAS Alto,CRAS Alto,Público Geral,Cadastro Único
Masculino,59,Fundamental Incompleto,Cascata Guarani ,1,CRAS Alto,CRAS Alto,Público Geral,Cadastro Único
Masculino,25,Médio Completo,Bairro dos Artistas,1,CRAS Alto,CRAS Alto,Público Geral,Cadastro Único
Feminino,69,Fundamental Incompleto,Várzea,1,CRAS Alto,CRAS Alto,Público Geral,Cadastro Único
Feminino,53,Fundamental Completo,Tijuca ,1,CRAS Alto,CRAS Alto,Público Geral,Cadastro Único
Feminino,44,Fundamental Incompleto,Albuquerque ,1,CRAS Alto,CRAS Alto,Público Geral,Cadastro Único
Feminino,67,Fundamental Incompleto,Vale Paraíso,1,CRAS Alto,CRAS Alto,Público Geral,Cadastro Único
Feminino,24,Médio Completo,Granja Guarani ,1,CRAS Alto,CRAS Alto,Público Geral,Cadastro Único
Feminino,47,Médio Completo,Fazendinha ,1,CRAS Alto,CRAS Alto,Público Geral,Cadastro Único
Feminino,77,Médio Completo,Alto ,1,CRAS Alto,CRAS Alto,Público Geral,Cadastro Único
Feminino,42,Superior Completo,Fazendinha ,1,CRAS Alto,CRAS Alto,Público Geral,Cadastro Único
Masculino,30,Médio Completo,Albuquerque ,1,CRAS Alto,CRAS Alto,Público Geral,Cadastro Único
Feminino,33,Médio Completo,Várzea,1,CRAS Alto,CRAS Alto,Público Geral,Cadastro Único
Masculino,61,Fundamental Incompleto,Morro dos Pinheiros,1,CRAS Alto,CRAS Alto,Público Geral,Cadastro Único
Feminino,67,Fundamental Incompleto,Vale Paraíso,1,CRAS Alto,CRAS Alto,Público Geral,Cadastro Único
Feminino,18,Médio Completo,Albuquerque ,1,CRAS Alto,CRAS Alto,Público Geral,Cadastro Único
Masculino,68,Fundamental Incompleto,Granja Guarani ,1,CRAS Alto,CRAS Alto,Público Geral,Cadastro Único
Feminino,52,Médio Incompleto,Várzea,1,CRAS Alto,CRAS Alto,Público Geral,Cadastro Único
Feminino,50,Médio Completo,Morro dos Pinheiros,1,CRAS Alto,CRAS Alto,Público Geral,Cadastro Único
Masculino,78,Fundamental Incompleto,Parque São Luiz,1,CRAS Alto,CRAS Alto,Público Geral,Cadastro Único
Masculino,65,Superior Completo,Corta Vento ,1,CRAS Alto,CRAS Alto,Público Geral,Cadastro Único
Feminino,62,Médio Incompleto,Agriões ,1,CRAS Alto,CRAS Alto,Público Geral,Cadastro Único
Feminino,50,Fundamental Incompleto,Albuquerque ,1,CRAS Alto,CRAS Alto,Público Geral,Cadastro Único
Feminino,46,Médio Incompleto,Ermitage ,1,CRAS Alto,CRAS Alto,Público Geral,Cadastro Único
Feminino,74,Médio Completo,Alto ,1,CRAS Alto,CRAS Alto,Público Geral,Cadastro Único
Masculino,73,Fundamental Completo,Albuquerque ,1,CRAS Alto,CRAS Alto,Público Geral,Cadastro Único
Feminino,73,Fundamental Incompleto,Corta Vento ,1,CRAS Alto,CRAS Alto,Público Geral,Cadastro Único
Masculino,47,Médio Completo,Tijuca ,1,CRAS Alto,CRAS Alto,Público Geral,Cadastro Único
Feminino,86,Fundamental Incompleto,Cascata Guarani ,1,CRAS Alto,CRAS Alto,Público Geral,Cadastro Único
Feminino,38,Médio Completo,Cascata Guarani ,1,CRAS Alto,CRAS Alto,Público Geral,Cadastro Único
Feminino,39,Não Escolarizado,Várzea,1,CRAS Alto,CRAS Alto,Público Geral,Cadastro Único
Feminino,30,Médio Completo,Canoas ,3,CRAS Alto,CRAS Alto,Público Geral,Cadastro Único
Feminino,73,Fundamental Incompleto,Fazendinha ,1,CRAS Alto,CRAS Alto,Público Geral,Cadastro Único
Masculino,44,Médio Incompleto,Alto ,1,CRAS Alto,CRAS Alto,Público Geral,Cadastro Único
Feminino,63,Fundamental Incompleto,Morro dos Pinheiros,1,CRAS Alto,CRAS Alto,Público Geral,Cadastro Único
Masculino,25,Médio Completo,Albuquerque ,1,CRAS Alto,CRAS Alto,Público Geral,Cadastro Único
Feminino,52,Médio Completo,Granja Guarani ,1,CRAS Alto,CRAS Alto,Público Geral,Cadastro Único
Feminino,42,Superior Completo,Ermitage,1,CRAS Alto,CRAS Alto,Público Geral,Cadastro Único
Feminino,57,Fundamental Incompleto,Fazendinha ,1,CRAS Alto,CRAS Alto,Público Geral,Cadastro Único
Feminino,50,Médio Incompleto,Várzea,1,CRAS Alto,CRAS Alto,Público Geral,Cadastro Único
Feminino,61,Médio Incompleto,Granja Guarani ,1,CRAS Alto,CRAS Alto,Público Geral,Cadastro Único
Masculino,53,Superior Incompleto,Jardim Serrano ,1,CRAS Alto,CRAS Alto,Público Geral,Cadastro Único
Masculino,76,Fundamental Incompleto,Albuquerque ,1,CRAS Alto,CRAS Alto,Público Geral,Cadastro Único
Feminino,63,Médio Incompleto,Panorama,1,CRAS Alto,CRAS Alto,Público Geral,Cadastro Único
Feminino,77,Fundamental Incompleto,Bairro dos Artistas,1,CRAS Alto,CRAS Alto,Público Geral,Cadastro Único
Masculino,66,Médio Incompleto,Cascata Guarani ,1,CRAS Alto,CRAS Alto,Público Geral,Cadastro Único
Feminino,27,Médio Incompleto,Albuquerque ,1,CRAS Alto,CRAS Alto,Público Geral,Cadastro Único
Feminino,56,Médio Completo,Albuquerque ,1,CRAS Alto,CRAS Alto,Público Geral,Cadastro Único
Feminino,68,Fundamental Incompleto,Cascata Guarani ,1,CRAS Alto,CRAS Alto,Público Geral,Cadastro Único
Masculino,84,Fundamental Incompleto,Tijuca ,1,CRAS Alto,CRAS Alto,Público Geral,Cadastro Único
Feminino,39,Superior Completo,Parque São Luiz,1,CRAS Alto,CRAS Alto,Público Geral,Cadastro Único
Feminino,34,Médio Incompleto,Albuquerque ,1,CRAS Alto,CRAS Alto,Público Geral,Cadastro Único
Masculino,64,Fundamental Incompleto,Parque São Luiz,1,CRAS Alto,CRAS Alto,Público Geral,Cadastro Único
Feminino,55,Médio Completo,Vale Paraíso,1,CRAS Alto,CRAS Alto,Público Geral,Cadastro Único
Feminino,73,Fundamental Incompleto,Várzea,1,CRAS Alto,CRAS Alto,Público Geral,Cadastro Único
Feminino,58,Fundamental Incompleto,Cascata Guarani ,1,CRAS Alto,CRAS Alto,Público Geral,Cadastro Único
Feminino,46,Fundamental Incompleto,Cascata Guarani ,1,CRAS Alto,CRAS Alto,Público Geral,Cadastro Único
Masculino,17,Médio Completo,Vale Paraíso,1,CRAS Alto,CRAS Alto,Público Geral,Cadastro Único
Masculino,62,Médio Incompleto,Cascata Guarani ,1,CRAS Alto,CRAS Alto,Público Geral,Cadastro Único
Feminino,64,Fundamental Incompleto,Cascata Guarani ,1,CRAS Alto,CRAS Alto,Público Geral,Cadastro Único
Feminino,59,Fundamental Incompleto,Albuquerque ,1,CRAS Alto,CRAS Alto,Público Geral,Cadastro Único
Feminino,71,Fundamental Incompleto,Cascata Guarani ,1,CRAS Alto,CRAS Alto,Público Geral,Cadastro Único
Feminino,76,Médio Completo,Agriões ,1,CRAS Alto,CRAS Alto,Público Geral,Cadastro Único
Feminino,49,Médio Completo,Tijuca ,1,CRAS Alto,CRAS Alto,Público Geral,Cadastro Único
Feminino,83,Médio Completo,Várzea,1,CRAS Alto,CRAS Alto,Público Geral,Cadastro Único
Feminino,36,Médio Completo,Cascata Guarani ,1,CRAS Alto,CRAS Alto,Público Geral,Cadastro Único
Feminino,81,Superior Completo,Tijuca ,1,CRAS Alto,CRAS Alto,Público Geral,Cadastro Único
Masculino,27,Médio Completo,Alto ,1,CRAS Alto,CRAS Alto,Público Geral,Cadastro Único
Masculino,29,Superior Incompleto,Alto ,1,CRAS Alto,CRAS Alto,Público Geral,Cadastro Único
Feminino,61,Médio Completo,Várzea,1,CRAS Alto,CRAS Alto,Público Geral,Cadastro Único
Feminino,41,Fundamental Completo,Cascata Guarani ,1,CRAS Alto,CRAS Alto,Público Geral,Cadastro Único
Feminino,22,Médio Completo,Granja Guarani ,1,CRAS Alto,CRAS Alto,Público Geral,Cadastro Único
Masculino,67,Fundamental Incompleto,Morro dos Pinheiros,1,CRAS Alto,CRAS Alto,Público Geral,Assistente Social 
Feminino,29,Superior Incompleto,Alto ,1,CRAS Alto,CRAS Alto,Público Geral,Assistente Social 
Feminino,30,Fundamental Incompleto,Albuquerque ,1,CRAS Alto,CRAS Alto,Público Geral,Assistente Social 
Feminino,67,Médio Completo,Morro dos Pinheiros,1,CRAS Alto,CRAS Alto,Público Geral,Assistente Social 
Masculino,61,Médio Completo,Cascata Guarani ,1,CRAS Alto,CRAS Alto,Público Geral,Assistente Social 
Masculino,56,Superior Completo,Alto ,1,CRAS Alto,CRAS Alto,Público Geral,Assistente Social 
Feminino,21,Médio Incompleto,Parque São Luiz,1,CRAS Alto,CRAS Alto,Público Geral,Assistente Social 
Feminino,55,Médio Incompleto,Prata ,1,CRAS Alto,CRAS Alto,Público Geral,Assistente Social 
Masculino,50,Fundamental Incompleto,Morro dos Pinheiros,1,CRAS Alto,CRAS Alto,Público Geral,Assistente Social 
Feminino,80,Fundamental Incompleto,Vale Paraíso,1,CRAS Alto,CRAS Alto,Público Geral,Assistente Social 
Feminino,31,Médio Incompleto,Granja Guarani ,1,CRAS Alto,CRAS Alto,Público Geral,Assistente Social 
Masculino,39,Fundamental Incompleto,Ermitage ,1,CRAS Alto,CRAS Alto,Público Geral,Assistente Social 
Masculino,54,Não Escolarizado,Granja Guarani ,1,CRAS Alto,CRAS Alto,Público Geral,Assistente Social 
Feminino,30,Médio Incompleto,Cascata Guarani ,1,CRAS Alto,CRAS Alto,Público Geral,Assistente Social 
Feminino,39,Médio Completo,Vale Paraíso,1,CRAS Alto,CRAS Alto,Público Geral,Assistente Social 
Feminino,28,Fundamental Completo,Alto ,1,CRAS Alto,CRAS Alto,Público Geral,Assistente Social 
Feminino,46,Superior Completo,Cascata Guarani ,1,CRAS Alto,CRAS Alto,Público Geral,Assistente Social 
Masculino,39,Médio Completo,Várzea,1,CRAS Alto,CRAS Alto,Público Geral,Assistente Social 
Masculino,63,Fundamental Incompleto,Bairro dos Artistas,1,CRAS Alto,CRAS Alto,Público Geral,Assistente Social 
Feminino,36,Médio Completo,Albuquerque ,1,CRAS Alto,CRAS Alto,Público Geral,Assistente Social 
Feminino,36,Fundamental Incompleto,Alto ,1,CRAS Alto,CRAS Alto,Público Geral,Assistente Social 
Masculino,47,Médio Completo,Granja Guarani ,1,CRAS Alto,CRAS Alto,Público Geral,Assistente Social 
Feminino,44,Fundamental Completo,Ermitage ,1,CRAS Alto,CRAS Alto,Público Geral,Assistente Social 
Feminino,61,Superior Incompleto,Alto ,1,CRAS Alto,CRAS Alto,Público Geral,Assistente Social 
Feminino,60,Superior Incompleto,Alto ,1,CRAS Alto,CRAS Alto,Público Geral,Assistente Social 
Feminino,38,Médio Completo,Corta Vento ,1,CRAS Alto,CRAS Alto,Público Geral,Assistente Social 
Feminino,51,Fundamental Completo,Cascata Guarani ,1,CRAS Alto,CRAS Alto,Público Geral,Assistente Social 
Feminino,53,Fundamental Incompleto,Corta Vento ,1,CRAS Alto,CRAS Alto,Público Geral,Assistente Social 
Feminino,57,Fundamental Incompleto,Fazendinha ,1,CRAS Alto,CRAS Alto,Público Geral,Assistente Social 
Feminino,28,Médio Completo,Ermitage ,1,CRAS Alto,CRAS Alto,Público Geral,Assistente Social 
Feminino,18,Médio Completo,Alto ,1,CRAS Alto,CRAS Alto,Público Geral,Assistente Social 
Feminino,37,Médio Completo,Várzea,1,CRAS Alto,CRAS Alto,Público Geral,Assistente Social 
Feminino,41,Médio Completo,Ermitage ,1,CRAS Alto,CRAS Alto,Público Geral,Assistente Social 
Feminino,40,Médio Completo,Vale Paraíso,1,CRAS Alto,CRAS Alto,Público Geral,Assistente Social 
Feminino,32,Médio Completo,Granja Guarani ,1,CRAS Alto,CRAS Alto,Público Geral,Assistente Social 
Feminino,48,Médio Completo,Corta Vento ,1,CRAS Alto,CRAS Alto,Público Geral,Assistente Social 
Masculino,69,Médio Completo,Bairro dos Amores ,1,CRAS Alto,CRAS Alto,Público Geral,Assistente Social 
Feminino,62,Fundamental Incompleto,Morro dos Pinheiros,1,CRAS Alto,CRAS Alto,Público Geral,Assistente Social 
Feminino,32,Médio Completo,Jardim Serrano ,1,CRAS Alto,CRAS Alto,Público Geral,Assistente Social 
Feminino,41,Médio Completo,Granja Guarani ,1,CRAS Alto,CRAS Alto,Público Geral,Assistente Social 
Feminino,58,Médio Completo,Parque São Luiz,1,CRAS Alto,CRAS Alto,Público Geral,Assistente Social 
Feminino,31,Fundamental Incompleto,Vila Muqui ,1,CRAS Alto,CRAS Alto,Público Geral,Assistente Social 
Feminino,67,Não Escolarizado,Cascata Guarani ,1,CRAS Alto,CRAS Alto,Público Geral,Assistente Social 
Feminino,52,Fundamental Incompleto,Albuquerque ,1,CRAS Alto,CRAS Alto,Público Geral,Assistente Social 
Masculino,19,Fundamental Incompleto,Canoas ,3,CRAS Alto,CRAS Alto,Público Geral,Assistente Social 
Feminino,60,Médio Incompleto,Agriões ,1,CRAS Alto,CRAS Alto,Público Geral,Assistente Social 
Feminino,30,Médio Completo,Cascata Guarani ,1,CRAS Alto,CRAS Alto,Público Geral,Assistente Social 
Feminino,28,Médio Incompleto,Canoas ,3,CRAS Alto,CRAS Alto,Público Geral,Assistente Social 
Feminino,34,Médio Completo,Granja Guarani ,1,CRAS Alto,CRAS Alto,Público Geral,Assistente Social 
Feminino,58,Fundamental Incompleto,Alto ,1,CRAS Alto,CRAS Alto,Público Geral,Assistente Social 
Feminino,43,Médio Completo,Cascata Guarani ,1,CRAS Alto,CRAS Alto,Público Geral,Assistente Social 
Feminino,51,Médio Completo,Várzea,1,CRAS Alto,CRAS Alto,Público Geral,Assistente Social 
Feminino,37,Médio Completo,Taumaturgo ,1,CRAS Alto,CRAS Alto,Público Geral,Assistente Social 
Feminino,18,Médio Completo,Agriões ,1,CRAS Alto,CRAS Alto,Público Geral,Assistente Social 
Feminino,21,Médio Completo,Barroso ,1,CRAS Alto,CRAS Alto,Público Geral,Assistente Social 
Feminino,35,Médio Completo,Fazendinha ,1,CRAS Alto,CRAS Alto,Público Geral,Assistente Social 
Feminino,54,Médio Completo,Ermitage ,1,CRAS Alto,CRAS Alto,Público Geral,Assistente Social 
Feminino,41,Médio Incompleto,Tijuca ,1,CRAS Alto,CRAS Alto,Público Geral,Assistente Social 
Feminino,34,Médio Incompleto,Albuquerque ,1,CRAS Alto,CRAS Alto,Público Geral,Assistente Social 
Feminino,43,Fundamental Incompleto,Granja Guarani ,1,CRAS Alto,CRAS Alto,Público Geral,Assistente Social 
Feminino,42,Fundamental Incompleto,Granja Guarani ,1,CRAS Alto,CRAS Alto,Público Geral,Assistente Social 
Feminino,47,Superior Completo,Várzea,1,CRAS Alto,CRAS Alto,Público Geral,Assistente Social 
Feminino,30,Superior Completo,Várzea,1,CRAS Alto,CRAS Alto,Público Geral,Assistente Social 
Feminino,65,Fundamental Incompleto,Várzea,1,CRAS Alto,CRAS Alto,Público Geral,Assistente Social 
Feminino,31,Médio Incompleto,Pedreira ,1,CRAS Alto,CRAS Alto,Público Geral,Assistente Social 
Feminino,37,Médio Completo,Cascata Guarani ,1,CRAS Alto,CRAS Alto,Público Geral,Assistente Social 
Feminino,59,Fundamental Incompleto,Jardim Serrano ,1,CRAS Alto,CRAS Alto,Público Geral,Assistente Social 
Masculino,56,Fundamental Incompleto,Pedreira ,1,CRAS Alto,CRAS Alto,Público Geral,Assistente Social 
Feminino,38,Médio Completo,Morro dos Pinheiros,1,CRAS Alto,CRAS Alto,Público Geral,Assistente Social 
Feminino,27,Médio Completo,Cascata Guarani ,1,CRAS Alto,CRAS Alto,Público Geral,Assistente Social 
Feminino,24,Médio Completo,Granja Guarani ,1,CRAS Alto,CRAS Alto,Público Geral,Assistente Social 
Feminino,58,Médio Completo,Várzea,1,CRAS Alto,CRAS Alto,Público Geral,Assistente Social 
Feminino,18,Médio Completo,Albuquerque ,1,CRAS Alto,CRAS Alto,Público Geral,Assistente Social 
Feminino,62,Superior Incompleto,Alto ,1,CRAS Alto,CRAS Alto,Público Geral,Assistente Social 
Feminino,47,Médio Incompleto,Corta Vento ,1,CRAS Alto,CRAS Alto,Público Geral,Assistente Social 
Feminino,50,Médio Completo,Morro dos Pinheiros,1,CRAS Alto,CRAS Alto,Público Geral,Assistente Social 
Feminino,39,Médio Completo,Cascata Guarani ,1,CRAS Alto,CRAS Alto,Público Geral,Assistente Social 
Feminino,43,Médio Completo,Vale Paraíso,1,CRAS Alto,CRAS Alto,Público Geral,Assistente Social 
Masculino,20,Médio Completo,Albuquerque ,1,CRAS Alto,CRAS Alto,Público Geral,Assistente Social 
Feminino,39,Superior Completo,Alto ,1,CRAS Alto,CRAS Alto,Público Geral,Assistente Social 
Feminino,18,Médio Completo,Canoas ,3,CRAS Alto,CRAS Alto,Público Geral,Assistente Social 
Feminino,77,Médio Completo,Alto ,1,CRAS Alto,CRAS Alto,Público Geral,Assistente Social 
Feminino,43,Médio Completo,Paineiras,1,CRAS Alto,CRAS Alto,Público Geral,Assistente Social 
Feminino,62,Superior Incompleto,Alto  ,1,CRAS Alto,CRAS Alto,Público Geral,Assistente Social 
Feminino,35,Fundamental Incompleto,Fazendinha ,1,CRAS Alto,CRAS Alto,Público Geral,Assistente Social 
Masculino,49,Médio Completo,Cascata Guarani ,1,CRAS Alto,CRAS Alto,Público Geral,Assistente Social 
Feminino,22,Médio Completo,Panorama ,1,CRAS Alto,CRAS Alto,Público Geral,Assistente Social 
Feminino,32,Médio Incompleto,Fazendinha ,1,CRAS Alto,CRAS Alto,Público Geral,Assistente Social 
Feminino,21,Médio Completo,Cascata Guarani ,1,CRAS Alto,CRAS Alto,Público Geral,Assistente Social 
Feminino,37,Médio Completo,Alto ,1,CRAS Alto,CRAS Alto,Público Geral,Assistente Social 
Feminino,39,Médio Completo,Alto,1,CRAS Alto,CRAS Alto,Público Geral,Assistente Social 
Feminino,55,Médio Completo,Fazendinha ,1,CRAS Alto,CRAS Alto,Público Geral,Assistente Social 
Feminino,18,Médio Completo,Albuquerque ,1,CRAS Alto,CRAS Alto,Público Geral,Assistente Social 
Feminino,64,Médio Completo,Albuquerque ,1,CRAS Alto,CRAS Alto,Público Geral,Assistente Social 
Feminino,51,Médio Completo,Várzea,1,CRAS Alto,CRAS Alto,Público Geral,Assistente Social 
Masculino,57,Médio Completo,Ermitage ,1,CRAS Alto,CRAS Alto,Público Geral,Assistente Social 
Feminino,62,Superior Incompleto,Alto,1,CRAS Alto,CRAS Alto,Público Geral,Assistente Social 
Feminino,50,Fundamental Incompleto,Pedreira ,1,CRAS Alto,CRAS Alto,Público Geral,Assistente Social 
Feminino,36,Superior Completo,Cascata Guarani ,1,CRAS Alto,CRAS Alto,Público Geral,Assistente Social 
Feminino,42,Fundamental Incompleto,Água Quente ,2,CRAS Alto,CRAS Alto,Público Geral,Assistente Social 
Feminino,25,Médio Completo,Granja Guarani ,1,CRAS Alto,CRAS Alto,Público Geral,Assistente Social 
Feminino,18,Médio Incompleto,Albuquerque ,1,CRAS Alto,CRAS Alto,Público Geral,Assistente Social 
Feminino,18,Médio Completo,Fazenda Alpina ,2,CRAS Alto,CRAS Alto,Público Geral,Assistente Social 
Feminino,42,Superior Completo,Ermitage ,1,CRAS Alto,CRAS Alto,Público Geral,Assistente Social 
Feminino,61,Médio Completo,Cascata Guarani,1,CRAS Alto,CRAS Alto,Público Geral,Assistente Social 
Feminino,56,Médio Completo,Albuquerque ,1,CRAS Alto,CRAS Alto,Público Geral,Assistente Social 
Feminino,27,Médio Incompleto,Albuquerque ,1,CRAS Alto,CRAS Alto,Público Geral,Assistente Social 
Feminino,21,Médio Completo,Fazendinha ,1,CRAS Alto,CRAS Alto,Público Geral,Assistente Social 
Feminino,18,Médio Incompleto,Morro dos Pinheiros,1,CRAS Alto,CRAS Alto,Público Geral,Assistente Social 
Feminino,20,Superior Completo,Alto ,1,CRAS Alto,CRAS Alto,Público Geral,Assistente Social 
Feminino,68,Fundamental Incompleto,Várzea,1,CRAS Alto,CRAS Alto,Público Geral,Assistente Social 
Feminino,23,Médio Completo,Cascata Guarani,1,CRAS Alto,CRAS Alto,Público Geral,Assistente Social 
Masculino,47,Fundamental Completo,Cascata Guarani ,1,CRAS Alto,CRAS Alto,Público Geral,Assistente Social 
Feminino,38,Médio Completo,Bairro dos Artistas,1,CRAS Alto,CRAS Alto,Público Geral,Assistente Social 
Feminino,43,Fundamental Incompleto,Alto ,1,CRAS Alto,CRAS Alto,Público Geral,Assistente Social 
Feminino,45,Fundamental Incompleto,Cascata Guarani ,1,CRAS Alto,CRAS Alto,Público Geral,Assistente Social 
Feminino,19,Médio Completo,Cascata Guarani ,1,CRAS Alto,CRAS Alto,Público Geral,Assistente Social 
Feminino,47,Fundamental Incompleto,Caleme,1,CRAS Alto,CRAS Alto,Público Geral,Assistente Social 
Feminino,34,Médio Incompleto,Albuquerque ,1,CRAS Alto,CRAS Alto,Público Geral,Assistente Social 
Feminino,19,Médio Incompleto,Granja Guarani ,1,CRAS Alto,CRAS Alto,Público Geral,Assistente Social 
Feminino,18,Médio Completo,Albuquerque ,1,CRAS Alto,CRAS Alto,Público Geral,Assistente Social 
Masculino,47,Superior Completo,Caleme,1,CRAS Alto,CRAS Alto,Público Geral,Assistente Social 
Feminino,50,Superior Incompleto,Corta Vento ,1,CRAS Alto,CRAS Alto,Público Geral,Assistente Social 
Feminino,40,Médio Completo,Cascata Guarani ,1,CRAS Alto,CRAS Alto,Público Geral,Assistente Social 
Masculino,64,Não Escolarizado,Parque São Luiz,1,CRAS Alto,CRAS Alto,Público Geral,Assistente Social 
Feminino,58,Fundamental Incompleto,Cascata Guarani,1,CRAS Alto,CRAS Alto,Público Geral,Assistente Social 
Feminino,40,Médio Incompleto,Alto ,1,CRAS Alto,CRAS Alto,Público Geral,Assistente Social 
Feminino,41,Médio Completo,Granja Guarani ,1,CRAS Alto,CRAS Alto,Público Geral,Assistente Social 
Feminino,79,Fundamental Incompleto,Agriões ,1,CRAS Alto,CRAS Alto,Público Geral,Assistente Social 
Feminino,40,Médio Incompleto,Alto,1,CRAS Alto,CRAS Alto,Público Geral,Assistente Social 
Feminino,72,Médio Completo,Várzea,1,CRAS Alto,CRAS Alto,Público Geral,Assistente Social 
Feminino,38,Médio Completo,Cascata Guarani,1,CRAS Alto,CRAS Alto,Público Geral,Assistente Social 
Feminino,41,Médio Completo,Albuquerque ,1,CRAS Alto,CRAS Alto,Público Geral,Assistente Social 
Feminino,68,Fundamental Incompleto,Várzea,1,CRAS Alto,CRAS Alto,Público Geral,Cadastro Único
Masculino,56,Fundamental Incompleto,Granja Guarani ,1,CRAS Alto,CRAS Alto,Público Geral,Cadastro Único
Feminino,35,Médio Incompleto,Alto,1,CRAS Alto,CRAS Alto,Público Geral,Cadastro Único
Masculino,72,Fundamental Incompleto,Cascata Guarani ,1,CRAS Alto,CRAS Alto,Público Geral,Cadastro Único
Masculino,35,Superior Incompleto,Tijuca ,1,CRAS Alto,CRAS Alto,Público Geral,Cadastro Único
Feminino,46,Superior Completo,Bairro dos Artistas,1,CRAS Alto,CRAS Alto,Público Geral,Cadastro Único
Masculino,57,Fundamental Incompleto,Cascata Guarani ,1,CRAS Alto,CRAS Alto,Público Geral,Cadastro Único
Masculino,65,Fundamental Incompleto,Albuquerque ,1,CRAS Alto,CRAS Alto,Público Geral,Cadastro Único
Masculino,62,Fundamental Incompleto,Alto ,1,CRAS Alto,CRAS Alto,Público Geral,Cadastro Único
Feminino,58,Superior Completo,Agriões ,1,CRAS Alto,CRAS Alto,Público Geral,Cadastro Único
Feminino,41,Médio Completo,Albuquerque ,1,CRAS Alto,CRAS Alto,Público Geral,Cadastro Único
Feminino,31,Médio Completo,Granja Guarani ,1,CRAS Alto,CRAS Alto,Público Geral,Cadastro Único
Feminino,60,Fundamental Incompleto,Canoas ,3,CRAS Alto,CRAS Alto,Público Geral,Cadastro Único
Feminino,57,Fundamental Incompleto,Soberbo ,1,CRAS Alto,CRAS Alto,Público Geral,Cadastro Único
Feminino,41,Médio Completo,Albuquerque ,1,CRAS Alto,CRAS Alto,Público Geral,Cadastro Único
Masculino,63,Fundamental Incompleto,Morro dos Pinheiros,1,CRAS Alto,CRAS Alto,Público Geral,Cadastro Único
Feminino,25,Superior Incompleto,Tijuca ,1,CRAS Alto,CRAS Alto,Público Geral,Cadastro Único
Feminino,37,Médio Incompleto,Várzea,1,CRAS Alto,CRAS Alto,Público Geral,Cadastro Único
Feminino,28,Médio Completo,Alto ,1,CRAS Alto,CRAS Alto,Público Geral,Cadastro Único
Feminino,42,Superior Completo,Tijuca ,1,CRAS Alto,CRAS Alto,Público Geral,Cadastro Único
Feminino,39,Médio Completo,Alto ,1,CRAS Alto,CRAS Alto,Público Geral,Cadastro Único
Feminino,62,Fundamental Incompleto,Canoas ,3,CRAS Alto,CRAS Alto,Público Geral,Cadastro Único
Masculino,65,Superior Completo,Agriões ,1,CRAS Alto,CRAS Alto,Público Geral,Cadastro Único
Feminino,54,Médio Completo,Granja Guarani ,1,CRAS Alto,CRAS Alto,Público Geral,Cadastro Único
Feminino,37,Superior Incompleto,Alto,1,CRAS Alto,CRAS Alto,Público Geral,Assistente Social 
Feminino,39,Fundamental Incompleto,Cascata Guarani,1,CRAS Alto,CRAS Alto,Público Geral,Assistente Social 
Feminino,43,Médio Completo,Soberbo ,1,CRAS Alto,CRAS Alto,Público Geral,Assistente Social 
Feminino,46,Fundamental Incompleto,Parque São Luiz,1,CRAS Alto,CRAS Alto,Público Geral,Assistente Social 
Feminino,50,Fundamental Incompleto,Corta Vento ,1,CRAS Alto,CRAS Alto,Público Geral,Assistente Social 
Feminino,52,Médio Completo,Morro dos Pinheiros,1,CRAS Alto,CRAS Alto,Público Geral,Assistente Social 
Feminino,20,Médio Completo,Morro dos Pinheiros,1,CRAS Alto,CRAS Alto,Público Geral,Assistente Social 
Feminino,26,Superior Incompleto,Granja Guarani ,1,CRAS Alto,CRAS Alto,Público Geral,Assistente Social 
Feminino,26,Médio Completo,Alto ,1,CRAS Alto,CRAS Alto,Público Geral,Assistente Social 
Feminino,53,Médio Completo,Albuquerque ,1,CRAS Alto,CRAS Alto,Público Geral,Assistente Social 
Feminino,20,Médio Completo,Agriões ,1,CRAS Alto,CRAS Alto,Público Geral,Assistente Social 
Feminino,31,Médio Incompleto,Pedreira ,1,CRAS Alto,CRAS Alto,Público Geral,Assistente Social 
Feminino,18,Médio Incompleto,Cascata Guarani ,1,CRAS Alto,CRAS Alto,Público Geral,Assistente Social 
Masculino,40,Fundamental Incompleto,São Pedro,1,CRAS Alto,CRAS Alto,Público Geral,Assistente Social 
Feminino,27,Superior Incompleto,Cascata Guarani,1,CRAS Alto,CRAS Alto,Público Geral,Assistente Social 
Feminino,26,Fundamental Incompleto,Alto ,1,CRAS Alto,CRAS Alto,Público Geral,Assistente Social 
Feminino,40,Fundamental Incompleto,Cascata Guarani ,1,CRAS Alto,CRAS Alto,Público Geral,Assistente Social 
Feminino,19,Médio Completo,Cascata Guarani ,1,CRAS Alto,CRAS Alto,Público Geral,Assistente Social 
Feminino,33,Médio Incompleto,Parque São Luiz,1,CRAS Alto,CRAS Alto,Público Geral,Assistente Social 
Feminino,24,Fundamental Incompleto,Granja Guarani ,1,CRAS Alto,CRAS Alto,Público Geral,Assistente Social 
Feminino,39,Fundamental Incompleto,Cascata Guarani ,1,CRAS Alto,CRAS Alto,Público Geral,Assistente Social 
Feminino,49,Médio Completo,Corta Vento ,1,CRAS Alto,CRAS Alto,Público Geral,Assistente Social 
Feminino,40,Médio Completo,Alto,1,CRAS Alto,CRAS Alto,Público Geral,Assistente Social 
Feminino,43,Médio Completo,Soberbo ,1,CRAS Alto,CRAS Alto,Público Geral,Assistente Social 
Feminino,46,Médio Completo,Fazendinha ,1,CRAS Alto,CRAS Alto,Público Geral,Assistente Social 
Feminino,41,Médio Completo,Corta Vento ,1,CRAS Alto,CRAS Alto,Público Geral,Assistente Social 
Feminino,36,Médio Completo,Albuquerque ,1,CRAS Alto,CRAS Alto,Público Geral,Assistente Social 
Feminino,19,Médio Incompleto,Tijuca ,1,CRAS Alto,CRAS Alto,Público Geral,Assistente Social 
Feminino,42,Médio Incompleto,Fazendinha ,1,CRAS Alto,CRAS Alto,Público Geral,Assistente Social 
Feminino,77,Fundamental Incompleto,Granja Guarani ,1,CRAS Alto,CRAS Alto,Público Geral,Cadastro Único
Feminino,35,Médio Completo,Bairro dos Artistas,1,CRAS Alto,CRAS Alto,Público Geral,Cadastro Único
Feminino,50,Médio Completo,Corta Vento ,1,CRAS Alto,CRAS Alto,Público Geral,Cadastro Único
Feminino,78,Fundamental Incompleto,Tijuca ,1,CRAS Alto,CRAS Alto,Público Geral,Cadastro Único
Feminino,56,Fundamental Incompleto,Albuquerque ,1,CRAS Alto,CRAS Alto,Público Geral,Cadastro Único
Masculino,46,Superior Completo,Pedreira ,1,CRAS Alto,CRAS Alto,Público Geral,Cadastro Único
Feminino,39,Fundamental Incompleto,Morro dos Pinheiros,1,CRAS Alto,CRAS Alto,Público Geral,Cadastro Único
Masculino,63,Fundamental Incompleto,Várzea,1,CRAS Alto,CRAS Alto,Público Geral,Cadastro Único
Feminino,26,Médio Incompleto,Fazendinha ,1,CRAS Alto,CRAS Alto,Público Geral,Cadastro Único
Feminino,60,Fundamental Completo,Tijuca ,1,CRAS Alto,CRAS Alto,Público Geral,Cadastro Único
Feminino,85,Fundamental Incompleto,Ermitage ,1,CRAS Alto,CRAS Alto,Público Geral,Cadastro Único
Feminino,22,Médio Completo,Albuquerque ,1,CRAS Alto,CRAS Alto,Público Geral,Cadastro Único
Feminino,27,Fundamental Incompleto,Canoas ,3,CRAS Alto,CRAS Alto,Público Geral,Cadastro Único
Feminino,49,Médio Incompleto,Várzea,1,CRAS Alto,CRAS Alto,Público Geral,Cadastro Único
Feminino,40,Médio Incompleto,Tijuca ,1,CRAS Alto,CRAS Alto,Público Geral,Cadastro Único
Feminino,44,Fundamental Incompleto,Parque São Luiz,1,CRAS Alto,CRAS Alto,Público Geral,Cadastro Único
Feminino,33,Médio Incompleto,Parque São Luiz,1,CRAS Alto,CRAS Alto,Público Geral,Cadastro Único
Masculino,40,Superior Completo,Jardim Cascata ,1,CRAS Alto,CRAS Alto,Público Geral,Cadastro Único
Masculino,65,Fundamental Incompleto,Morro dos Pinheiros,1,CRAS Alto,CRAS Alto,Público Geral,Cadastro Único
Masculino,28,Médio Incompleto,Várzea,1,CRAS Alto,CRAS Alto,Público Geral,Cadastro Único
Feminino,42,Fundamental Incompleto,Alto,1,CRAS Alto,CRAS Alto,PAIF,Assistente Social 
Feminino,26,Médio Incompleto,Granja Guarani ,1,CRAS Alto,CRAS Alto,PAIF,Assistente Social 
Masculino,56,Fundamental Incompleto,Pedreira ,1,CRAS Alto,CRAS Alto,PAIF,Assistente Social 
Feminino,50,Fundamental Incompleto,Pedreira ,1,CRAS Alto,CRAS Alto,PAIF,Assistente Social 
Masculino,64,Fundamental Incompleto,Granja Guarani ,1,CRAS Alto,CRAS Alto,PAIF,Assistente Social 
Feminino,42,Médio Completo,Ermitage ,1,CRAS Alto,CRAS Alto,PAIF,Assistente Social 
Masculino,36,Médio Completo,Quinta Lebrão ,1,CRAS Alto,CRAS Alto,PAIF,Assistente Social 
Feminino,49,Médio Completo,Várzea,1,CRAS Alto,CRAS Alto,PAIF,Assistente Social 
Feminino,37,Médio Completo,Várzea,1,CRAS Alto,CRAS Alto,PAIF,Assistente Social 
Feminino,43,Fundamental Incompleto,Várzea,1,CRAS Alto,CRAS Alto,PAIF,Assistente Social 
Feminino,49,Fundamental Incompleto,Morro dos Pinheiros,1,CRAS Alto,CRAS Alto,PAIF,Assistente Social 
Feminino,49,Fundamental Incompleto,Ermitage ,1,CRAS Alto,CRAS Alto,PAIF,Assistente Social 
Feminino,41,Fundamental Incompleto,Cascata Guarani ,1,CRAS Alto,CRAS Alto,PAIF,Assistente Social 
Feminino,55,Fundamental Incompleto,Parque São Luiz,1,CRAS Alto,CRAS Alto,PAIF,Assistente Social 
Feminino,42,Não Informado,Cascata Guarani ,1,CRAS Alto,CRAS Alto,PAIF,Assistente Social 
Feminino,37,Médio Completo,Alto ,1,CRAS Alto,CRAS Alto,PAIF,Assistente Social 
Feminino,56,Fundamental Incompleto,Parque São Luiz,1,CRAS Alto,CRAS Alto,PAIF,Assistente Social 
Feminino,44,Fundamental Incompleto,Cascata Guarani ,1,CRAS Alto,CRAS Alto,PAIF,Assistente Social 
Feminino,33,Médio Incompleto,Soberbo,1,CRAS Alto,CRAS Alto,PAIF,Assistente Social 
Feminino,52,Fundamental Incompleto,Agriões,1,CRAS Alto,CRAS Alto,PAIF,Assistente Social 
Feminino,62,Fundamental Incompleto,Granja Guarani ,1,CRAS Alto,CRAS Alto,PAIF,Assistente Social 
Feminino,62,Fundamental Incompleto,Canoas ,3,CRAS Alto,CRAS Alto,PAIF,Assistente Social 
Feminino,40,Médio Incompleto,Várzea,1,CRAS Alto,CRAS Alto,PAIF,Assistente Social 
Feminino,37,Fundamental Incompleto,Agriões,1,CRAS Alto,CRAS Alto,PAIF,Assistente Social 
Feminino,Não Informado,Não Informado,Cascata Guarani ,1,CRAS Alto,CRAS Alto,PAIF,Assistente Social 
Feminino,28,Médio Completo,Várzea,1,CRAS Alto,CRAS Alto,PAIF,Assistente Social 
Feminino,55,Médio Completo,Albuquerque ,1,CRAS Alto,CRAS Alto,PAIF,Assistente Social 
Feminino,65,Médio Incompleto,Pimenteiras ,1,CRAS Alto,CRAS Alto,PAIF,Assistente Social 
Feminino,69,Fundamental Incompleto,Vale Paraíso,1,CRAS Alto,CRAS Alto,Público Geral,Cadastro Único
Feminino,41,Fundamental Completo,Jardim Serrano ,1,CRAS Alto,CRAS Alto,Público Geral,Cadastro Único
Feminino,49,Médio Completo,Corta Vento,1,CRAS Alto,CRAS Alto,Público Geral,Cadastro Único
Masculino,71,Fundamental Incompleto,Alto ,1,CRAS Alto,CRAS Alto,Público Geral,Cadastro Único
Feminino,33,Superior Completo,Cascata Guarani ,1,CRAS Alto,CRAS Alto,Público Geral,Cadastro Único
Masculino,74,Superior Completo,Várzea,1,CRAS Alto,CRAS Alto,Público Geral,Cadastro Único
Feminino,43,Médio Completo,Várzea,1,CRAS Alto,CRAS Alto,Público Geral,Cadastro Único
Feminino,46,Médio Incompleto,Várzea,1,CRAS Alto,CRAS Alto,Público Geral,Cadastro Único
Feminino,29,Superior Completo,Agriões,1,CRAS Alto,CRAS Alto,Público Geral,Cadastro Único
Feminino,39,Médio Completo,Vale Paraíso,1,CRAS Alto,CRAS Alto,Público Geral,Cadastro Único
Feminino,67,Fundamental Incompleto,Fazendinha,1,CRAS Alto,CRAS Alto,Público Geral,Cadastro Único
Masculino,44,Médio Completo,Granja Guarani ,1,CRAS Alto,CRAS Alto,Público Geral,Cadastro Único
Feminino,67,Médio Completo,Vale Paraíso,1,CRAS Alto,CRAS Alto,Público Geral,Cadastro Único
Masculino,65,Fundamental Incompleto,Canoas ,3,CRAS Alto,CRAS Alto,Público Geral,Cadastro Único
Feminino,44,Superior Completo,Tijuca ,1,CRAS Alto,CRAS Alto,Público Geral,Cadastro Único
Masculino,62,Médio Incompleto,Alto ,1,CRAS Alto,CRAS Alto,Público Geral,Cadastro Único
Feminino,28,Médio Completo,Canoas ,3,CRAS Alto,CRAS Alto,Público Geral,Cadastro Único
Masculino,43,Médio Completo,Canoas ,3,CRAS Alto,CRAS Alto,Público Geral,Cadastro Único
Feminino,47,Superior Completo,Várzea,1,CRAS Alto,CRAS Alto,Público Geral,Cadastro Único
Feminino,41,Médio Completo,Granja Guarani ,1,CRAS Alto,CRAS Alto,Público Geral,Cadastro Único
Feminino,62,Superior Completo,Tijuca ,1,CRAS Alto,CRAS Alto,Público Geral,Cadastro Único
Feminino,41,Superior Completo,Tijuca ,1,CRAS Alto,CRAS Alto,Público Geral,Cadastro Único
Feminino,60,Médio Completo,Bairro dos Artistas ,1,CRAS Alto,CRAS Alto,Público Geral,Cadastro Único
Feminino,29,Médio Completo,Granja Guarani ,1,CRAS Alto,CRAS Alto,Público Geral,Cadastro Único
Feminino,52,Médio Incompleto,Cascata Guarani ,1,CRAS Alto,CRAS Alto,Público Geral,Cadastro Único
Feminino,33,Médio Completo,Fazendinha ,1,CRAS Alto,CRAS Alto,Público Geral,Cadastro Único
Feminino,34,Médio Completo,Bairro dos Artistas ,1,CRAS Alto,CRAS Alto,Público Geral,Cadastro Único
Feminino,22,Médio Incompleto,Pedreira ,1,CRAS Alto,CRAS Alto,Público Geral,Cadastro Único
Feminino,58,Superior Incompleto,Agriões,1,CRAS Alto,CRAS Alto,Público Geral,Cadastro Único
Feminino,43,Fundamental Incompleto,Albuquerque ,1,CRAS Alto,CRAS Alto,Público Geral,Cadastro Único
Feminino,36,Médio Completo,Canoas ,3,CRAS Alto,CRAS Alto,Público Geral,Assistente Social 
Feminino,27,Fundamental Incompleto,Fazendinha ,1,CRAS Alto,CRAS Alto,Público Geral,Assistente Social 
Feminino,33,Médio Completo,Fazendinha ,1,CRAS Alto,CRAS Alto,Público Geral,Assistente Social 
Feminino,41,Médio Completo,Granja Guarani ,1,CRAS Alto,CRAS Alto,Público Geral,Assistente Social 
Masculino,57,Fundamental Incompleto,Cascata Guarani ,1,CRAS Alto,CRAS Alto,Público Geral,Assistente Social 
Feminino,25,Médio Completo,Meudon ,1,CRAS Alto,CRAS Alto,Público Geral,Assistente Social 
Feminino,43,Fundamental Incompleto,Albuquerque ,1,CRAS Alto,CRAS Alto,Público Geral,Assistente Social 
Masculino,29,Médio Completo,Cascata Guarani ,1,CRAS Alto,CRAS Alto,Público Geral,Assistente Social 
Feminino,46,Fundamental Incompleto,Canoas ,3,CRAS Alto,CRAS Alto,Público Geral,Assistente Social 
Feminino,43,Fundamental Incompleto,Granja Guarani ,1,CRAS Alto,CRAS Alto,Público Geral,Assistente Social 
Masculino,45,Fundamental Incompleto,Vale Paraíso,1,CRAS Alto,CRAS Alto,Público Geral,Cadastro Único
Feminino,74,Fundamental Incompleto,Morro dos Pinheiros,1,CRAS Alto,CRAS Alto,Público Geral,Cadastro Único
Feminino,48,Fundamental Incompleto,Bairro dos Artistas ,1,CRAS Alto,CRAS Alto,Público Geral,Cadastro Único
Feminino,66,Médio Completo,Várzea,1,CRAS Alto,CRAS Alto,Público Geral,Cadastro Único
Feminino,32,Médio Completo,Cascata Guarani ,1,CRAS Alto,CRAS Alto,Público Geral,Cadastro Único
Feminino,54,Fundamental Incompleto,Araras,1,CRAS Alto,CRAS Alto,Público Geral,Cadastro Único
Feminino,39,Médio Completo,Fazendinha ,1,CRAS Alto,CRAS Alto,Público Geral,Cadastro Único
Masculino,72,Fundamental Incompleto,Cascata Guarani ,1,CRAS Alto,CRAS Alto,Público Geral,Cadastro Único
Feminino,20,Médio Incompleto,Morro dos Pinheiros,1,CRAS Alto,CRAS Alto,Público Geral,Cadastro Único
Feminino,40,Fundamental Completo,Cascata Guarani ,1,CRAS Alto,CRAS Alto,Público Geral,Cadastro Único
Feminino,45,Médio Incompleto,Morro dos Pinheiros,1,CRAS Alto,CRAS Alto,Público Geral,Cadastro Único
Feminino,18,Médio Completo,Tijuca ,1,CRAS Alto,CRAS Alto,Público Geral,Cadastro Único
Feminino,54,Fundamental Incompleto,Araras,1,CRAS Alto,CRAS Alto,Público Geral,Assistente Social 
Feminino,58,Superior Incompleto,Agriões,1,CRAS Alto,CRAS Alto,Público Geral,Assistente Social 
Feminino,21,Médio Completo,Fazendinha ,1,CRAS Alto,CRAS Alto,Público Geral,Assistente Social 
Feminino,34,Médio Completo,Quinta Lebrão ,1,CRAS Alto,CRAS Alto,Público Geral,Assistente Social 
Feminino,27,Médio Incompleto,Cascata Guarani ,1,CRAS Alto,CRAS Alto,Público Geral,Assistente Social 
Feminino,26,Médio Completo,Várzea,1,CRAS Alto,CRAS Alto,Público Geral,Assistente Social 
Feminino,74,Fundamental Incompleto,Granja Guarani ,1,CRAS Alto,CRAS Alto,Público Geral,Assistente Social 
Feminino,57,Médio Completo,São Pedro ,1,CRAS Alto,CRAS Alto,Público Geral,Assistente Social 
Feminino,71,Fundamental Incompleto,Granja Guarani ,1,CRAS Alto,CRAS Alto,Público Geral,Assistente Social 
Feminino,61,Fundamental Incompleto,Corta Vento,1,CRAS Alto,CRAS Alto,Público Geral,Assistente Social 
Feminino,57,Médio Completo,Agriões ,1,CRAS Alto,CRAS Alto,Público Geral,Assistente Social 
Feminino,68,Fundamental Incompleto,Ermitage ,1,CRAS Alto,CRAS Alto,Público Geral,Assistente Social 
Feminino,68,Superior Completo,Várzea,1,CRAS Alto,CRAS Alto,Público Geral,Fortalecimento de Vínculos 
Feminino,65,Médio Completo,Alto ,1,CRAS Alto,CRAS Alto,Público Geral,Fortalecimento de Vínculos 
Feminino,83,Fundamental Completo,Alto ,1,CRAS Alto,CRAS Alto,Público Geral,Fortalecimento de Vínculos 
Feminino,55,Médio Completo,Alto ,1,CRAS Alto,CRAS Alto,Público Geral,Fortalecimento de Vínculos 
Feminino,72,Médio Incompleto,Não Informado,Não Informado,CRAS Alto,CRAS Alto,Público Geral,Fortalecimento de Vínculos 
Feminino,62,Médio Completo,Barra do Imbuí,1,CRAS Alto,CRAS Alto,Público Geral,Fortalecimento de Vínculos 
Feminino,74,Fundamental Completo,Não Informado,Não Informado,CRAS Alto,CRAS Alto,Público Geral,Fortalecimento de Vínculos 
Feminino,70,Fundamental Incompleto,Não Informado,Não Informado,CRAS Alto,CRAS Alto,Público Geral,Fortalecimento de Vínculos 
Feminino,72,Fundamental Incompleto,Não Informado,Não Informado,CRAS Alto,CRAS Alto,Público Geral,Fortalecimento de Vínculos 
Feminino,67,Fundamental Incompleto,Não Informado,Não Informado,CRAS Alto,CRAS Alto,Público Geral,Fortalecimento de Vínculos 
Feminino,68,Médio Completo,Agriões ,1,CRAS Alto,CRAS Alto,Público Geral,Fortalecimento de Vínculos 
Feminino,57,Fundamental Incompleto,Barra do Imbuí,1,CRAS Alto,CRAS Alto,Público Geral,Fortalecimento de Vínculos 
Feminino,63,Fundamental Incompleto,Várzea,1,CRAS Alto,CRAS Alto,Público Geral,Fortalecimento de Vínculos 
Feminino,68,Fundamental Incompleto,Araras,1,CRAS Alto,CRAS Alto,Público Geral,Fortalecimento de Vínculos 
Feminino,73,Médio Completo,Agriões ,1,CRAS Alto,CRAS Alto,Público Geral,Fortalecimento de Vínculos 
Feminino,71,Fundamental Completo,Jardim Meudon ,1,CRAS Alto,CRAS Alto,Público Geral,Fortalecimento de Vínculos 
Feminino,71,Fundamental Incompleto,Fazendinha,1,CRAS Alto,CRAS Alto,Público Geral,Fortalecimento de Vínculos 
Feminino,56,Não Informado,Não Informado,Não Informado,CRAS Alto,CRAS Alto,Público Geral,Fortalecimento de Vínculos 
Feminino,52,Fundamental Incompleto,Alto ,1,CRAS Alto,CRAS Alto,Público Geral,Fortalecimento de Vínculos 
Feminino,68,Superior Completo,Várzea,1,CRAS Alto,CRAS Alto,Público Geral,Fortalecimento de Vínculos 
Feminino,44,Médio Completo,Alto ,1,CRAS Alto,CRAS Alto,Público Geral,Fortalecimento de Vínculos 
Feminino,50,Não Informado,Não Informado,Não Informado,CRAS Alto,CRAS Alto,Público Geral,Fortalecimento de Vínculos 
Feminino,14,Médio Completo,Granja Guarani ,1,CRAS Alto,CRAS Alto,Público Geral,Fortalecimento de Vínculos 
Feminino,14,Médio Completo,Alto ,1,CRAS Alto,CRAS Alto,Público Geral,Fortalecimento de Vínculos 
Feminino,20,Médio Completo,Vale Paraíso,1,CRAS Alto,CRAS Alto,Público Geral,Cadastro Único 
Feminino,62,Não Escolarizado,Canoas ,3,CRAS Alto,CRAS Alto,Público Geral,Cadastro Único 
Feminino,31,Médio Completo,Canoas ,3,CRAS Alto,CRAS Alto,Público Geral,Cadastro Único 
Feminino,60,Fundamental Incompleto,Várzea,1,CRAS Alto,CRAS Alto,Público Geral,Cadastro Único 
Masculino,19,Médio Incompleto,Tijuca ,1,CRAS Alto,CRAS Alto,Público Geral,Cadastro Único 
Feminino,41,Médio Completo,Várzea,1,CRAS Alto,CRAS Alto,Público Geral,Cadastro Único 
Feminino,63,Fundamental Incompleto,Parque São Luiz,1,CRAS Alto,CRAS Alto,Público Geral,Cadastro Único 
Feminino,42,Superior Completo,Granja Guarani ,1,CRAS Alto,CRAS Alto,Público Geral,Cadastro Único 
Feminino,22,Médio Completo,Várzea,1,CRAS Alto,CRAS Alto,Público Geral,Cadastro Único 
Feminino,26,Médio Completo,Vale Paraíso,1,CRAS Alto,CRAS Alto,Público Geral,Cadastro Único 
Feminino,27,Médio Completo,Tijuca ,1,CRAS Alto,CRAS Alto,Público Geral,Cadastro Único 
Feminino,67,Médio Incompleto,Fazendinha ,1,CRAS Alto,CRAS Alto,Público Geral,Cadastro Único 
Feminino,68,Fundamental Incompleto,Várzea,1,CRAS Alto,CRAS Alto,Público Geral,Cadastro Único 
Feminino,25,Médio Completo,Bairro dos Artistas,1,CRAS Alto,CRAS Alto,Público Geral,Cadastro Único 
Feminino,77,Fundamental Incompleto,Várzea,1,CRAS Alto,CRAS Alto,Público Geral,Cadastro Único 
Feminino,41,Superior Incompleto,Albuquerque,1,CRAS Alto,CRAS Alto,Público Geral,Cadastro Único 
Feminino,41,Superior Completo,Alto,1,CRAS Alto,CRAS Alto,Público Geral,Cadastro Único 
Feminino,50,Fundamental Incompleto,Alto ,1,CRAS Alto,CRAS Alto,Público Geral,Cadastro Único 
Feminino,24,Médio Completo,Ermitage ,1,CRAS Alto,CRAS Alto,Público Geral,Cadastro Único 
Feminino,37,Médio Incompleto,Parque São Luiz,1,CRAS Alto,CRAS Alto,Público Geral,Cadastro Único 
Feminino,53,Fundamental Incompleto,Cascata Guarani ,1,CRAS Alto,CRAS Alto,Público Geral,Cadastro Único 
Feminino,31,Superior Incompleto,Corta Vento ,1,CRAS Alto,CRAS Alto,Público Geral,Cadastro Único 
Feminino,33,Médio Completo,Bairro dos Artistas ,1,CRAS Alto,CRAS Alto,Público Geral,Cadastro Único 
Feminino,52,Fundamental Incompleto,Albuquerque,1,CRAS Alto,CRAS Alto,Público Geral,Cadastro Único 
Feminino,52,Médio Completo,Várzea,1,CRAS Alto,CRAS Alto,Público Geral,Cadastro Único 
Feminino,39,Médio Completo,Corta Vento ,1,CRAS Alto,CRAS Alto,Público Geral,Cadastro Único 
Feminino,21,Médio Completo,Parque Ingá,1,CRAS Alto,CRAS Alto,Público Geral,Cadastro Único 
Feminino,53,Médio Completo,Agriões ,1,CRAS Alto,CRAS Alto,Público Geral,Cadastro Único 
Masculino,57,Fundamental Incompleto,Cascata Guarani ,1,CRAS Alto,CRAS Alto,Público Geral,Cadastro Único 
Feminino,71,Fundamental Incompleto,Tijuca ,1,CRAS Alto,CRAS Alto,Público Geral,Cadastro Único 
Feminino,28,Superior Completo,Tijuca ,1,CRAS Alto,CRAS Alto,Público Geral,Cadastro Único 
Masculino,43,Médio Incompleto,Albuquerque,1,CRAS Alto,CRAS Alto,Público Geral,Cadastro Único 
Feminino,75,Médio Completo,Albuquerque,1,CRAS Alto,CRAS Alto,Público Geral,Cadastro Único 
Masculino,55,Fundamental Incompleto,Albuquerque,1,CRAS Alto,CRAS Alto,Público Geral,Cadastro Único 
Feminino,35,Superior Incompleto,Albuquerque,1,CRAS Alto,CRAS Alto,Público Geral,Cadastro Único 
Feminino,64,Médio Incompleto,Alto ,1,CRAS Alto,CRAS Alto,Público Geral,Cadastro Único 
Feminino,35,Fundamental Incompleto,Cascata Guarani ,1,CRAS Alto,CRAS Alto,Público Geral,Cadastro Único 
Masculino,62,Fundamental Incompleto,Várzea,1,CRAS Alto,CRAS Alto,Público Geral,Cadastro Único 
Masculino,72,Fundamental Incompleto,Albuquerque,1,CRAS Alto,CRAS Alto,Público Geral,Cadastro Único 
Masculino,58,Médio Incompleto,Morro dos Pinheiros,1,CRAS Alto,CRAS Alto,Público Geral,Cadastro Único 
Masculino,68,Médio Completo,Canoas ,3,CRAS Alto,CRAS Alto,Público Geral,Cadastro Único 
Feminino,54,Fundamental Incompleto,Morro dos Pinheiros,1,CRAS Alto,CRAS Alto,Público Geral,Cadastro Único 
Feminino,48,Médio Incompleto,Cascata Guarani ,1,CRAS Alto,CRAS Alto,Público Geral,Cadastro Único 
Feminino,76,Fundamental Incompleto,Cascata Guarani ,1,CRAS Alto,CRAS Alto,Público Geral,Cadastro Único 
Masculino,37,Fundamental Completo,Tijuca ,1,CRAS Alto,CRAS Alto,Público Geral,Cadastro Único 
Feminino,30,Fundamental Incompleto,Morro dos Pinheiros,1,CRAS Alto,CRAS Alto,Público Geral,Cadastro Único 
Feminino,23,Médio Incompleto,Cascata Guarani ,1,CRAS Alto,CRAS Alto,Público Geral,Cadastro Único 
Feminino,62,Médio Completo,Vale Paraíso,1,CRAS Alto,CRAS Alto,Público Geral,Cadastro Único 
Masculino,27,Médio Completo,Vale Paraíso,1,CRAS Alto,CRAS Alto,Público Geral,Cadastro Único 
Feminino,74,Médio Completo,Alto ,1,CRAS Alto,CRAS Alto,Público Geral,Cadastro Único 
Feminino,49,Médio Completo,Morro dos Pinheiros,1,CRAS Alto,CRAS Alto,Público Geral,Cadastro Único 
Feminino,26,Médio Completo,Cascata Guarani ,1,CRAS Alto,CRAS Alto,Público Geral,Cadastro Único 
Feminino,52,Médio Completo,Várzea,1,CRAS Alto,CRAS Alto,Público Geral,Cadastro Único 
Feminino,19,Médio Completo,Vale Paraíso,1,CRAS Alto,CRAS Alto,Público Geral,Cadastro Único 
Feminino,22,Médio Completo,Morro dos Pinheiros,1,CRAS Alto,CRAS Alto,Público Geral,Cadastro Único 
Feminino,77,Fundamental Completo,Agriões ,1,CRAS Alto,CRAS Alto,Público Geral,Cadastro Único 
Feminino,39,Fundamental Incompleto,Canoas ,3,CRAS Alto,CRAS Alto,Público Geral,Cadastro Único 
Feminino,37,Fundamental Incompleto,Alto ,1,CRAS Alto,CRAS Alto,Público Geral,Cadastro Único 
Feminino,46,Fundamental Incompleto,Parque São Luiz,1,CRAS Alto,CRAS Alto,Público Geral,Assistente Social 
Feminino,27,Fundamental Incompleto,Fazendinha ,1,CRAS Alto,CRAS Alto,Público Geral,Assistente Social 
Feminino,83,Fundamental Incompleto,Alto ,1,CRAS Alto,CRAS Alto,Público Geral,Assistente Social 
Feminino,39,Médio Completo,Várzea,1,CRAS Alto,CRAS Alto,Público Geral,Assistente Social 
Feminino,37,Médio Completo,Fazendinha ,1,CRAS Alto,CRAS Alto,Público Geral,Assistente Social 
Feminino,40,Fundamental Completo,Cascata Guarani ,1,CRAS Alto,CRAS Alto,Público Geral,Assistente Social 
Feminino,33,Médio Completo,Cascata Guarani ,1,CRAS Alto,CRAS Alto,Público Geral,Assistente Social 
Feminino,43,Médio Completo,Soberbo ,1,CRAS Alto,CRAS Alto,Público Geral,Assistente Social 
Feminino,67,Superior Incompleto,Alto ,1,CRAS Alto,CRAS Alto,Público Geral,Assistente Social 
Feminino,33,Médio Completo,Soberbo ,1,CRAS Alto,CRAS Alto,Público Geral,Assistente Social 
Feminino,21,Médio Completo,Alto,1,CRAS Alto,CRAS Alto,Público Geral,Assistente Social 
Feminino,50,Médio Completo,Alto,1,CRAS Alto,CRAS Alto,Público Geral,Assistente Social 
Feminino,26,Médio Completo,Cascata Guarani ,1,CRAS Alto,CRAS Alto,Público Geral,Assistente Social 
Masculino,67,Fundamental Incompleto,Granja Guarani ,1,CRAS Alto,CRAS Alto,Público Geral,Assistente Social 
Feminino,51,Fundamental Incompleto,40 Casas,1,CRAS Alto,CRAS Alto,Público Geral,Assistente Social 
Masculino,54,Fundamental Completo,Fazenda Ermitage ,1,CRAS Alto,CRAS Alto,Público Geral,Assistente Social 
Feminino,41,Médio Incompleto,Várzea,1,CRAS Alto,CRAS Alto,Público Geral,Assistente Social 
Feminino,21,Médio Completo,Alto ,1,CRAS Alto,CRAS Alto,Público Geral,Assistente Social 
Feminino,36,Superior Completo,Granja Guarani ,1,CRAS Alto,CRAS Alto,Público Geral,Assistente Social 
Feminino,53,Fundamental Incompleto,Cascata Guarani ,1,CRAS Alto,CRAS Alto,Público Geral,Assistente Social 
Feminino,29,Médio Incompleto,Albuquerque,1,CRAS Alto,CRAS Alto,Público Geral,Assistente Social 
Feminino,43,Fundamental Incompleto,40 Casas,1,CRAS Alto,CRAS Alto,Público Geral,Assistente Social 
Feminino,18,Médio Completo,Tijuca ,1,CRAS Alto,CRAS Alto,Público Geral,Assistente Social 
Feminino,24,Fundamental Incompleto,Granja Guarani ,1,CRAS Alto,CRAS Alto,Público Geral,Assistente Social 
Masculino,18,Superior Completo,Várzea,1,CRAS Alto,CRAS Alto,Público Geral,Assistente Social 
Masculino,61,Médio Completo,Fazendinha  ,1,CRAS Alto,CRAS Alto,Público Geral,Assistente Social 
Masculino,52,Médio Completo,Fazenda Esperança ,3,CRAS Alto,CRAS Alto,Público Geral,Assistente Social 
Feminino,25,Médio Completo,Bairro dos Artistas ,1,CRAS Alto,CRAS Alto,Público Geral,Assistente Social 
Feminino,33,Médio Completo,Soberbo ,1,CRAS Alto,CRAS Alto,Público Geral,Assistente Social 
Feminino,39,Médio Completo,Várzea,1,CRAS Alto,CRAS Alto,Público Geral,Assistente Social 
Feminino,33,Superior Completo,Cascata Guarani ,1,CRAS Alto,CRAS Alto,Público Geral,Assistente Social 
Feminino,34,Superior Incompleto,Ermitage ,1,CRAS Alto,CRAS Alto,Público Geral,Assistente Social 
Feminino,20,Superior Incompleto,Morro dos Pinheiros,1,CRAS Alto,CRAS Alto,Público Geral,Assistente Social 
Feminino,43,Fundamental Incompleto,Alto ,1,CRAS Alto,CRAS Alto,Público Geral,Assistente Social 
Feminino,19,Médio Completo,Santa Cecília,1,CRAS Alto,CRAS Alto,Público Geral,Assistente Social 
Feminino,75,Fundamental Completo,Várzea,1,CRAS Alto,CRAS Alto,Público Geral,Assistente Social 
Feminino,46,Fundamental Incompleto,Corta Vento ,1,CRAS Alto,CRAS Alto,Público Geral,Cadastro Único 
Feminino,27,Médio Incompleto,Fazendinha ,1,CRAS Alto,CRAS Alto,Público Geral,Cadastro Único 
Masculino,36,Médio Incompleto,Alto ,1,CRAS Alto,CRAS Alto,Público Geral,Cadastro Único 
Feminino,55,Fundamental Incompleto,Alto ,1,CRAS Alto,CRAS Alto,Público Geral,Cadastro Único 
Feminino,18,Médio Completo,Granja Guarani ,1,CRAS Alto,CRAS Alto,Público Geral,Cadastro Único 
Feminino,29,Médio Completo,Corta Vento ,1,CRAS Alto,CRAS Alto,Público Geral,Cadastro Único 
Feminino,18,Médio Completo,Tijuca ,1,CRAS Alto,CRAS Alto,Público Geral,Assistente Social 
Masculino,55,Fundamental Incompleto,Alto ,1,CRAS Alto,CRAS Alto,Público Geral,Cadastro Único 
Feminino,53,Fundamental Incompleto,Ermitage ,1,CRAS Alto,CRAS Alto,Público Geral,Cadastro Único 
Masculino,33,Superior Incompleto,Alto,1,CRAS Alto,CRAS Alto,Público Geral,Cadastro Único 
Feminino,38,Médio Incompleto,Corta Vento ,1,CRAS Alto,CRAS Alto,Público Geral,Cadastro Único 
Feminino,20,Médio Completo,Corta Vento ,1,CRAS Alto,CRAS Alto,Público Geral,Cadastro Único 
Feminino,27,Médio Completo,Cascata Guarani ,1,CRAS Alto,CRAS Alto,Público Geral,Cadastro Único 
Feminino,71,Não Escolarizado,Parque São Luiz,1,CRAS Alto,CRAS Alto,Público Geral,Cadastro Único 
Feminino,37,Médio Completo,Corta Vento ,1,CRAS Alto,CRAS Alto,Público Geral,Cadastro Único 
Feminino,40,Médio Completo,Alto,1,CRAS Alto,CRAS Alto,Público Geral,Cadastro Único 
Masculino,56,Fundamental Incompleto,Granja Guarani ,1,CRAS Alto,CRAS Alto,Público Geral,Cadastro Único 
Feminino,45,Médio Incompleto,Corta Vento ,1,CRAS Alto,CRAS Alto,Público Geral,Cadastro Único 
Feminino,71,Superior Completo,Alto ,1,CRAS Alto,CRAS Alto,Público Geral,Cadastro Único 
Feminino,18,Médio Completo,Tijuca ,1,CRAS Alto,CRAS Alto,Público Geral,Cadastro Único 
Feminino,29,Médio Completo,Jardim Serrano,1,CRAS Alto,CRAS Alto,Público Geral,Cadastro Único 
Feminino,44,Fundamental Incompleto,Cascata Guarani ,1,CRAS Alto,CRAS Alto,Público Geral,Cadastro Único 
Masculino,41,Médio Completo,Jardim Cascata,1,CRAS Alto,CRAS Alto,Público Geral,Cadastro Único 
Feminino,77,Fundamental Incompleto,Alto ,1,CRAS Alto,CRAS Alto,Público Geral,Cadastro Único 
Feminino,30,Fundamental Incompleto,Alto ,1,CRAS Alto,CRAS Alto,Público Geral,Cadastro Único 
Feminino,49,Fundamental Incompleto,Jardim Serrano ,1,CRAS Alto,CRAS Alto,Público Geral,Cadastro Único 
Feminino,52,Fundamental Completo,Tijuca ,1,CRAS Alto,CRAS Alto,Público Geral,Cadastro Único 
Feminino,30,Fundamental Incompleto,Canoas ,3,CRAS Alto,CRAS Alto,Público Geral,Cadastro Único 
Masculino,51,Superior Completo,Albuquerque,1,CRAS Alto,CRAS Alto,Público Geral,Cadastro Único 
Feminino,22,Médio Incompleto,Cascata Guarani ,1,CRAS Alto,CRAS Alto,Público Geral,Cadastro Único 
Feminino,31,Médio Completo,Ermitage ,1,CRAS Alto,CRAS Alto,Público Geral,Cadastro Único 
Feminino,42,Médio Completo,Corta Vento ,1,CRAS Alto,CRAS Alto,Público Geral,Cadastro Único 
Masculino,28,Superior Completo,Araras ,1,CRAS Alto,CRAS Alto,Público Geral,Cadastro Único 
Feminino,34,Médio Completo,Fazendinha ,1,CRAS Alto,CRAS Alto,Público Geral,Cadastro Único 
Feminino,61,Fundamental Incompleto,Jardim Europa ,1,CRAS Alto,CRAS Alto,Público Geral,Cadastro Único 
Feminino,52,Médio Completo,Morro dos Pinheiros,1,CRAS Alto,CRAS Alto,Público Geral,Assistente Social 
Masculino,58,Fundamental Incompleto,Cascata Guarani ,1,CRAS Alto,CRAS Alto,Público Geral,Assistente Social 
Masculino,55,Fundamental Incompleto,Alto ,1,CRAS Alto,CRAS Alto,Público Geral,Assistente Social 
Masculino,69,Fundamental Incompleto,Agriões ,1,CRAS Alto,CRAS Alto,Público Geral,Assistente Social 
Feminino,78,Fundamental Incompleto,Agriões ,1,CRAS Alto,CRAS Alto,Público Geral,Assistente Social 
Feminino,20,Médio Completo,Corta Vento ,1,CRAS Alto,CRAS Alto,Público Geral,Assistente Social 
Feminino,38,Médio Incompleto,Corta Vento ,1,CRAS Alto,CRAS Alto,Público Geral,Assistente Social 
Feminino,64,Fundamental Incompleto,Ermitage ,1,CRAS Alto,CRAS Alto,Público Geral,Assistente Social 
Masculino,50,Médio Completo,Fazendinha ,1,CRAS Alto,CRAS Alto,Público Geral,Assistente Social 
Feminino,18,Médio Completo,Tijuca ,1,CRAS Alto,CRAS Alto,Público Geral,Assistente Social 
Feminino,75,Fundamental Completo,Várzea,1,CRAS Alto,CRAS Alto,Público Geral,Assistente Social 
Feminino,49,Médio Completo,Tijuca ,1,CRAS Alto,CRAS Alto,Público Geral,Assistente Social 
Feminino,41,Fundamental Incompleto,Várzea,1,CRAS Alto,CRAS Alto,Público Geral,Assistente Social 
Feminino,26,Médio Incompleto,Pedreira ,1,CRAS Alto,CRAS Alto,Público Geral,Assistente Social 
Feminino,34,Médio Completo,Cascata Guarani ,1,CRAS Alto,CRAS Alto,Público Geral,Assistente Social 
Feminino,30,Fundamental Incompleto,Alto,1,CRAS Alto,CRAS Alto,Público Geral,Assistente Social 
Masculino,30,Fundamental Incompleto,Albuquerque,1,CRAS Alto,CRAS Alto,Público Geral,Assistente Social 
Masculino,58,Fundamental Incompleto,Corta Vento ,1,CRAS Alto,CRAS Alto,Público Geral,Assistente Social 
Masculino,42,Médio Completo,Cascata Guarani ,1,CRAS Alto,CRAS Alto,Público Geral,Assistente Social 
Feminino,45,Fundamental Incompleto,Fazendinha ,1,CRAS Alto,CRAS Alto,Público Geral,Assistente Social 
Feminino,49,Médio Completo,Vale Paraíso,1,CRAS Alto,CRAS Alto,Público Geral,Cadastro Único 
Feminino,25,Médio Completo,Corta Vento ,1,CRAS Alto,CRAS Alto,Público Geral,Cadastro Único 
Feminino,25,Médio Completo,Corta Vento ,1,CRAS Alto,CRAS Alto,Público Geral,Assistente Social 
Feminino,58,Superior Completo,Várzea,1,CRAS Alto,CRAS Alto,Público Geral,Assistente Social 
Feminino,47,Médio Completo,Cascata Guarani ,1,CRAS Alto,CRAS Alto,Público Geral,Assistente Social 
Feminino,49,Médio Completo,Cascata Guarani ,1,CRAS Alto,CRAS Alto,Público Geral,Cadastro Único 
Feminino,20,Médio Incompleto,Canoas ,3,CRAS Alto,CRAS Alto,Público Geral,Cadastro Único 
Feminino,20,Superior Incompleto,Bairro dos Artistas ,1,CRAS Alto,CRAS Alto,Público Geral,Cadastro Único 
Feminino,19,Médio Completo,Várzea,1,CRAS Alto,CRAS Alto,Público Geral,Cadastro Único 
Feminino,41,Fundamental Incompleto,Várzea,1,CRAS Alto,CRAS Alto,Público Geral,Cadastro Único 
Feminino,31,Superior Completo,Várzea,1,CRAS Alto,CRAS Alto,Público Geral,Cadastro Único 
Feminino,52,Médio Incompleto,Alto ,1,CRAS Alto,CRAS Alto,Público Geral,Cadastro Único 
Feminino,33,Médio Completo,Tijuca ,1,CRAS Alto,CRAS Alto,Público Geral,Cadastro Único 
Feminino,46,Superior Completo,Cascata Guarani ,1,CRAS Alto,CRAS Alto,Público Geral,Cadastro Único 
Feminino,19,Médio Completo,Alto,1,CRAS Alto,CRAS Alto,Público Geral,Cadastro Único 
Feminino,41,Fundamental Incompleto,Várzea,1,CRAS Alto,CRAS Alto,Público Geral,Assistente Social 
Feminino,38,Médio Completo,Morro dos Pinheiros,1,CRAS Alto,CRAS Alto,Público Geral,Assistente Social 
Feminino,33,Médio Completo,Alto,1,CRAS Alto,CRAS Alto,Público Geral,Assistente Social 
Feminino,52,Médio Completo,Morro dos Pinheiros,1,CRAS Alto,CRAS Alto,Público Geral,Assistente Social 
Feminino,34,Médio Completo,Cascata Guarani ,1,CRAS Alto,CRAS Alto,Público Geral,Assistente Social 
Feminino,27,Médio Completo,Tijuca ,1,CRAS Alto,CRAS Alto,Público Geral,Assistente Social 
Feminino,22,Médio Completo,Panorama ,1,CRAS Alto,CRAS Alto,Público Geral,Assistente Social 
Masculino,29,Médio Completo,Várzea,1,CRAS Alto,CRAS Alto,Público Geral,Assistente Social 
Masculino,67,Superior Incompleto,Canoas ,3,CRAS Alto,CRAS Alto,Público Geral,Assistente Social 
Feminino,46,Superior Completo,Cascata Guarani ,1,CRAS Alto,CRAS Alto,Público Geral,Assistente Social 
Feminino,47,Médio Completo,Alto ,1,CRAS Alto,CRAS Alto,Público Geral,Assistente Social 
Feminino,31,Médio Completo,Jardim Europa ,1,CRAS Alto,CRAS Alto,Público Geral,Assistente Social 
Feminino,31,Fundamental Incompleto,Corta Vento ,1,CRAS Alto,CRAS Alto,Público Geral,Assistente Social 
Feminino,81,Não Escolarizado,Ermitage ,1,CRAS Alto,CRAS Alto,Público Geral,Cadastro Único 
Feminino,25,Médio Completo,Granja Guarani ,1,CRAS Alto,CRAS Alto,Público Geral,Cadastro Único 
Feminino,26,Médio Completo,Canoas ,3,CRAS Alto,CRAS Alto,Público Geral,Cadastro Único 
Feminino,19,Médio Completo,Várzea,1,CRAS Alto,CRAS Alto,Público Geral,Cadastro Único 
Feminino,43,Superior Incompleto,Várzea,1,CRAS Alto,CRAS Alto,Público Geral,Cadastro Único 
Feminino,53,Superior Completo,Fazendinha ,1,CRAS Alto,CRAS Alto,Público Geral,Cadastro Único 
Feminino,58,Médio Completo,Granja Guarani ,1,CRAS Alto,CRAS Alto,Público Geral,Cadastro Único 
Feminino,44,Médio Completo,Agriões ,1,CRAS Alto,CRAS Alto,Público Geral,Cadastro Único 
Feminino,43,Superior Incompleto,Várzea,1,CRAS Alto,CRAS Alto,Público Geral,Assistente Social 
Feminino,51,Médio Completo,Granja Guarani ,1,CRAS Alto,CRAS Alto,Público Geral,Assistente Social 
Feminino,77,Superior Completo,Várzea,1,CRAS Alto,CRAS Alto,Público Geral,Assistente Social 
Masculino,29,Médio Completo,Várzea,1,CRAS Alto,CRAS Alto,Público Geral,Assistente Social 
Feminino,28,Superior Completo,Tijuca,1,CRAS Alto,CRAS Alto,Público Geral,Assistente Social 
Feminino,19,Médio Completo,Várzea,1,CRAS Alto,CRAS Alto,Público Geral,Assistente Social 
Feminino,25,Médio Completo,Granja Guarani ,1,CRAS Alto,CRAS Alto,Público Geral,Assistente Social 
Feminino,28,Superior Completo,Tijuca,1,CRAS Alto,CRAS Alto,Público Geral,Cadastro Único 
Feminino,37,Médio Completo,Corta Vento ,1,CRAS Alto,CRAS Alto,Público Geral,Cadastro Único 
Feminino,45,Fundamental Incompleto,Tijuca ,1,CRAS Alto,CRAS Alto,Público Geral,Cadastro Único 
Feminino,25,Superior Completo,Várzea,1,CRAS Alto,CRAS Alto,Público Geral,Cadastro Único 
Feminino,42,Superior Incompleto,Albuquerque,1,CRAS Alto,CRAS Alto,Público Geral,Cadastro Único 
Feminino,39,Médio Completo,Várzea,1,CRAS Alto,CRAS Alto,Público Geral,Cadastro Único 
Masculino,69,Não Escolarizado,Várzea,1,CRAS Alto,CRAS Alto,Público Geral,Cadastro Único 
Feminino,45,Médio Incompleto,Corta Vento ,1,CRAS Alto,CRAS Alto,Público Geral,Cadastro Único 
Masculino,78,Fundamental Incompleto,Paineiras ,1,CRAS Alto,CRAS Alto,Público Geral,Cadastro Único 
Masculino,65,Médio Incompleto,Jardim Serrano ,1,CRAS Alto,CRAS Alto,Público Geral,Cadastro Único 
Feminino,60,Fundamental Incompleto,Canoas ,3,CRAS Alto,CRAS Alto,Público Geral,Cadastro Único 
Masculino,59,Fundamental Incompleto,Ermitage ,1,CRAS Alto,CRAS Alto,Público Geral,Cadastro Único 
Feminino,50,Médio Completo,Vale Paraíso,1,CRAS Alto,CRAS Alto,Público Geral,Cadastro Único 
Feminino,43,Médio Completo,Alto ,1,CRAS Alto,CRAS Alto,Público Geral,Cadastro Único 
Feminino,19,Médio Incompleto,Alto ,1,CRAS Alto,CRAS Alto,Público Geral,Cadastro Único 
Feminino,39,Médio Completo,Várzea,1,CRAS Alto,CRAS Alto,Público Geral,Assistente Social 
Feminino,31,Superior Completo,Várzea,1,CRAS Alto,CRAS Alto,Público Geral,Assistente Social 
Masculino,75,Médio Completo,Várzea,1,CRAS Alto,CRAS Alto,Público Geral,Assistente Social 
Feminino,44,Fundamental Incompleto,Cascata Guarani ,1,CRAS Alto,CRAS Alto,Público Geral,Assistente Social 
Feminino,39,Médio Completo,Albuquerque,1,CRAS Alto,CRAS Alto,Público Geral,Assistente Social 
Feminino,33,Superior Completo,Albuquerque,1,CRAS Alto,CRAS Alto,Público Geral,Assistente Social 
Feminino,58,Fundamental Incompleto,Alto,1,CRAS Alto,CRAS Alto,Público Geral,Assistente Social 
Feminino,66,Superior Completo,Várzea,1,CRAS Alto,CRAS Alto,Público Geral,Assistente Social 
Feminino,31,Médio Incompleto,Soberbo ,1,CRAS Alto,CRAS Alto,Público Geral,Assistente Social 
Feminino,52,Superior Completo,Corta Vento ,1,CRAS Alto,CRAS Alto,Público Geral,Assistente Social 
Feminino,28,Médio Incompleto,Fazenda Ermitage ,1,CRAS Alto,CRAS Alto,Público Geral,Assistente Social 
Feminino,37,Fundamental Incompleto,Agriões ,1,CRAS Alto,CRAS Alto,Público Geral,Assistente Social 
Feminino,50,Médio Completo,Fazendinha ,1,CRAS Alto,CRAS Alto,Público Geral,Assistente Social 
Feminino,37,Médio Completo,Alto ,1,CRAS Alto,CRAS Alto,Público Geral,Assistente Social 
Masculino,60,Não Escolarizado,Sebastiana ,3,CRAS Alto,CRAS Alto,Público Geral,Assistente Social 
Feminino,45,Médio Incompleto,Parque São Luiz,1,CRAS Alto,CRAS Alto,Público Geral,Assistente Social 
Feminino,33,Superior Incompleto,Tijuca ,1,CRAS Alto,CRAS Alto,Público Geral,Assistente Social 
Feminino,38,Médio Completo,Cascata Guarani ,1,CRAS Alto,CRAS Alto,Público Geral,Cadastro Único 
Feminino,66,Médio Completo,Várzea,1,CRAS Alto,CRAS Alto,Público Geral,Cadastro Único 
Feminino,26,Fundamental Incompleto,Cascata Guarani ,1,CRAS Alto,CRAS Alto,Público Geral,Cadastro Único 
Feminino,50,Fundamental Incompleto,Bairro dos Artistas ,1,CRAS Alto,CRAS Alto,Público Geral,Cadastro Único 
Feminino,33,Médio Completo,Várzea,1,CRAS Alto,CRAS Alto,Público Geral,Cadastro Único 
Masculino,60,Fundamental Incompleto,Cascata Guarani ,1,CRAS Alto,CRAS Alto,Público Geral,Cadastro Único 
Masculino,62,Fundamental Completo,Tijuca ,1,CRAS Alto,CRAS Alto,Público Geral,Cadastro Único 
Feminino,61,Fundamental Completo,Tijuca ,1,CRAS Alto,CRAS Alto,Público Geral,Cadastro Único 
Feminino,30,Médio Completo,Fazendinha ,1,CRAS Alto,CRAS Alto,Público Geral,Cadastro Único 
Feminino,37,Médio Incompleto,Corta Vento ,1,CRAS Alto,CRAS Alto,Público Geral,Cadastro Único 
Feminino,37,Médio Completo,Alto ,1,CRAS Alto,CRAS Alto,Público Geral,Cadastro Único 
Feminino,50,Médio Completo,Fazendinha ,1,CRAS Alto,CRAS Alto,Público Geral,Cadastro Único 
Feminino,53,Superior Completo,Fátima ,1,CRAS Alto,CRAS Alto,Público Geral,Cadastro Único 
Feminino,52,Médio Completo,Corta Vento ,1,CRAS Alto,CRAS Alto,Público Geral,Cadastro Único 
Feminino,34,Médio Completo,Alto,1,CRAS Alto,CRAS Alto,Público Geral,Cadastro Único 
Feminino,55,Fundamental Completo,Cascata Guarani ,1,CRAS Alto,CRAS Alto,Público Geral,Cadastro Único 
Feminino,22,Médio Completo,Ermitage ,1,CRAS Alto,CRAS Alto,Público Geral,Cadastro Único 
Feminino,30,Médio Completo,Fazendinha ,1,CRAS Alto,CRAS Alto,Público Geral,Cadastro Único 
Feminino,46,Médio Completo,Morro dos Pinheiros,1,CRAS Alto,CRAS Alto,Público Geral,Cadastro Único 
Feminino,31,Médio Incompleto,Granja Guarani ,1,CRAS Alto,CRAS Alto,Público Geral,Cadastro Único 
Feminino,83,Fundamental Incompleto,Ermitage ,1,CRAS Alto,CRAS Alto,Público Geral,Cadastro Único 
Feminino,79,Fundamental Completo,Várzea,1,CRAS Alto,CRAS Alto,Público Geral,Cadastro Único 
Feminino,49,Fundamental Completo,Ermitage ,1,CRAS Alto,CRAS Alto,Público Geral,Cadastro Único 
Feminino,20,Médio Incompleto,Cascata Guarani ,1,CRAS Alto,CRAS Alto,Público Geral,Assistente Social 
Feminino,55,Fundamental Completo,Cascata Guarani ,1,CRAS Alto,CRAS Alto,Público Geral,Assistente Social 
Feminino,52,Médio Completo,Morro dos Pinheiros,1,CRAS Alto,CRAS Alto,Público Geral,Assistente Social 
Feminino,39,Médio Incompleto,Jardim Serrano,1,CRAS Alto,CRAS Alto,Público Geral,Assistente Social 
Feminino,18,Médio Completo,Pedreira ,1,CRAS Alto,CRAS Alto,Público Geral,Assistente Social 
Feminino,42,Médio Completo,Albuquerque,1,CRAS Alto,CRAS Alto,Público Geral,Assistente Social 
Feminino,53,Fundamental Incompleto,Morro dos Pinheiros,1,CRAS Alto,CRAS Alto,Público Geral,Assistente Social 
Feminino,46,Médio Completo,Morro dos Pinheiros,1,CRAS Alto,CRAS Alto,Público Geral,Assistente Social 
Feminino,40,Médio Completo,Cascata Guarani ,1,CRAS Alto,CRAS Alto,Público Geral,Assistente Social 
Feminino,65,Fundamental Incompleto,Golf ,1,CRAS Alto,CRAS Alto,Público Geral,Assistente Social 
Feminino,31,Médio Incompleto,Granja Guarani ,1,CRAS Alto,CRAS Alto,Público Geral,Assistente Social 
Feminino,83,Fundamental Incompleto,Ermitage ,1,CRAS Alto,CRAS Alto,Público Geral,Assistente Social 
Feminino,27,Fundamental Completo,Alto ,1,CRAS Alto,CRAS Alto,Público Geral,Assistente Social 
Feminino,42,Fundamental Incompleto,Granja Guarani ,1,CRAS Alto,CRAS Alto,Público Geral,Assistente Social 
Feminino,49,Fundamental Completo,Ermitage ,1,CRAS Alto,CRAS Alto,Público Geral,Assistente Social 
Feminino,48,Superior Incompleto,Cascata Guarani ,1,CRAS Alto,CRAS Alto,Público Geral,Cadastro Único 
Feminino,55,Fundamental Incompleto,Granja Guarani ,1,CRAS Alto,CRAS Alto,Público Geral,Cadastro Único 
Feminino,24,Médio Completo,Várzea,1,CRAS Alto,CRAS Alto,Público Geral,Cadastro Único 
Feminino,27,Médio Incompleto,Albuquerque,1,CRAS Alto,CRAS Alto,Público Geral,Cadastro Único 
Feminino,31,Médio Incompleto,Corta Vento ,1,CRAS Alto,CRAS Alto,Público Geral,Cadastro Único 
Feminino,46,Superior Incompleto,Tijuca ,1,CRAS Alto,CRAS Alto,Público Geral,Cadastro Único 
Feminino,20,Médio Completo,Granja Guarani ,1,CRAS Alto,CRAS Alto,Público Geral,Assistente Social 
Feminino,38,Superior Incompleto,Cascata Guarani ,1,CRAS Alto,CRAS Alto,Público Geral,Assistente Social 
Feminino,76,Superior Completo,Agriões ,1,CRAS Alto,CRAS Alto,Público Geral,Assistente Social 
Feminino,43,Médio Completo,Corta Vento ,1,CRAS Alto,CRAS Alto,Público Geral,Cadastro Único 
Feminino,76,Fundamental Incompleto,Cascata Guarani ,1,CRAS Alto,CRAS Alto,Público Geral,Cadastro Único 
Feminino,56,Não Escolarizado,Cascata Guarani ,1,CRAS Alto,CRAS Alto,Público Geral,Cadastro Único 
Feminino,35,Superior Completo,Alto,1,CRAS Alto,CRAS Alto,Público Geral,Cadastro Único 
Feminino,46,Médio Completo,Albuquerque,1,CRAS Alto,CRAS Alto,Público Geral,Cadastro Único 
Feminino,51,Médio Completo,Tijuca ,1,CRAS Alto,CRAS Alto,Público Geral,Cadastro Único 
Feminino,52,Superior Completo,Morro dos Pinheiros,1,CRAS Alto,CRAS Alto,Público Geral,Cadastro Único 
Feminino,26,Médio Completo,Parque São Luiz,1,CRAS Alto,CRAS Alto,Público Geral,Cadastro Único 
Feminino,38,Médio Completo,Cascata do Imbuí,1,CRAS Alto,CRAS Alto,Público Geral,Cadastro Único 
Masculino,74,Fundamental Incompleto,Albuquerque,1,CRAS Alto,CRAS Alto,Público Geral,Cadastro Único 
Feminino,49,Fundamental Incompleto,Bairro dos Artistas ,1,CRAS Alto,CRAS Alto,Público Geral,Cadastro Único 
Feminino,74,Fundamental Incompleto,Morro dos Pinheiros,1,CRAS Alto,CRAS Alto,Público Geral,Cadastro Único 
Masculino,57,Superior Completo,Agriões ,1,CRAS Alto,CRAS Alto,Público Geral,Cadastro Único 
Feminino,58,Não Escolarizado,Granja Guarani ,1,CRAS Alto,CRAS Alto,Público Geral,Cadastro Único 
Feminino,64,Fundamental Incompleto,Canoas ,3,CRAS Alto,CRAS Alto,Público Geral,Cadastro Único 
Feminino,27,Médio Completo,Canoas ,3,CRAS Alto,CRAS Alto,Público Geral,Assistente Social 
Masculino,32,Médio Completo,Bairro dos Artistas ,1,CRAS Alto,CRAS Alto,Público Geral,Assistente Social 
Feminino,29,Superior Incompleto,Corta Vento ,1,CRAS Alto,CRAS Alto,Público Geral,Assistente Social 
Feminino,42,Médio Completo,Albuquerque,1,CRAS Alto,CRAS Alto,Público Geral,Assistente Social 
Feminino,31,Médio Incompleto,Albuquerque,1,CRAS Alto,CRAS Alto,Público Geral,Assistente Social 
Feminino,51,Médio Completo,Tijuca ,1,CRAS Alto,CRAS Alto,Público Geral,Assistente Social 
Feminino,34,Médio Completo,Alto,1,CRAS Alto,CRAS Alto,Público Geral,Assistente Social 
Feminino,18,Médio Completo,Granja Guarani ,1,CRAS Alto,CRAS Alto,Público Geral,Assistente Social 
Masculino,50,Médio Completo,Albuquerque,1,CRAS Alto,CRAS Alto,Público Geral,Assistente Social 
Feminino,38,Médio Completo,Bom Retiro ,1,CRAS Alto,CRAS Alto,Público Geral,Assistente Social 
Feminino,48,Médio Completo,Cascata Guarani ,1,CRAS Alto,CRAS Alto,Público Geral,Assistente Social 
Feminino,50,Fundamental Incompleto,Fazendinha ,1,CRAS Alto,CRAS Alto,Público Geral,Cadastro Único 
Masculino,41,Fundamental Completo,Alto,1,CRAS Alto,CRAS Alto,Público Geral,Assistente Social 
Feminino,40,Superior Completo,Morro dos Pinheiros,1,CRAS Alto,CRAS Alto,Público Geral,Assistente Social 
Feminino,66,Superior Completo,Alto ,1,CRAS Alto,CRAS Alto,Público Geral,Assistente Social 
Feminino,21,Médio Completo,Fazendinha ,1,CRAS Alto,CRAS Alto,Público Geral,Assistente Social 
Feminino,23,Médio Completo,Posse ,1,CRAS Alto,CRAS Alto,Público Geral,Assistente Social 
Feminino,27,Médio Completo,Albuquerque,1,CRAS Alto,CRAS Alto,Público Geral,Cadastro Único 
Feminino,59,Fundamental Incompleto,Granja Guarani ,1,CRAS Alto,CRAS Alto,Público Geral,Cadastro Único 
Feminino,31,Fundamental Completo,Parque São Luiz,1,CRAS Alto,CRAS Alto,Público Geral,Cadastro Único 
Feminino,40,Superior Completo,Morro dos Pinheiros,1,CRAS Alto,CRAS Alto,Público Geral,Cadastro Único 
Feminino,37,Médio Completo,Alto,1,CRAS Alto,CRAS Alto,Público Geral,Cadastro Único 
Feminino,36,Médio Completo,Granja Guarani ,1,CRAS Alto,CRAS Alto,Público Geral,Cadastro Único 
Feminino,44,Médio Completo,Alto ,1,CRAS Alto,CRAS Alto,Público Geral,Cadastro Único 
Feminino,34,Médio Completo,Corta Vento ,1,CRAS Alto,CRAS Alto,Público Geral,Cadastro Único 
Feminino,65,Fundamental Incompleto,Cascata Guarani ,1,CRAS Alto,CRAS Alto,Público Geral,Cadastro Único 
Feminino,71,Médio Completo,Canoas ,3,CRAS Alto,CRAS Alto,Público Geral,Cadastro Único 
Feminino,30,Médio Completo,Vale Paraíso,1,CRAS Alto,CRAS Alto,Público Geral,Cadastro Único 
Feminino,70,Fundamental Completo,Agriões ,1,CRAS Alto,CRAS Alto,Público Geral,Cadastro Único 
Feminino,66,Médio Completo,Cascata Guarani ,1,CRAS Alto,CRAS Alto,Público Geral,Cadastro Único 
Feminino,28,Médio Incompleto,Arrieiro ,2,CRAS Alto,CRAS Alto,Público Geral,Cadastro Único 
Feminino,34,Superior Completo,Tijuca ,1,CRAS Alto,CRAS Alto,Público Geral,Cadastro Único 
Feminino,50,Fundamental Incompleto,Agriões ,1,CRAS Alto,CRAS Alto,Público Geral,Cadastro Único 
Feminino,57,Médio Completo,Alto,1,CRAS Alto,CRAS Alto,Público Geral,Cadastro Único 
Feminino,24,Superior Incompleto,Alto,1,CRAS Alto,CRAS Alto,Público Geral,Cadastro Único 
Feminino,67,Fundamental Incompleto,Albuquerque,1,CRAS Alto,CRAS Alto,Público Geral,Cadastro Único 
Feminino,23,Médio Completo,Bairro dos Artistas ,1,CRAS Alto,CRAS Alto,Público Geral,Cadastro Único 
Feminino,30,Médio Completo,Alto ,1,CRAS Alto,CRAS Alto,Público Geral,Cadastro Único 
Feminino,37,Médio Completo,Água Quente,2,CRAS Alto,CRAS Alto,Público Geral,Cadastro Único 
Feminino,36,Médio Completo,Granja Guarani ,1,CRAS Alto,CRAS Alto,Público Geral,Cadastro Único 
Feminino,80,Médio Completo,Soberbo ,1,CRAS Alto,CRAS Alto,Público Geral,Cadastro Único 
Feminino,38,Médio Completo,Corta Vento ,1,CRAS Alto,CRAS Alto,Público Geral,Cadastro Único 
Feminino,57,Fundamental Incompleto,Ermitage,1,CRAS Alto,CRAS Alto,Público Geral,Cadastro Único 
Feminino,32,Médio Completo,Panorama ,1,CRAS Alto,CRAS Alto,Público Geral,Cadastro Único 
Masculino,30,Médio Completo,Canoas ,3,CRAS Alto,CRAS Alto,Público Geral,Cadastro Único 
Masculino,21,Superior Incompleto,Vale Paraíso,1,CRAS Alto,CRAS Alto,Público Geral,Cadastro Único 
Masculino,56,Médio Completo,Morro dos Pinheiros,1,CRAS Alto,CRAS Alto,Público Geral,Cadastro Único 
Feminino,22,Superior Incompleto,Várzea,1,CRAS Alto,CRAS Alto,Público Geral,Cadastro Único 
Feminino,31,Médio Incompleto,Morro dos Pinheiros,1,CRAS Alto,CRAS Alto,Público Geral,Cadastro Único 
Feminino,29,Médio Completo,Albuquerque,1,CRAS Alto,CRAS Alto,Público Geral,Cadastro Único 
Feminino,25,Médio Completo,Várzea,1,CRAS Alto,CRAS Alto,Público Geral,Cadastro Único 
Feminino,48,Superior Completo,Ermitage,1,CRAS Alto,CRAS Alto,Público Geral,Cadastro Único 
Feminino,40,Fundamental Incompleto,Tijuca ,1,CRAS Alto,CRAS Alto,Público Geral,Cadastro Único 
Feminino,18,Médio Completo,Alto,1,CRAS Alto,CRAS Alto,Público Geral,Cadastro Único 
Masculino,75,Médio Completo,Agriões ,1,CRAS Alto,CRAS Alto,Público Geral,Cadastro Único 
Feminino,42,Médio Completo,Vale Paraíso,1,CRAS Alto,CRAS Alto,Público Geral,Cadastro Único 
Feminino,20,Médio Completo,Vale Paraíso,1,CRAS Alto,CRAS Alto,Público Geral,Cadastro Único 
Feminino,31,Superior Completo,Tijuca ,1,CRAS Alto,CRAS Alto,Público Geral,Cadastro Único 
Feminino,23,Médio Completo,Fazendinha ,1,CRAS Alto,CRAS Alto,Público Geral,Cadastro Único 
Feminino,49,Médio Completo,Albuquerque,1,CRAS Alto,CRAS Alto,Público Geral,Cadastro Único 
Feminino,44,Superior Completo,Ermitage,1,CRAS Alto,CRAS Alto,Público Geral,Cadastro Único 
Feminino,57,Superior Completo,Cascata Guarani ,1,CRAS Alto,CRAS Alto,Público Geral,Cadastro Único 
Feminino,65,Não Escolarizado,Albuquerque,1,CRAS Alto,CRAS Alto,Público Geral,Cadastro Único 
Feminino,22,Fundamental Completo,Granja Guarani ,1,CRAS Alto,CRAS Alto,Público Geral,Cadastro Único 
Feminino,32,Médio Completo,Albuquerque,1,CRAS Alto,CRAS Alto,Público Geral,Cadastro Único 
Feminino,42,Médio Completo,Tijuca,1,CRAS Alto,CRAS Alto,Público Geral,Cadastro Único 
Feminino,33,Médio Incompleto,Albuquerque,1,CRAS Alto,CRAS Alto,Público Geral,Assistente Social 
Feminino,72,Fundamental Incompleto,Vale Paraíso,1,CRAS Alto,CRAS Alto,Público Geral,Assistente Social 
Feminino,72,Médio Completo,Bairro dos Artistas ,1,CRAS Alto,CRAS Alto,Público Geral,Assistente Social 
Feminino,33,Médio Incompleto,Albuquerque,1,CRAS Alto,CRAS Alto,Público Geral,Assistente Social 
Feminino,23,Médio Incompleto,Albuquerque,1,CRAS Alto,CRAS Alto,Público Geral,Assistente Social 
Feminino,37,Médio Completo,Alto,1,CRAS Alto,CRAS Alto,Público Geral,Assistente Social 
Masculino,41,Fundamental Incompleto,Agriões ,1,CRAS Alto,CRAS Alto,Público Geral,Assistente Social 
Feminino,19,Médio Incompleto,Fazendinha ,1,CRAS Alto,CRAS Alto,Público Geral,Assistente Social 
Feminino,36,Médio Completo,Cascata Guarani ,1,CRAS Alto,CRAS Alto,Público Geral,Assistente Social 
Feminino,60,Médio Completo,Várzea,1,CRAS Alto,CRAS Alto,Público Geral,Assistente Social 
Feminino,23,Médio Completo,Fazendinha ,1,CRAS Alto,CRAS Alto,Público Geral,Assistente Social 
Feminino,70,Fundamental Incompleto,Granja Guarani ,1,CRAS Alto,CRAS Alto,Público Geral,Assistente Social 
Feminino,68,Fundamental Incompleto,Morro dos Pinheiros,1,CRAS Alto,CRAS Alto,Público Geral,Assistente Social 
Feminino,29,Fundamental Completo,Cascata Guarani ,1,CRAS Alto,CRAS Alto,Público Geral,Assistente Social 
Feminino,36,Médio Completo,Albuquerque,1,CRAS Alto,CRAS Alto,Público Geral,Assistente Social 
Feminino,65,Médio Completo,Morro dos Pinheiros,1,CRAS Alto,CRAS Alto,Público Geral,Cadastro Único 
Masculino,19,Superior Incompleto,Várzea,1,CRAS Alto,CRAS Alto,Público Geral,Cadastro Único 
Feminino,52,Médio Completo,Vale Paraíso,1,CRAS Alto,CRAS Alto,Público Geral,Cadastro Único 
Feminino,38,Superior Incompleto,Alto,1,CRAS Alto,CRAS Alto,Público Geral,Cadastro Único 
Masculino,58,Fundamental Completo,Corta Vento ,1,CRAS Alto,CRAS Alto,Público Geral,Cadastro Único 
Feminino,34,Médio Completo,Fazendinha ,1,CRAS Alto,CRAS Alto,Público Geral,Assistente Social 
Feminino,43,Fundamental Incompleto,Albuquerque,1,CRAS Alto,CRAS Alto,Público Geral,Assistente Social 
Feminino,58,Fundamental Incompleto,Cascata Guarani ,1,CRAS Alto,CRAS Alto,Público Geral,Assistente Social 
Feminino,25,Médio Incompleto,Albuquerque,1,CRAS Alto,CRAS Alto,Público Geral,Assistente Social 
Feminino,36,Médio Completo,Prata dos Aredes ,3,CRAS Alto,CRAS Alto,Público Geral,Assistente Social 
Feminino,29,Fundamental Incompleto,Granja Guarani ,1,CRAS Alto,CRAS Alto,Público Geral,Assistente Social 
Feminino,30,Superior Completo,Fazendinha ,1,CRAS Alto,CRAS Alto,Público Geral,Assistente Social 
Feminino,53,Fundamental Incompleto,Agriões ,1,CRAS Alto,CRAS Alto,Público Geral,Assistente Social 
Feminino,48,Superior Completo,Cascata Guarani ,1,CRAS Alto,CRAS Alto,Público Geral,Assistente Social 
Feminino,27,Superior Completo,Vale Paraíso,1,CRAS Alto,CRAS Alto,Público Geral,Assistente Social 
Feminino,26,Superior Incompleto,Várzea,1,CRAS Alto,CRAS Alto,Público Geral,Cadastro Único 
Masculino,55,Fundamental Incompleto,Granja Guarani ,1,CRAS Alto,CRAS Alto,Público Geral,Cadastro Único 
Feminino,34,Médio Completo,Fazendinha ,1,CRAS Alto,CRAS Alto,Público Geral,Cadastro Único 
Masculino,32,Fundamental Incompleto,Granja Guarani ,1,CRAS Alto,CRAS Alto,Público Geral,Cadastro Único 
Feminino,27,Superior Completo,Vale Paraíso,1,CRAS Alto,CRAS Alto,Público Geral,Cadastro Único 
Feminino,37,Médio Completo,Vale Paraíso,1,CRAS Alto,CRAS Alto,Público Geral,Cadastro Único 
Feminino,42,Médio Completo,Ermitage ,1,CRAS Alto,CRAS Alto,Público Geral,Cadastro Único 
Masculino,64,Fundamental Incompleto,Granja Guarani ,1,CRAS Alto,CRAS Alto,Público Geral,Cadastro Único 
Feminino,82,Fundamental Incompleto,Cascata Guarani ,1,CRAS Alto,CRAS Alto,Público Geral,Cadastro Único 
Feminino,38,Superior Incompleto,Ermitage ,1,CRAS Alto,CRAS Alto,Público Geral,Cadastro Único 
Feminino,52,Superior Completo,Morro dos Pinheiros,1,CRAS Alto,CRAS Alto,Público Geral,Cadastro Único 
Masculino,48,Superior Completo,Cascata Guarani ,1,CRAS Alto,CRAS Alto,Público Geral,Cadastro Único 
Feminino,26,Médio Completo,Granja Guarani ,1,CRAS Alto,CRAS Alto,Público Geral,Cadastro Único 
Feminino,50,Fundamental Completo,Várzea,1,CRAS Alto,CRAS Alto,Público Geral,Cadastro Único 
Feminino,30,Médio Incompleto,Alto,1,CRAS Alto,CRAS Alto,Público Geral,Cadastro Único 
Masculino,74,Médio Incompleto,Alto,1,CRAS Alto,CRAS Alto,Público Geral,Cadastro Único 
Feminino,51,Médio Completo,Tijuca ,1,CRAS Alto,CRAS Alto,Público Geral,Cadastro Único 
Masculino,51,Não Escolarizado,Tijuca ,1,CRAS Alto,CRAS Alto,Público Geral,Cadastro Único 
Feminino,54,Fundamental Incompleto,Brejal ,2,CRAS Alto,CRAS Alto,Público Geral,Cadastro Único 
Feminino,50,Superior Incompleto,Corta Vento ,1,CRAS Alto,CRAS Alto,Público Geral,Cadastro Único 
Masculino,68,Superior Completo,Alto ,1,CRAS Alto,CRAS Alto,Público Geral,Cadastro Único 
Feminino,45,Médio Completo,Várzea,1,CRAS Alto,CRAS Alto,Público Geral,Cadastro Único 
Masculino,74,Fundamental Incompleto,Alto,1,CRAS Alto,CRAS Alto,Público Geral,Assistente Social 
Masculino,51,Não Escolarizado,Tijuca ,1,CRAS Alto,CRAS Alto,Público Geral,Assistente Social 
Feminino,35,Médio Completo,Vale da Revolta ,1,CRAS Alto,CRAS Alto,Público Geral,Assistente Social 
Feminino,37,Médio Completo,Granja Guarani ,1,CRAS Alto,CRAS Alto,Público Geral,Assistente Social 
Feminino,64,Médio Completo,Granja Guarani ,1,CRAS Alto,CRAS Alto,Público Geral,Assistente Social 
Feminino,25,Médio Completo,Várzea,1,CRAS Alto,CRAS Alto,Público Geral,Assistente Social 
Feminino,75,Fundamental Incompleto,Várzea,1,CRAS Alto,CRAS Alto,PAIF,Assistente Social 
Feminino,50,Fundamental Incompleto,Canoas ,3,CRAS Alto,CRAS Alto,PAIF,Assistente Social 
Feminino,53,Fundamental Incompleto,Agriões ,1,CRAS Alto,CRAS Alto,PAIF,Assistente Social 
Feminino,26,Médio Incompleto,Pedreira ,1,CRAS Alto,CRAS Alto,PAIF,Assistente Social 
Feminino,37,Médio Incompleto,Corta Vento ,1,CRAS Alto,CRAS Alto,PAIF,Assistente Social 
Feminino,42,Médio Completo,Ermitage,1,CRAS Alto,CRAS Alto,PAIF,Assistente Social 
Feminino,41,Fundamental Incompleto,Cascata Guarani ,1,CRAS Alto,CRAS Alto,PAIF,Assistente Social 
Feminino,56,Médio Completo,Albuquerque,1,CRAS Alto,CRAS Alto,PAIF,Assistente Social 
Feminino,56,Médio Incompleto,Parque São Luiz,1,CRAS Alto,CRAS Alto,PAIF,Assistente Social 
Feminino,42,Fundamental Incompleto,Granja Guarani ,1,CRAS Alto,CRAS Alto,PAIF,Assistente Social 
Feminino,54,Fundamental Incompleto,Corta Vento ,1,CRAS Alto,CRAS Alto,PAIF,Assistente Social 
Feminino,28,Médio Incompleto,Várzea,1,CRAS Alto,CRAS Alto,PAIF,Assistente Social 
Masculino,64,Médio Completo,Granja Guarani ,1,CRAS Alto,CRAS Alto,PAIF,Assistente Social 
Feminino,49,Fundamental Incompleto,Morro dos Pinheiros,1,CRAS Alto,CRAS Alto,PAIF,Assistente Social 
Feminino,32,Fundamental Incompleto,Parque São Luiz,1,CRAS Alto,CRAS Alto,PAIF,Assistente Social 
Feminino,44,Médio Completo,Cascata Guarani ,1,CRAS Alto,CRAS Alto,PAIF,Assistente Social 
Feminino,33,Médio Completo,Soberbo ,1,CRAS Alto,CRAS Alto,PAIF,Assistente Social 
Feminino,32,Médio Completo,Alto,1,CRAS Alto,CRAS Alto,PAIF,Assistente Social 
Feminino,44,Fundamental Incompleto,Cascata Guarani ,1,CRAS Alto,CRAS Alto,PAIF,Assistente Social 
Feminino,43,Não Escolarizado,Várzea,1,CRAS Alto,CRAS Alto,PAIF,Assistente Social 
Feminino,35,Médio Incompleto,Várzea,1,CRAS Alto,CRAS Alto,PAIF,Assistente Social 
Feminino,31,Médio Completo,Granja Guarani ,1,CRAS Alto,CRAS Alto,PAIF,Assistente Social 
Masculino,48,Médio Completo,Vale Paraíso ,1,CRAS Alto,CRAS Alto,PAIF,Assistente Social 
Feminino,30,Fundamental Incompleto,Alto,1,CRAS Alto,CRAS Alto,PAIF,Assistente Social 
Feminino,39,Fundamental Incompleto,Soberbo ,1,CRAS Alto,CRAS Alto,PAIF,Assistente Social 
Feminino,40,Médio Completo,Várzea,1,CRAS Alto,CRAS Alto,PAIF,Assistente Social 
Feminino,49,Fundamental Incompleto,Ermitage,1,CRAS Alto,CRAS Alto,PAIF,Assistente Social 
Feminino,55,Médio Completo,Várzea,1,CRAS Alto,CRAS Alto,PAIF,Assistente Social 
